Data values,Data values_sort,Data description,Data description_reference,Data description_sort,Data description_hierarchy,School,School_reference,School_sort,School_hierarchy,Category,Category_reference,Category_sort,Category_hierarchy,Notes
35,35,Number of pupils,NUM,1,,6602130 - Ysgol Gynradd Amlwch,6602130,1,,Eligible for free school meals,fsm,1,,
60,60,Number of pupils,NUM,1,,6602130 - Ysgol Gynradd Amlwch,6602130,1,,Eligible for free school meals or transitionally protected,fsmtp,2,,
260,260,Number of pupils,NUM,1,,6602130 - Ysgol Gynradd Amlwch,6602130,1,,All pupils,all,3,,Total
10,10,Number of pupils,NUM,1,,6602131 - Ysgol Gynradd Beaumaris,6602131,2,,Eligible for free school meals,fsm,1,,
10,10,Number of pupils,NUM,1,,6602131 - Ysgol Gynradd Beaumaris,6602131,2,,Eligible for free school meals or transitionally protected,fsmtp,2,,
30,30,Number of pupils,NUM,1,,6602131 - Ysgol Gynradd Beaumaris,6602131,2,,All pupils,all,3,,Total
5,5,Number of pupils,NUM,1,,6602132 - Ysgol Gynradd Bodedern,6602132,3,,Eligible for free school meals,fsm,1,,
15,15,Number of pupils,NUM,1,,6602132 - Ysgol Gynradd Bodedern,6602132,3,,Eligible for free school meals or transitionally protected,fsmtp,2,,
85,85,Number of pupils,NUM,1,,6602132 - Ysgol Gynradd Bodedern,6602132,3,,All pupils,all,3,,Total
5,5,Number of pupils,NUM,1,,6602133 - Ysgol Gymuned Bodffordd,6602133,4,,Eligible for free school meals,fsm,1,,
5,5,Number of pupils,NUM,1,,6602133 - Ysgol Gymuned Bodffordd,6602133,4,,Eligible for free school meals or transitionally protected,fsmtp,2,,
75,75,Number of pupils,NUM,1,,6602133 - Ysgol Gymuned Bodffordd,6602133,4,,All pupils,all,3,,Total
5,5,Number of pupils,NUM,1,,6602135 - Ysgol Gymuned Bryngwran,6602135,5,,Eligible for free school meals,fsm,1,,
5,5,Number of pupils,NUM,1,,6602135 - Ysgol Gymuned Bryngwran,6602135,5,,Eligible for free school meals or transitionally protected,fsmtp,2,,
50,50,Number of pupils,NUM,1,,6602135 - Ysgol Gymuned Bryngwran,6602135,5,,All pupils,all,3,,Total
,,Number of pupils,NUM,1,,6602136 - Ysgol Gynradd Brynsiencyn,6602136,6,,Eligible for free school meals,fsm,1,,Confidential
5,5,Number of pupils,NUM,1,,6602136 - Ysgol Gynradd Brynsiencyn,6602136,6,,Eligible for free school meals or transitionally protected,fsmtp,2,,
35,35,Number of pupils,NUM,1,,6602136 - Ysgol Gynradd Brynsiencyn,6602136,6,,All pupils,all,3,,Total
15,15,Number of pupils,NUM,1,,6602138 - Ysgol Cemaes,6602138,7,,Eligible for free school meals,fsm,1,,
20,20,Number of pupils,NUM,1,,6602138 - Ysgol Cemaes,6602138,7,,Eligible for free school meals or transitionally protected,fsmtp,2,,
65,65,Number of pupils,NUM,1,,6602138 - Ysgol Cemaes,6602138,7,,All pupils,all,3,,Total
15,15,Number of pupils,NUM,1,,6602140 - Ysgol Esceifiog,6602140,8,,Eligible for free school meals,fsm,1,,
20,20,Number of pupils,NUM,1,,6602140 - Ysgol Esceifiog,6602140,8,,Eligible for free school meals or transitionally protected,fsmtp,2,,
130,130,Number of pupils,NUM,1,,6602140 - Ysgol Esceifiog,6602140,8,,All pupils,all,3,,Total
20,20,Number of pupils,NUM,1,,6602142 - Ysgol Gymuned y Ffridd,6602142,9,,Eligible for free school meals,fsm,1,,
25,25,Number of pupils,NUM,1,,6602142 - Ysgol Gymuned y Ffridd,6602142,9,,Eligible for free school meals or transitionally protected,fsmtp,2,,
80,80,Number of pupils,NUM,1,,6602142 - Ysgol Gymuned y Ffridd,6602142,9,,All pupils,all,3,,Total
10,10,Number of pupils,NUM,1,,6602145 - Ysgol Gymuned Moelfre,6602145,10,,Eligible for free school meals,fsm,1,,
20,20,Number of pupils,NUM,1,,6602145 - Ysgol Gymuned Moelfre,6602145,10,,Eligible for free school meals or transitionally protected,fsmtp,2,,
50,50,Number of pupils,NUM,1,,6602145 - Ysgol Gymuned Moelfre,6602145,10,,All pupils,all,3,,Total
,,Number of pupils,NUM,1,,6602146 - Ysgol Gynradd Llanbedrgoch,6602146,11,,Eligible for free school meals,fsm,1,,Confidential
5,5,Number of pupils,NUM,1,,6602146 - Ysgol Gynradd Llanbedrgoch,6602146,11,,Eligible for free school meals or transitionally protected,fsmtp,2,,
20,20,Number of pupils,NUM,1,,6602146 - Ysgol Gynradd Llanbedrgoch,6602146,11,,All pupils,all,3,,Total
5,5,Number of pupils,NUM,1,,6602152 - Ysgol Gynradd Llanfairpwll,6602152,12,,Eligible for free school meals,fsm,1,,
10,10,Number of pupils,NUM,1,,6602152 - Ysgol Gynradd Llanfairpwll,6602152,12,,Eligible for free school meals or transitionally protected,fsmtp,2,,
330,330,Number of pupils,NUM,1,,6602152 - Ysgol Gynradd Llanfairpwll,6602152,12,,All pupils,all,3,,Total
10,10,Number of pupils,NUM,1,,6602153 - Ysgol Gymuned Llanfechell,6602153,13,,Eligible for free school meals,fsm,1,,
15,15,Number of pupils,NUM,1,,6602153 - Ysgol Gymuned Llanfechell,6602153,13,,Eligible for free school meals or transitionally protected,fsmtp,2,,
80,80,Number of pupils,NUM,1,,6602153 - Ysgol Gymuned Llanfechell,6602153,13,,All pupils,all,3,,Total
85,85,Number of pupils,NUM,1,,6602154 - Ysgol Y Graig,6602154,14,,Eligible for free school meals,fsm,1,,
140,140,Number of pupils,NUM,1,,6602154 - Ysgol Y Graig,6602154,14,,Eligible for free school meals or transitionally protected,fsmtp,2,,
365,365,Number of pupils,NUM,1,,6602154 - Ysgol Y Graig,6602154,14,,All pupils,all,3,,Total
15,15,Number of pupils,NUM,1,,6602155 - YSGOL GYNRADD LLANGOED,6602155,15,,Eligible for free school meals,fsm,1,,
20,20,Number of pupils,NUM,1,,6602155 - YSGOL GYNRADD LLANGOED,6602155,15,,Eligible for free school meals or transitionally protected,fsmtp,2,,
85,85,Number of pupils,NUM,1,,6602155 - YSGOL GYNRADD LLANGOED,6602155,15,,All pupils,all,3,,Total
10,10,Number of pupils,NUM,1,,6602156 - Ysgol Henblas,6602156,16,,Eligible for free school meals,fsm,1,,
10,10,Number of pupils,NUM,1,,6602156 - Ysgol Henblas,6602156,16,,Eligible for free school meals or transitionally protected,fsmtp,2,,
90,90,Number of pupils,NUM,1,,6602156 - Ysgol Henblas,6602156,16,,All pupils,all,3,,Total
20,20,Number of pupils,NUM,1,,6602157 - Ysgol Gymuned Llannerch-y-medd,6602157,17,,Eligible for free school meals,fsm,1,,
25,25,Number of pupils,NUM,1,,6602157 - Ysgol Gymuned Llannerch-y-medd,6602157,17,,Eligible for free school meals or transitionally protected,fsmtp,2,,
125,125,Number of pupils,NUM,1,,6602157 - Ysgol Gymuned Llannerch-y-medd,6602157,17,,All pupils,all,3,,Total
0,0,Number of pupils,NUM,1,,6602160 - Ysgol Pencarnisiog,6602160,18,,Eligible for free school meals,fsm,1,,
,,Number of pupils,NUM,1,,6602160 - Ysgol Pencarnisiog,6602160,18,,Eligible for free school meals or transitionally protected,fsmtp,2,,Confidential
65,65,Number of pupils,NUM,1,,6602160 - Ysgol Pencarnisiog,6602160,18,,All pupils,all,3,,Total
5,5,Number of pupils,NUM,1,,6602161 - Ysgol Gymuned Pentraeth,6602161,19,,Eligible for free school meals,fsm,1,,
10,10,Number of pupils,NUM,1,,6602161 - Ysgol Gymuned Pentraeth,6602161,19,,Eligible for free school meals or transitionally protected,fsmtp,2,,
75,75,Number of pupils,NUM,1,,6602161 - Ysgol Gymuned Pentraeth,6602161,19,,All pupils,all,3,,Total
5,5,Number of pupils,NUM,1,,6602162 - Ysgol Penysarn,6602162,20,,Eligible for free school meals,fsm,1,,
10,10,Number of pupils,NUM,1,,6602162 - Ysgol Penysarn,6602162,20,,Eligible for free school meals or transitionally protected,fsmtp,2,,
65,65,Number of pupils,NUM,1,,6602162 - Ysgol Penysarn,6602162,20,,All pupils,all,3,,Total
5,5,Number of pupils,NUM,1,,6602163 - Ysgol Santes Gwenfaen,6602163,21,,Eligible for free school meals,fsm,1,,
10,10,Number of pupils,NUM,1,,6602163 - Ysgol Santes Gwenfaen,6602163,21,,Eligible for free school meals or transitionally protected,fsmtp,2,,
105,105,Number of pupils,NUM,1,,6602163 - Ysgol Santes Gwenfaen,6602163,21,,All pupils,all,3,,Total
5,5,Number of pupils,NUM,1,,6602164 - Ysgol Gynradd Rhosneigr,6602164,22,,Eligible for free school meals,fsm,1,,
10,10,Number of pupils,NUM,1,,6602164 - Ysgol Gynradd Rhosneigr,6602164,22,,Eligible for free school meals or transitionally protected,fsmtp,2,,
75,75,Number of pupils,NUM,1,,6602164 - Ysgol Gynradd Rhosneigr,6602164,22,,All pupils,all,3,,Total
,,Number of pupils,NUM,1,,6602165 - Ysgol Gynradd Rhosybol,6602165,23,,Eligible for free school meals,fsm,1,,Confidential
10,10,Number of pupils,NUM,1,,6602165 - Ysgol Gynradd Rhosybol,6602165,23,,Eligible for free school meals or transitionally protected,fsmtp,2,,
75,75,Number of pupils,NUM,1,,6602165 - Ysgol Gynradd Rhosybol,6602165,23,,All pupils,all,3,,Total
30,30,Number of pupils,NUM,1,,6602168 - Ysgol Gymuned y Fali,6602168,24,,Eligible for free school meals,fsm,1,,
35,35,Number of pupils,NUM,1,,6602168 - Ysgol Gymuned y Fali,6602168,24,,Eligible for free school meals or transitionally protected,fsmtp,2,,
120,120,Number of pupils,NUM,1,,6602168 - Ysgol Gymuned y Fali,6602168,24,,All pupils,all,3,,Total
85,85,Number of pupils,NUM,1,,6602169 - Ysgol Llanfawr,6602169,25,,Eligible for free school meals,fsm,1,,
120,120,Number of pupils,NUM,1,,6602169 - Ysgol Llanfawr,6602169,25,,Eligible for free school meals or transitionally protected,fsmtp,2,,
255,255,Number of pupils,NUM,1,,6602169 - Ysgol Llanfawr,6602169,25,,All pupils,all,3,,Total
5,5,Number of pupils,NUM,1,,6602170 - Ysgol Goronwy Owen,6602170,26,,Eligible for free school meals,fsm,1,,
15,15,Number of pupils,NUM,1,,6602170 - Ysgol Goronwy Owen,6602170,26,,Eligible for free school meals or transitionally protected,fsmtp,2,,
140,140,Number of pupils,NUM,1,,6602170 - Ysgol Goronwy Owen,6602170,26,,All pupils,all,3,,Total
20,20,Number of pupils,NUM,1,,6602173 - Ysgol Gynradd Y Tywyn,6602173,27,,Eligible for free school meals,fsm,1,,
30,30,Number of pupils,NUM,1,,6602173 - Ysgol Gynradd Y Tywyn,6602173,27,,Eligible for free school meals or transitionally protected,fsmtp,2,,
100,100,Number of pupils,NUM,1,,6602173 - Ysgol Gynradd Y Tywyn,6602173,27,,All pupils,all,3,,Total
10,10,Number of pupils,NUM,1,,6602174 - Ysgol Gynradd Llandegfan,6602174,28,,Eligible for free school meals,fsm,1,,
20,20,Number of pupils,NUM,1,,6602174 - Ysgol Gynradd Llandegfan,6602174,28,,Eligible for free school meals or transitionally protected,fsmtp,2,,
160,160,Number of pupils,NUM,1,,6602174 - Ysgol Gynradd Llandegfan,6602174,28,,All pupils,all,3,,Total
20,20,Number of pupils,NUM,1,,6602175 - Ysgol Gynradd y Borth,6602175,29,,Eligible for free school meals,fsm,1,,
30,30,Number of pupils,NUM,1,,6602175 - Ysgol Gynradd y Borth,6602175,29,,Eligible for free school meals or transitionally protected,fsmtp,2,,
190,190,Number of pupils,NUM,1,,6602175 - Ysgol Gynradd y Borth,6602175,29,,All pupils,all,3,,Total
40,40,Number of pupils,NUM,1,,6602176 - Ysgol Gynradd Kingsland,6602176,30,,Eligible for free school meals,fsm,1,,
55,55,Number of pupils,NUM,1,,6602176 - Ysgol Gynradd Kingsland,6602176,30,,Eligible for free school meals or transitionally protected,fsmtp,2,,
165,165,Number of pupils,NUM,1,,6602176 - Ysgol Gynradd Kingsland,6602176,30,,All pupils,all,3,,Total
20,20,Number of pupils,NUM,1,,6602177 - Ysgol Gymraeg Morswyn,6602177,31,,Eligible for free school meals,fsm,1,,
25,25,Number of pupils,NUM,1,,6602177 - Ysgol Gymraeg Morswyn,6602177,31,,Eligible for free school meals or transitionally protected,fsmtp,2,,
180,180,Number of pupils,NUM,1,,6602177 - Ysgol Gymraeg Morswyn,6602177,31,,All pupils,all,3,,Total
30,30,Number of pupils,NUM,1,,6602226 - Ysgol Gynradd Corn Hir,6602226,32,,Eligible for free school meals,fsm,1,,
40,40,Number of pupils,NUM,1,,6602226 - Ysgol Gynradd Corn Hir,6602226,32,,Eligible for free school meals or transitionally protected,fsmtp,2,,
340,340,Number of pupils,NUM,1,,6602226 - Ysgol Gynradd Corn Hir,6602226,32,,All pupils,all,3,,Total
10,10,Number of pupils,NUM,1,,6602227 - Rhyd y Llan,6602227,33,,Eligible for free school meals,fsm,1,,
20,20,Number of pupils,NUM,1,,6602227 - Rhyd y Llan,6602227,33,,Eligible for free school meals or transitionally protected,fsmtp,2,,
120,120,Number of pupils,NUM,1,,6602227 - Rhyd y Llan,6602227,33,,All pupils,all,3,,Total
5,5,Number of pupils,NUM,1,,6602228 - Ysgol Parc y Bont,6602228,34,,Eligible for free school meals,fsm,1,,
10,10,Number of pupils,NUM,1,,6602228 - Ysgol Parc y Bont,6602228,34,,Eligible for free school meals or transitionally protected,fsmtp,2,,
115,115,Number of pupils,NUM,1,,6602228 - Ysgol Parc y Bont,6602228,34,,All pupils,all,3,,Total
100,100,Number of pupils,NUM,1,,6603036 - Cybi,6603036,35,,Eligible for free school meals,fsm,1,,
140,140,Number of pupils,NUM,1,,6603036 - Cybi,6603036,35,,Eligible for free school meals or transitionally protected,fsmtp,2,,
425,425,Number of pupils,NUM,1,,6603036 - Cybi,6603036,35,,All pupils,all,3,,Total
25,25,Number of pupils,NUM,1,,6603037 - Ysgol Santes Dwynwen,6603037,36,,Eligible for free school meals,fsm,1,,
30,30,Number of pupils,NUM,1,,6603037 - Ysgol Santes Dwynwen,6603037,36,,Eligible for free school meals or transitionally protected,fsmtp,2,,
105,105,Number of pupils,NUM,1,,6603037 - Ysgol Santes Dwynwen,6603037,36,,All pupils,all,3,,Total
20,20,Number of pupils,NUM,1,,6603304 - Ysgol Santes Fair,6603304,37,,Eligible for free school meals,fsm,1,,
30,30,Number of pupils,NUM,1,,6603304 - Ysgol Santes Fair,6603304,37,,Eligible for free school meals or transitionally protected,fsmtp,2,,
100,100,Number of pupils,NUM,1,,6603304 - Ysgol Santes Fair,6603304,37,,All pupils,all,3,,Total
85,85,Number of pupils,NUM,1,,6604025 - Ysgol Syr Thomas Jones,6604025,38,,Eligible for free school meals,fsm,1,,
125,125,Number of pupils,NUM,1,,6604025 - Ysgol Syr Thomas Jones,6604025,38,,Eligible for free school meals or transitionally protected,fsmtp,2,,
535,535,Number of pupils,NUM,1,,6604025 - Ysgol Syr Thomas Jones,6604025,38,,All pupils,all,3,,Total
205,205,Number of pupils,NUM,1,,6604026 - Ysgol Uwchradd Caergybi,6604026,39,,Eligible for free school meals,fsm,1,,
275,275,Number of pupils,NUM,1,,6604026 - Ysgol Uwchradd Caergybi,6604026,39,,Eligible for free school meals or transitionally protected,fsmtp,2,,
820,820,Number of pupils,NUM,1,,6604026 - Ysgol Uwchradd Caergybi,6604026,39,,All pupils,all,3,,Total
115,115,Number of pupils,NUM,1,,6604027 - Ysgol Gyfun Llangefni,6604027,40,,Eligible for free school meals,fsm,1,,
140,140,Number of pupils,NUM,1,,6604027 - Ysgol Gyfun Llangefni,6604027,40,,Eligible for free school meals or transitionally protected,fsmtp,2,,
760,760,Number of pupils,NUM,1,,6604027 - Ysgol Gyfun Llangefni,6604027,40,,All pupils,all,3,,Total
105,105,Number of pupils,NUM,1,,6604028 - Ysgol David Hughes,6604028,41,,Eligible for free school meals,fsm,1,,
170,170,Number of pupils,NUM,1,,6604028 - Ysgol David Hughes,6604028,41,,Eligible for free school meals or transitionally protected,fsmtp,2,,
"1,125",1125,Number of pupils,NUM,1,,6604028 - Ysgol David Hughes,6604028,41,,All pupils,all,3,,Total
145,145,Number of pupils,NUM,1,,6604029 - Ysgol Uwchradd Bodedern,6604029,42,,Eligible for free school meals,fsm,1,,
160,160,Number of pupils,NUM,1,,6604029 - Ysgol Uwchradd Bodedern,6604029,42,,Eligible for free school meals or transitionally protected,fsmtp,2,,
810,810,Number of pupils,NUM,1,,6604029 - Ysgol Uwchradd Bodedern,6604029,42,,All pupils,all,3,,Total
30,30,Number of pupils,NUM,1,,6605200 - Ysgol Caergeiliog,6605200,43,,Eligible for free school meals,fsm,1,,
45,45,Number of pupils,NUM,1,,6605200 - Ysgol Caergeiliog,6605200,43,,Eligible for free school meals or transitionally protected,fsmtp,2,,
310,310,Number of pupils,NUM,1,,6605200 - Ysgol Caergeiliog,6605200,43,,All pupils,all,3,,Total
60,60,Number of pupils,NUM,1,,6607011 - Canolfan Addysg y Bont,6607011,44,,Eligible for free school meals,fsm,1,,
60,60,Number of pupils,NUM,1,,6607011 - Canolfan Addysg y Bont,6607011,44,,Eligible for free school meals or transitionally protected,fsmtp,2,,
125,125,Number of pupils,NUM,1,,6607011 - Canolfan Addysg y Bont,6607011,44,,All pupils,all,3,,Total
25,25,Number of pupils,NUM,1,,6612000 - Ysgol Gwaun Gyfni,6612000,45,,Eligible for free school meals,fsm,1,,
40,40,Number of pupils,NUM,1,,6612000 - Ysgol Gwaun Gyfni,6612000,45,,Eligible for free school meals or transitionally protected,fsmtp,2,,
130,130,Number of pupils,NUM,1,,6612000 - Ysgol Gwaun Gyfni,6612000,45,,All pupils,all,3,,Total
15,15,Number of pupils,NUM,1,,6612004 - YSGOL GYNRADD NEFYN,6612004,46,,Eligible for free school meals,fsm,1,,
20,20,Number of pupils,NUM,1,,6612004 - YSGOL GYNRADD NEFYN,6612004,46,,Eligible for free school meals or transitionally protected,fsmtp,2,,
130,130,Number of pupils,NUM,1,,6612004 - YSGOL GYNRADD NEFYN,6612004,46,,All pupils,all,3,,Total
10,10,Number of pupils,NUM,1,,6612006 - Ysgol Llanrug,6612006,47,,Eligible for free school meals,fsm,1,,
20,20,Number of pupils,NUM,1,,6612006 - Ysgol Llanrug,6612006,47,,Eligible for free school meals or transitionally protected,fsmtp,2,,
265,265,Number of pupils,NUM,1,,6612006 - Ysgol Llanrug,6612006,47,,All pupils,all,3,,Total
5,5,Number of pupils,NUM,1,,6612008 - Ysgol Gynradd Abererch,6612008,48,,Eligible for free school meals,fsm,1,,
5,5,Number of pupils,NUM,1,,6612008 - Ysgol Gynradd Abererch,6612008,48,,Eligible for free school meals or transitionally protected,fsmtp,2,,
70,70,Number of pupils,NUM,1,,6612008 - Ysgol Gynradd Abererch,6612008,48,,All pupils,all,3,,Total
,,Number of pupils,NUM,1,,6612010 - YSGOL BEDDGELERT,6612010,49,,Eligible for free school meals,fsm,1,,Confidential
5,5,Number of pupils,NUM,1,,6612010 - YSGOL BEDDGELERT,6612010,49,,Eligible for free school meals or transitionally protected,fsmtp,2,,
30,30,Number of pupils,NUM,1,,6612010 - YSGOL BEDDGELERT,6612010,49,,All pupils,all,3,,Total
5,5,Number of pupils,NUM,1,,6612011 - Ysgol Bethel,6612011,50,,Eligible for free school meals,fsm,1,,
15,15,Number of pupils,NUM,1,,6612011 - Ysgol Bethel,6612011,50,,Eligible for free school meals or transitionally protected,fsmtp,2,,
145,145,Number of pupils,NUM,1,,6612011 - Ysgol Bethel,6612011,50,,All pupils,all,3,,Total
,,Number of pupils,NUM,1,,6612013 - Ysgol Bodfeurig,6612013,51,,Eligible for free school meals,fsm,1,,Confidential
5,5,Number of pupils,NUM,1,,6612013 - Ysgol Bodfeurig,6612013,51,,Eligible for free school meals or transitionally protected,fsmtp,2,,
55,55,Number of pupils,NUM,1,,6612013 - Ysgol Bodfeurig,6612013,51,,All pupils,all,3,,Total
0,0,Number of pupils,NUM,1,,6612015 - YSGOL GYNRADD BORTH-Y-GEST,6612015,52,,Eligible for free school meals,fsm,1,,
,,Number of pupils,NUM,1,,6612015 - YSGOL GYNRADD BORTH-Y-GEST,6612015,52,,Eligible for free school meals or transitionally protected,fsmtp,2,,Confidential
30,30,Number of pupils,NUM,1,,6612015 - YSGOL GYNRADD BORTH-Y-GEST,6612015,52,,All pupils,all,3,,Total
10,10,Number of pupils,NUM,1,,6612017 - Ysgol Brynaerau,6612017,53,,Eligible for free school meals,fsm,1,,
10,10,Number of pupils,NUM,1,,6612017 - Ysgol Brynaerau,6612017,53,,Eligible for free school meals or transitionally protected,fsmtp,2,,
55,55,Number of pupils,NUM,1,,6612017 - Ysgol Brynaerau,6612017,53,,All pupils,all,3,,Total
10,10,Number of pupils,NUM,1,,6612026 - Ysgol Y Gelli,6612026,54,,Eligible for free school meals,fsm,1,,
10,10,Number of pupils,NUM,1,,6612026 - Ysgol Y Gelli,6612026,54,,Eligible for free school meals or transitionally protected,fsmtp,2,,
220,220,Number of pupils,NUM,1,,6612026 - Ysgol Y Gelli,6612026,54,,All pupils,all,3,,Total
20,20,Number of pupils,NUM,1,,6612028 - Ysgol Penybryn,6612028,55,,Eligible for free school meals,fsm,1,,
30,30,Number of pupils,NUM,1,,6612028 - Ysgol Penybryn,6612028,55,,Eligible for free school meals or transitionally protected,fsmtp,2,,
105,105,Number of pupils,NUM,1,,6612028 - Ysgol Penybryn,6612028,55,,All pupils,all,3,,Total
10,10,Number of pupils,NUM,1,,6612033 - Ysgol Treferthyr,6612033,56,,Eligible for free school meals,fsm,1,,
15,15,Number of pupils,NUM,1,,6612033 - Ysgol Treferthyr,6612033,56,,Eligible for free school meals or transitionally protected,fsmtp,2,,
120,120,Number of pupils,NUM,1,,6612033 - Ysgol Treferthyr,6612033,56,,All pupils,all,3,,Total
,,Number of pupils,NUM,1,,6612036 - Ysgol Gynradd Chwilog,6612036,57,,Eligible for free school meals,fsm,1,,Confidential
5,5,Number of pupils,NUM,1,,6612036 - Ysgol Gynradd Chwilog,6612036,57,,Eligible for free school meals or transitionally protected,fsmtp,2,,
90,90,Number of pupils,NUM,1,,6612036 - Ysgol Gynradd Chwilog,6612036,57,,All pupils,all,3,,Total
,,Number of pupils,NUM,1,,6612039 - YSGOL CRUD-Y-WERIN,6612039,58,,Eligible for free school meals,fsm,1,,Confidential
,,Number of pupils,NUM,1,,6612039 - YSGOL CRUD-Y-WERIN,6612039,58,,Eligible for free school meals or transitionally protected,fsmtp,2,,Confidential
55,55,Number of pupils,NUM,1,,6612039 - YSGOL CRUD-Y-WERIN,6612039,58,,All pupils,all,3,,Total
10,10,Number of pupils,NUM,1,,6612042 - Ysgol Dolbadarn,6612042,59,,Eligible for free school meals,fsm,1,,
10,10,Number of pupils,NUM,1,,6612042 - Ysgol Dolbadarn,6612042,59,,Eligible for free school meals or transitionally protected,fsmtp,2,,
130,130,Number of pupils,NUM,1,,6612042 - Ysgol Dolbadarn,6612042,59,,All pupils,all,3,,Total
5,5,Number of pupils,NUM,1,,6612046 - Ysgol Gynradd Edern,6612046,60,,Eligible for free school meals,fsm,1,,
10,10,Number of pupils,NUM,1,,6612046 - Ysgol Gynradd Edern,6612046,60,,Eligible for free school meals or transitionally protected,fsmtp,2,,
80,80,Number of pupils,NUM,1,,6612046 - Ysgol Gynradd Edern,6612046,60,,All pupils,all,3,,Total
5,5,Number of pupils,NUM,1,,6612048 - Ysgol Bro Plenydd,6612048,61,,Eligible for free school meals,fsm,1,,
10,10,Number of pupils,NUM,1,,6612048 - Ysgol Bro Plenydd,6612048,61,,Eligible for free school meals or transitionally protected,fsmtp,2,,
90,90,Number of pupils,NUM,1,,6612048 - Ysgol Bro Plenydd,6612048,61,,All pupils,all,3,,Total
,,Number of pupils,NUM,1,,6612049 - Ysgol Gynradd Garndolbenmaen,6612049,62,,Eligible for free school meals,fsm,1,,Confidential
5,5,Number of pupils,NUM,1,,6612049 - Ysgol Gynradd Garndolbenmaen,6612049,62,,Eligible for free school meals or transitionally protected,fsmtp,2,,
15,15,Number of pupils,NUM,1,,6612049 - Ysgol Gynradd Garndolbenmaen,6612049,62,,All pupils,all,3,,Total
,,Number of pupils,NUM,1,,6612060 - Ysgol Gynradd Llanbedrog,6612060,63,,Eligible for free school meals,fsm,1,,Confidential
5,5,Number of pupils,NUM,1,,6612060 - Ysgol Gynradd Llanbedrog,6612060,63,,Eligible for free school meals or transitionally protected,fsmtp,2,,
95,95,Number of pupils,NUM,1,,6612060 - Ysgol Gynradd Llanbedrog,6612060,63,,All pupils,all,3,,Total
5,5,Number of pupils,NUM,1,,6612066 - Ysgol Gynradd Llangybi,6612066,64,,Eligible for free school meals,fsm,1,,
5,5,Number of pupils,NUM,1,,6612066 - Ysgol Gynradd Llangybi,6612066,64,,Eligible for free school meals or transitionally protected,fsmtp,2,,
25,25,Number of pupils,NUM,1,,6612066 - Ysgol Gynradd Llangybi,6612066,64,,All pupils,all,3,,Total
30,30,Number of pupils,NUM,1,,6612069 - Ysgol Llanllechid,6612069,65,,Eligible for free school meals,fsm,1,,
45,45,Number of pupils,NUM,1,,6612069 - Ysgol Llanllechid,6612069,65,,Eligible for free school meals or transitionally protected,fsmtp,2,,
260,260,Number of pupils,NUM,1,,6612069 - Ysgol Llanllechid,6612069,65,,All pupils,all,3,,Total
10,10,Number of pupils,NUM,1,,6612070 - Ysgol Gynradd Llanllyfni,6612070,66,,Eligible for free school meals,fsm,1,,
15,15,Number of pupils,NUM,1,,6612070 - Ysgol Gynradd Llanllyfni,6612070,66,,Eligible for free school meals or transitionally protected,fsmtp,2,,
75,75,Number of pupils,NUM,1,,6612070 - Ysgol Gynradd Llanllyfni,6612070,66,,All pupils,all,3,,Total
,,Number of pupils,NUM,1,,6612075 - YSGOL BABANOD MORFA NEFYN,6612075,67,,Eligible for free school meals,fsm,1,,Confidential
,,Number of pupils,NUM,1,,6612075 - YSGOL BABANOD MORFA NEFYN,6612075,67,,Eligible for free school meals or transitionally protected,fsmtp,2,,Confidential
20,20,Number of pupils,NUM,1,,6612075 - YSGOL BABANOD MORFA NEFYN,6612075,67,,All pupils,all,3,,Total
5,5,Number of pupils,NUM,1,,6612078 - Ysgol Baladeulyn,6612078,68,,Eligible for free school meals,fsm,1,,
5,5,Number of pupils,NUM,1,,6612078 - Ysgol Baladeulyn,6612078,68,,Eligible for free school meals or transitionally protected,fsmtp,2,,
15,15,Number of pupils,NUM,1,,6612078 - Ysgol Baladeulyn,6612078,68,,All pupils,all,3,,Total
5,5,Number of pupils,NUM,1,,6612081 - Ysgol Gynradd Nebo,6612081,69,,Eligible for free school meals,fsm,1,,
5,5,Number of pupils,NUM,1,,6612081 - Ysgol Gynradd Nebo,6612081,69,,Eligible for free school meals or transitionally protected,fsmtp,2,,
10,10,Number of pupils,NUM,1,,6612081 - Ysgol Gynradd Nebo,6612081,69,,All pupils,all,3,,Total
,,Number of pupils,NUM,1,,6612085 - Ysgol Gymuned Penisarwaun,6612085,70,,Eligible for free school meals,fsm,1,,Confidential
5,5,Number of pupils,NUM,1,,6612085 - Ysgol Gymuned Penisarwaun,6612085,70,,Eligible for free school meals or transitionally protected,fsmtp,2,,
40,40,Number of pupils,NUM,1,,6612085 - Ysgol Gymuned Penisarwaun,6612085,70,,All pupils,all,3,,Total
25,25,Number of pupils,NUM,1,,6612089 - Ysgol Bro Lleu,6612089,71,,Eligible for free school meals,fsm,1,,
40,40,Number of pupils,NUM,1,,6612089 - Ysgol Bro Lleu,6612089,71,,Eligible for free school meals or transitionally protected,fsmtp,2,,
190,190,Number of pupils,NUM,1,,6612089 - Ysgol Bro Lleu,6612089,71,,All pupils,all,3,,Total
5,5,Number of pupils,NUM,1,,6612093 - YSGOL GYNRADD  PENTREUCHAF,6612093,72,,Eligible for free school meals,fsm,1,,
10,10,Number of pupils,NUM,1,,6612093 - YSGOL GYNRADD  PENTREUCHAF,6612093,72,,Eligible for free school meals or transitionally protected,fsmtp,2,,
95,95,Number of pupils,NUM,1,,6612093 - YSGOL GYNRADD  PENTREUCHAF,6612093,72,,All pupils,all,3,,Total
5,5,Number of pupils,NUM,1,,6612097 - Ysgol Rhiwlas,6612097,73,,Eligible for free school meals,fsm,1,,
5,5,Number of pupils,NUM,1,,6612097 - Ysgol Rhiwlas,6612097,73,,Eligible for free school meals or transitionally protected,fsmtp,2,,
35,35,Number of pupils,NUM,1,,6612097 - Ysgol Rhiwlas,6612097,73,,All pupils,all,3,,Total
15,15,Number of pupils,NUM,1,,6612098 - Ysgol Gynradd Rhosgadfan,6612098,74,,Eligible for free school meals,fsm,1,,
15,15,Number of pupils,NUM,1,,6612098 - Ysgol Gynradd Rhosgadfan,6612098,74,,Eligible for free school meals or transitionally protected,fsmtp,2,,
40,40,Number of pupils,NUM,1,,6612098 - Ysgol Gynradd Rhosgadfan,6612098,74,,All pupils,all,3,,Total
10,10,Number of pupils,NUM,1,,6612099 - Ysgol Gynradd Rhostryfan,6612099,75,,Eligible for free school meals,fsm,1,,
15,15,Number of pupils,NUM,1,,6612099 - Ysgol Gynradd Rhostryfan,6612099,75,,Eligible for free school meals or transitionally protected,fsmtp,2,,
80,80,Number of pupils,NUM,1,,6612099 - Ysgol Gynradd Rhostryfan,6612099,75,,All pupils,all,3,,Total
,,Number of pupils,NUM,1,,6612103 - YSGOL SARN BACH,6612103,76,,Eligible for free school meals,fsm,1,,Confidential
,,Number of pupils,NUM,1,,6612103 - YSGOL SARN BACH,6612103,76,,Eligible for free school meals or transitionally protected,fsmtp,2,,Confidential
25,25,Number of pupils,NUM,1,,6612103 - YSGOL SARN BACH,6612103,76,,All pupils,all,3,,Total
20,20,Number of pupils,NUM,1,,6612104 - Ysgol Eifion Wyn,6612104,77,,Eligible for free school meals,fsm,1,,
30,30,Number of pupils,NUM,1,,6612104 - Ysgol Eifion Wyn,6612104,77,,Eligible for free school meals or transitionally protected,fsmtp,2,,
210,210,Number of pupils,NUM,1,,6612104 - Ysgol Eifion Wyn,6612104,77,,All pupils,all,3,,Total
20,20,Number of pupils,NUM,1,,6612108 - Ysgol Gynradd Talysarn,6612108,78,,Eligible for free school meals,fsm,1,,
25,25,Number of pupils,NUM,1,,6612108 - Ysgol Gynradd Talysarn,6612108,78,,Eligible for free school meals or transitionally protected,fsmtp,2,,
95,95,Number of pupils,NUM,1,,6612108 - Ysgol Gynradd Talysarn,6612108,78,,All pupils,all,3,,Total
5,5,Number of pupils,NUM,1,,6612110 - YSGOL Y GORLAN,6612110,79,,Eligible for free school meals,fsm,1,,
20,20,Number of pupils,NUM,1,,6612110 - YSGOL Y GORLAN,6612110,79,,Eligible for free school meals or transitionally protected,fsmtp,2,,
110,110,Number of pupils,NUM,1,,6612110 - YSGOL Y GORLAN,6612110,79,,All pupils,all,3,,Total
10,10,Number of pupils,NUM,1,,6612111 - Ysgol yr Eifl,6612111,80,,Eligible for free school meals,fsm,1,,
10,10,Number of pupils,NUM,1,,6612111 - Ysgol yr Eifl,6612111,80,,Eligible for free school meals or transitionally protected,fsmtp,2,,
45,45,Number of pupils,NUM,1,,6612111 - Ysgol yr Eifl,6612111,80,,All pupils,all,3,,Total
,,Number of pupils,NUM,1,,6612112 - YSGOL GYNRADD TUDWEILIOG,6612112,81,,Eligible for free school meals,fsm,1,,Confidential
,,Number of pupils,NUM,1,,6612112 - YSGOL GYNRADD TUDWEILIOG,6612112,81,,Eligible for free school meals or transitionally protected,fsmtp,2,,Confidential
50,50,Number of pupils,NUM,1,,6612112 - YSGOL GYNRADD TUDWEILIOG,6612112,81,,All pupils,all,3,,Total
10,10,Number of pupils,NUM,1,,6612113 - Ysgol Waunfawr,6612113,82,,Eligible for free school meals,fsm,1,,
20,20,Number of pupils,NUM,1,,6612113 - Ysgol Waunfawr,6612113,82,,Eligible for free school meals or transitionally protected,fsmtp,2,,
115,115,Number of pupils,NUM,1,,6612113 - Ysgol Waunfawr,6612113,82,,All pupils,all,3,,Total
90,90,Number of pupils,NUM,1,,6612116 - Ysgol Glancegin,6612116,83,,Eligible for free school meals,fsm,1,,
115,115,Number of pupils,NUM,1,,6612116 - Ysgol Glancegin,6612116,83,,Eligible for free school meals or transitionally protected,fsmtp,2,,
220,220,Number of pupils,NUM,1,,6612116 - Ysgol Glancegin,6612116,83,,All pupils,all,3,,Total
85,85,Number of pupils,NUM,1,,6612119 - Ysgol Yr Hendre,6612119,84,,Eligible for free school meals,fsm,1,,
120,120,Number of pupils,NUM,1,,6612119 - Ysgol Yr Hendre,6612119,84,,Eligible for free school meals or transitionally protected,fsmtp,2,,
380,380,Number of pupils,NUM,1,,6612119 - Ysgol Yr Hendre,6612119,84,,All pupils,all,3,,Total
5,5,Number of pupils,NUM,1,,6612122 - Ysgol Bontnewydd,6612122,85,,Eligible for free school meals,fsm,1,,
10,10,Number of pupils,NUM,1,,6612122 - Ysgol Bontnewydd,6612122,85,,Eligible for free school meals or transitionally protected,fsmtp,2,,
215,215,Number of pupils,NUM,1,,6612122 - Ysgol Bontnewydd,6612122,85,,All pupils,all,3,,Total
50,50,Number of pupils,NUM,1,,6612123 - Ysgol Gymraeg y Garnedd,6612123,86,,Eligible for free school meals,fsm,1,,
70,70,Number of pupils,NUM,1,,6612123 - Ysgol Gymraeg y Garnedd,6612123,86,,Eligible for free school meals or transitionally protected,fsmtp,2,,
395,395,Number of pupils,NUM,1,,6612123 - Ysgol Gymraeg y Garnedd,6612123,86,,All pupils,all,3,,Total
30,30,Number of pupils,NUM,1,,6612125 - Ysgol Cymerau,6612125,87,,Eligible for free school meals,fsm,1,,
40,40,Number of pupils,NUM,1,,6612125 - Ysgol Cymerau,6612125,87,,Eligible for free school meals or transitionally protected,fsmtp,2,,
255,255,Number of pupils,NUM,1,,6612125 - Ysgol Cymerau,6612125,87,,All pupils,all,3,,Total
15,15,Number of pupils,NUM,1,,6612126 - Ysgol Abercaseg (Babanod),6612126,88,,Eligible for free school meals,fsm,1,,
15,15,Number of pupils,NUM,1,,6612126 - Ysgol Abercaseg (Babanod),6612126,88,,Eligible for free school meals or transitionally protected,fsmtp,2,,
75,75,Number of pupils,NUM,1,,6612126 - Ysgol Abercaseg (Babanod),6612126,88,,All pupils,all,3,,Total
5,5,Number of pupils,NUM,1,,6612127 - Ysgol y Felinheli,6612127,89,,Eligible for free school meals,fsm,1,,
10,10,Number of pupils,NUM,1,,6612127 - Ysgol y Felinheli,6612127,89,,Eligible for free school meals or transitionally protected,fsmtp,2,,
155,155,Number of pupils,NUM,1,,6612127 - Ysgol y Felinheli,6612127,89,,All pupils,all,3,,Total
30,30,Number of pupils,NUM,1,,6612181 - Ysgol y Traeth,6612181,90,,Eligible for free school meals,fsm,1,,
50,50,Number of pupils,NUM,1,,6612181 - Ysgol y Traeth,6612181,90,,Eligible for free school meals or transitionally protected,fsmtp,2,,
185,185,Number of pupils,NUM,1,,6612181 - Ysgol y Traeth,6612181,90,,All pupils,all,3,,Total
,,Number of pupils,NUM,1,,6612185 - Ysgol Gynradd Dyffryn Dulas,6612185,91,,Eligible for free school meals,fsm,1,,Confidential
5,5,Number of pupils,NUM,1,,6612185 - Ysgol Gynradd Dyffryn Dulas,6612185,91,,Eligible for free school meals or transitionally protected,fsmtp,2,,
35,35,Number of pupils,NUM,1,,6612185 - Ysgol Gynradd Dyffryn Dulas,6612185,91,,All pupils,all,3,,Total
10,10,Number of pupils,NUM,1,,6612189 - Ysgol Gynradd Dyffryn Ardudwy,6612189,92,,Eligible for free school meals,fsm,1,,
10,10,Number of pupils,NUM,1,,6612189 - Ysgol Gynradd Dyffryn Ardudwy,6612189,92,,Eligible for free school meals or transitionally protected,fsmtp,2,,
70,70,Number of pupils,NUM,1,,6612189 - Ysgol Gynradd Dyffryn Ardudwy,6612189,92,,All pupils,all,3,,Total
0,0,Number of pupils,NUM,1,,6612190 - Ysgol Bro Cynfal,6612190,93,,Eligible for free school meals,fsm,1,,
10,10,Number of pupils,NUM,1,,6612190 - Ysgol Bro Cynfal,6612190,93,,Eligible for free school meals or transitionally protected,fsmtp,2,,
40,40,Number of pupils,NUM,1,,6612190 - Ysgol Bro Cynfal,6612190,93,,All pupils,all,3,,Total
5,5,Number of pupils,NUM,1,,6612192 - Ysgol Edmwnd Prys,6612192,94,,Eligible for free school meals,fsm,1,,
5,5,Number of pupils,NUM,1,,6612192 - Ysgol Edmwnd Prys,6612192,94,,Eligible for free school meals or transitionally protected,fsmtp,2,,
20,20,Number of pupils,NUM,1,,6612192 - Ysgol Edmwnd Prys,6612192,94,,All pupils,all,3,,Total
,,Number of pupils,NUM,1,,6612194 - Ysgol Gynradd Llanbedr,6612194,95,,Eligible for free school meals,fsm,1,,Confidential
,,Number of pupils,NUM,1,,6612194 - Ysgol Gynradd Llanbedr,6612194,95,,Eligible for free school meals or transitionally protected,fsmtp,2,,Confidential
45,45,Number of pupils,NUM,1,,6612194 - Ysgol Gynradd Llanbedr,6612194,95,,All pupils,all,3,,Total
,,Number of pupils,NUM,1,,6612198 - YSGOL Y GARREG,6612198,96,,Eligible for free school meals,fsm,1,,Confidential
,,Number of pupils,NUM,1,,6612198 - YSGOL Y GARREG,6612198,96,,Eligible for free school meals or transitionally protected,fsmtp,2,,Confidential
15,15,Number of pupils,NUM,1,,6612198 - YSGOL Y GARREG,6612198,96,,All pupils,all,3,,Total
0,0,Number of pupils,NUM,1,,6612199 - Ysgol O M Edwards,6612199,97,,Eligible for free school meals,fsm,1,,
,,Number of pupils,NUM,1,,6612199 - Ysgol O M Edwards,6612199,97,,Eligible for free school meals or transitionally protected,fsmtp,2,,Confidential
75,75,Number of pupils,NUM,1,,6612199 - Ysgol O M Edwards,6612199,97,,All pupils,all,3,,Total
10,10,Number of pupils,NUM,1,,6612205 - Ysgol Manod,6612205,98,,Eligible for free school meals,fsm,1,,
20,20,Number of pupils,NUM,1,,6612205 - Ysgol Manod,6612205,98,,Eligible for free school meals or transitionally protected,fsmtp,2,,
85,85,Number of pupils,NUM,1,,6612205 - Ysgol Manod,6612205,98,,All pupils,all,3,,Total
,,Number of pupils,NUM,1,,6612207 - Ysgol Gynradd Pennal,6612207,99,,Eligible for free school meals,fsm,1,,Confidential
,,Number of pupils,NUM,1,,6612207 - Ysgol Gynradd Pennal,6612207,99,,Eligible for free school meals or transitionally protected,fsmtp,2,,Confidential
35,35,Number of pupils,NUM,1,,6612207 - Ysgol Gynradd Pennal,6612207,99,,All pupils,all,3,,Total
10,10,Number of pupils,NUM,1,,6612208 - Ysgol Cefn Coch,6612208,100,,Eligible for free school meals,fsm,1,,
20,20,Number of pupils,NUM,1,,6612208 - Ysgol Cefn Coch,6612208,100,,Eligible for free school meals or transitionally protected,fsmtp,2,,
155,155,Number of pupils,NUM,1,,6612208 - Ysgol Cefn Coch,6612208,100,,All pupils,all,3,,Total
,,Number of pupils,NUM,1,,6612210 - Ysgol Talsarnau,6612210,101,,Eligible for free school meals,fsm,1,,Confidential
,,Number of pupils,NUM,1,,6612210 - Ysgol Talsarnau,6612210,101,,Eligible for free school meals or transitionally protected,fsmtp,2,,Confidential
25,25,Number of pupils,NUM,1,,6612210 - Ysgol Talsarnau,6612210,101,,All pupils,all,3,,Total
10,10,Number of pupils,NUM,1,,6612211 - Ysgol Gynradd Tanygrisiau,6612211,102,,Eligible for free school meals,fsm,1,,
10,10,Number of pupils,NUM,1,,6612211 - Ysgol Gynradd Tanygrisiau,6612211,102,,Eligible for free school meals or transitionally protected,fsmtp,2,,
30,30,Number of pupils,NUM,1,,6612211 - Ysgol Gynradd Tanygrisiau,6612211,102,,All pupils,all,3,,Total
25,25,Number of pupils,NUM,1,,6612212 - Ysgol Gynradd Penybryn,6612212,103,,Eligible for free school meals,fsm,1,,
35,35,Number of pupils,NUM,1,,6612212 - Ysgol Gynradd Penybryn,6612212,103,,Eligible for free school meals or transitionally protected,fsmtp,2,,
240,240,Number of pupils,NUM,1,,6612212 - Ysgol Gynradd Penybryn,6612212,103,,All pupils,all,3,,Total
5,5,Number of pupils,NUM,1,,6612213 - Ysgol Bro Hedd Wyn,6612213,104,,Eligible for free school meals,fsm,1,,
10,10,Number of pupils,NUM,1,,6612213 - Ysgol Bro Hedd Wyn,6612213,104,,Eligible for free school meals or transitionally protected,fsmtp,2,,
65,65,Number of pupils,NUM,1,,6612213 - Ysgol Bro Hedd Wyn,6612213,104,,All pupils,all,3,,Total
,,Number of pupils,NUM,1,,6612214 - Ysgol Bro Tryweryn,6612214,105,,Eligible for free school meals,fsm,1,,Confidential
,,Number of pupils,NUM,1,,6612214 - Ysgol Bro Tryweryn,6612214,105,,Eligible for free school meals or transitionally protected,fsmtp,2,,Confidential
60,60,Number of pupils,NUM,1,,6612214 - Ysgol Bro Tryweryn,6612214,105,,All pupils,all,3,,Total
5,5,Number of pupils,NUM,1,,6612219 - Ysgol Tanycastell,6612219,106,,Eligible for free school meals,fsm,1,,
10,10,Number of pupils,NUM,1,,6612219 - Ysgol Tanycastell,6612219,106,,Eligible for free school meals or transitionally protected,fsmtp,2,,
75,75,Number of pupils,NUM,1,,6612219 - Ysgol Tanycastell,6612219,106,,All pupils,all,3,,Total
5,5,Number of pupils,NUM,1,,6612220 - Ysgol Ffridd y LLyn,6612220,107,,Eligible for free school meals,fsm,1,,
15,15,Number of pupils,NUM,1,,6612220 - Ysgol Ffridd y LLyn,6612220,107,,Eligible for free school meals or transitionally protected,fsmtp,2,,
45,45,Number of pupils,NUM,1,,6612220 - Ysgol Ffridd y LLyn,6612220,107,,All pupils,all,3,,Total
35,35,Number of pupils,NUM,1,,6612221 - Ysgol Maenofferen,6612221,108,,Eligible for free school meals,fsm,1,,
55,55,Number of pupils,NUM,1,,6612221 - Ysgol Maenofferen,6612221,108,,Eligible for free school meals or transitionally protected,fsmtp,2,,
215,215,Number of pupils,NUM,1,,6612221 - Ysgol Maenofferen,6612221,108,,All pupils,all,3,,Total
40,40,Number of pupils,NUM,1,,6612227 - Ysgol Hirael,6612227,109,,Eligible for free school meals,fsm,1,,
60,60,Number of pupils,NUM,1,,6612227 - Ysgol Hirael,6612227,109,,Eligible for free school meals or transitionally protected,fsmtp,2,,
190,190,Number of pupils,NUM,1,,6612227 - Ysgol Hirael,6612227,109,,All pupils,all,3,,Total
5,5,Number of pupils,NUM,1,,6612228 - Ysgol Craig y Deryn,6612228,110,,Eligible for free school meals,fsm,1,,
5,5,Number of pupils,NUM,1,,6612228 - Ysgol Craig y Deryn,6612228,110,,Eligible for free school meals or transitionally protected,fsmtp,2,,
95,95,Number of pupils,NUM,1,,6612228 - Ysgol Craig y Deryn,6612228,110,,All pupils,all,3,,Total
5,5,Number of pupils,NUM,1,,6612229 - Ysgol Bro Llifon,6612229,111,,Eligible for free school meals,fsm,1,,
10,10,Number of pupils,NUM,1,,6612229 - Ysgol Bro Llifon,6612229,111,,Eligible for free school meals or transitionally protected,fsmtp,2,,
150,150,Number of pupils,NUM,1,,6612229 - Ysgol Bro Llifon,6612229,111,,All pupils,all,3,,Total
10,10,Number of pupils,NUM,1,,6613004 - YSGOL PONT Y GOF,6613004,112,,Eligible for free school meals,fsm,1,,
10,10,Number of pupils,NUM,1,,6613004 - YSGOL PONT Y GOF,6613004,112,,Eligible for free school meals or transitionally protected,fsmtp,2,,
100,100,Number of pupils,NUM,1,,6613004 - YSGOL PONT Y GOF,6613004,112,,All pupils,all,3,,Total
85,85,Number of pupils,NUM,1,,6613005 - Ysgol Gynradd Maesincla,6613005,113,,Eligible for free school meals,fsm,1,,
110,110,Number of pupils,NUM,1,,6613005 - Ysgol Gynradd Maesincla,6613005,113,,Eligible for free school meals or transitionally protected,fsmtp,2,,
265,265,Number of pupils,NUM,1,,6613005 - Ysgol Gynradd Maesincla,6613005,113,,All pupils,all,3,,Total
20,20,Number of pupils,NUM,1,,6613009 - Ysgol Y Faenol,6613009,114,,Eligible for free school meals,fsm,1,,
25,25,Number of pupils,NUM,1,,6613009 - Ysgol Y Faenol,6613009,114,,Eligible for free school meals or transitionally protected,fsmtp,2,,
225,225,Number of pupils,NUM,1,,6613009 - Ysgol Y Faenol,6613009,114,,All pupils,all,3,,Total
,,Number of pupils,NUM,1,,6613010 - YSGOL FOEL GRON,6613010,115,,Eligible for free school meals,fsm,1,,Confidential
5,5,Number of pupils,NUM,1,,6613010 - YSGOL FOEL GRON,6613010,115,,Eligible for free school meals or transitionally protected,fsmtp,2,,
30,30,Number of pupils,NUM,1,,6613010 - YSGOL FOEL GRON,6613010,115,,All pupils,all,3,,Total
15,15,Number of pupils,NUM,1,,6613013 - Ysgol Llandygai,6613013,116,,Eligible for free school meals,fsm,1,,
20,20,Number of pupils,NUM,1,,6613013 - Ysgol Llandygai,6613013,116,,Eligible for free school meals or transitionally protected,fsmtp,2,,
80,80,Number of pupils,NUM,1,,6613013 - Ysgol Llandygai,6613013,116,,All pupils,all,3,,Total
0,0,Number of pupils,NUM,1,,6613018 - Ysgol Gynradd Llandwrog,6613018,117,,Eligible for free school meals,fsm,1,,
,,Number of pupils,NUM,1,,6613018 - Ysgol Gynradd Llandwrog,6613018,117,,Eligible for free school meals or transitionally protected,fsmtp,2,,Confidential
40,40,Number of pupils,NUM,1,,6613018 - Ysgol Gynradd Llandwrog,6613018,117,,All pupils,all,3,,Total
0,0,Number of pupils,NUM,1,,6613023 - Ysgol Gynradd Llanystumdwy,6613023,118,,Eligible for free school meals,fsm,1,,
5,5,Number of pupils,NUM,1,,6613023 - Ysgol Gynradd Llanystumdwy,6613023,118,,Eligible for free school meals or transitionally protected,fsmtp,2,,
25,25,Number of pupils,NUM,1,,6613023 - Ysgol Gynradd Llanystumdwy,6613023,118,,All pupils,all,3,,Total
10,10,Number of pupils,NUM,1,,6613029 - Ysgol Tregarth,6613029,119,,Eligible for free school meals,fsm,1,,
15,15,Number of pupils,NUM,1,,6613029 - Ysgol Tregarth,6613029,119,,Eligible for free school meals or transitionally protected,fsmtp,2,,
115,115,Number of pupils,NUM,1,,6613029 - Ysgol Tregarth,6613029,119,,All pupils,all,3,,Total
30,30,Number of pupils,NUM,1,,6613030 - Ysgol Cae Top,6613030,120,,Eligible for free school meals,fsm,1,,
40,40,Number of pupils,NUM,1,,6613030 - Ysgol Cae Top,6613030,120,,Eligible for free school meals or transitionally protected,fsmtp,2,,
235,235,Number of pupils,NUM,1,,6613030 - Ysgol Cae Top,6613030,120,,All pupils,all,3,,Total
10,10,Number of pupils,NUM,1,,6613300 - Ysgol Santes Helen,6613300,121,,Eligible for free school meals,fsm,1,,
15,15,Number of pupils,NUM,1,,6613300 - Ysgol Santes Helen,6613300,121,,Eligible for free school meals or transitionally protected,fsmtp,2,,
40,40,Number of pupils,NUM,1,,6613300 - Ysgol Santes Helen,6613300,121,,All pupils,all,3,,Total
15,15,Number of pupils,NUM,1,,6613301 - Ysgol Ein Harglwyddes,6613301,122,,Eligible for free school meals,fsm,1,,
25,25,Number of pupils,NUM,1,,6613301 - Ysgol Ein Harglwyddes,6613301,122,,Eligible for free school meals or transitionally protected,fsmtp,2,,
150,150,Number of pupils,NUM,1,,6613301 - Ysgol Ein Harglwyddes,6613301,122,,All pupils,all,3,,Total
60,60,Number of pupils,NUM,1,,6614002 - Ysgol Dyffryn Ogwen Bethesda,6614002,123,,Eligible for free school meals,fsm,1,,
80,80,Number of pupils,NUM,1,,6614002 - Ysgol Dyffryn Ogwen Bethesda,6614002,123,,Eligible for free school meals or transitionally protected,fsmtp,2,,
400,400,Number of pupils,NUM,1,,6614002 - Ysgol Dyffryn Ogwen Bethesda,6614002,123,,All pupils,all,3,,Total
50,50,Number of pupils,NUM,1,,6614003 - Ysgol Botwnnog,6614003,124,,Eligible for free school meals,fsm,1,,
80,80,Number of pupils,NUM,1,,6614003 - Ysgol Botwnnog,6614003,124,,Eligible for free school meals or transitionally protected,fsmtp,2,,
470,470,Number of pupils,NUM,1,,6614003 - Ysgol Botwnnog,6614003,124,,All pupils,all,3,,Total
60,60,Number of pupils,NUM,1,,6614004 - Ysgol Brynrefail,6614004,125,,Eligible for free school meals,fsm,1,,
100,100,Number of pupils,NUM,1,,6614004 - Ysgol Brynrefail,6614004,125,,Eligible for free school meals or transitionally protected,fsmtp,2,,
765,765,Number of pupils,NUM,1,,6614004 - Ysgol Brynrefail,6614004,125,,All pupils,all,3,,Total
50,50,Number of pupils,NUM,1,,6614007 - Ysgol Dyffryn Nantlle,6614007,126,,Eligible for free school meals,fsm,1,,
75,75,Number of pupils,NUM,1,,6614007 - Ysgol Dyffryn Nantlle,6614007,126,,Eligible for free school meals or transitionally protected,fsmtp,2,,
395,395,Number of pupils,NUM,1,,6614007 - Ysgol Dyffryn Nantlle,6614007,126,,All pupils,all,3,,Total
35,35,Number of pupils,NUM,1,,6614009 - YSGOL EIFIONYDD,6614009,127,,Eligible for free school meals,fsm,1,,
65,65,Number of pupils,NUM,1,,6614009 - YSGOL EIFIONYDD,6614009,127,,Eligible for free school meals or transitionally protected,fsmtp,2,,
375,375,Number of pupils,NUM,1,,6614009 - YSGOL EIFIONYDD,6614009,127,,All pupils,all,3,,Total
55,55,Number of pupils,NUM,1,,6614031 - Ysgol Y Moelwyn,6614031,128,,Eligible for free school meals,fsm,1,,
60,60,Number of pupils,NUM,1,,6614031 - Ysgol Y Moelwyn,6614031,128,,Eligible for free school meals or transitionally protected,fsmtp,2,,
355,355,Number of pupils,NUM,1,,6614031 - Ysgol Y Moelwyn,6614031,128,,All pupils,all,3,,Total
50,50,Number of pupils,NUM,1,,6614032 - YSGOL UWCHRADD TYWYN,6614032,129,,Eligible for free school meals,fsm,1,,
65,65,Number of pupils,NUM,1,,6614032 - YSGOL UWCHRADD TYWYN,6614032,129,,Eligible for free school meals or transitionally protected,fsmtp,2,,
375,375,Number of pupils,NUM,1,,6614032 - YSGOL UWCHRADD TYWYN,6614032,129,,All pupils,all,3,,Total
40,40,Number of pupils,NUM,1,,6614034 - Ysgol Ardudwy,6614034,130,,Eligible for free school meals,fsm,1,,
65,65,Number of pupils,NUM,1,,6614034 - Ysgol Ardudwy,6614034,130,,Eligible for free school meals or transitionally protected,fsmtp,2,,
330,330,Number of pupils,NUM,1,,6614034 - Ysgol Ardudwy,6614034,130,,All pupils,all,3,,Total
150,150,Number of pupils,NUM,1,,6614036 - Ysgol Friars,6614036,131,,Eligible for free school meals,fsm,1,,
230,230,Number of pupils,NUM,1,,6614036 - Ysgol Friars,6614036,131,,Eligible for free school meals or transitionally protected,fsmtp,2,,
"1,385",1385,Number of pupils,NUM,1,,6614036 - Ysgol Friars,6614036,131,,All pupils,all,3,,Total
55,55,Number of pupils,NUM,1,,6614037 - Ysgol Tryfan,6614037,132,,Eligible for free school meals,fsm,1,,
75,75,Number of pupils,NUM,1,,6614037 - Ysgol Tryfan,6614037,132,,Eligible for free school meals or transitionally protected,fsmtp,2,,
515,515,Number of pupils,NUM,1,,6614037 - Ysgol Tryfan,6614037,132,,All pupils,all,3,,Total
115,115,Number of pupils,NUM,1,,6614039 - Ysgol Syr Hugh Owen,6614039,133,,Eligible for free school meals,fsm,1,,
185,185,Number of pupils,NUM,1,,6614039 - Ysgol Syr Hugh Owen,6614039,133,,Eligible for free school meals or transitionally protected,fsmtp,2,,
875,875,Number of pupils,NUM,1,,6614039 - Ysgol Syr Hugh Owen,6614039,133,,All pupils,all,3,,Total
55,55,Number of pupils,NUM,1,,6614040 - Ysgol Glan y Mor,6614040,134,,Eligible for free school meals,fsm,1,,
100,100,Number of pupils,NUM,1,,6614040 - Ysgol Glan y Mor,6614040,134,,Eligible for free school meals or transitionally protected,fsmtp,2,,
475,475,Number of pupils,NUM,1,,6614040 - Ysgol Glan y Mor,6614040,134,,All pupils,all,3,,Total
45,45,Number of pupils,NUM,1,,6615500 - Bro Idris,6615500,135,,Eligible for free school meals,fsm,1,,
80,80,Number of pupils,NUM,1,,6615500 - Bro Idris,6615500,135,,Eligible for free school meals or transitionally protected,fsmtp,2,,
540,540,Number of pupils,NUM,1,,6615500 - Bro Idris,6615500,135,,All pupils,all,3,,Total
35,35,Number of pupils,NUM,1,,6615501 - YSGOL Godre'r Berwyn,6615501,136,,Eligible for free school meals,fsm,1,,
130,130,Number of pupils,NUM,1,,6615501 - YSGOL Godre'r Berwyn,6615501,136,,Eligible for free school meals or transitionally protected,fsmtp,2,,
570,570,Number of pupils,NUM,1,,6615501 - YSGOL Godre'r Berwyn,6615501,136,,All pupils,all,3,,Total
60,60,Number of pupils,NUM,1,,6617002 - Ysgol Pendalar,6617002,137,,Eligible for free school meals,fsm,1,,
65,65,Number of pupils,NUM,1,,6617002 - Ysgol Pendalar,6617002,137,,Eligible for free school meals or transitionally protected,fsmtp,2,,
115,115,Number of pupils,NUM,1,,6617002 - Ysgol Pendalar,6617002,137,,All pupils,all,3,,Total
35,35,Number of pupils,NUM,1,,6617010 - Ysgol Hafod Lon,6617010,138,,Eligible for free school meals,fsm,1,,
35,35,Number of pupils,NUM,1,,6617010 - Ysgol Hafod Lon,6617010,138,,Eligible for free school meals or transitionally protected,fsmtp,2,,
115,115,Number of pupils,NUM,1,,6617010 - Ysgol Hafod Lon,6617010,138,,All pupils,all,3,,Total
0,0,Number of pupils,NUM,1,,6622012 - Ysgol Betws y Coed,6622012,139,,Eligible for free school meals,fsm,1,,
,,Number of pupils,NUM,1,,6622012 - Ysgol Betws y Coed,6622012,139,,Eligible for free school meals or transitionally protected,fsmtp,2,,Confidential
15,15,Number of pupils,NUM,1,,6622012 - Ysgol Betws y Coed,6622012,139,,All pupils,all,3,,Total
10,10,Number of pupils,NUM,1,,6622023 - Ysgol Capelulo,6622023,140,,Eligible for free school meals,fsm,1,,
20,20,Number of pupils,NUM,1,,6622023 - Ysgol Capelulo,6622023,140,,Eligible for free school meals or transitionally protected,fsmtp,2,,
135,135,Number of pupils,NUM,1,,6622023 - Ysgol Capelulo,6622023,140,,All pupils,all,3,,Total
35,35,Number of pupils,NUM,1,,6622038 - Ysgol Deganwy,6622038,141,,Eligible for free school meals,fsm,1,,
55,55,Number of pupils,NUM,1,,6622038 - Ysgol Deganwy,6622038,141,,Eligible for free school meals or transitionally protected,fsmtp,2,,
325,325,Number of pupils,NUM,1,,6622038 - Ysgol Deganwy,6622038,141,,All pupils,all,3,,Total
,,Number of pupils,NUM,1,,6622043 - Ysgol Dolwyddelan,6622043,142,,Eligible for free school meals,fsm,1,,Confidential
,,Number of pupils,NUM,1,,6622043 - Ysgol Dolwyddelan,6622043,142,,Eligible for free school meals or transitionally protected,fsmtp,2,,Confidential
20,20,Number of pupils,NUM,1,,6622043 - Ysgol Dolwyddelan,6622043,142,,All pupils,all,3,,Total
55,55,Number of pupils,NUM,1,,6622044 - Ysgol Ffordd Dyffryn,6622044,143,,Eligible for free school meals,fsm,1,,
75,75,Number of pupils,NUM,1,,6622044 - Ysgol Ffordd Dyffryn,6622044,143,,Eligible for free school meals or transitionally protected,fsmtp,2,,
175,175,Number of pupils,NUM,1,,6622044 - Ysgol Ffordd Dyffryn,6622044,143,,All pupils,all,3,,Total
10,10,Number of pupils,NUM,1,,6622053 - Ysgol Glanwydden,6622053,144,,Eligible for free school meals,fsm,1,,
20,20,Number of pupils,NUM,1,,6622053 - Ysgol Glanwydden,6622053,144,,Eligible for free school meals or transitionally protected,fsmtp,2,,
295,295,Number of pupils,NUM,1,,6622053 - Ysgol Glanwydden,6622053,144,,All pupils,all,3,,Total
35,35,Number of pupils,NUM,1,,6622061 - Ysgol Tudno,6622061,145,,Eligible for free school meals,fsm,1,,
50,50,Number of pupils,NUM,1,,6622061 - Ysgol Tudno,6622061,145,,Eligible for free school meals or transitionally protected,fsmtp,2,,
185,185,Number of pupils,NUM,1,,6622061 - Ysgol Tudno,6622061,145,,All pupils,all,3,,Total
45,45,Number of pupils,NUM,1,,6622063 - Ysgol Morfa Rhianedd,6622063,146,,Eligible for free school meals,fsm,1,,
70,70,Number of pupils,NUM,1,,6622063 - Ysgol Morfa Rhianedd,6622063,146,,Eligible for free school meals or transitionally protected,fsmtp,2,,
155,155,Number of pupils,NUM,1,,6622063 - Ysgol Morfa Rhianedd,6622063,146,,All pupils,all,3,,Total
,,Number of pupils,NUM,1,,6622086 - Ysgol Penmachno,6622086,147,,Eligible for free school meals,fsm,1,,Confidential
,,Number of pupils,NUM,1,,6622086 - Ysgol Penmachno,6622086,147,,Eligible for free school meals or transitionally protected,fsmtp,2,,Confidential
40,40,Number of pupils,NUM,1,,6622086 - Ysgol Penmachno,6622086,147,,All pupils,all,3,,Total
45,45,Number of pupils,NUM,1,,6622103 - Ysgol Llandrillo yn Rhos,6622103,148,,Eligible for free school meals,fsm,1,,
75,75,Number of pupils,NUM,1,,6622103 - Ysgol Llandrillo yn Rhos,6622103,148,,Eligible for free school meals or transitionally protected,fsmtp,2,,
425,425,Number of pupils,NUM,1,,6622103 - Ysgol Llandrillo yn Rhos,6622103,148,,All pupils,all,3,,Total
15,15,Number of pupils,NUM,1,,6622104 - Ysgol Talhaiarn,6622104,149,,Eligible for free school meals,fsm,1,,
20,20,Number of pupils,NUM,1,,6622104 - Ysgol Talhaiarn,6622104,149,,Eligible for free school meals or transitionally protected,fsmtp,2,,
45,45,Number of pupils,NUM,1,,6622104 - Ysgol Talhaiarn,6622104,149,,All pupils,all,3,,Total
10,10,Number of pupils,NUM,1,,6622106 - Ysgol Babanod Mochdre,6622106,150,,Eligible for free school meals,fsm,1,,
15,15,Number of pupils,NUM,1,,6622106 - Ysgol Babanod Mochdre,6622106,150,,Eligible for free school meals or transitionally protected,fsmtp,2,,
40,40,Number of pupils,NUM,1,,6622106 - Ysgol Babanod Mochdre,6622106,150,,All pupils,all,3,,Total
35,35,Number of pupils,NUM,1,,6622108 - Ysgol  T. Gwynn Jones,6622108,151,,Eligible for free school meals,fsm,1,,
40,40,Number of pupils,NUM,1,,6622108 - Ysgol  T. Gwynn Jones,6622108,151,,Eligible for free school meals or transitionally protected,fsmtp,2,,
185,185,Number of pupils,NUM,1,,6622108 - Ysgol  T. Gwynn Jones,6622108,151,,All pupils,all,3,,Total
60,60,Number of pupils,NUM,1,,6622110 - Ysgol Maes Owen,6622110,152,,Eligible for free school meals,fsm,1,,
90,90,Number of pupils,NUM,1,,6622110 - Ysgol Maes Owen,6622110,152,,Eligible for free school meals or transitionally protected,fsmtp,2,,
205,205,Number of pupils,NUM,1,,6622110 - Ysgol Maes Owen,6622110,152,,All pupils,all,3,,Total
55,55,Number of pupils,NUM,1,,6622111 - Ysgol Glan Gele,6622111,153,,Eligible for free school meals,fsm,1,,
65,65,Number of pupils,NUM,1,,6622111 - Ysgol Glan Gele,6622111,153,,Eligible for free school meals or transitionally protected,fsmtp,2,,
285,285,Number of pupils,NUM,1,,6622111 - Ysgol Glan Gele,6622111,153,,All pupils,all,3,,Total
35,35,Number of pupils,NUM,1,,6622112 - Ysgol Glan Morfa,6622112,154,,Eligible for free school meals,fsm,1,,
50,50,Number of pupils,NUM,1,,6622112 - Ysgol Glan Morfa,6622112,154,,Eligible for free school meals or transitionally protected,fsmtp,2,,
245,245,Number of pupils,NUM,1,,6622112 - Ysgol Glan Morfa,6622112,154,,All pupils,all,3,,Total
30,30,Number of pupils,NUM,1,,6622114 - Ysgol Bod Alaw,6622114,155,,Eligible for free school meals,fsm,1,,
40,40,Number of pupils,NUM,1,,6622114 - Ysgol Bod Alaw,6622114,155,,Eligible for free school meals or transitionally protected,fsmtp,2,,
330,330,Number of pupils,NUM,1,,6622114 - Ysgol Bod Alaw,6622114,155,,All pupils,all,3,,Total
15,15,Number of pupils,NUM,1,,6622115 - Ysgol Pant y Rhedyn,6622115,156,,Eligible for free school meals,fsm,1,,
25,25,Number of pupils,NUM,1,,6622115 - Ysgol Pant y Rhedyn,6622115,156,,Eligible for free school meals or transitionally protected,fsmtp,2,,
110,110,Number of pupils,NUM,1,,6622115 - Ysgol Pant y Rhedyn,6622115,156,,All pupils,all,3,,Total
50,50,Number of pupils,NUM,1,,6622118 - Ysgol Y Foryd,6622118,157,,Eligible for free school meals,fsm,1,,
55,55,Number of pupils,NUM,1,,6622118 - Ysgol Y Foryd,6622118,157,,Eligible for free school meals or transitionally protected,fsmtp,2,,
195,195,Number of pupils,NUM,1,,6622118 - Ysgol Y Foryd,6622118,157,,All pupils,all,3,,Total
45,45,Number of pupils,NUM,1,,6622121 - Ysgol Craig y Don,6622121,158,,Eligible for free school meals,fsm,1,,
75,75,Number of pupils,NUM,1,,6622121 - Ysgol Craig y Don,6622121,158,,Eligible for free school meals or transitionally protected,fsmtp,2,,
300,300,Number of pupils,NUM,1,,6622121 - Ysgol Craig y Don,6622121,158,,All pupils,all,3,,Total
5,5,Number of pupils,NUM,1,,6622123 - Ysgol Cerrigydrudion,6622123,159,,Eligible for free school meals,fsm,1,,
10,10,Number of pupils,NUM,1,,6622123 - Ysgol Cerrigydrudion,6622123,159,,Eligible for free school meals or transitionally protected,fsmtp,2,,
90,90,Number of pupils,NUM,1,,6622123 - Ysgol Cerrigydrudion,6622123,159,,All pupils,all,3,,Total
5,5,Number of pupils,NUM,1,,"6622132 - Ysgol Bro Aled, Llansannan",6622132,160,,Eligible for free school meals,fsm,1,,
5,5,Number of pupils,NUM,1,,"6622132 - Ysgol Bro Aled, Llansannan",6622132,160,,Eligible for free school meals or transitionally protected,fsmtp,2,,
65,65,Number of pupils,NUM,1,,"6622132 - Ysgol Bro Aled, Llansannan",6622132,160,,All pupils,all,3,,Total
5,5,Number of pupils,NUM,1,,6622148 - Ysgol Gynradd Bro Cernyw,6622148,161,,Eligible for free school meals,fsm,1,,
5,5,Number of pupils,NUM,1,,6622148 - Ysgol Gynradd Bro Cernyw,6622148,161,,Eligible for free school meals or transitionally protected,fsmtp,2,,
105,105,Number of pupils,NUM,1,,6622148 - Ysgol Gynradd Bro Cernyw,6622148,161,,All pupils,all,3,,Total
60,60,Number of pupils,NUM,1,,6622221 - Ysgol Sant Elfod,6622221,162,,Eligible for free school meals,fsm,1,,
105,105,Number of pupils,NUM,1,,6622221 - Ysgol Sant Elfod,6622221,162,,Eligible for free school meals or transitionally protected,fsmtp,2,,
290,290,Number of pupils,NUM,1,,6622221 - Ysgol Sant Elfod,6622221,162,,All pupils,all,3,,Total
0,0,Number of pupils,NUM,1,,6622222 - Ysgol Capel Garmon,6622222,163,,Eligible for free school meals,fsm,1,,
,,Number of pupils,NUM,1,,6622222 - Ysgol Capel Garmon,6622222,163,,Eligible for free school meals or transitionally protected,fsmtp,2,,Confidential
20,20,Number of pupils,NUM,1,,6622222 - Ysgol Capel Garmon,6622222,163,,All pupils,all,3,,Total
10,10,Number of pupils,NUM,1,,6622225 - Ysgol Glan Conwy,6622225,164,,Eligible for free school meals,fsm,1,,
15,15,Number of pupils,NUM,1,,6622225 - Ysgol Glan Conwy,6622225,164,,Eligible for free school meals or transitionally protected,fsmtp,2,,
110,110,Number of pupils,NUM,1,,6622225 - Ysgol Glan Conwy,6622225,164,,All pupils,all,3,,Total
40,40,Number of pupils,NUM,1,,6622264 - Ysgol Cynfran,6622264,165,,Eligible for free school meals,fsm,1,,
60,60,Number of pupils,NUM,1,,6622264 - Ysgol Cynfran,6622264,165,,Eligible for free school meals or transitionally protected,fsmtp,2,,
155,155,Number of pupils,NUM,1,,6622264 - Ysgol Cynfran,6622264,165,,All pupils,all,3,,Total
50,50,Number of pupils,NUM,1,,6622267 - Ysgol Iau Hen Golwyn,6622267,166,,Eligible for free school meals,fsm,1,,
80,80,Number of pupils,NUM,1,,6622267 - Ysgol Iau Hen Golwyn,6622267,166,,Eligible for free school meals or transitionally protected,fsmtp,2,,
200,200,Number of pupils,NUM,1,,6622267 - Ysgol Iau Hen Golwyn,6622267,166,,All pupils,all,3,,Total
30,30,Number of pupils,NUM,1,,6622269 - Ysgol Cystennin,6622269,167,,Eligible for free school meals,fsm,1,,
45,45,Number of pupils,NUM,1,,6622269 - Ysgol Cystennin,6622269,167,,Eligible for free school meals or transitionally protected,fsmtp,2,,
65,65,Number of pupils,NUM,1,,6622269 - Ysgol Cystennin,6622269,167,,All pupils,all,3,,Total
,,Number of pupils,NUM,1,,6622270 - Ysgol Pentrefoelas,6622270,168,,Eligible for free school meals,fsm,1,,Confidential
,,Number of pupils,NUM,1,,6622270 - Ysgol Pentrefoelas,6622270,168,,Eligible for free school meals or transitionally protected,fsmtp,2,,Confidential
45,45,Number of pupils,NUM,1,,6622270 - Ysgol Pentrefoelas,6622270,168,,All pupils,all,3,,Total
45,45,Number of pupils,NUM,1,,6622271 - Ysgol Bro Gwydir,6622271,169,,Eligible for free school meals,fsm,1,,
65,65,Number of pupils,NUM,1,,6622271 - Ysgol Bro Gwydir,6622271,169,,Eligible for free school meals or transitionally protected,fsmtp,2,,
320,320,Number of pupils,NUM,1,,6622271 - Ysgol Bro Gwydir,6622271,169,,All pupils,all,3,,Total
90,90,Number of pupils,NUM,1,,6622272 - Ysgol Nant Y Groes,6622272,170,,Eligible for free school meals,fsm,1,,
120,120,Number of pupils,NUM,1,,6622272 - Ysgol Nant Y Groes,6622272,170,,Eligible for free school meals or transitionally protected,fsmtp,2,,
235,235,Number of pupils,NUM,1,,6622272 - Ysgol Nant Y Groes,6622272,170,,All pupils,all,3,,Total
70,70,Number of pupils,NUM,1,,6622273 - Ysgol Swn Y Don,6622273,171,,Eligible for free school meals,fsm,1,,
90,90,Number of pupils,NUM,1,,6622273 - Ysgol Swn Y Don,6622273,171,,Eligible for free school meals or transitionally protected,fsmtp,2,,
120,120,Number of pupils,NUM,1,,6622273 - Ysgol Swn Y Don,6622273,171,,All pupils,all,3,,Total
70,70,Number of pupils,NUM,1,,6622274 - Ysgol Awel y Mynydd,6622274,172,,Eligible for free school meals,fsm,1,,
110,110,Number of pupils,NUM,1,,6622274 - Ysgol Awel y Mynydd,6622274,172,,Eligible for free school meals or transitionally protected,fsmtp,2,,
400,400,Number of pupils,NUM,1,,6622274 - Ysgol Awel y Mynydd,6622274,172,,All pupils,all,3,,Total
15,15,Number of pupils,NUM,1,,6622275 - Ysgol Dyffryn Yr Enfys,6622275,173,,Eligible for free school meals,fsm,1,,
30,30,Number of pupils,NUM,1,,6622275 - Ysgol Dyffryn Yr Enfys,6622275,173,,Eligible for free school meals or transitionally protected,fsmtp,2,,
105,105,Number of pupils,NUM,1,,6622275 - Ysgol Dyffryn Yr Enfys,6622275,173,,All pupils,all,3,,Total
20,20,Number of pupils,NUM,1,,6623020 - Ysgol Babanod Llanfairfechan,6623020,174,,Eligible for free school meals,fsm,1,,
25,25,Number of pupils,NUM,1,,6623020 - Ysgol Babanod Llanfairfechan,6623020,174,,Eligible for free school meals or transitionally protected,fsmtp,2,,
110,110,Number of pupils,NUM,1,,6623020 - Ysgol Babanod Llanfairfechan,6623020,174,,All pupils,all,3,,Total
,,Number of pupils,NUM,1,,6623021 - Ysgol Llangelynnin,6623021,175,,Eligible for free school meals,fsm,1,,Confidential
10,10,Number of pupils,NUM,1,,6623021 - Ysgol Llangelynnin,6623021,175,,Eligible for free school meals or transitionally protected,fsmtp,2,,
70,70,Number of pupils,NUM,1,,6623021 - Ysgol Llangelynnin,6623021,175,,All pupils,all,3,,Total
30,30,Number of pupils,NUM,1,,6623024 - Ysgol Pencae,6623024,176,,Eligible for free school meals,fsm,1,,
40,40,Number of pupils,NUM,1,,6623024 - Ysgol Pencae,6623024,176,,Eligible for free school meals or transitionally protected,fsmtp,2,,
155,155,Number of pupils,NUM,1,,6623024 - Ysgol Pencae,6623024,176,,All pupils,all,3,,Total
0,0,Number of pupils,NUM,1,,6623032 - Ysgol Ysbyty Ifan,6623032,177,,Eligible for free school meals,fsm,1,,
,,Number of pupils,NUM,1,,6623032 - Ysgol Ysbyty Ifan,6623032,177,,Eligible for free school meals or transitionally protected,fsmtp,2,,Confidential
15,15,Number of pupils,NUM,1,,6623032 - Ysgol Ysbyty Ifan,6623032,177,,All pupils,all,3,,Total
10,10,Number of pupils,NUM,1,,6623038 - Ysgol St. George,6623038,178,,Eligible for free school meals,fsm,1,,
15,15,Number of pupils,NUM,1,,6623038 - Ysgol St. George,6623038,178,,Eligible for free school meals or transitionally protected,fsmtp,2,,
75,75,Number of pupils,NUM,1,,6623038 - Ysgol St. George,6623038,178,,All pupils,all,3,,Total
5,5,Number of pupils,NUM,1,,6623039 - Ysgol Llanddoged,6623039,179,,Eligible for free school meals,fsm,1,,
5,5,Number of pupils,NUM,1,,6623039 - Ysgol Llanddoged,6623039,179,,Eligible for free school meals or transitionally protected,fsmtp,2,,
35,35,Number of pupils,NUM,1,,6623039 - Ysgol Llanddoged,6623039,179,,All pupils,all,3,,Total
,,Number of pupils,NUM,1,,6623040 - Ysgol Eglwysbach,6623040,180,,Eligible for free school meals,fsm,1,,Confidential
5,5,Number of pupils,NUM,1,,6623040 - Ysgol Eglwysbach,6623040,180,,Eligible for free school meals or transitionally protected,fsmtp,2,,
60,60,Number of pupils,NUM,1,,6623040 - Ysgol Eglwysbach,6623040,180,,All pupils,all,3,,Total
45,45,Number of pupils,NUM,1,,6623043 - Ysgol Porth Y Felin,6623043,181,,Eligible for free school meals,fsm,1,,
75,75,Number of pupils,NUM,1,,6623043 - Ysgol Porth Y Felin,6623043,181,,Eligible for free school meals or transitionally protected,fsmtp,2,,
320,320,Number of pupils,NUM,1,,6623043 - Ysgol Porth Y Felin,6623043,181,,All pupils,all,3,,Total
20,20,Number of pupils,NUM,1,,6623059 - Ysgol Llanddulas,6623059,182,,Eligible for free school meals,fsm,1,,
35,35,Number of pupils,NUM,1,,6623059 - Ysgol Llanddulas,6623059,182,,Eligible for free school meals or transitionally protected,fsmtp,2,,
140,140,Number of pupils,NUM,1,,6623059 - Ysgol Llanddulas,6623059,182,,All pupils,all,3,,Total
,,Number of pupils,NUM,1,,6623062 - Ysgol Betws yn Rhos,6623062,183,,Eligible for free school meals,fsm,1,,Confidential
5,5,Number of pupils,NUM,1,,6623062 - Ysgol Betws yn Rhos,6623062,183,,Eligible for free school meals or transitionally protected,fsmtp,2,,
75,75,Number of pupils,NUM,1,,6623062 - Ysgol Betws yn Rhos,6623062,183,,All pupils,all,3,,Total
,,Number of pupils,NUM,1,,6623302 - Ysgol Bodafon,6623302,184,,Eligible for free school meals,fsm,1,,Confidential
15,15,Number of pupils,NUM,1,,6623302 - Ysgol Bodafon,6623302,184,,Eligible for free school meals or transitionally protected,fsmtp,2,,
80,80,Number of pupils,NUM,1,,6623302 - Ysgol Bodafon,6623302,184,,All pupils,all,3,,Total
15,15,Number of pupils,NUM,1,,6623303 - Ysgol Bendigaid William Davies,6623303,185,,Eligible for free school meals,fsm,1,,
25,25,Number of pupils,NUM,1,,6623303 - Ysgol Bendigaid William Davies,6623303,185,,Eligible for free school meals or transitionally protected,fsmtp,2,,
120,120,Number of pupils,NUM,1,,6623303 - Ysgol Bendigaid William Davies,6623303,185,,All pupils,all,3,,Total
15,15,Number of pupils,NUM,1,,6623307 - Ysgol  San Sior,6623307,186,,Eligible for free school meals,fsm,1,,
25,25,Number of pupils,NUM,1,,6623307 - Ysgol  San Sior,6623307,186,,Eligible for free school meals or transitionally protected,fsmtp,2,,
225,225,Number of pupils,NUM,1,,6623307 - Ysgol  San Sior,6623307,186,,All pupils,all,3,,Total
50,50,Number of pupils,NUM,1,,6623333 - Ysgol Sant Joseph,6623333,187,,Eligible for free school meals,fsm,1,,
70,70,Number of pupils,NUM,1,,6623333 - Ysgol Sant Joseph,6623333,187,,Eligible for free school meals or transitionally protected,fsmtp,2,,
230,230,Number of pupils,NUM,1,,6623333 - Ysgol Sant Joseph,6623333,187,,All pupils,all,3,,Total
10,10,Number of pupils,NUM,1,,6623340 - Ysgol y Plas,6623340,188,,Eligible for free school meals,fsm,1,,
15,15,Number of pupils,NUM,1,,6623340 - Ysgol y Plas,6623340,188,,Eligible for free school meals or transitionally protected,fsmtp,2,,
75,75,Number of pupils,NUM,1,,6623340 - Ysgol y Plas,6623340,188,,All pupils,all,3,,Total
180,180,Number of pupils,NUM,1,,6624022 - Ysgol John Bright,6624022,189,,Eligible for free school meals,fsm,1,,
300,300,Number of pupils,NUM,1,,6624022 - Ysgol John Bright,6624022,189,,Eligible for free school meals or transitionally protected,fsmtp,2,,
"1,090",1090,Number of pupils,NUM,1,,6624022 - Ysgol John Bright,6624022,189,,All pupils,all,3,,Total
175,175,Number of pupils,NUM,1,,6624023 - Ysgol Aberconwy,6624023,190,,Eligible for free school meals,fsm,1,,
300,300,Number of pupils,NUM,1,,6624023 - Ysgol Aberconwy,6624023,190,,Eligible for free school meals or transitionally protected,fsmtp,2,,
"1,085",1085,Number of pupils,NUM,1,,6624023 - Ysgol Aberconwy,6624023,190,,All pupils,all,3,,Total
75,75,Number of pupils,NUM,1,,6624035 - YSGOL DYFFRYN CONWY,6624035,191,,Eligible for free school meals,fsm,1,,
110,110,Number of pupils,NUM,1,,6624035 - YSGOL DYFFRYN CONWY,6624035,191,,Eligible for free school meals or transitionally protected,fsmtp,2,,
650,650,Number of pupils,NUM,1,,6624035 - YSGOL DYFFRYN CONWY,6624035,191,,All pupils,all,3,,Total
55,55,Number of pupils,NUM,1,,6624038 - YSGOL Y CREUDDYN,6624038,192,,Eligible for free school meals,fsm,1,,
110,110,Number of pupils,NUM,1,,6624038 - YSGOL Y CREUDDYN,6624038,192,,Eligible for free school meals or transitionally protected,fsmtp,2,,
700,700,Number of pupils,NUM,1,,6624038 - YSGOL Y CREUDDYN,6624038,192,,All pupils,all,3,,Total
30,30,Number of pupils,NUM,1,,6625201 - Ysgol Pen Y Bryn,6625201,193,,Eligible for free school meals,fsm,1,,
55,55,Number of pupils,NUM,1,,6625201 - Ysgol Pen Y Bryn,6625201,193,,Eligible for free school meals or transitionally protected,fsmtp,2,,
430,430,Number of pupils,NUM,1,,6625201 - Ysgol Pen Y Bryn,6625201,193,,All pupils,all,3,,Total
240,240,Number of pupils,NUM,1,,6625400 - Ysgol Emrys ap Iwan,6625400,194,,Eligible for free school meals,fsm,1,,
355,355,Number of pupils,NUM,1,,6625400 - Ysgol Emrys ap Iwan,6625400,194,,Eligible for free school meals or transitionally protected,fsmtp,2,,
945,945,Number of pupils,NUM,1,,6625400 - Ysgol Emrys ap Iwan,6625400,194,,All pupils,all,3,,Total
175,175,Number of pupils,NUM,1,,6625402 - Eirias High School,6625402,195,,Eligible for free school meals,fsm,1,,
300,300,Number of pupils,NUM,1,,6625402 - Eirias High School,6625402,195,,Eligible for free school meals or transitionally protected,fsmtp,2,,
"1,200",1200,Number of pupils,NUM,1,,6625402 - Eirias High School,6625402,195,,All pupils,all,3,,Total
180,180,Number of pupils,NUM,1,,6625403 - Ysgol Bryn Elian,6625403,196,,Eligible for free school meals,fsm,1,,
310,310,Number of pupils,NUM,1,,6625403 - Ysgol Bryn Elian,6625403,196,,Eligible for free school meals or transitionally protected,fsmtp,2,,
980,980,Number of pupils,NUM,1,,6625403 - Ysgol Bryn Elian,6625403,196,,All pupils,all,3,,Total
105,105,Number of pupils,NUM,1,,6627007 - Ysgol Y Gogarth,6627007,197,,Eligible for free school meals,fsm,1,,
130,130,Number of pupils,NUM,1,,6627007 - Ysgol Y Gogarth,6627007,197,,Eligible for free school meals or transitionally protected,fsmtp,2,,
270,270,Number of pupils,NUM,1,,6627007 - Ysgol Y Gogarth,6627007,197,,All pupils,all,3,,Total
30,30,Number of pupils,NUM,1,,6632011 - Ysgol Hiraddug,6632011,198,,Eligible for free school meals,fsm,1,,
45,45,Number of pupils,NUM,1,,6632011 - Ysgol Hiraddug,6632011,198,,Eligible for free school meals or transitionally protected,fsmtp,2,,
225,225,Number of pupils,NUM,1,,6632011 - Ysgol Hiraddug,6632011,198,,All pupils,all,3,,Total
30,30,Number of pupils,NUM,1,,6632037 - Ysgol Y Castell CP,6632037,199,,Eligible for free school meals,fsm,1,,
40,40,Number of pupils,NUM,1,,6632037 - Ysgol Y Castell CP,6632037,199,,Eligible for free school meals or transitionally protected,fsmtp,2,,
210,210,Number of pupils,NUM,1,,6632037 - Ysgol Y Castell CP,6632037,199,,All pupils,all,3,,Total
200,200,Number of pupils,NUM,1,,6632038 - Christ Church Primary School,6632038,200,,Eligible for free school meals,fsm,1,,
240,240,Number of pupils,NUM,1,,6632038 - Christ Church Primary School,6632038,200,,Eligible for free school meals or transitionally protected,fsmtp,2,,
420,420,Number of pupils,NUM,1,,6632038 - Christ Church Primary School,6632038,200,,All pupils,all,3,,Total
160,160,Number of pupils,NUM,1,,6632039 - Ysgol Llywelyn,6632039,201,,Eligible for free school meals,fsm,1,,
215,215,Number of pupils,NUM,1,,6632039 - Ysgol Llywelyn,6632039,201,,Eligible for free school meals or transitionally protected,fsmtp,2,,
685,685,Number of pupils,NUM,1,,6632039 - Ysgol Llywelyn,6632039,201,,All pupils,all,3,,Total
25,25,Number of pupils,NUM,1,,6632057 - Ysgol y Faenol,6632057,202,,Eligible for free school meals,fsm,1,,
40,40,Number of pupils,NUM,1,,6632057 - Ysgol y Faenol,6632057,202,,Eligible for free school meals or transitionally protected,fsmtp,2,,
140,140,Number of pupils,NUM,1,,6632057 - Ysgol y Faenol,6632057,202,,All pupils,all,3,,Total
95,95,Number of pupils,NUM,1,,6632059 - Ysgol Penmorfa CP,6632059,203,,Eligible for free school meals,fsm,1,,
130,130,Number of pupils,NUM,1,,6632059 - Ysgol Penmorfa CP,6632059,203,,Eligible for free school meals or transitionally protected,fsmtp,2,,
390,390,Number of pupils,NUM,1,,6632059 - Ysgol Penmorfa CP,6632059,203,,All pupils,all,3,,Total
190,190,Number of pupils,NUM,1,,6632060 - Ysgol Emmanuel,6632060,204,,Eligible for free school meals,fsm,1,,
245,245,Number of pupils,NUM,1,,6632060 - Ysgol Emmanuel,6632060,204,,Eligible for free school meals or transitionally protected,fsmtp,2,,
455,455,Number of pupils,NUM,1,,6632060 - Ysgol Emmanuel,6632060,204,,All pupils,all,3,,Total
45,45,Number of pupils,NUM,1,,6632066 - Ysgol Dewi Sant,6632066,205,,Eligible for free school meals,fsm,1,,
80,80,Number of pupils,NUM,1,,6632066 - Ysgol Dewi Sant,6632066,205,,Eligible for free school meals or transitionally protected,fsmtp,2,,
425,425,Number of pupils,NUM,1,,6632066 - Ysgol Dewi Sant,6632066,205,,All pupils,all,3,,Total
30,30,Number of pupils,NUM,1,,6632067 - Ysgol Melyd,6632067,206,,Eligible for free school meals,fsm,1,,
45,45,Number of pupils,NUM,1,,6632067 - Ysgol Melyd,6632067,206,,Eligible for free school meals or transitionally protected,fsmtp,2,,
140,140,Number of pupils,NUM,1,,6632067 - Ysgol Melyd,6632067,206,,All pupils,all,3,,Total
,,Number of pupils,NUM,1,,6632070 - Ysgol Bodfari,6632070,207,,Eligible for free school meals,fsm,1,,Confidential
5,5,Number of pupils,NUM,1,,6632070 - Ysgol Bodfari,6632070,207,,Eligible for free school meals or transitionally protected,fsmtp,2,,
45,45,Number of pupils,NUM,1,,6632070 - Ysgol Bodfari,6632070,207,,All pupils,all,3,,Total
75,75,Number of pupils,NUM,1,,6632072 - Ysgol Bryn Hedydd,6632072,208,,Eligible for free school meals,fsm,1,,
95,95,Number of pupils,NUM,1,,6632072 - Ysgol Bryn Hedydd,6632072,208,,Eligible for free school meals or transitionally protected,fsmtp,2,,
470,470,Number of pupils,NUM,1,,6632072 - Ysgol Bryn Hedydd,6632072,208,,All pupils,all,3,,Total
10,10,Number of pupils,NUM,1,,6632124 - Ysgol Cefn Meiriadog,6632124,209,,Eligible for free school meals,fsm,1,,
10,10,Number of pupils,NUM,1,,6632124 - Ysgol Cefn Meiriadog,6632124,209,,Eligible for free school meals or transitionally protected,fsmtp,2,,
60,60,Number of pupils,NUM,1,,6632124 - Ysgol Cefn Meiriadog,6632124,209,,All pupils,all,3,,Total
25,25,Number of pupils,NUM,1,,6632125 - Frongoch Juniors,6632125,210,,Eligible for free school meals,fsm,1,,
45,45,Number of pupils,NUM,1,,6632125 - Frongoch Juniors,6632125,210,,Eligible for free school meals or transitionally protected,fsmtp,2,,
210,210,Number of pupils,NUM,1,,6632125 - Frongoch Juniors,6632125,210,,All pupils,all,3,,Total
15,15,Number of pupils,NUM,1,,6632127 - Ysgol Henllan,6632127,211,,Eligible for free school meals,fsm,1,,
15,15,Number of pupils,NUM,1,,6632127 - Ysgol Henllan,6632127,211,,Eligible for free school meals or transitionally protected,fsmtp,2,,
70,70,Number of pupils,NUM,1,,6632127 - Ysgol Henllan,6632127,211,,All pupils,all,3,,Total
15,15,Number of pupils,NUM,1,,6632134 - Ysgol Twm o'r Nant,6632134,212,,Eligible for free school meals,fsm,1,,
25,25,Number of pupils,NUM,1,,6632134 - Ysgol Twm o'r Nant,6632134,212,,Eligible for free school meals or transitionally protected,fsmtp,2,,
315,315,Number of pupils,NUM,1,,6632134 - Ysgol Twm o'r Nant,6632134,212,,All pupils,all,3,,Total
10,10,Number of pupils,NUM,1,,6632135 - Ysgol Bryn Clwyd,6632135,213,,Eligible for free school meals,fsm,1,,
15,15,Number of pupils,NUM,1,,6632135 - Ysgol Bryn Clwyd,6632135,213,,Eligible for free school meals or transitionally protected,fsmtp,2,,
60,60,Number of pupils,NUM,1,,6632135 - Ysgol Bryn Clwyd,6632135,213,,All pupils,all,3,,Total
20,20,Number of pupils,NUM,1,,6632136 - Ysgol Y Parc,6632136,214,,Eligible for free school meals,fsm,1,,
25,25,Number of pupils,NUM,1,,6632136 - Ysgol Y Parc,6632136,214,,Eligible for free school meals or transitionally protected,fsmtp,2,,
155,155,Number of pupils,NUM,1,,6632136 - Ysgol Y Parc,6632136,214,,All pupils,all,3,,Total
,,Number of pupils,NUM,1,,6632164 - Ysgol Gellifor,6632164,215,,Eligible for free school meals,fsm,1,,Confidential
5,5,Number of pupils,NUM,1,,6632164 - Ysgol Gellifor,6632164,215,,Eligible for free school meals or transitionally protected,fsmtp,2,,
45,45,Number of pupils,NUM,1,,6632164 - Ysgol Gellifor,6632164,215,,All pupils,all,3,,Total
,,Number of pupils,NUM,1,,6632168 - Ysgol Pentrecelyn,6632168,216,,Eligible for free school meals,fsm,1,,Confidential
,,Number of pupils,NUM,1,,6632168 - Ysgol Pentrecelyn,6632168,216,,Eligible for free school meals or transitionally protected,fsmtp,2,,Confidential
25,25,Number of pupils,NUM,1,,6632168 - Ysgol Pentrecelyn,6632168,216,,All pupils,all,3,,Total
,,Number of pupils,NUM,1,,6632214 - Ysgol Betws Gwerful Goch,6632214,217,,Eligible for free school meals,fsm,1,,Confidential
,,Number of pupils,NUM,1,,6632214 - Ysgol Betws Gwerful Goch,6632214,217,,Eligible for free school meals or transitionally protected,fsmtp,2,,Confidential
20,20,Number of pupils,NUM,1,,6632214 - Ysgol Betws Gwerful Goch,6632214,217,,All pupils,all,3,,Total
,,Number of pupils,NUM,1,,6632215 - Ysgol Carrog,6632215,218,,Eligible for free school meals,fsm,1,,Confidential
,,Number of pupils,NUM,1,,6632215 - Ysgol Carrog,6632215,218,,Eligible for free school meals or transitionally protected,fsmtp,2,,Confidential
30,30,Number of pupils,NUM,1,,6632215 - Ysgol Carrog,6632215,218,,All pupils,all,3,,Total
25,25,Number of pupils,NUM,1,,6632216 - Ysgol Caer Drewyn,6632216,219,,Eligible for free school meals,fsm,1,,
40,40,Number of pupils,NUM,1,,6632216 - Ysgol Caer Drewyn,6632216,219,,Eligible for free school meals or transitionally protected,fsmtp,2,,
90,90,Number of pupils,NUM,1,,6632216 - Ysgol Caer Drewyn,6632216,219,,All pupils,all,3,,Total
,,Number of pupils,NUM,1,,6632219 - Ysgol Bro Elwern,6632219,220,,Eligible for free school meals,fsm,1,,Confidential
5,5,Number of pupils,NUM,1,,6632219 - Ysgol Bro Elwern,6632219,220,,Eligible for free school meals or transitionally protected,fsmtp,2,,
70,70,Number of pupils,NUM,1,,6632219 - Ysgol Bro Elwern,6632219,220,,All pupils,all,3,,Total
35,35,Number of pupils,NUM,1,,6632227 - Ysgol Y Llys,6632227,221,,Eligible for free school meals,fsm,1,,
60,60,Number of pupils,NUM,1,,6632227 - Ysgol Y Llys,6632227,221,,Eligible for free school meals or transitionally protected,fsmtp,2,,
345,345,Number of pupils,NUM,1,,6632227 - Ysgol Y Llys,6632227,221,,All pupils,all,3,,Total
15,15,Number of pupils,NUM,1,,6632234 - Ysgol Bryn Collen,6632234,222,,Eligible for free school meals,fsm,1,,
25,25,Number of pupils,NUM,1,,6632234 - Ysgol Bryn Collen,6632234,222,,Eligible for free school meals or transitionally protected,fsmtp,2,,
165,165,Number of pupils,NUM,1,,6632234 - Ysgol Bryn Collen,6632234,222,,All pupils,all,3,,Total
25,25,Number of pupils,NUM,1,,6632255 - Rhos Street CP School,6632255,223,,Eligible for free school meals,fsm,1,,
40,40,Number of pupils,NUM,1,,6632255 - Rhos Street CP School,6632255,223,,Eligible for free school meals or transitionally protected,fsmtp,2,,
225,225,Number of pupils,NUM,1,,6632255 - Rhos Street CP School,6632255,223,,All pupils,all,3,,Total
10,10,Number of pupils,NUM,1,,6632256 - Ysgol Pen Barras,6632256,224,,Eligible for free school meals,fsm,1,,
15,15,Number of pupils,NUM,1,,6632256 - Ysgol Pen Barras,6632256,224,,Eligible for free school meals or transitionally protected,fsmtp,2,,
295,295,Number of pupils,NUM,1,,6632256 - Ysgol Pen Barras,6632256,224,,All pupils,all,3,,Total
,,Number of pupils,NUM,1,,6632261 - Ysgol Bro Cinmeirch,6632261,225,,Eligible for free school meals,fsm,1,,Confidential
5,5,Number of pupils,NUM,1,,6632261 - Ysgol Bro Cinmeirch,6632261,225,,Eligible for free school meals or transitionally protected,fsmtp,2,,
100,100,Number of pupils,NUM,1,,6632261 - Ysgol Bro Cinmeirch,6632261,225,,All pupils,all,3,,Total
,,Number of pupils,NUM,1,,6632262 - Ysgol Bro Famau,6632262,226,,Eligible for free school meals,fsm,1,,Confidential
5,5,Number of pupils,NUM,1,,6632262 - Ysgol Bro Famau,6632262,226,,Eligible for free school meals or transitionally protected,fsmtp,2,,
60,60,Number of pupils,NUM,1,,6632262 - Ysgol Bro Famau,6632262,226,,All pupils,all,3,,Total
10,10,Number of pupils,NUM,1,,6632263 - Ysgol Gymraeg y Gwernant,6632263,227,,Eligible for free school meals,fsm,1,,
25,25,Number of pupils,NUM,1,,6632263 - Ysgol Gymraeg y Gwernant,6632263,227,,Eligible for free school meals or transitionally protected,fsmtp,2,,
185,185,Number of pupils,NUM,1,,6632263 - Ysgol Gymraeg y Gwernant,6632263,227,,All pupils,all,3,,Total
105,105,Number of pupils,NUM,1,,6632264 - Ysgol Clawdd Offa,6632264,228,,Eligible for free school meals,fsm,1,,
135,135,Number of pupils,NUM,1,,6632264 - Ysgol Clawdd Offa,6632264,228,,Eligible for free school meals or transitionally protected,fsmtp,2,,
345,345,Number of pupils,NUM,1,,6632264 - Ysgol Clawdd Offa,6632264,228,,All pupils,all,3,,Total
65,65,Number of pupils,NUM,1,,6632265 - Bodnant Community Primary School,6632265,229,,Eligible for free school meals,fsm,1,,
95,95,Number of pupils,NUM,1,,6632265 - Bodnant Community Primary School,6632265,229,,Eligible for free school meals or transitionally protected,fsmtp,2,,
475,475,Number of pupils,NUM,1,,6632265 - Bodnant Community Primary School,6632265,229,,All pupils,all,3,,Total
65,65,Number of pupils,NUM,1,,6632266 - Ysgol Pendref,6632266,230,,Eligible for free school meals,fsm,1,,
75,75,Number of pupils,NUM,1,,6632266 - Ysgol Pendref,6632266,230,,Eligible for free school meals or transitionally protected,fsmtp,2,,
130,130,Number of pupils,NUM,1,,6632266 - Ysgol Pendref,6632266,230,,All pupils,all,3,,Total
5,5,Number of pupils,NUM,1,,6632267 - Ysgol_Bro_Dyfrdwy,6632267,231,,Eligible for free school meals,fsm,1,,
10,10,Number of pupils,NUM,1,,6632267 - Ysgol_Bro_Dyfrdwy,6632267,231,,Eligible for free school meals or transitionally protected,fsmtp,2,,
120,120,Number of pupils,NUM,1,,6632267 - Ysgol_Bro_Dyfrdwy,6632267,231,,All pupils,all,3,,Total
,,Number of pupils,NUM,1,,6632268 - Ysgol Carreg Emlyn,6632268,232,,Eligible for free school meals,fsm,1,,Confidential
,,Number of pupils,NUM,1,,6632268 - Ysgol Carreg Emlyn,6632268,232,,Eligible for free school meals or transitionally protected,fsmtp,2,,Confidential
60,60,Number of pupils,NUM,1,,6632268 - Ysgol Carreg Emlyn,6632268,232,,All pupils,all,3,,Total
,,Number of pupils,NUM,1,,6633020 - Ysgol Tremeirchion,6633020,233,,Eligible for free school meals,fsm,1,,Confidential
,,Number of pupils,NUM,1,,6633020 - Ysgol Tremeirchion,6633020,233,,Eligible for free school meals or transitionally protected,fsmtp,2,,Confidential
85,85,Number of pupils,NUM,1,,6633020 - Ysgol Tremeirchion,6633020,233,,All pupils,all,3,,Total
20,20,Number of pupils,NUM,1,,6633024 - St Asaph Infants School,6633024,234,,Eligible for free school meals,fsm,1,,
20,20,Number of pupils,NUM,1,,6633024 - St Asaph Infants School,6633024,234,,Eligible for free school meals or transitionally protected,fsmtp,2,,
90,90,Number of pupils,NUM,1,,6633024 - St Asaph Infants School,6633024,234,,All pupils,all,3,,Total
,,Number of pupils,NUM,1,,6633044 - Ysgol Llanbedr,6633044,235,,Eligible for free school meals,fsm,1,,Confidential
,,Number of pupils,NUM,1,,6633044 - Ysgol Llanbedr,6633044,235,,Eligible for free school meals or transitionally protected,fsmtp,2,,Confidential
50,50,Number of pupils,NUM,1,,6633044 - Ysgol Llanbedr,6633044,235,,All pupils,all,3,,Total
0,0,Number of pupils,NUM,1,,6633045 - Ysgol Llanfair Dyffryn Clwyd,6633045,236,,Eligible for free school meals,fsm,1,,
10,10,Number of pupils,NUM,1,,6633045 - Ysgol Llanfair Dyffryn Clwyd,6633045,236,,Eligible for free school meals or transitionally protected,fsmtp,2,,
120,120,Number of pupils,NUM,1,,6633045 - Ysgol Llanfair Dyffryn Clwyd,6633045,236,,All pupils,all,3,,Total
20,20,Number of pupils,NUM,1,,6633050 - Ysgol Borthyn,6633050,237,,Eligible for free school meals,fsm,1,,
30,30,Number of pupils,NUM,1,,6633050 - Ysgol Borthyn,6633050,237,,Eligible for free school meals or transitionally protected,fsmtp,2,,
100,100,Number of pupils,NUM,1,,6633050 - Ysgol Borthyn,6633050,237,,All pupils,all,3,,Total
,,Number of pupils,NUM,1,,6633057 - Ysgol Pant Pastynog,6633057,238,,Eligible for free school meals,fsm,1,,Confidential
,,Number of pupils,NUM,1,,6633057 - Ysgol Pant Pastynog,6633057,238,,Eligible for free school meals or transitionally protected,fsmtp,2,,Confidential
65,65,Number of pupils,NUM,1,,6633057 - Ysgol Pant Pastynog,6633057,238,,All pupils,all,3,,Total
,,Number of pupils,NUM,1,,6633061 - Ysgol Dyffryn Ial,6633061,239,,Eligible for free school meals,fsm,1,,Confidential
,,Number of pupils,NUM,1,,6633061 - Ysgol Dyffryn Ial,6633061,239,,Eligible for free school meals or transitionally protected,fsmtp,2,,Confidential
40,40,Number of pupils,NUM,1,,6633061 - Ysgol Dyffryn Ial,6633061,239,,All pupils,all,3,,Total
25,25,Number of pupils,NUM,1,,6633062 - Ysgol Esgob Morgan,6633062,240,,Eligible for free school meals,fsm,1,,
35,35,Number of pupils,NUM,1,,6633062 - Ysgol Esgob Morgan,6633062,240,,Eligible for free school meals or transitionally protected,fsmtp,2,,
110,110,Number of pupils,NUM,1,,6633062 - Ysgol Esgob Morgan,6633062,240,,All pupils,all,3,,Total
,,Number of pupils,NUM,1,,6633316 - Ysgol Trefnant,6633316,241,,Eligible for free school meals,fsm,1,,Confidential
5,5,Number of pupils,NUM,1,,6633316 - Ysgol Trefnant,6633316,241,,Eligible for free school meals or transitionally protected,fsmtp,2,,
80,80,Number of pupils,NUM,1,,6633316 - Ysgol Trefnant,6633316,241,,All pupils,all,3,,Total
360,360,Number of pupils,NUM,1,,6634003 - Rhyl High School,6634003,242,,Eligible for free school meals,fsm,1,,
480,480,Number of pupils,NUM,1,,6634003 - Rhyl High School,6634003,242,,Eligible for free school meals or transitionally protected,fsmtp,2,,
"1,165",1165,Number of pupils,NUM,1,,6634003 - Rhyl High School,6634003,242,,All pupils,all,3,,Total
300,300,Number of pupils,NUM,1,,6634014 - Prestatyn High School,6634014,243,,Eligible for free school meals,fsm,1,,
430,430,Number of pupils,NUM,1,,6634014 - Prestatyn High School,6634014,243,,Eligible for free school meals or transitionally protected,fsmtp,2,,
"1,485",1485,Number of pupils,NUM,1,,6634014 - Prestatyn High School,6634014,243,,All pupils,all,3,,Total
80,80,Number of pupils,NUM,1,,6634020 - Ysgol Uwchradd Glan Clwyd,6634020,244,,Eligible for free school meals,fsm,1,,
120,120,Number of pupils,NUM,1,,6634020 - Ysgol Uwchradd Glan Clwyd,6634020,244,,Eligible for free school meals or transitionally protected,fsmtp,2,,
"1,050",1050,Number of pupils,NUM,1,,6634020 - Ysgol Uwchradd Glan Clwyd,6634020,244,,All pupils,all,3,,Total
95,95,Number of pupils,NUM,1,,6634026 - Denbigh High School,6634026,245,,Eligible for free school meals,fsm,1,,
125,125,Number of pupils,NUM,1,,6634026 - Denbigh High School,6634026,245,,Eligible for free school meals or transitionally protected,fsmtp,2,,
495,495,Number of pupils,NUM,1,,6634026 - Denbigh High School,6634026,245,,All pupils,all,3,,Total
140,140,Number of pupils,NUM,1,,6634027 - Ysgol Dinas Bran,6634027,246,,Eligible for free school meals,fsm,1,,
240,240,Number of pupils,NUM,1,,6634027 - Ysgol Dinas Bran,6634027,246,,Eligible for free school meals or transitionally protected,fsmtp,2,,
"1,020",1020,Number of pupils,NUM,1,,6634027 - Ysgol Dinas Bran,6634027,246,,All pupils,all,3,,Total
90,90,Number of pupils,NUM,1,,6634031 - Ysgol Brynhyfryd,6634031,247,,Eligible for free school meals,fsm,1,,
145,145,Number of pupils,NUM,1,,6634031 - Ysgol Brynhyfryd,6634031,247,,Eligible for free school meals or transitionally protected,fsmtp,2,,
"1,120",1120,Number of pupils,NUM,1,,6634031 - Ysgol Brynhyfryd,6634031,247,,All pupils,all,3,,Total
40,40,Number of pupils,NUM,1,,6635901 - St Brigid's School,6635901,248,,Eligible for free school meals,fsm,1,,
70,70,Number of pupils,NUM,1,,6635901 - St Brigid's School,6635901,248,,Eligible for free school meals or transitionally protected,fsmtp,2,,
485,485,Number of pupils,NUM,1,,6635901 - St Brigid's School,6635901,248,,All pupils,all,3,,Total
325,325,Number of pupils,NUM,1,,6635902 - Christ the Word,6635902,249,,Eligible for free school meals,fsm,1,,
420,420,Number of pupils,NUM,1,,6635902 - Christ the Word,6635902,249,,Eligible for free school meals or transitionally protected,fsmtp,2,,
870,870,Number of pupils,NUM,1,,6635902 - Christ the Word,6635902,249,,All pupils,all,3,,Total
45,45,Number of pupils,NUM,1,,6637000 - YSGOL TIR MORFA,6637000,250,,Eligible for free school meals,fsm,1,,
55,55,Number of pupils,NUM,1,,6637000 - YSGOL TIR MORFA,6637000,250,,Eligible for free school meals or transitionally protected,fsmtp,2,,
115,115,Number of pupils,NUM,1,,6637000 - YSGOL TIR MORFA,6637000,250,,All pupils,all,3,,Total
40,40,Number of pupils,NUM,1,,6637010 - Ysgol Plas Brondyffryn,6637010,251,,Eligible for free school meals,fsm,1,,
50,50,Number of pupils,NUM,1,,6637010 - Ysgol Plas Brondyffryn,6637010,251,,Eligible for free school meals or transitionally protected,fsmtp,2,,
120,120,Number of pupils,NUM,1,,6637010 - Ysgol Plas Brondyffryn,6637010,251,,All pupils,all,3,,Total
60,60,Number of pupils,NUM,1,,6642002 - Ysgol Glan Aber,6642002,252,,Eligible for free school meals,fsm,1,,
65,65,Number of pupils,NUM,1,,6642002 - Ysgol Glan Aber,6642002,252,,Eligible for free school meals or transitionally protected,fsmtp,2,,
135,135,Number of pupils,NUM,1,,6642002 - Ysgol Glan Aber,6642002,252,,All pupils,all,3,,Total
40,40,Number of pupils,NUM,1,,6642003 - Ysgol Merllyn,6642003,253,,Eligible for free school meals,fsm,1,,
40,40,Number of pupils,NUM,1,,6642003 - Ysgol Merllyn,6642003,253,,Eligible for free school meals or transitionally protected,fsmtp,2,,
145,145,Number of pupils,NUM,1,,6642003 - Ysgol Merllyn,6642003,253,,All pupils,all,3,,Total
75,75,Number of pupils,NUM,1,,6642004 - Westwood CP,6642004,254,,Eligible for free school meals,fsm,1,,
90,90,Number of pupils,NUM,1,,6642004 - Westwood CP,6642004,254,,Eligible for free school meals or transitionally protected,fsmtp,2,,
200,200,Number of pupils,NUM,1,,6642004 - Westwood CP,6642004,254,,All pupils,all,3,,Total
35,35,Number of pupils,NUM,1,,6642012 - Ewloe Green,6642012,255,,Eligible for free school meals,fsm,1,,
35,35,Number of pupils,NUM,1,,6642012 - Ewloe Green,6642012,255,,Eligible for free school meals or transitionally protected,fsmtp,2,,
380,380,Number of pupils,NUM,1,,6642012 - Ewloe Green,6642012,255,,All pupils,all,3,,Total
30,30,Number of pupils,NUM,1,,6642013 - Bryn Garth CP,6642013,256,,Eligible for free school meals,fsm,1,,
35,35,Number of pupils,NUM,1,,6642013 - Bryn Garth CP,6642013,256,,Eligible for free school meals or transitionally protected,fsmtp,2,,
85,85,Number of pupils,NUM,1,,6642013 - Bryn Garth CP,6642013,256,,All pupils,all,3,,Total
150,150,Number of pupils,NUM,1,,6642015 - Ysgol Gwynedd CP,6642015,257,,Eligible for free school meals,fsm,1,,
170,170,Number of pupils,NUM,1,,6642015 - Ysgol Gwynedd CP,6642015,257,,Eligible for free school meals or transitionally protected,fsmtp,2,,
500,500,Number of pupils,NUM,1,,6642015 - Ysgol Gwynedd CP,6642015,257,,All pupils,all,3,,Total
75,75,Number of pupils,NUM,1,,6642018 - Ysgol Maesglas,6642018,258,,Eligible for free school meals,fsm,1,,
90,90,Number of pupils,NUM,1,,6642018 - Ysgol Maesglas,6642018,258,,Eligible for free school meals or transitionally protected,fsmtp,2,,
210,210,Number of pupils,NUM,1,,6642018 - Ysgol Maesglas,6642018,258,,All pupils,all,3,,Total
5,5,Number of pupils,NUM,1,,6642021 - Ysgol Gymraeg Mornant,6642021,259,,Eligible for free school meals,fsm,1,,
10,10,Number of pupils,NUM,1,,6642021 - Ysgol Gymraeg Mornant,6642021,259,,Eligible for free school meals or transitionally protected,fsmtp,2,,
70,70,Number of pupils,NUM,1,,6642021 - Ysgol Gymraeg Mornant,6642021,259,,All pupils,all,3,,Total
25,25,Number of pupils,NUM,1,,6642024 - Ysgol Estyn Community School,6642024,260,,Eligible for free school meals,fsm,1,,
30,30,Number of pupils,NUM,1,,6642024 - Ysgol Estyn Community School,6642024,260,,Eligible for free school meals or transitionally protected,fsmtp,2,,
225,225,Number of pupils,NUM,1,,6642024 - Ysgol Estyn Community School,6642024,260,,All pupils,all,3,,Total
15,15,Number of pupils,NUM,1,,6642028 - Ysgol Glanrafon,6642028,261,,Eligible for free school meals,fsm,1,,
20,20,Number of pupils,NUM,1,,6642028 - Ysgol Glanrafon,6642028,261,,Eligible for free school meals or transitionally protected,fsmtp,2,,
325,325,Number of pupils,NUM,1,,6642028 - Ysgol Glanrafon,6642028,261,,All pupils,all,3,,Total
15,15,Number of pupils,NUM,1,,6642032 - Northop Hall,6642032,262,,Eligible for free school meals,fsm,1,,
20,20,Number of pupils,NUM,1,,6642032 - Northop Hall,6642032,262,,Eligible for free school meals or transitionally protected,fsmtp,2,,
150,150,Number of pupils,NUM,1,,6642032 - Northop Hall,6642032,262,,All pupils,all,3,,Total
55,55,Number of pupils,NUM,1,,6642040 - Wood Memorial Primary School,6642040,263,,Eligible for free school meals,fsm,1,,
60,60,Number of pupils,NUM,1,,6642040 - Wood Memorial Primary School,6642040,263,,Eligible for free school meals or transitionally protected,fsmtp,2,,
170,170,Number of pupils,NUM,1,,6642040 - Wood Memorial Primary School,6642040,263,,All pupils,all,3,,Total
90,90,Number of pupils,NUM,1,,6642041 - Sealand CP School,6642041,264,,Eligible for free school meals,fsm,1,,
100,100,Number of pupils,NUM,1,,6642041 - Sealand CP School,6642041,264,,Eligible for free school meals or transitionally protected,fsmtp,2,,
205,205,Number of pupils,NUM,1,,6642041 - Sealand CP School,6642041,264,,All pupils,all,3,,Total
15,15,Number of pupils,NUM,1,,6642043 - Sychdyn CP,6642043,265,,Eligible for free school meals,fsm,1,,
15,15,Number of pupils,NUM,1,,6642043 - Sychdyn CP,6642043,265,,Eligible for free school meals or transitionally protected,fsmtp,2,,
160,160,Number of pupils,NUM,1,,6642043 - Sychdyn CP,6642043,265,,All pupils,all,3,,Total
10,10,Number of pupils,NUM,1,,6642044 - Trelogan Primary,6642044,266,,Eligible for free school meals,fsm,1,,
10,10,Number of pupils,NUM,1,,6642044 - Trelogan Primary,6642044,266,,Eligible for free school meals or transitionally protected,fsmtp,2,,
50,50,Number of pupils,NUM,1,,6642044 - Trelogan Primary,6642044,266,,All pupils,all,3,,Total
60,60,Number of pupils,NUM,1,,6642046 - Bryn Pennant CP,6642046,267,,Eligible for free school meals,fsm,1,,
65,65,Number of pupils,NUM,1,,6642046 - Bryn Pennant CP,6642046,267,,Eligible for free school meals or transitionally protected,fsmtp,2,,
115,115,Number of pupils,NUM,1,,6642046 - Bryn Pennant CP,6642046,267,,All pupils,all,3,,Total
10,10,Number of pupils,NUM,1,,6642049 - Ysgol Bro Carmel,6642049,268,,Eligible for free school meals,fsm,1,,
15,15,Number of pupils,NUM,1,,6642049 - Ysgol Bro Carmel,6642049,268,,Eligible for free school meals or transitionally protected,fsmtp,2,,
160,160,Number of pupils,NUM,1,,6642049 - Ysgol Bro Carmel,6642049,268,,All pupils,all,3,,Total
5,5,Number of pupils,NUM,1,,6642050 - Rhos Helyg School,6642050,269,,Eligible for free school meals,fsm,1,,
10,10,Number of pupils,NUM,1,,6642050 - Rhos Helyg School,6642050,269,,Eligible for free school meals or transitionally protected,fsmtp,2,,
90,90,Number of pupils,NUM,1,,6642050 - Rhos Helyg School,6642050,269,,All pupils,all,3,,Total
5,5,Number of pupils,NUM,1,,6642051 - Ysgol Terrig,6642051,270,,Eligible for free school meals,fsm,1,,
10,10,Number of pupils,NUM,1,,6642051 - Ysgol Terrig,6642051,270,,Eligible for free school meals or transitionally protected,fsmtp,2,,
95,95,Number of pupils,NUM,1,,6642051 - Ysgol Terrig,6642051,270,,All pupils,all,3,,Total
105,105,Number of pupils,NUM,1,,6642052 - Ysgol Bryn Deva,6642052,271,,Eligible for free school meals,fsm,1,,
125,125,Number of pupils,NUM,1,,6642052 - Ysgol Bryn Deva,6642052,271,,Eligible for free school meals or transitionally protected,fsmtp,2,,
320,320,Number of pupils,NUM,1,,6642052 - Ysgol Bryn Deva,6642052,271,,All pupils,all,3,,Total
80,80,Number of pupils,NUM,1,,6642053 - Sandycroft CP,6642053,272,,Eligible for free school meals,fsm,1,,
95,95,Number of pupils,NUM,1,,6642053 - Sandycroft CP,6642053,272,,Eligible for free school meals or transitionally protected,fsmtp,2,,
350,350,Number of pupils,NUM,1,,6642053 - Sandycroft CP,6642053,272,,All pupils,all,3,,Total
10,10,Number of pupils,NUM,1,,6642056 - Gwernymynydd CP School,6642056,273,,Eligible for free school meals,fsm,1,,
10,10,Number of pupils,NUM,1,,6642056 - Gwernymynydd CP School,6642056,273,,Eligible for free school meals or transitionally protected,fsmtp,2,,
60,60,Number of pupils,NUM,1,,6642056 - Gwernymynydd CP School,6642056,273,,All pupils,all,3,,Total
45,45,Number of pupils,NUM,1,,6642061 - Queensferry Community Primary School,6642061,274,,Eligible for free school meals,fsm,1,,
55,55,Number of pupils,NUM,1,,6642061 - Queensferry Community Primary School,6642061,274,,Eligible for free school meals or transitionally protected,fsmtp,2,,
110,110,Number of pupils,NUM,1,,6642061 - Queensferry Community Primary School,6642061,274,,All pupils,all,3,,Total
120,120,Number of pupils,NUM,1,,6642062 - Ysgol Bryn Coch,6642062,275,,Eligible for free school meals,fsm,1,,
145,145,Number of pupils,NUM,1,,6642062 - Ysgol Bryn Coch,6642062,275,,Eligible for free school meals or transitionally protected,fsmtp,2,,
635,635,Number of pupils,NUM,1,,6642062 - Ysgol Bryn Coch,6642062,275,,All pupils,all,3,,Total
30,30,Number of pupils,NUM,1,,6642063 - Mountain Lane Primary School,6642063,276,,Eligible for free school meals,fsm,1,,
40,40,Number of pupils,NUM,1,,6642063 - Mountain Lane Primary School,6642063,276,,Eligible for free school meals or transitionally protected,fsmtp,2,,
460,460,Number of pupils,NUM,1,,6642063 - Mountain Lane Primary School,6642063,276,,All pupils,all,3,,Total
,,Number of pupils,NUM,1,,"6642064 - Ysgol y Foel, Cilcain",6642064,277,,Eligible for free school meals,fsm,1,,Confidential
,,Number of pupils,NUM,1,,"6642064 - Ysgol y Foel, Cilcain",6642064,277,,Eligible for free school meals or transitionally protected,fsmtp,2,,Confidential
30,30,Number of pupils,NUM,1,,"6642064 - Ysgol y Foel, Cilcain",6642064,277,,All pupils,all,3,,Total
10,10,Number of pupils,NUM,1,,6642065 - Brynford CP,6642065,278,,Eligible for free school meals,fsm,1,,
10,10,Number of pupils,NUM,1,,6642065 - Brynford CP,6642065,278,,Eligible for free school meals or transitionally protected,fsmtp,2,,
85,85,Number of pupils,NUM,1,,6642065 - Brynford CP,6642065,278,,All pupils,all,3,,Total
70,70,Number of pupils,NUM,1,,6642068 - Ysgol Bryn Gwalia,6642068,279,,Eligible for free school meals,fsm,1,,
75,75,Number of pupils,NUM,1,,6642068 - Ysgol Bryn Gwalia,6642068,279,,Eligible for free school meals or transitionally protected,fsmtp,2,,
140,140,Number of pupils,NUM,1,,6642068 - Ysgol Bryn Gwalia,6642068,279,,All pupils,all,3,,Total
65,65,Number of pupils,NUM,1,,6642077 - Golftyn CP School,6642077,280,,Eligible for free school meals,fsm,1,,
85,85,Number of pupils,NUM,1,,6642077 - Golftyn CP School,6642077,280,,Eligible for free school meals or transitionally protected,fsmtp,2,,
375,375,Number of pupils,NUM,1,,6642077 - Golftyn CP School,6642077,280,,All pupils,all,3,,Total
60,60,Number of pupils,NUM,1,,6642078 - Saltney Ferry CP,6642078,281,,Eligible for free school meals,fsm,1,,
60,60,Number of pupils,NUM,1,,6642078 - Saltney Ferry CP,6642078,281,,Eligible for free school meals or transitionally protected,fsmtp,2,,
135,135,Number of pupils,NUM,1,,6642078 - Saltney Ferry CP,6642078,281,,All pupils,all,3,,Total
10,10,Number of pupils,NUM,1,,6642081 - Y Waun,6642081,282,,Eligible for free school meals,fsm,1,,
10,10,Number of pupils,NUM,1,,6642081 - Y Waun,6642081,282,,Eligible for free school meals or transitionally protected,fsmtp,2,,
55,55,Number of pupils,NUM,1,,6642081 - Y Waun,6642081,282,,All pupils,all,3,,Total
15,15,Number of pupils,NUM,1,,6642082 - Ysgol Gwenffrwd,6642082,283,,Eligible for free school meals,fsm,1,,
15,15,Number of pupils,NUM,1,,6642082 - Ysgol Gwenffrwd,6642082,283,,Eligible for free school meals or transitionally protected,fsmtp,2,,
115,115,Number of pupils,NUM,1,,6642082 - Ysgol Gwenffrwd,6642082,283,,All pupils,all,3,,Total
10,10,Number of pupils,NUM,1,,6642084 - Abermorddu CP School,6642084,284,,Eligible for free school meals,fsm,1,,
15,15,Number of pupils,NUM,1,,6642084 - Abermorddu CP School,6642084,284,,Eligible for free school meals or transitionally protected,fsmtp,2,,
175,175,Number of pupils,NUM,1,,6642084 - Abermorddu CP School,6642084,284,,All pupils,all,3,,Total
70,70,Number of pupils,NUM,1,,6642085 - Southdown CP,6642085,285,,Eligible for free school meals,fsm,1,,
85,85,Number of pupils,NUM,1,,6642085 - Southdown CP,6642085,285,,Eligible for free school meals or transitionally protected,fsmtp,2,,
340,340,Number of pupils,NUM,1,,6642085 - Southdown CP,6642085,285,,All pupils,all,3,,Total
25,25,Number of pupils,NUM,1,,6642086 - Wepre Community School,6642086,286,,Eligible for free school meals,fsm,1,,
35,35,Number of pupils,NUM,1,,6642086 - Wepre Community School,6642086,286,,Eligible for free school meals or transitionally protected,fsmtp,2,,
315,315,Number of pupils,NUM,1,,6642086 - Wepre Community School,6642086,286,,All pupils,all,3,,Total
15,15,Number of pupils,NUM,1,,6642089 - Drury Primary School,6642089,287,,Eligible for free school meals,fsm,1,,
25,25,Number of pupils,NUM,1,,6642089 - Drury Primary School,6642089,287,,Eligible for free school meals or transitionally protected,fsmtp,2,,
140,140,Number of pupils,NUM,1,,6642089 - Drury Primary School,6642089,287,,All pupils,all,3,,Total
50,50,Number of pupils,NUM,1,,6642091 - Cornist Park CP,6642091,288,,Eligible for free school meals,fsm,1,,
60,60,Number of pupils,NUM,1,,6642091 - Cornist Park CP,6642091,288,,Eligible for free school meals or transitionally protected,fsmtp,2,,
250,250,Number of pupils,NUM,1,,6642091 - Cornist Park CP,6642091,288,,All pupils,all,3,,Total
30,30,Number of pupils,NUM,1,,6642092 - Ysgol Derwenfa CP,6642092,289,,Eligible for free school meals,fsm,1,,
35,35,Number of pupils,NUM,1,,6642092 - Ysgol Derwenfa CP,6642092,289,,Eligible for free school meals or transitionally protected,fsmtp,2,,
80,80,Number of pupils,NUM,1,,6642092 - Ysgol Derwenfa CP,6642092,289,,All pupils,all,3,,Total
25,25,Number of pupils,NUM,1,,6642093 - Penarlag CP,6642093,290,,Eligible for free school meals,fsm,1,,
25,25,Number of pupils,NUM,1,,6642093 - Penarlag CP,6642093,290,,Eligible for free school meals or transitionally protected,fsmtp,2,,
150,150,Number of pupils,NUM,1,,6642093 - Penarlag CP,6642093,290,,All pupils,all,3,,Total
5,5,Number of pupils,NUM,1,,6642094 - Owen Jones CP,6642094,291,,Eligible for free school meals,fsm,1,,
15,15,Number of pupils,NUM,1,,6642094 - Owen Jones CP,6642094,291,,Eligible for free school meals or transitionally protected,fsmtp,2,,
135,135,Number of pupils,NUM,1,,6642094 - Owen Jones CP,6642094,291,,All pupils,all,3,,Total
20,20,Number of pupils,NUM,1,,6642237 - Gronant Primary School,6642237,292,,Eligible for free school meals,fsm,1,,
25,25,Number of pupils,NUM,1,,6642237 - Gronant Primary School,6642237,292,,Eligible for free school meals or transitionally protected,fsmtp,2,,
55,55,Number of pupils,NUM,1,,6642237 - Gronant Primary School,6642237,292,,All pupils,all,3,,Total
70,70,Number of pupils,NUM,1,,6642257 - Ysgol Gymraeg Croes Atti,6642257,293,,Eligible for free school meals,fsm,1,,
85,85,Number of pupils,NUM,1,,6642257 - Ysgol Gymraeg Croes Atti,6642257,293,,Eligible for free school meals or transitionally protected,fsmtp,2,,
275,275,Number of pupils,NUM,1,,6642257 - Ysgol Gymraeg Croes Atti,6642257,293,,All pupils,all,3,,Total
35,35,Number of pupils,NUM,1,,6642266 - Ysgol Parc y Llan,6642266,294,,Eligible for free school meals,fsm,1,,
40,40,Number of pupils,NUM,1,,6642266 - Ysgol Parc y Llan,6642266,294,,Eligible for free school meals or transitionally protected,fsmtp,2,,
125,125,Number of pupils,NUM,1,,6642266 - Ysgol Parc y Llan,6642266,294,,All pupils,all,3,,Total
45,45,Number of pupils,NUM,1,,6642267 - Ysgol Mynydd Isa,6642267,295,,Eligible for free school meals,fsm,1,,
55,55,Number of pupils,NUM,1,,6642267 - Ysgol Mynydd Isa,6642267,295,,Eligible for free school meals or transitionally protected,fsmtp,2,,
485,485,Number of pupils,NUM,1,,6642267 - Ysgol Mynydd Isa,6642267,295,,All pupils,all,3,,Total
60,60,Number of pupils,NUM,1,,6642268 - Broughton Primary School,6642268,296,,Eligible for free school meals,fsm,1,,
75,75,Number of pupils,NUM,1,,6642268 - Broughton Primary School,6642268,296,,Eligible for free school meals or transitionally protected,fsmtp,2,,
585,585,Number of pupils,NUM,1,,6642268 - Broughton Primary School,6642268,296,,All pupils,all,3,,Total
55,55,Number of pupils,NUM,1,,6642269 - Ysgol Cae'r Nant,6642269,297,,Eligible for free school meals,fsm,1,,
80,80,Number of pupils,NUM,1,,6642269 - Ysgol Cae'r Nant,6642269,297,,Eligible for free school meals or transitionally protected,fsmtp,2,,
335,335,Number of pupils,NUM,1,,6642269 - Ysgol Cae'r Nant,6642269,297,,All pupils,all,3,,Total
15,15,Number of pupils,NUM,1,,6642270 - Ysgol Penyffordd,6642270,298,,Eligible for free school meals,fsm,1,,
15,15,Number of pupils,NUM,1,,6642270 - Ysgol Penyffordd,6642270,298,,Eligible for free school meals or transitionally protected,fsmtp,2,,
345,345,Number of pupils,NUM,1,,6642270 - Ysgol Penyffordd,6642270,298,,All pupils,all,3,,Total
50,50,Number of pupils,NUM,1,,6642271 - Ysgol Ty Ffynnon,6642271,299,,Eligible for free school meals,fsm,1,,
65,65,Number of pupils,NUM,1,,6642271 - Ysgol Ty Ffynnon,6642271,299,,Eligible for free school meals or transitionally protected,fsmtp,2,,
270,270,Number of pupils,NUM,1,,6642271 - Ysgol Ty Ffynnon,6642271,299,,All pupils,all,3,,Total
140,140,Number of pupils,NUM,1,,6642272 - Ysgol Maes Y Felin,6642272,300,,Eligible for free school meals,fsm,1,,
150,150,Number of pupils,NUM,1,,6642272 - Ysgol Maes Y Felin,6642272,300,,Eligible for free school meals or transitionally protected,fsmtp,2,,
280,280,Number of pupils,NUM,1,,6642272 - Ysgol Maes Y Felin,6642272,300,,All pupils,all,3,,Total
,,Number of pupils,NUM,1,,6643002 - Nannerch V.C.P. School,6643002,301,,Eligible for free school meals,fsm,1,,Confidential
,,Number of pupils,NUM,1,,6643002 - Nannerch V.C.P. School,6643002,301,,Eligible for free school meals or transitionally protected,fsmtp,2,,Confidential
45,45,Number of pupils,NUM,1,,6643002 - Nannerch V.C.P. School,6643002,301,,All pupils,all,3,,Total
10,10,Number of pupils,NUM,1,,6643303 - Ysgol Yr Esgob C in W,6643303,302,,Eligible for free school meals,fsm,1,,
10,10,Number of pupils,NUM,1,,6643303 - Ysgol Yr Esgob C in W,6643303,302,,Eligible for free school meals or transitionally protected,fsmtp,2,,
65,65,Number of pupils,NUM,1,,6643303 - Ysgol Yr Esgob C in W,6643303,302,,All pupils,all,3,,Total
60,60,Number of pupils,NUM,1,,6643306 - St Mary's,6643306,303,,Eligible for free school meals,fsm,1,,
65,65,Number of pupils,NUM,1,,6643306 - St Mary's,6643306,303,,Eligible for free school meals or transitionally protected,fsmtp,2,,
275,275,Number of pupils,NUM,1,,6643306 - St Mary's,6643306,303,,All pupils,all,3,,Total
55,55,Number of pupils,NUM,1,,6643307 - St Winefrides,6643307,304,,Eligible for free school meals,fsm,1,,
65,65,Number of pupils,NUM,1,,6643307 - St Winefrides,6643307,304,,Eligible for free school meals or transitionally protected,fsmtp,2,,
170,170,Number of pupils,NUM,1,,6643307 - St Winefrides,6643307,304,,All pupils,all,3,,Total
20,20,Number of pupils,NUM,1,,6643308 - St David's Catholic Primary School,6643308,305,,Eligible for free school meals,fsm,1,,
20,20,Number of pupils,NUM,1,,6643308 - St David's Catholic Primary School,6643308,305,,Eligible for free school meals or transitionally protected,fsmtp,2,,
75,75,Number of pupils,NUM,1,,6643308 - St David's Catholic Primary School,6643308,305,,All pupils,all,3,,Total
20,20,Number of pupils,NUM,1,,6643311 - St Anthony's Catholic Primary,6643311,306,,Eligible for free school meals,fsm,1,,
20,20,Number of pupils,NUM,1,,6643311 - St Anthony's Catholic Primary,6643311,306,,Eligible for free school meals or transitionally protected,fsmtp,2,,
70,70,Number of pupils,NUM,1,,6643311 - St Anthony's Catholic Primary,6643311,306,,All pupils,all,3,,Total
35,35,Number of pupils,NUM,1,,6643312 - Venerable Edward Morgan RC,6643312,307,,Eligible for free school meals,fsm,1,,
40,40,Number of pupils,NUM,1,,6643312 - Venerable Edward Morgan RC,6643312,307,,Eligible for free school meals or transitionally protected,fsmtp,2,,
190,190,Number of pupils,NUM,1,,6643312 - Venerable Edward Morgan RC,6643312,307,,All pupils,all,3,,Total
10,10,Number of pupils,NUM,1,,6643316 - Trelawnyd,6643316,308,,Eligible for free school meals,fsm,1,,
10,10,Number of pupils,NUM,1,,6643316 - Trelawnyd,6643316,308,,Eligible for free school meals or transitionally protected,fsmtp,2,,
65,65,Number of pupils,NUM,1,,6643316 - Trelawnyd,6643316,308,,All pupils,all,3,,Total
5,5,Number of pupils,NUM,1,,6643320 - Ysgol y Llan VA Primary School Whitford,6643320,309,,Eligible for free school meals,fsm,1,,
5,5,Number of pupils,NUM,1,,6643320 - Ysgol y Llan VA Primary School Whitford,6643320,309,,Eligible for free school meals or transitionally protected,fsmtp,2,,
70,70,Number of pupils,NUM,1,,6643320 - Ysgol y Llan VA Primary School Whitford,6643320,309,,All pupils,all,3,,Total
25,25,Number of pupils,NUM,1,,6643330 - St. Ethelwolds,6643330,310,,Eligible for free school meals,fsm,1,,
30,30,Number of pupils,NUM,1,,6643330 - St. Ethelwolds,6643330,310,,Eligible for free school meals or transitionally protected,fsmtp,2,,
85,85,Number of pupils,NUM,1,,6643330 - St. Ethelwolds,6643330,310,,All pupils,all,3,,Total
5,5,Number of pupils,NUM,1,,6643331 - St John the Baptist VA School,6643331,311,,Eligible for free school meals,fsm,1,,
5,5,Number of pupils,NUM,1,,6643331 - St John the Baptist VA School,6643331,311,,Eligible for free school meals or transitionally protected,fsmtp,2,,
110,110,Number of pupils,NUM,1,,6643331 - St John the Baptist VA School,6643331,311,,All pupils,all,3,,Total
,,Number of pupils,NUM,1,,6643332 - Nercwys VA,6643332,312,,Eligible for free school meals,fsm,1,,Confidential
,,Number of pupils,NUM,1,,6643332 - Nercwys VA,6643332,312,,Eligible for free school meals or transitionally protected,fsmtp,2,,Confidential
15,15,Number of pupils,NUM,1,,6643332 - Nercwys VA,6643332,312,,All pupils,all,3,,Total
15,15,Number of pupils,NUM,1,,6643333 - Hawarden Village VA,6643333,313,,Eligible for free school meals,fsm,1,,
25,25,Number of pupils,NUM,1,,6643333 - Hawarden Village VA,6643333,313,,Eligible for free school meals or transitionally protected,fsmtp,2,,
385,385,Number of pupils,NUM,1,,6643333 - Hawarden Village VA,6643333,313,,All pupils,all,3,,Total
,,Number of pupils,NUM,1,,6643334 - Lixwm VA Church in Wales Primary School,6643334,314,,Eligible for free school meals,fsm,1,,Confidential
,,Number of pupils,NUM,1,,6643334 - Lixwm VA Church in Wales Primary School,6643334,314,,Eligible for free school meals or transitionally protected,fsmtp,2,,Confidential
55,55,Number of pupils,NUM,1,,6643334 - Lixwm VA Church in Wales Primary School,6643334,314,,All pupils,all,3,,Total
150,150,Number of pupils,NUM,1,,6644000 - Hawarden High School,6644000,315,,Eligible for free school meals,fsm,1,,
195,195,Number of pupils,NUM,1,,6644000 - Hawarden High School,6644000,315,,Eligible for free school meals or transitionally protected,fsmtp,2,,
"1,160",1160,Number of pupils,NUM,1,,6644000 - Hawarden High School,6644000,315,,All pupils,all,3,,Total
180,180,Number of pupils,NUM,1,,6644006 - Alun School,6644006,316,,Eligible for free school meals,fsm,1,,
225,225,Number of pupils,NUM,1,,6644006 - Alun School,6644006,316,,Eligible for free school meals or transitionally protected,fsmtp,2,,
"1,480",1480,Number of pupils,NUM,1,,6644006 - Alun School,6644006,316,,All pupils,all,3,,Total
190,190,Number of pupils,NUM,1,,6644011 - Elfed High School,6644011,317,,Eligible for free school meals,fsm,1,,
235,235,Number of pupils,NUM,1,,6644011 - Elfed High School,6644011,317,,Eligible for free school meals or transitionally protected,fsmtp,2,,
900,900,Number of pupils,NUM,1,,6644011 - Elfed High School,6644011,317,,All pupils,all,3,,Total
165,165,Number of pupils,NUM,1,,6644012 - Ysgol Treffynnon,6644012,318,,Eligible for free school meals,fsm,1,,
195,195,Number of pupils,NUM,1,,6644012 - Ysgol Treffynnon,6644012,318,,Eligible for free school meals or transitionally protected,fsmtp,2,,
520,520,Number of pupils,NUM,1,,6644012 - Ysgol Treffynnon,6644012,318,,All pupils,all,3,,Total
130,130,Number of pupils,NUM,1,,6644013 - St. David's High School,6644013,319,,Eligible for free school meals,fsm,1,,
150,150,Number of pupils,NUM,1,,6644013 - St. David's High School,6644013,319,,Eligible for free school meals or transitionally protected,fsmtp,2,,
350,350,Number of pupils,NUM,1,,6644013 - St. David's High School,6644013,319,,All pupils,all,3,,Total
125,125,Number of pupils,NUM,1,,6644017 - Castell Alun High School,6644017,320,,Eligible for free school meals,fsm,1,,
160,160,Number of pupils,NUM,1,,6644017 - Castell Alun High School,6644017,320,,Eligible for free school meals or transitionally protected,fsmtp,2,,
"1,285",1285,Number of pupils,NUM,1,,6644017 - Castell Alun High School,6644017,320,,All pupils,all,3,,Total
70,70,Number of pupils,NUM,1,,6644018 - Maes Garmon,6644018,321,,Eligible for free school meals,fsm,1,,
105,105,Number of pupils,NUM,1,,6644018 - Maes Garmon,6644018,321,,Eligible for free school meals or transitionally protected,fsmtp,2,,
580,580,Number of pupils,NUM,1,,6644018 - Maes Garmon,6644018,321,,All pupils,all,3,,Total
180,180,Number of pupils,NUM,1,,6644021 - Flint High School,6644021,322,,Eligible for free school meals,fsm,1,,
220,220,Number of pupils,NUM,1,,6644021 - Flint High School,6644021,322,,Eligible for free school meals or transitionally protected,fsmtp,2,,
745,745,Number of pupils,NUM,1,,6644021 - Flint High School,6644021,322,,All pupils,all,3,,Total
210,210,Number of pupils,NUM,1,,"6644022 - Connah's Quay High School,",6644022,323,,Eligible for free school meals,fsm,1,,
260,260,Number of pupils,NUM,1,,"6644022 - Connah's Quay High School,",6644022,323,,Eligible for free school meals or transitionally protected,fsmtp,2,,
"1,015",1015,Number of pupils,NUM,1,,"6644022 - Connah's Quay High School,",6644022,323,,All pupils,all,3,,Total
90,90,Number of pupils,NUM,1,,6644042 - Argoed School,6644042,324,,Eligible for free school meals,fsm,1,,
115,115,Number of pupils,NUM,1,,6644042 - Argoed School,6644042,324,,Eligible for free school meals or transitionally protected,fsmtp,2,,
600,600,Number of pupils,NUM,1,,6644042 - Argoed School,6644042,324,,All pupils,all,3,,Total
150,150,Number of pupils,NUM,1,,6644600 - St. Richard Gwyn Catholic High School,6644600,325,,Eligible for free school meals,fsm,1,,
195,195,Number of pupils,NUM,1,,6644600 - St. Richard Gwyn Catholic High School,6644600,325,,Eligible for free school meals or transitionally protected,fsmtp,2,,
775,775,Number of pupils,NUM,1,,6644600 - St. Richard Gwyn Catholic High School,6644600,325,,All pupils,all,3,,Total
10,10,Number of pupils,NUM,1,,6645200 - Derwen Foundation School,6645200,326,,Eligible for free school meals,fsm,1,,
10,10,Number of pupils,NUM,1,,6645200 - Derwen Foundation School,6645200,326,,Eligible for free school meals or transitionally protected,fsmtp,2,,
185,185,Number of pupils,NUM,1,,6645200 - Derwen Foundation School,6645200,326,,All pupils,all,3,,Total
35,35,Number of pupils,NUM,1,,6647020 - Pen Coch,6647020,327,,Eligible for free school meals,fsm,1,,
40,40,Number of pupils,NUM,1,,6647020 - Pen Coch,6647020,327,,Eligible for free school meals or transitionally protected,fsmtp,2,,
100,100,Number of pupils,NUM,1,,6647020 - Pen Coch,6647020,327,,All pupils,all,3,,Total
55,55,Number of pupils,NUM,1,,6647021 - Ysgol Maes Hyfryd,6647021,328,,Eligible for free school meals,fsm,1,,
65,65,Number of pupils,NUM,1,,6647021 - Ysgol Maes Hyfryd,6647021,328,,Eligible for free school meals or transitionally protected,fsmtp,2,,
130,130,Number of pupils,NUM,1,,6647021 - Ysgol Maes Hyfryd,6647021,328,,All pupils,all,3,,Total
15,15,Number of pupils,NUM,1,,6651007 - Ysgol Cae'r Gwenyn,6651007,329,,Eligible for free school meals,fsm,1,,
15,15,Number of pupils,NUM,1,,6651007 - Ysgol Cae'r Gwenyn,6651007,329,,Eligible for free school meals or transitionally protected,fsmtp,2,,
50,50,Number of pupils,NUM,1,,6651007 - Ysgol Cae'r Gwenyn,6651007,329,,All pupils,all,3,,Total
15,15,Number of pupils,NUM,1,,6652076 - The Rofft CP School,6652076,330,,Eligible for free school meals,fsm,1,,
15,15,Number of pupils,NUM,1,,6652076 - The Rofft CP School,6652076,330,,Eligible for free school meals or transitionally protected,fsmtp,2,,
215,215,Number of pupils,NUM,1,,6652076 - The Rofft CP School,6652076,330,,All pupils,all,3,,Total
5,5,Number of pupils,NUM,1,,6652137 - Froncysyllte,6652137,331,,Eligible for free school meals,fsm,1,,
5,5,Number of pupils,NUM,1,,6652137 - Froncysyllte,6652137,331,,Eligible for free school meals or transitionally protected,fsmtp,2,,
10,10,Number of pupils,NUM,1,,6652137 - Froncysyllte,6652137,331,,All pupils,all,3,,Total
,,Number of pupils,NUM,1,,6652138 - Garth CP,6652138,332,,Eligible for free school meals,fsm,1,,Confidential
,,Number of pupils,NUM,1,,6652138 - Garth CP,6652138,332,,Eligible for free school meals or transitionally protected,fsmtp,2,,Confidential
60,60,Number of pupils,NUM,1,,6652138 - Garth CP,6652138,332,,All pupils,all,3,,Total
20,20,Number of pupils,NUM,1,,6652139 - Ysgol Cynddelw,6652139,333,,Eligible for free school meals,fsm,1,,
25,25,Number of pupils,NUM,1,,6652139 - Ysgol Cynddelw,6652139,333,,Eligible for free school meals or transitionally protected,fsmtp,2,,
85,85,Number of pupils,NUM,1,,6652139 - Ysgol Cynddelw,6652139,333,,All pupils,all,3,,Total
0,0,Number of pupils,NUM,1,,6652140 - Llanarmon DC School,6652140,334,,Eligible for free school meals,fsm,1,,
5,5,Number of pupils,NUM,1,,6652140 - Llanarmon DC School,6652140,334,,Eligible for free school meals or transitionally protected,fsmtp,2,,
20,20,Number of pupils,NUM,1,,6652140 - Llanarmon DC School,6652140,334,,All pupils,all,3,,Total
25,25,Number of pupils,NUM,1,,6652149 - Ysgol Acrefair,6652149,335,,Eligible for free school meals,fsm,1,,
35,35,Number of pupils,NUM,1,,6652149 - Ysgol Acrefair,6652149,335,,Eligible for free school meals or transitionally protected,fsmtp,2,,
205,205,Number of pupils,NUM,1,,6652149 - Ysgol Acrefair,6652149,335,,All pupils,all,3,,Total
40,40,Number of pupils,NUM,1,,6652151 - Cefn Mawr C P School,6652151,336,,Eligible for free school meals,fsm,1,,
50,50,Number of pupils,NUM,1,,6652151 - Cefn Mawr C P School,6652151,336,,Eligible for free school meals or transitionally protected,fsmtp,2,,
190,190,Number of pupils,NUM,1,,6652151 - Cefn Mawr C P School,6652151,336,,All pupils,all,3,,Total
15,15,Number of pupils,NUM,1,,6652160 - Ysgol Maes-y-Llan,6652160,337,,Eligible for free school meals,fsm,1,,
35,35,Number of pupils,NUM,1,,6652160 - Ysgol Maes-y-Llan,6652160,337,,Eligible for free school meals or transitionally protected,fsmtp,2,,
140,140,Number of pupils,NUM,1,,6652160 - Ysgol Maes-y-Llan,6652160,337,,All pupils,all,3,,Total
25,25,Number of pupils,NUM,1,,6652162 - Ysgol Min y Ddol,6652162,338,,Eligible for free school meals,fsm,1,,
30,30,Number of pupils,NUM,1,,6652162 - Ysgol Min y Ddol,6652162,338,,Eligible for free school meals or transitionally protected,fsmtp,2,,
125,125,Number of pupils,NUM,1,,6652162 - Ysgol Min y Ddol,6652162,338,,All pupils,all,3,,Total
125,125,Number of pupils,NUM,1,,6652173 - Alexandra C P School,6652173,339,,Eligible for free school meals,fsm,1,,
160,160,Number of pupils,NUM,1,,6652173 - Alexandra C P School,6652173,339,,Eligible for free school meals or transitionally protected,fsmtp,2,,
365,365,Number of pupils,NUM,1,,6652173 - Alexandra C P School,6652173,339,,All pupils,all,3,,Total
70,70,Number of pupils,NUM,1,,6652176 - Brynteg C P School,6652176,340,,Eligible for free school meals,fsm,1,,
90,90,Number of pupils,NUM,1,,6652176 - Brynteg C P School,6652176,340,,Eligible for free school meals or transitionally protected,fsmtp,2,,
165,165,Number of pupils,NUM,1,,6652176 - Brynteg C P School,6652176,340,,All pupils,all,3,,Total
10,10,Number of pupils,NUM,1,,6652178 - BWLCHGWYN SCHOOL,6652178,341,,Eligible for free school meals,fsm,1,,
15,15,Number of pupils,NUM,1,,6652178 - BWLCHGWYN SCHOOL,6652178,341,,Eligible for free school meals or transitionally protected,fsmtp,2,,
105,105,Number of pupils,NUM,1,,6652178 - BWLCHGWYN SCHOOL,6652178,341,,All pupils,all,3,,Total
10,10,Number of pupils,NUM,1,,6652179 - Ysgol Tan-y-Fron,6652179,342,,Eligible for free school meals,fsm,1,,
15,15,Number of pupils,NUM,1,,6652179 - Ysgol Tan-y-Fron,6652179,342,,Eligible for free school meals or transitionally protected,fsmtp,2,,
140,140,Number of pupils,NUM,1,,6652179 - Ysgol Tan-y-Fron,6652179,342,,All pupils,all,3,,Total
20,20,Number of pupils,NUM,1,,6652187 - Black Lane C P School,6652187,343,,Eligible for free school meals,fsm,1,,
30,30,Number of pupils,NUM,1,,6652187 - Black Lane C P School,6652187,343,,Eligible for free school meals or transitionally protected,fsmtp,2,,
150,150,Number of pupils,NUM,1,,6652187 - Black Lane C P School,6652187,343,,All pupils,all,3,,Total
60,60,Number of pupils,NUM,1,,6652191 - Rhosddu County Primary,6652191,344,,Eligible for free school meals,fsm,1,,
85,85,Number of pupils,NUM,1,,6652191 - Rhosddu County Primary,6652191,344,,Eligible for free school meals or transitionally protected,fsmtp,2,,
275,275,Number of pupils,NUM,1,,6652191 - Rhosddu County Primary,6652191,344,,All pupils,all,3,,Total
30,30,Number of pupils,NUM,1,,6652200 - Rhostyllen CP School,6652200,345,,Eligible for free school meals,fsm,1,,
45,45,Number of pupils,NUM,1,,6652200 - Rhostyllen CP School,6652200,345,,Eligible for free school meals or transitionally protected,fsmtp,2,,
220,220,Number of pupils,NUM,1,,6652200 - Rhostyllen CP School,6652200,345,,All pupils,all,3,,Total
15,15,Number of pupils,NUM,1,,6652204 - Ysgol Deiniol C P,6652204,346,,Eligible for free school meals,fsm,1,,
30,30,Number of pupils,NUM,1,,6652204 - Ysgol Deiniol C P,6652204,346,,Eligible for free school meals or transitionally protected,fsmtp,2,,
160,160,Number of pupils,NUM,1,,6652204 - Ysgol Deiniol C P,6652204,346,,All pupils,all,3,,Total
5,5,Number of pupils,NUM,1,,6652208 - Barker's Lane CP,6652208,347,,Eligible for free school meals,fsm,1,,
15,15,Number of pupils,NUM,1,,6652208 - Barker's Lane CP,6652208,347,,Eligible for free school meals or transitionally protected,fsmtp,2,,
240,240,Number of pupils,NUM,1,,6652208 - Barker's Lane CP,6652208,347,,All pupils,all,3,,Total
10,10,Number of pupils,NUM,1,,6652209 - Wat's Dyke County Primary,6652209,348,,Eligible for free school meals,fsm,1,,
20,20,Number of pupils,NUM,1,,6652209 - Wat's Dyke County Primary,6652209,348,,Eligible for free school meals or transitionally protected,fsmtp,2,,
280,280,Number of pupils,NUM,1,,6652209 - Wat's Dyke County Primary,6652209,348,,All pupils,all,3,,Total
15,15,Number of pupils,NUM,1,,6652224 - Ysgol Bryn Tabor,6652224,349,,Eligible for free school meals,fsm,1,,
30,30,Number of pupils,NUM,1,,6652224 - Ysgol Bryn Tabor,6652224,349,,Eligible for free school meals or transitionally protected,fsmtp,2,,
200,200,Number of pupils,NUM,1,,6652224 - Ysgol Bryn Tabor,6652224,349,,All pupils,all,3,,Total
,,Number of pupils,NUM,1,,6652232 - Ysgol Sant Dunawd,6652232,350,,Eligible for free school meals,fsm,1,,Confidential
10,10,Number of pupils,NUM,1,,6652232 - Ysgol Sant Dunawd,6652232,350,,Eligible for free school meals or transitionally protected,fsmtp,2,,
95,95,Number of pupils,NUM,1,,6652232 - Ysgol Sant Dunawd,6652232,350,,All pupils,all,3,,Total
10,10,Number of pupils,NUM,1,,6652235 - Holt C.P. School,6652235,351,,Eligible for free school meals,fsm,1,,
15,15,Number of pupils,NUM,1,,6652235 - Holt C.P. School,6652235,351,,Eligible for free school meals or transitionally protected,fsmtp,2,,
70,70,Number of pupils,NUM,1,,6652235 - Holt C.P. School,6652235,351,,All pupils,all,3,,Total
60,60,Number of pupils,NUM,1,,6652238 - Ysgol Bodhyfryd,6652238,352,,Eligible for free school meals,fsm,1,,
85,85,Number of pupils,NUM,1,,6652238 - Ysgol Bodhyfryd,6652238,352,,Eligible for free school meals or transitionally protected,fsmtp,2,,
280,280,Number of pupils,NUM,1,,6652238 - Ysgol Bodhyfryd,6652238,352,,All pupils,all,3,,Total
30,30,Number of pupils,NUM,1,,6652259 - Ysgol I.D. Hooson,6652259,353,,Eligible for free school meals,fsm,1,,
45,45,Number of pupils,NUM,1,,6652259 - Ysgol I.D. Hooson,6652259,353,,Eligible for free school meals or transitionally protected,fsmtp,2,,
230,230,Number of pupils,NUM,1,,6652259 - Ysgol I.D. Hooson,6652259,353,,All pupils,all,3,,Total
35,35,Number of pupils,NUM,1,,6652263 - Ysgol Plas Coch,6652263,354,,Eligible for free school meals,fsm,1,,
55,55,Number of pupils,NUM,1,,6652263 - Ysgol Plas Coch,6652263,354,,Eligible for free school meals or transitionally protected,fsmtp,2,,
305,305,Number of pupils,NUM,1,,6652263 - Ysgol Plas Coch,6652263,354,,All pupils,all,3,,Total
75,75,Number of pupils,NUM,1,,6652266 - Penygelli C P School,6652266,355,,Eligible for free school meals,fsm,1,,
90,90,Number of pupils,NUM,1,,6652266 - Penygelli C P School,6652266,355,,Eligible for free school meals or transitionally protected,fsmtp,2,,
255,255,Number of pupils,NUM,1,,6652266 - Penygelli C P School,6652266,355,,All pupils,all,3,,Total
35,35,Number of pupils,NUM,1,,6652267 - Ysgol Penrhyn New Broughton CP,6652267,356,,Eligible for free school meals,fsm,1,,
60,60,Number of pupils,NUM,1,,6652267 - Ysgol Penrhyn New Broughton CP,6652267,356,,Eligible for free school meals or transitionally protected,fsmtp,2,,
220,220,Number of pupils,NUM,1,,6652267 - Ysgol Penrhyn New Broughton CP,6652267,356,,All pupils,all,3,,Total
95,95,Number of pupils,NUM,1,,6652268 - Ysgol Heulfan,6652268,357,,Eligible for free school meals,fsm,1,,
125,125,Number of pupils,NUM,1,,6652268 - Ysgol Heulfan,6652268,357,,Eligible for free school meals or transitionally protected,fsmtp,2,,
330,330,Number of pupils,NUM,1,,6652268 - Ysgol Heulfan,6652268,357,,All pupils,all,3,,Total
125,125,Number of pupils,NUM,1,,6652269 - Hafod y Wern Community Primary School,6652269,358,,Eligible for free school meals,fsm,1,,
155,155,Number of pupils,NUM,1,,6652269 - Hafod y Wern Community Primary School,6652269,358,,Eligible for free school meals or transitionally protected,fsmtp,2,,
250,250,Number of pupils,NUM,1,,6652269 - Hafod y Wern Community Primary School,6652269,358,,All pupils,all,3,,Total
150,150,Number of pupils,NUM,1,,6652270 - Gwenfro Community Primary,6652270,359,,Eligible for free school meals,fsm,1,,
185,185,Number of pupils,NUM,1,,6652270 - Gwenfro Community Primary,6652270,359,,Eligible for free school meals or transitionally protected,fsmtp,2,,
300,300,Number of pupils,NUM,1,,6652270 - Gwenfro Community Primary,6652270,359,,All pupils,all,3,,Total
75,75,Number of pupils,NUM,1,,6652271 - Park Community Primary School Llay,6652271,360,,Eligible for free school meals,fsm,1,,
95,95,Number of pupils,NUM,1,,6652271 - Park Community Primary School Llay,6652271,360,,Eligible for free school meals or transitionally protected,fsmtp,2,,
335,335,Number of pupils,NUM,1,,6652271 - Park Community Primary School Llay,6652271,360,,All pupils,all,3,,Total
105,105,Number of pupils,NUM,1,,6652272 - Rhosymedre Community Primary,6652272,361,,Eligible for free school meals,fsm,1,,
125,125,Number of pupils,NUM,1,,6652272 - Rhosymedre Community Primary,6652272,361,,Eligible for free school meals or transitionally protected,fsmtp,2,,
215,215,Number of pupils,NUM,1,,6652272 - Rhosymedre Community Primary,6652272,361,,All pupils,all,3,,Total
95,95,Number of pupils,NUM,1,,6652273 - Ysgol Maes y Mynydd,6652273,362,,Eligible for free school meals,fsm,1,,
120,120,Number of pupils,NUM,1,,6652273 - Ysgol Maes y Mynydd,6652273,362,,Eligible for free school meals or transitionally protected,fsmtp,2,,
290,290,Number of pupils,NUM,1,,6652273 - Ysgol Maes y Mynydd,6652273,362,,All pupils,all,3,,Total
35,35,Number of pupils,NUM,1,,6652274 - Gwersyllt Community Primary School,6652274,363,,Eligible for free school meals,fsm,1,,
45,45,Number of pupils,NUM,1,,6652274 - Gwersyllt Community Primary School,6652274,363,,Eligible for free school meals or transitionally protected,fsmtp,2,,
240,240,Number of pupils,NUM,1,,6652274 - Gwersyllt Community Primary School,6652274,363,,All pupils,all,3,,Total
55,55,Number of pupils,NUM,1,,6652275 - Penycae Community Primary School,6652275,364,,Eligible for free school meals,fsm,1,,
75,75,Number of pupils,NUM,1,,6652275 - Penycae Community Primary School,6652275,364,,Eligible for free school meals or transitionally protected,fsmtp,2,,
180,180,Number of pupils,NUM,1,,6652275 - Penycae Community Primary School,6652275,364,,All pupils,all,3,,Total
70,70,Number of pupils,NUM,1,,6652276 - Acton Primary,6652276,365,,Eligible for free school meals,fsm,1,,
85,85,Number of pupils,NUM,1,,6652276 - Acton Primary,6652276,365,,Eligible for free school meals or transitionally protected,fsmtp,2,,
325,325,Number of pupils,NUM,1,,6652276 - Acton Primary,6652276,365,,All pupils,all,3,,Total
55,55,Number of pupils,NUM,1,,6652277 - Victoria Community Primary,6652277,366,,Eligible for free school meals,fsm,1,,
80,80,Number of pupils,NUM,1,,6652277 - Victoria Community Primary,6652277,366,,Eligible for free school meals or transitionally protected,fsmtp,2,,
440,440,Number of pupils,NUM,1,,6652277 - Victoria Community Primary,6652277,366,,All pupils,all,3,,Total
55,55,Number of pupils,NUM,1,,6652278 - Ysgol Y Waun,6652278,367,,Eligible for free school meals,fsm,1,,
65,65,Number of pupils,NUM,1,,6652278 - Ysgol Y Waun,6652278,367,,Eligible for free school meals or transitionally protected,fsmtp,2,,
320,320,Number of pupils,NUM,1,,6652278 - Ysgol Y Waun,6652278,367,,All pupils,all,3,,Total
25,25,Number of pupils,NUM,1,,6652279 - Ysgol Bro Alun,6652279,368,,Eligible for free school meals,fsm,1,,
35,35,Number of pupils,NUM,1,,6652279 - Ysgol Bro Alun,6652279,368,,Eligible for free school meals or transitionally protected,fsmtp,2,,
280,280,Number of pupils,NUM,1,,6652279 - Ysgol Bro Alun,6652279,368,,All pupils,all,3,,Total
65,65,Number of pupils,NUM,1,,"6652280 - Ysgol Yr Hafod, Johnstown",6652280,369,,Eligible for free school meals,fsm,1,,
95,95,Number of pupils,NUM,1,,"6652280 - Ysgol Yr Hafod, Johnstown",6652280,369,,Eligible for free school meals or transitionally protected,fsmtp,2,,
345,345,Number of pupils,NUM,1,,"6652280 - Ysgol Yr Hafod, Johnstown",6652280,369,,All pupils,all,3,,Total
55,55,Number of pupils,NUM,1,,6652281 - Borras Park Community Primary,6652281,370,,Eligible for free school meals,fsm,1,,
70,70,Number of pupils,NUM,1,,6652281 - Borras Park Community Primary,6652281,370,,Eligible for free school meals or transitionally protected,fsmtp,2,,
430,430,Number of pupils,NUM,1,,6652281 - Borras Park Community Primary,6652281,370,,All pupils,all,3,,Total
,,Number of pupils,NUM,1,,6652282 - Ysgol Llan y pwll,6652282,371,,Eligible for free school meals,fsm,1,,Confidential
,,Number of pupils,NUM,1,,6652282 - Ysgol Llan y pwll,6652282,371,,Eligible for free school meals or transitionally protected,fsmtp,2,,Confidential
45,45,Number of pupils,NUM,1,,6652282 - Ysgol Llan y pwll,6652282,371,,All pupils,all,3,,Total
15,15,Number of pupils,NUM,1,,6653028 - St Peter's School,6653028,372,,Eligible for free school meals,fsm,1,,
20,20,Number of pupils,NUM,1,,6653028 - St Peter's School,6653028,372,,Eligible for free school meals or transitionally protected,fsmtp,2,,
205,205,Number of pupils,NUM,1,,6653028 - St Peter's School,6653028,372,,All pupils,all,3,,Total
,,Number of pupils,NUM,1,,6653036 - Pentre CIW Voluntary Controlled,6653036,373,,Eligible for free school meals,fsm,1,,Confidential
,,Number of pupils,NUM,1,,6653036 - Pentre CIW Voluntary Controlled,6653036,373,,Eligible for free school meals or transitionally protected,fsmtp,2,,Confidential
45,45,Number of pupils,NUM,1,,6653036 - Pentre CIW Voluntary Controlled,6653036,373,,All pupils,all,3,,Total
,,Number of pupils,NUM,1,,6653042 - Eyton Primary School,6653042,374,,Eligible for free school meals,fsm,1,,Confidential
5,5,Number of pupils,NUM,1,,6653042 - Eyton Primary School,6653042,374,,Eligible for free school meals or transitionally protected,fsmtp,2,,
50,50,Number of pupils,NUM,1,,6653042 - Eyton Primary School,6653042,374,,All pupils,all,3,,Total
,,Number of pupils,NUM,1,,6653054 - BORDERBROOK SCHOOL,6653054,375,,Eligible for free school meals,fsm,1,,Confidential
,,Number of pupils,NUM,1,,6653054 - BORDERBROOK SCHOOL,6653054,375,,Eligible for free school meals or transitionally protected,fsmtp,2,,Confidential
10,10,Number of pupils,NUM,1,,6653054 - BORDERBROOK SCHOOL,6653054,375,,All pupils,all,3,,Total
75,75,Number of pupils,NUM,1,,6653055 - St Giles Controlled Primary School,6653055,376,,Eligible for free school meals,fsm,1,,
100,100,Number of pupils,NUM,1,,6653055 - St Giles Controlled Primary School,6653055,376,,Eligible for free school meals or transitionally protected,fsmtp,2,,
395,395,Number of pupils,NUM,1,,6653055 - St Giles Controlled Primary School,6653055,376,,All pupils,all,3,,Total
,,Number of pupils,NUM,1,,6653301 - BRONINGTON CHURCH IN WALES V.A,6653301,377,,Eligible for free school meals,fsm,1,,Confidential
,,Number of pupils,NUM,1,,6653301 - BRONINGTON CHURCH IN WALES V.A,6653301,377,,Eligible for free school meals or transitionally protected,fsmtp,2,,Confidential
45,45,Number of pupils,NUM,1,,6653301 - BRONINGTON CHURCH IN WALES V.A,6653301,377,,All pupils,all,3,,Total
10,10,Number of pupils,NUM,1,,6653305 - Madras VA School,6653305,378,,Eligible for free school meals,fsm,1,,
15,15,Number of pupils,NUM,1,,6653305 - Madras VA School,6653305,378,,Eligible for free school meals or transitionally protected,fsmtp,2,,
120,120,Number of pupils,NUM,1,,6653305 - Madras VA School,6653305,378,,All pupils,all,3,,Total
10,10,Number of pupils,NUM,1,,6653326 - St Chad's Church in Wales Aided School,6653326,379,,Eligible for free school meals,fsm,1,,
15,15,Number of pupils,NUM,1,,6653326 - St Chad's Church in Wales Aided School,6653326,379,,Eligible for free school meals or transitionally protected,fsmtp,2,,
105,105,Number of pupils,NUM,1,,6653326 - St Chad's Church in Wales Aided School,6653326,379,,All pupils,all,3,,Total
15,15,Number of pupils,NUM,1,,6653334 - St Mary's RC Primary,6653334,380,,Eligible for free school meals,fsm,1,,
35,35,Number of pupils,NUM,1,,6653334 - St Mary's RC Primary,6653334,380,,Eligible for free school meals or transitionally protected,fsmtp,2,,
340,340,Number of pupils,NUM,1,,6653334 - St Mary's RC Primary,6653334,380,,All pupils,all,3,,Total
15,15,Number of pupils,NUM,1,,6653337 - Minera,6653337,381,,Eligible for free school meals,fsm,1,,
20,20,Number of pupils,NUM,1,,6653337 - Minera,6653337,381,,Eligible for free school meals or transitionally protected,fsmtp,2,,
90,90,Number of pupils,NUM,1,,6653337 - Minera,6653337,381,,All pupils,all,3,,Total
20,20,Number of pupils,NUM,1,,6653338 - All Saints Voluntary Aided Sch,6653338,382,,Eligible for free school meals,fsm,1,,
35,35,Number of pupils,NUM,1,,6653338 - All Saints Voluntary Aided Sch,6653338,382,,Eligible for free school meals or transitionally protected,fsmtp,2,,
365,365,Number of pupils,NUM,1,,6653338 - All Saints Voluntary Aided Sch,6653338,382,,All pupils,all,3,,Total
25,25,Number of pupils,NUM,1,,6653341 - St Mary's Church in Wales,6653341,383,,Eligible for free school meals,fsm,1,,
40,40,Number of pupils,NUM,1,,6653341 - St Mary's Church in Wales,6653341,383,,Eligible for free school meals or transitionally protected,fsmtp,2,,
215,215,Number of pupils,NUM,1,,6653341 - St Mary's Church in Wales,6653341,383,,All pupils,all,3,,Total
40,40,Number of pupils,NUM,1,,6653342 - Brymbo Aided (St. Mary's),6653342,384,,Eligible for free school meals,fsm,1,,
50,50,Number of pupils,NUM,1,,6653342 - Brymbo Aided (St. Mary's),6653342,384,,Eligible for free school meals or transitionally protected,fsmtp,2,,
135,135,Number of pupils,NUM,1,,6653342 - Brymbo Aided (St. Mary's),6653342,384,,All pupils,all,3,,Total
55,55,Number of pupils,NUM,1,,6653343 - St Anne's Catholic Primary,6653343,385,,Eligible for free school meals,fsm,1,,
70,70,Number of pupils,NUM,1,,6653343 - St Anne's Catholic Primary,6653343,385,,Eligible for free school meals or transitionally protected,fsmtp,2,,
170,170,Number of pupils,NUM,1,,6653343 - St Anne's Catholic Primary,6653343,385,,All pupils,all,3,,Total
5,5,Number of pupils,NUM,1,,6653346 - St Mary's Overton,6653346,386,,Eligible for free school meals,fsm,1,,
15,15,Number of pupils,NUM,1,,6653346 - St Mary's Overton,6653346,386,,Eligible for free school meals or transitionally protected,fsmtp,2,,
145,145,Number of pupils,NUM,1,,6653346 - St Mary's Overton,6653346,386,,All pupils,all,3,,Total
,,Number of pupils,NUM,1,,6653347 - St Paul's Voluntary Aided,6653347,387,,Eligible for free school meals,fsm,1,,Confidential
,,Number of pupils,NUM,1,,6653347 - St Paul's Voluntary Aided,6653347,387,,Eligible for free school meals or transitionally protected,fsmtp,2,,Confidential
30,30,Number of pupils,NUM,1,,6653347 - St Paul's Voluntary Aided,6653347,387,,All pupils,all,3,,Total
140,140,Number of pupils,NUM,1,,6654029 - Grango,6654029,388,,Eligible for free school meals,fsm,1,,
190,190,Number of pupils,NUM,1,,6654029 - Grango,6654029,388,,Eligible for free school meals or transitionally protected,fsmtp,2,,
580,580,Number of pupils,NUM,1,,6654029 - Grango,6654029,388,,All pupils,all,3,,Total
110,110,Number of pupils,NUM,1,,6654032 - YSGOL MORGAN LLWYD,6654032,389,,Eligible for free school meals,fsm,1,,
185,185,Number of pupils,NUM,1,,6654032 - YSGOL MORGAN LLWYD,6654032,389,,Eligible for free school meals or transitionally protected,fsmtp,2,,
930,930,Number of pupils,NUM,1,,6654032 - YSGOL MORGAN LLWYD,6654032,389,,All pupils,all,3,,Total
185,185,Number of pupils,NUM,1,,6654033 - Ysgol Bryn Alyn,6654033,390,,Eligible for free school meals,fsm,1,,
250,250,Number of pupils,NUM,1,,6654033 - Ysgol Bryn Alyn,6654033,390,,Eligible for free school meals or transitionally protected,fsmtp,2,,
700,700,Number of pupils,NUM,1,,6654033 - Ysgol Bryn Alyn,6654033,390,,All pupils,all,3,,Total
85,85,Number of pupils,NUM,1,,6654034 - Darland High School,6654034,391,,Eligible for free school meals,fsm,1,,
140,140,Number of pupils,NUM,1,,6654034 - Darland High School,6654034,391,,Eligible for free school meals or transitionally protected,fsmtp,2,,
680,680,Number of pupils,NUM,1,,6654034 - Darland High School,6654034,391,,All pupils,all,3,,Total
140,140,Number of pupils,NUM,1,,6654044 - Ysgol Rhiwabon,6654044,392,,Eligible for free school meals,fsm,1,,
200,200,Number of pupils,NUM,1,,6654044 - Ysgol Rhiwabon,6654044,392,,Eligible for free school meals or transitionally protected,fsmtp,2,,
510,510,Number of pupils,NUM,1,,6654044 - Ysgol Rhiwabon,6654044,392,,All pupils,all,3,,Total
255,255,Number of pupils,NUM,1,,6654048 - Rhosnesni High School,6654048,393,,Eligible for free school meals,fsm,1,,
360,360,Number of pupils,NUM,1,,6654048 - Rhosnesni High School,6654048,393,,Eligible for free school meals or transitionally protected,fsmtp,2,,
"1,090",1090,Number of pupils,NUM,1,,6654048 - Rhosnesni High School,6654048,393,,All pupils,all,3,,Total
250,250,Number of pupils,NUM,1,,6654049 - Ysgol Clywedog,6654049,394,,Eligible for free school meals,fsm,1,,
345,345,Number of pupils,NUM,1,,6654049 - Ysgol Clywedog,6654049,394,,Eligible for free school meals or transitionally protected,fsmtp,2,,
800,800,Number of pupils,NUM,1,,6654049 - Ysgol Clywedog,6654049,394,,All pupils,all,3,,Total
55,55,Number of pupils,NUM,1,,6654603 - St Joseph's Catholic and Anglican High,6654603,395,,Eligible for free school meals,fsm,1,,
110,110,Number of pupils,NUM,1,,6654603 - St Joseph's Catholic and Anglican High,6654603,395,,Eligible for free school meals or transitionally protected,fsmtp,2,,
750,750,Number of pupils,NUM,1,,6654603 - St Joseph's Catholic and Anglican High,6654603,395,,All pupils,all,3,,Total
65,65,Number of pupils,NUM,1,,6655401 - THE MAELOR SCHOOL,6655401,396,,Eligible for free school meals,fsm,1,,
110,110,Number of pupils,NUM,1,,6655401 - THE MAELOR SCHOOL,6655401,396,,Eligible for free school meals or transitionally protected,fsmtp,2,,
785,785,Number of pupils,NUM,1,,6655401 - THE MAELOR SCHOOL,6655401,396,,All pupils,all,3,,Total
125,125,Number of pupils,NUM,1,,6657005 - St Christophers School,6657005,397,,Eligible for free school meals,fsm,1,,
155,155,Number of pupils,NUM,1,,6657005 - St Christophers School,6657005,397,,Eligible for free school meals or transitionally protected,fsmtp,2,,
305,305,Number of pupils,NUM,1,,6657005 - St Christophers School,6657005,397,,All pupils,all,3,,Total
5,5,Number of pupils,NUM,1,,6662002 - ABERMULE PRIMARY SCHOOL,6662002,398,,Eligible for free school meals,fsm,1,,
5,5,Number of pupils,NUM,1,,6662002 - ABERMULE PRIMARY SCHOOL,6662002,398,,Eligible for free school meals or transitionally protected,fsmtp,2,,
80,80,Number of pupils,NUM,1,,6662002 - ABERMULE PRIMARY SCHOOL,6662002,398,,All pupils,all,3,,Total
,,Number of pupils,NUM,1,,6662003 - ARDDLEEN C.P. SCHOOL,6662003,399,,Eligible for free school meals,fsm,1,,Confidential
5,5,Number of pupils,NUM,1,,6662003 - ARDDLEEN C.P. SCHOOL,6662003,399,,Eligible for free school meals or transitionally protected,fsmtp,2,,
110,110,Number of pupils,NUM,1,,6662003 - ARDDLEEN C.P. SCHOOL,6662003,399,,All pupils,all,3,,Total
,,Number of pupils,NUM,1,,6662005 - BERRIEW C.P. SCHOOL,6662005,400,,Eligible for free school meals,fsm,1,,Confidential
10,10,Number of pupils,NUM,1,,6662005 - BERRIEW C.P. SCHOOL,6662005,400,,Eligible for free school meals or transitionally protected,fsmtp,2,,
105,105,Number of pupils,NUM,1,,6662005 - BERRIEW C.P. SCHOOL,6662005,400,,All pupils,all,3,,Total
10,10,Number of pupils,NUM,1,,6662008 - CAERSWS C.P. SCHOOL,6662008,401,,Eligible for free school meals,fsm,1,,
15,15,Number of pupils,NUM,1,,6662008 - CAERSWS C.P. SCHOOL,6662008,401,,Eligible for free school meals or transitionally protected,fsmtp,2,,
85,85,Number of pupils,NUM,1,,6662008 - CAERSWS C.P. SCHOOL,6662008,401,,All pupils,all,3,,Total
,,Number of pupils,NUM,1,,6662009 - CARNO C.P. SCHOOL,6662009,402,,Eligible for free school meals,fsm,1,,Confidential
,,Number of pupils,NUM,1,,6662009 - CARNO C.P. SCHOOL,6662009,402,,Eligible for free school meals or transitionally protected,fsmtp,2,,Confidential
40,40,Number of pupils,NUM,1,,6662009 - CARNO C.P. SCHOOL,6662009,402,,All pupils,all,3,,Total
5,5,Number of pupils,NUM,1,,6662010 - CARREGHOFA C.P. SCHOOL,6662010,403,,Eligible for free school meals,fsm,1,,
10,10,Number of pupils,NUM,1,,6662010 - CARREGHOFA C.P. SCHOOL,6662010,403,,Eligible for free school meals or transitionally protected,fsmtp,2,,
100,100,Number of pupils,NUM,1,,6662010 - CARREGHOFA C.P. SCHOOL,6662010,403,,All pupils,all,3,,Total
10,10,Number of pupils,NUM,1,,6662018 - LEIGHTON C.P. SCHOOL,6662018,404,,Eligible for free school meals,fsm,1,,
20,20,Number of pupils,NUM,1,,6662018 - LEIGHTON C.P. SCHOOL,6662018,404,,Eligible for free school meals or transitionally protected,fsmtp,2,,
50,50,Number of pupils,NUM,1,,6662018 - LEIGHTON C.P. SCHOOL,6662018,404,,All pupils,all,3,,Total
5,5,Number of pupils,NUM,1,,6662019 - YSGOL LLANBRYNMAIR,6662019,405,,Eligible for free school meals,fsm,1,,
10,10,Number of pupils,NUM,1,,6662019 - YSGOL LLANBRYNMAIR,6662019,405,,Eligible for free school meals or transitionally protected,fsmtp,2,,
35,35,Number of pupils,NUM,1,,6662019 - YSGOL LLANBRYNMAIR,6662019,405,,All pupils,all,3,,Total
5,5,Number of pupils,NUM,1,,6662020 - LLANDINAM C.P. SCHOOL,6662020,406,,Eligible for free school meals,fsm,1,,
5,5,Number of pupils,NUM,1,,6662020 - LLANDINAM C.P. SCHOOL,6662020,406,,Eligible for free school meals or transitionally protected,fsmtp,2,,
35,35,Number of pupils,NUM,1,,6662020 - LLANDINAM C.P. SCHOOL,6662020,406,,All pupils,all,3,,Total
5,5,Number of pupils,NUM,1,,6662033 - MEIFOD C.P. SCHOOL,6662033,407,,Eligible for free school meals,fsm,1,,
10,10,Number of pupils,NUM,1,,6662033 - MEIFOD C.P. SCHOOL,6662033,407,,Eligible for free school meals or transitionally protected,fsmtp,2,,
60,60,Number of pupils,NUM,1,,6662033 - MEIFOD C.P. SCHOOL,6662033,407,,All pupils,all,3,,Total
30,30,Number of pupils,NUM,1,,6662040 - PENYGLODDFA C.P. SCHOOL,6662040,408,,Eligible for free school meals,fsm,1,,
45,45,Number of pupils,NUM,1,,6662040 - PENYGLODDFA C.P. SCHOOL,6662040,408,,Eligible for free school meals or transitionally protected,fsmtp,2,,
270,270,Number of pupils,NUM,1,,6662040 - PENYGLODDFA C.P. SCHOOL,6662040,408,,All pupils,all,3,,Total
,,Number of pupils,NUM,1,,6662041 - PONTROBERT C.P. SCHOOL,6662041,409,,Eligible for free school meals,fsm,1,,Confidential
,,Number of pupils,NUM,1,,6662041 - PONTROBERT C.P. SCHOOL,6662041,409,,Eligible for free school meals or transitionally protected,fsmtp,2,,Confidential
65,65,Number of pupils,NUM,1,,6662041 - PONTROBERT C.P. SCHOOL,6662041,409,,All pupils,all,3,,Total
,,Number of pupils,NUM,1,,6662044 - YSGOL DYFFRYN TRANNON,6662044,410,,Eligible for free school meals,fsm,1,,Confidential
,,Number of pupils,NUM,1,,6662044 - YSGOL DYFFRYN TRANNON,6662044,410,,Eligible for free school meals or transitionally protected,fsmtp,2,,Confidential
100,100,Number of pupils,NUM,1,,6662044 - YSGOL DYFFRYN TRANNON,6662044,410,,All pupils,all,3,,Total
5,5,Number of pupils,NUM,1,,6662049 - GUILSFIELD C.P. SCHOOL,6662049,411,,Eligible for free school meals,fsm,1,,
10,10,Number of pupils,NUM,1,,6662049 - GUILSFIELD C.P. SCHOOL,6662049,411,,Eligible for free school meals or transitionally protected,fsmtp,2,,
145,145,Number of pupils,NUM,1,,6662049 - GUILSFIELD C.P. SCHOOL,6662049,411,,All pupils,all,3,,Total
20,20,Number of pupils,NUM,1,,6662050 - LLANIDLOES C.P. SCHOOL,6662050,412,,Eligible for free school meals,fsm,1,,
50,50,Number of pupils,NUM,1,,6662050 - LLANIDLOES C.P. SCHOOL,6662050,412,,Eligible for free school meals or transitionally protected,fsmtp,2,,
265,265,Number of pupils,NUM,1,,6662050 - LLANIDLOES C.P. SCHOOL,6662050,412,,All pupils,all,3,,Total
10,10,Number of pupils,NUM,1,,6662051 - BUTTINGTON TREWERN C.P. SCHOOL,6662051,413,,Eligible for free school meals,fsm,1,,
15,15,Number of pupils,NUM,1,,6662051 - BUTTINGTON TREWERN C.P. SCHOOL,6662051,413,,Eligible for free school meals or transitionally protected,fsmtp,2,,
135,135,Number of pupils,NUM,1,,6662051 - BUTTINGTON TREWERN C.P. SCHOOL,6662051,413,,All pupils,all,3,,Total
,,Number of pupils,NUM,1,,6662053 - BRYNHAFREN C.P. SCHOOL,6662053,414,,Eligible for free school meals,fsm,1,,Confidential
10,10,Number of pupils,NUM,1,,6662053 - BRYNHAFREN C.P. SCHOOL,6662053,414,,Eligible for free school meals or transitionally protected,fsmtp,2,,
35,35,Number of pupils,NUM,1,,6662053 - BRYNHAFREN C.P. SCHOOL,6662053,414,,All pupils,all,3,,Total
,,Number of pupils,NUM,1,,6662054 - CHURCHSTOKE C.P. SCHOOL,6662054,415,,Eligible for free school meals,fsm,1,,Confidential
10,10,Number of pupils,NUM,1,,6662054 - CHURCHSTOKE C.P. SCHOOL,6662054,415,,Eligible for free school meals or transitionally protected,fsmtp,2,,
40,40,Number of pupils,NUM,1,,6662054 - CHURCHSTOKE C.P. SCHOOL,6662054,415,,All pupils,all,3,,Total
0,0,Number of pupils,NUM,1,,6662058 - YSGOL GYNRADD GLANTWYMYN,6662058,416,,Eligible for free school meals,fsm,1,,
,,Number of pupils,NUM,1,,6662058 - YSGOL GYNRADD GLANTWYMYN,6662058,416,,Eligible for free school meals or transitionally protected,fsmtp,2,,Confidential
80,80,Number of pupils,NUM,1,,6662058 - YSGOL GYNRADD GLANTWYMYN,6662058,416,,All pupils,all,3,,Total
,,Number of pupils,NUM,1,,6662059 - YSGOL PENNANT,6662059,417,,Eligible for free school meals,fsm,1,,Confidential
,,Number of pupils,NUM,1,,6662059 - YSGOL PENNANT,6662059,417,,Eligible for free school meals or transitionally protected,fsmtp,2,,Confidential
70,70,Number of pupils,NUM,1,,6662059 - YSGOL PENNANT,6662059,417,,All pupils,all,3,,Total
45,45,Number of pupils,NUM,1,,6662060 - MAESYRHANDIR C.P. SCHOOL,6662060,418,,Eligible for free school meals,fsm,1,,
65,65,Number of pupils,NUM,1,,6662060 - MAESYRHANDIR C.P. SCHOOL,6662060,418,,Eligible for free school meals or transitionally protected,fsmtp,2,,
100,100,Number of pupils,NUM,1,,6662060 - MAESYRHANDIR C.P. SCHOOL,6662060,418,,All pupils,all,3,,Total
15,15,Number of pupils,NUM,1,,6662062 - TREOWEN C.P. SCHOOL,6662062,419,,Eligible for free school meals,fsm,1,,
35,35,Number of pupils,NUM,1,,6662062 - TREOWEN C.P. SCHOOL,6662062,419,,Eligible for free school meals or transitionally protected,fsmtp,2,,
90,90,Number of pupils,NUM,1,,6662062 - TREOWEN C.P. SCHOOL,6662062,419,,All pupils,all,3,,Total
5,5,Number of pupils,NUM,1,,6662066 - FRANKSBRIDGE C.P. SCHOOL,6662066,420,,Eligible for free school meals,fsm,1,,
5,5,Number of pupils,NUM,1,,6662066 - FRANKSBRIDGE C.P. SCHOOL,6662066,420,,Eligible for free school meals or transitionally protected,fsmtp,2,,
35,35,Number of pupils,NUM,1,,6662066 - FRANKSBRIDGE C.P. SCHOOL,6662066,420,,All pupils,all,3,,Total
,,Number of pupils,NUM,1,,6662068 - LLANBISTER C.P. SCHOOL,6662068,421,,Eligible for free school meals,fsm,1,,Confidential
,,Number of pupils,NUM,1,,6662068 - LLANBISTER C.P. SCHOOL,6662068,421,,Eligible for free school meals or transitionally protected,fsmtp,2,,Confidential
60,60,Number of pupils,NUM,1,,6662068 - LLANBISTER C.P. SCHOOL,6662068,421,,All pupils,all,3,,Total
40,40,Number of pupils,NUM,1,,6662070 - YSGOL CEFNLLYS,6662070,422,,Eligible for free school meals,fsm,1,,
65,65,Number of pupils,NUM,1,,6662070 - YSGOL CEFNLLYS,6662070,422,,Eligible for free school meals or transitionally protected,fsmtp,2,,
200,200,Number of pupils,NUM,1,,6662070 - YSGOL CEFNLLYS,6662070,422,,All pupils,all,3,,Total
10,10,Number of pupils,NUM,1,,6662075 - PRESTEIGNE C.P. SCHOOL,6662075,423,,Eligible for free school meals,fsm,1,,
25,25,Number of pupils,NUM,1,,6662075 - PRESTEIGNE C.P. SCHOOL,6662075,423,,Eligible for free school meals or transitionally protected,fsmtp,2,,
175,175,Number of pupils,NUM,1,,6662075 - PRESTEIGNE C.P. SCHOOL,6662075,423,,All pupils,all,3,,Total
0,0,Number of pupils,NUM,1,,6662076 - RADNOR VALLEY C.P. SCHOOL,6662076,424,,Eligible for free school meals,fsm,1,,
,,Number of pupils,NUM,1,,6662076 - RADNOR VALLEY C.P. SCHOOL,6662076,424,,Eligible for free school meals or transitionally protected,fsmtp,2,,Confidential
50,50,Number of pupils,NUM,1,,6662076 - RADNOR VALLEY C.P. SCHOOL,6662076,424,,All pupils,all,3,,Total
15,15,Number of pupils,NUM,1,,6662077 - CROSSGATES C.P. SCHOOL,6662077,425,,Eligible for free school meals,fsm,1,,
20,20,Number of pupils,NUM,1,,6662077 - CROSSGATES C.P. SCHOOL,6662077,425,,Eligible for free school meals or transitionally protected,fsmtp,2,,
145,145,Number of pupils,NUM,1,,6662077 - CROSSGATES C.P. SCHOOL,6662077,425,,All pupils,all,3,,Total
,,Number of pupils,NUM,1,,6662084 - YSGOL DOLAFON,6662084,426,,Eligible for free school meals,fsm,1,,Confidential
5,5,Number of pupils,NUM,1,,6662084 - YSGOL DOLAFON,6662084,426,,Eligible for free school meals or transitionally protected,fsmtp,2,,
40,40,Number of pupils,NUM,1,,6662084 - YSGOL DOLAFON,6662084,426,,All pupils,all,3,,Total
25,25,Number of pupils,NUM,1,,6662089 - BUILTH WELLS C.P. SCHOOL,6662089,427,,Eligible for free school meals,fsm,1,,
40,40,Number of pupils,NUM,1,,6662089 - BUILTH WELLS C.P. SCHOOL,6662089,427,,Eligible for free school meals or transitionally protected,fsmtp,2,,
240,240,Number of pupils,NUM,1,,6662089 - BUILTH WELLS C.P. SCHOOL,6662089,427,,All pupils,all,3,,Total
0,0,Number of pupils,NUM,1,,6662092 - SENNYBRIDGE C.P. SCHOOL,6662092,428,,Eligible for free school meals,fsm,1,,
5,5,Number of pupils,NUM,1,,6662092 - SENNYBRIDGE C.P. SCHOOL,6662092,428,,Eligible for free school meals or transitionally protected,fsmtp,2,,
105,105,Number of pupils,NUM,1,,6662092 - SENNYBRIDGE C.P. SCHOOL,6662092,428,,All pupils,all,3,,Total
,,Number of pupils,NUM,1,,6662113 - CRICKHOWELL C.P. SCHOOL,6662113,429,,Eligible for free school meals,fsm,1,,Confidential
10,10,Number of pupils,NUM,1,,6662113 - CRICKHOWELL C.P. SCHOOL,6662113,429,,Eligible for free school meals or transitionally protected,fsmtp,2,,
210,210,Number of pupils,NUM,1,,6662113 - CRICKHOWELL C.P. SCHOOL,6662113,429,,All pupils,all,3,,Total
10,10,Number of pupils,NUM,1,,6662116 - HAY-ON-WYE C.P. SCHOOL,6662116,430,,Eligible for free school meals,fsm,1,,
20,20,Number of pupils,NUM,1,,6662116 - HAY-ON-WYE C.P. SCHOOL,6662116,430,,Eligible for free school meals or transitionally protected,fsmtp,2,,
185,185,Number of pupils,NUM,1,,6662116 - HAY-ON-WYE C.P. SCHOOL,6662116,430,,All pupils,all,3,,Total
,,Number of pupils,NUM,1,,6662117 - LLANGYNIDR C.P. SCHOOL,6662117,431,,Eligible for free school meals,fsm,1,,Confidential
10,10,Number of pupils,NUM,1,,6662117 - LLANGYNIDR C.P. SCHOOL,6662117,431,,Eligible for free school meals or transitionally protected,fsmtp,2,,
100,100,Number of pupils,NUM,1,,6662117 - LLANGYNIDR C.P. SCHOOL,6662117,431,,All pupils,all,3,,Total
25,25,Number of pupils,NUM,1,,6662125 - LLANFAES C.P. SCHOOL,6662125,432,,Eligible for free school meals,fsm,1,,
40,40,Number of pupils,NUM,1,,6662125 - LLANFAES C.P. SCHOOL,6662125,432,,Eligible for free school meals or transitionally protected,fsmtp,2,,
195,195,Number of pupils,NUM,1,,6662125 - LLANFAES C.P. SCHOOL,6662125,432,,All pupils,all,3,,Total
,,Number of pupils,NUM,1,,6662127 - YSGOL Y BANNAU,6662127,433,,Eligible for free school meals,fsm,1,,Confidential
10,10,Number of pupils,NUM,1,,6662127 - YSGOL Y BANNAU,6662127,433,,Eligible for free school meals or transitionally protected,fsmtp,2,,
95,95,Number of pupils,NUM,1,,6662127 - YSGOL Y BANNAU,6662127,433,,All pupils,all,3,,Total
5,5,Number of pupils,NUM,1,,6662129 - YSGOL RHIW BECHAN,6662129,434,,Eligible for free school meals,fsm,1,,
15,15,Number of pupils,NUM,1,,6662129 - YSGOL RHIW BECHAN,6662129,434,,Eligible for free school meals or transitionally protected,fsmtp,2,,
140,140,Number of pupils,NUM,1,,6662129 - YSGOL RHIW BECHAN,6662129,434,,All pupils,all,3,,Total
10,10,Number of pupils,NUM,1,,6662146 - LLANRHAEADR YM MOCHNANT C.P. SCHOOL,6662146,435,,Eligible for free school meals,fsm,1,,
15,15,Number of pupils,NUM,1,,6662146 - LLANRHAEADR YM MOCHNANT C.P. SCHOOL,6662146,435,,Eligible for free school meals or transitionally protected,fsmtp,2,,
85,85,Number of pupils,NUM,1,,6662146 - LLANRHAEADR YM MOCHNANT C.P. SCHOOL,6662146,435,,All pupils,all,3,,Total
0,0,Number of pupils,NUM,1,,6662147 - YSGOL BRO CYNLLAITH,6662147,436,,Eligible for free school meals,fsm,1,,
,,Number of pupils,NUM,1,,6662147 - YSGOL BRO CYNLLAITH,6662147,436,,Eligible for free school meals or transitionally protected,fsmtp,2,,Confidential
25,25,Number of pupils,NUM,1,,6662147 - YSGOL BRO CYNLLAITH,6662147,436,,All pupils,all,3,,Total
15,15,Number of pupils,NUM,1,,6662148 - YSGOL DAFYDD LLWYD,6662148,437,,Eligible for free school meals,fsm,1,,
35,35,Number of pupils,NUM,1,,6662148 - YSGOL DAFYDD LLWYD,6662148,437,,Eligible for free school meals or transitionally protected,fsmtp,2,,
210,210,Number of pupils,NUM,1,,6662148 - YSGOL DAFYDD LLWYD,6662148,437,,All pupils,all,3,,Total
25,25,Number of pupils,NUM,1,,6662149 - YSGOL Y CRIBARTH,6662149,438,,Eligible for free school meals,fsm,1,,
30,30,Number of pupils,NUM,1,,6662149 - YSGOL Y CRIBARTH,6662149,438,,Eligible for free school meals or transitionally protected,fsmtp,2,,
115,115,Number of pupils,NUM,1,,6662149 - YSGOL Y CRIBARTH,6662149,438,,All pupils,all,3,,Total
60,60,Number of pupils,NUM,1,,6662150 - YSGOL GOLWG Y CWM,6662150,439,,Eligible for free school meals,fsm,1,,
70,70,Number of pupils,NUM,1,,6662150 - YSGOL GOLWG Y CWM,6662150,439,,Eligible for free school meals or transitionally protected,fsmtp,2,,
190,190,Number of pupils,NUM,1,,6662150 - YSGOL GOLWG Y CWM,6662150,439,,All pupils,all,3,,Total
30,30,Number of pupils,NUM,1,,6662151 - YSGOL BRO TAWE,6662151,440,,Eligible for free school meals,fsm,1,,
40,40,Number of pupils,NUM,1,,6662151 - YSGOL BRO TAWE,6662151,440,,Eligible for free school meals or transitionally protected,fsmtp,2,,
205,205,Number of pupils,NUM,1,,6662151 - YSGOL BRO TAWE,6662151,440,,All pupils,all,3,,Total
35,35,Number of pupils,NUM,1,,6662152 - YSGOL GYMRAEG DYFFRYN Y GLOWYR,6662152,441,,Eligible for free school meals,fsm,1,,
60,60,Number of pupils,NUM,1,,6662152 - YSGOL GYMRAEG DYFFRYN Y GLOWYR,6662152,441,,Eligible for free school meals or transitionally protected,fsmtp,2,,
350,350,Number of pupils,NUM,1,,6662152 - YSGOL GYMRAEG DYFFRYN Y GLOWYR,6662152,441,,All pupils,all,3,,Total
15,15,Number of pupils,NUM,1,,6662153 - YSGOL Y MYNYDD DU ,6662153,442,,Eligible for free school meals,fsm,1,,
20,20,Number of pupils,NUM,1,,6662153 - YSGOL Y MYNYDD DU ,6662153,442,,Eligible for free school meals or transitionally protected,fsmtp,2,,
90,90,Number of pupils,NUM,1,,6662153 - YSGOL Y MYNYDD DU ,6662153,442,,All pupils,all,3,,Total
15,15,Number of pupils,NUM,1,,6662154 - YSGOL GYMRAEG Y TRALLWNG,6662154,443,,Eligible for free school meals,fsm,1,,
15,15,Number of pupils,NUM,1,,6662154 - YSGOL GYMRAEG Y TRALLWNG,6662154,443,,Eligible for free school meals or transitionally protected,fsmtp,2,,
115,115,Number of pupils,NUM,1,,6662154 - YSGOL GYMRAEG Y TRALLWNG,6662154,443,,All pupils,all,3,,Total
60,60,Number of pupils,NUM,1,,6662155 - YSGOL CALON Y DDERWEN,6662155,444,,Eligible for free school meals,fsm,1,,
90,90,Number of pupils,NUM,1,,6662155 - YSGOL CALON Y DDERWEN,6662155,444,,Eligible for free school meals or transitionally protected,fsmtp,2,,
260,260,Number of pupils,NUM,1,,6662155 - YSGOL CALON Y DDERWEN,6662155,444,,All pupils,all,3,,Total
50,50,Number of pupils,NUM,1,,6662156 - YSGOL GOLWG PEN Y FAN,6662156,445,,Eligible for free school meals,fsm,1,,
60,60,Number of pupils,NUM,1,,6662156 - YSGOL GOLWG PEN Y FAN,6662156,445,,Eligible for free school meals or transitionally protected,fsmtp,2,,
300,300,Number of pupils,NUM,1,,6662156 - YSGOL GOLWG PEN Y FAN,6662156,445,,All pupils,all,3,,Total
5,5,Number of pupils,NUM,1,,6663000 - LLANFECHAIN C.I.W. SCHOOL,6663000,446,,Eligible for free school meals,fsm,1,,
10,10,Number of pupils,NUM,1,,6663000 - LLANFECHAIN C.I.W. SCHOOL,6663000,446,,Eligible for free school meals or transitionally protected,fsmtp,2,,
45,45,Number of pupils,NUM,1,,6663000 - LLANFECHAIN C.I.W. SCHOOL,6663000,446,,All pupils,all,3,,Total
10,10,Number of pupils,NUM,1,,6663002 - MONTGOMERY C.I.W. SCHOOL,6663002,447,,Eligible for free school meals,fsm,1,,
20,20,Number of pupils,NUM,1,,6663002 - MONTGOMERY C.I.W. SCHOOL,6663002,447,,Eligible for free school meals or transitionally protected,fsmtp,2,,
110,110,Number of pupils,NUM,1,,6663002 - MONTGOMERY C.I.W. SCHOOL,6663002,447,,All pupils,all,3,,Total
,,Number of pupils,NUM,1,,6663016 - FORDEN C.I.W. SCHOOL,6663016,448,,Eligible for free school meals,fsm,1,,Confidential
10,10,Number of pupils,NUM,1,,6663016 - FORDEN C.I.W. SCHOOL,6663016,448,,Eligible for free school meals or transitionally protected,fsmtp,2,,
55,55,Number of pupils,NUM,1,,6663016 - FORDEN C.I.W. SCHOOL,6663016,448,,All pupils,all,3,,Total
5,5,Number of pupils,NUM,1,,6663021 - LLANDYSILIO C.I.W. SCHOOL,6663021,449,,Eligible for free school meals,fsm,1,,
15,15,Number of pupils,NUM,1,,6663021 - LLANDYSILIO C.I.W. SCHOOL,6663021,449,,Eligible for free school meals or transitionally protected,fsmtp,2,,
55,55,Number of pupils,NUM,1,,6663021 - LLANDYSILIO C.I.W. SCHOOL,6663021,449,,All pupils,all,3,,Total
,,Number of pupils,NUM,1,,6663026 - GLADESTRY C.I.W. SCHOOL,6663026,450,,Eligible for free school meals,fsm,1,,Confidential
,,Number of pupils,NUM,1,,6663026 - GLADESTRY C.I.W. SCHOOL,6663026,450,,Eligible for free school meals or transitionally protected,fsmtp,2,,Confidential
35,35,Number of pupils,NUM,1,,6663026 - GLADESTRY C.I.W. SCHOOL,6663026,450,,All pupils,all,3,,Total
40,40,Number of pupils,NUM,1,,6663030 - YSGOL TREFONNEN CHURCH IN WALES COMMUNITY PRIMARY,6663030,451,,Eligible for free school meals,fsm,1,,
65,65,Number of pupils,NUM,1,,6663030 - YSGOL TREFONNEN CHURCH IN WALES COMMUNITY PRIMARY,6663030,451,,Eligible for free school meals or transitionally protected,fsmtp,2,,
205,205,Number of pupils,NUM,1,,6663030 - YSGOL TREFONNEN CHURCH IN WALES COMMUNITY PRIMARY,6663030,451,,All pupils,all,3,,Total
,,Number of pupils,NUM,1,,6663031 - NEWBRIDGE-ON-WYE CHURCH IN WALES SCHOOL,6663031,452,,Eligible for free school meals,fsm,1,,Confidential
,,Number of pupils,NUM,1,,6663031 - NEWBRIDGE-ON-WYE CHURCH IN WALES SCHOOL,6663031,452,,Eligible for free school meals or transitionally protected,fsmtp,2,,Confidential
105,105,Number of pupils,NUM,1,,6663031 - NEWBRIDGE-ON-WYE CHURCH IN WALES SCHOOL,6663031,452,,All pupils,all,3,,Total
5,5,Number of pupils,NUM,1,,6663033 - CLYRO C.I.W. SCHOOL,6663033,453,,Eligible for free school meals,fsm,1,,
10,10,Number of pupils,NUM,1,,6663033 - CLYRO C.I.W. SCHOOL,6663033,453,,Eligible for free school meals or transitionally protected,fsmtp,2,,
70,70,Number of pupils,NUM,1,,6663033 - CLYRO C.I.W. SCHOOL,6663033,453,,All pupils,all,3,,Total
25,25,Number of pupils,NUM,1,,6663035 - KNIGHTON CHURCH IN WALES PRIMARY SCHOOL,6663035,454,,Eligible for free school meals,fsm,1,,
35,35,Number of pupils,NUM,1,,6663035 - KNIGHTON CHURCH IN WALES PRIMARY SCHOOL,6663035,454,,Eligible for free school meals or transitionally protected,fsmtp,2,,
170,170,Number of pupils,NUM,1,,6663035 - KNIGHTON CHURCH IN WALES PRIMARY SCHOOL,6663035,454,,All pupils,all,3,,Total
15,15,Number of pupils,NUM,1,,6663036 - RHAYADER C.I.W. SCHOOL,6663036,455,,Eligible for free school meals,fsm,1,,
45,45,Number of pupils,NUM,1,,6663036 - RHAYADER C.I.W. SCHOOL,6663036,455,,Eligible for free school meals or transitionally protected,fsmtp,2,,
220,220,Number of pupils,NUM,1,,6663036 - RHAYADER C.I.W. SCHOOL,6663036,455,,All pupils,all,3,,Total
10,10,Number of pupils,NUM,1,,6663037 - LLANELWEDD CHURCH IN WALES PRIMARY SCHOOL,6663037,456,,Eligible for free school meals,fsm,1,,
10,10,Number of pupils,NUM,1,,6663037 - LLANELWEDD CHURCH IN WALES PRIMARY SCHOOL,6663037,456,,Eligible for free school meals or transitionally protected,fsmtp,2,,
95,95,Number of pupils,NUM,1,,6663037 - LLANELWEDD CHURCH IN WALES PRIMARY SCHOOL,6663037,456,,All pupils,all,3,,Total
10,10,Number of pupils,NUM,1,,6663050 - LLANGORS C.I.W. SCHOOL,6663050,457,,Eligible for free school meals,fsm,1,,
20,20,Number of pupils,NUM,1,,6663050 - LLANGORS C.I.W. SCHOOL,6663050,457,,Eligible for free school meals or transitionally protected,fsmtp,2,,
140,140,Number of pupils,NUM,1,,6663050 - LLANGORS C.I.W. SCHOOL,6663050,457,,All pupils,all,3,,Total
75,75,Number of pupils,NUM,1,,6663051 - WELSHPOOL CHURCH IN WALES PRIMARY SCHOOL,6663051,458,,Eligible for free school meals,fsm,1,,
100,100,Number of pupils,NUM,1,,6663051 - WELSHPOOL CHURCH IN WALES PRIMARY SCHOOL,6663051,458,,Eligible for free school meals or transitionally protected,fsmtp,2,,
265,265,Number of pupils,NUM,1,,6663051 - WELSHPOOL CHURCH IN WALES PRIMARY SCHOOL,6663051,458,,All pupils,all,3,,Total
,,Number of pupils,NUM,1,,6663301 - ST. MICHAEL'S C.I.W. SCHOOL,6663301,459,,Eligible for free school meals,fsm,1,,Confidential
5,5,Number of pupils,NUM,1,,6663301 - ST. MICHAEL'S C.I.W. SCHOOL,6663301,459,,Eligible for free school meals or transitionally protected,fsmtp,2,,
80,80,Number of pupils,NUM,1,,6663301 - ST. MICHAEL'S C.I.W. SCHOOL,6663301,459,,All pupils,all,3,,Total
10,10,Number of pupils,NUM,1,,6663303 - LLANSANTFFRAID C.I.W.A.,6663303,460,,Eligible for free school meals,fsm,1,,
15,15,Number of pupils,NUM,1,,6663303 - LLANSANTFFRAID C.I.W.A.,6663303,460,,Eligible for free school meals or transitionally protected,fsmtp,2,,
110,110,Number of pupils,NUM,1,,6663303 - LLANSANTFFRAID C.I.W.A.,6663303,460,,All pupils,all,3,,Total
5,5,Number of pupils,NUM,1,,6663317 - ARCHDEACON GRIFFITHS C.I.W. PRIMARY SCHOOL,6663317,461,,Eligible for free school meals,fsm,1,,
10,10,Number of pupils,NUM,1,,6663317 - ARCHDEACON GRIFFITHS C.I.W. PRIMARY SCHOOL,6663317,461,,Eligible for free school meals or transitionally protected,fsmtp,2,,
135,135,Number of pupils,NUM,1,,6663317 - ARCHDEACON GRIFFITHS C.I.W. PRIMARY SCHOOL,6663317,461,,All pupils,all,3,,Total
35,35,Number of pupils,NUM,1,,6663318 - PRIORY CHURCH IN WALES SCHOOL,6663318,462,,Eligible for free school meals,fsm,1,,
55,55,Number of pupils,NUM,1,,6663318 - PRIORY CHURCH IN WALES SCHOOL,6663318,462,,Eligible for free school meals or transitionally protected,fsmtp,2,,
145,145,Number of pupils,NUM,1,,6663318 - PRIORY CHURCH IN WALES SCHOOL,6663318,462,,All pupils,all,3,,Total
20,20,Number of pupils,NUM,1,,6663320 - ST MARY`S R.C. (A) SCHOOL,6663320,463,,Eligible for free school meals,fsm,1,,
25,25,Number of pupils,NUM,1,,6663320 - ST MARY`S R.C. (A) SCHOOL,6663320,463,,Eligible for free school meals or transitionally protected,fsmtp,2,,
60,60,Number of pupils,NUM,1,,6663320 - ST MARY`S R.C. (A) SCHOOL,6663320,463,,All pupils,all,3,,Total
5,5,Number of pupils,NUM,1,,6663322 - LLANGATTOCK C.I.W. SCHOOL,6663322,464,,Eligible for free school meals,fsm,1,,
10,10,Number of pupils,NUM,1,,6663322 - LLANGATTOCK C.I.W. SCHOOL,6663322,464,,Eligible for free school meals or transitionally protected,fsmtp,2,,
110,110,Number of pupils,NUM,1,,6663322 - LLANGATTOCK C.I.W. SCHOOL,6663322,464,,All pupils,all,3,,Total
5,5,Number of pupils,NUM,1,,6663323 - YSGOL CWM BANWY,6663323,465,,Eligible for free school meals,fsm,1,,
5,5,Number of pupils,NUM,1,,6663323 - YSGOL CWM BANWY,6663323,465,,Eligible for free school meals or transitionally protected,fsmtp,2,,
45,45,Number of pupils,NUM,1,,6663323 - YSGOL CWM BANWY,6663323,465,,All pupils,all,3,,Total
45,45,Number of pupils,NUM,1,,6664002 - LLANIDLOES HIGH SCHOOL,6664002,466,,Eligible for free school meals,fsm,1,,
115,115,Number of pupils,NUM,1,,6664002 - LLANIDLOES HIGH SCHOOL,6664002,466,,Eligible for free school meals or transitionally protected,fsmtp,2,,
705,705,Number of pupils,NUM,1,,6664002 - LLANIDLOES HIGH SCHOOL,6664002,466,,All pupils,all,3,,Total
140,140,Number of pupils,NUM,1,,6664011 - Newtown High School,6664011,467,,Eligible for free school meals,fsm,1,,
225,225,Number of pupils,NUM,1,,6664011 - Newtown High School,6664011,467,,Eligible for free school meals or transitionally protected,fsmtp,2,,
895,895,Number of pupils,NUM,1,,6664011 - Newtown High School,6664011,467,,All pupils,all,3,,Total
85,85,Number of pupils,NUM,1,,6664013 - WELSHPOOL HIGH SCHOOL,6664013,468,,Eligible for free school meals,fsm,1,,
125,125,Number of pupils,NUM,1,,6664013 - WELSHPOOL HIGH SCHOOL,6664013,468,,Eligible for free school meals or transitionally protected,fsmtp,2,,
815,815,Number of pupils,NUM,1,,6664013 - WELSHPOOL HIGH SCHOOL,6664013,468,,All pupils,all,3,,Total
100,100,Number of pupils,NUM,1,,6664021 - Ysgol Maesydderwen,6664021,469,,Eligible for free school meals,fsm,1,,
155,155,Number of pupils,NUM,1,,6664021 - Ysgol Maesydderwen,6664021,469,,Eligible for free school meals or transitionally protected,fsmtp,2,,
515,515,Number of pupils,NUM,1,,6664021 - Ysgol Maesydderwen,6664021,469,,All pupils,all,3,,Total
55,55,Number of pupils,NUM,1,,6664022 - BRECON HIGH SCHOOL,6664022,470,,Eligible for free school meals,fsm,1,,
105,105,Number of pupils,NUM,1,,6664022 - BRECON HIGH SCHOOL,6664022,470,,Eligible for free school meals or transitionally protected,fsmtp,2,,
555,555,Number of pupils,NUM,1,,6664022 - BRECON HIGH SCHOOL,6664022,470,,All pupils,all,3,,Total
45,45,Number of pupils,NUM,1,,6664023 - Gwernyfed High School,6664023,471,,Eligible for free school meals,fsm,1,,
75,75,Number of pupils,NUM,1,,6664023 - Gwernyfed High School,6664023,471,,Eligible for free school meals or transitionally protected,fsmtp,2,,
505,505,Number of pupils,NUM,1,,6664023 - Gwernyfed High School,6664023,471,,All pupils,all,3,,Total
40,40,Number of pupils,NUM,1,,6664024 - Crickhowell High School,6664024,472,,Eligible for free school meals,fsm,1,,
90,90,Number of pupils,NUM,1,,6664024 - Crickhowell High School,6664024,472,,Eligible for free school meals or transitionally protected,fsmtp,2,,
940,940,Number of pupils,NUM,1,,6664024 - Crickhowell High School,6664024,472,,All pupils,all,3,,Total
130,130,Number of pupils,NUM,1,,6664025 - Ysgol Calon Cymru,6664025,473,,Eligible for free school meals,fsm,1,,
190,190,Number of pupils,NUM,1,,6664025 - Ysgol Calon Cymru,6664025,473,,Eligible for free school meals or transitionally protected,fsmtp,2,,
950,950,Number of pupils,NUM,1,,6664025 - Ysgol Calon Cymru,6664025,473,,All pupils,all,3,,Total
35,35,Number of pupils,NUM,1,,6665500 - Ysgol Bro Hyddgen,6665500,474,,Eligible for free school meals,fsm,1,,
75,75,Number of pupils,NUM,1,,6665500 - Ysgol Bro Hyddgen,6665500,474,,Eligible for free school meals or transitionally protected,fsmtp,2,,
440,440,Number of pupils,NUM,1,,6665500 - Ysgol Bro Hyddgen,6665500,474,,All pupils,all,3,,Total
70,70,Number of pupils,NUM,1,,6665501 - Ysgol Llanfyllin,6665501,475,,Eligible for free school meals,fsm,1,,
115,115,Number of pupils,NUM,1,,6665501 - Ysgol Llanfyllin,6665501,475,,Eligible for free school meals or transitionally protected,fsmtp,2,,
775,775,Number of pupils,NUM,1,,6665501 - Ysgol Llanfyllin,6665501,475,,All pupils,all,3,,Total
25,25,Number of pupils,NUM,1,,6665502 - Ysgol Bro Caereinion,6665502,476,,Eligible for free school meals,fsm,1,,
60,60,Number of pupils,NUM,1,,6665502 - Ysgol Bro Caereinion,6665502,476,,Eligible for free school meals or transitionally protected,fsmtp,2,,
495,495,Number of pupils,NUM,1,,6665502 - Ysgol Bro Caereinion,6665502,476,,All pupils,all,3,,Total
30,30,Number of pupils,NUM,1,,6667001 - BRYNLLYWARCH HALL SCHOOL,6667001,477,,Eligible for free school meals,fsm,1,,
45,45,Number of pupils,NUM,1,,6667001 - BRYNLLYWARCH HALL SCHOOL,6667001,477,,Eligible for free school meals or transitionally protected,fsmtp,2,,
85,85,Number of pupils,NUM,1,,6667001 - BRYNLLYWARCH HALL SCHOOL,6667001,477,,All pupils,all,3,,Total
40,40,Number of pupils,NUM,1,,6667002 - YSGOL ROBERT OWEN,6667002,478,,Eligible for free school meals,fsm,1,,
50,50,Number of pupils,NUM,1,,6667002 - YSGOL ROBERT OWEN,6667002,478,,Eligible for free school meals or transitionally protected,fsmtp,2,,
110,110,Number of pupils,NUM,1,,6667002 - YSGOL ROBERT OWEN,6667002,478,,All pupils,all,3,,Total
40,40,Number of pupils,NUM,1,,6667004 - YSGOL PENMAES,6667004,479,,Eligible for free school meals,fsm,1,,
50,50,Number of pupils,NUM,1,,6667004 - YSGOL PENMAES,6667004,479,,Eligible for free school meals or transitionally protected,fsmtp,2,,
115,115,Number of pupils,NUM,1,,6667004 - YSGOL PENMAES,6667004,479,,All pupils,all,3,,Total
15,15,Number of pupils,NUM,1,,6672281 - YSGOL GYMUNEDOL GYNRADD ABERAERON,6672281,480,,Eligible for free school meals,fsm,1,,
20,20,Number of pupils,NUM,1,,6672281 - YSGOL GYMUNEDOL GYNRADD ABERAERON,6672281,480,,Eligible for free school meals or transitionally protected,fsmtp,2,,
230,230,Number of pupils,NUM,1,,6672281 - YSGOL GYMUNEDOL GYNRADD ABERAERON,6672281,480,,All pupils,all,3,,Total
15,15,Number of pupils,NUM,1,,6672291 - YSGOL GYMUNEDOL LLANARTH,6672291,481,,Eligible for free school meals,fsm,1,,
20,20,Number of pupils,NUM,1,,6672291 - YSGOL GYMUNEDOL LLANARTH,6672291,481,,Eligible for free school meals or transitionally protected,fsmtp,2,,
65,65,Number of pupils,NUM,1,,6672291 - YSGOL GYMUNEDOL LLANARTH,6672291,481,,All pupils,all,3,,Total
,,Number of pupils,NUM,1,,6672293 - YSGOL GYMUNEDOL LLANNON,6672293,482,,Eligible for free school meals,fsm,1,,Confidential
5,5,Number of pupils,NUM,1,,6672293 - YSGOL GYMUNEDOL LLANNON,6672293,482,,Eligible for free school meals or transitionally protected,fsmtp,2,,
40,40,Number of pupils,NUM,1,,6672293 - YSGOL GYMUNEDOL LLANNON,6672293,482,,All pupils,all,3,,Total
15,15,Number of pupils,NUM,1,,6672295 - YSGOL GYMUNEDOL CEI NEWYDD,6672295,483,,Eligible for free school meals,fsm,1,,
30,30,Number of pupils,NUM,1,,6672295 - YSGOL GYMUNEDOL CEI NEWYDD,6672295,483,,Eligible for free school meals or transitionally protected,fsmtp,2,,
70,70,Number of pupils,NUM,1,,6672295 - YSGOL GYMUNEDOL CEI NEWYDD,6672295,483,,All pupils,all,3,,Total
,,Number of pupils,NUM,1,,6672298 - YSGOL GYMUNEDOL TALGARREG,6672298,484,,Eligible for free school meals,fsm,1,,Confidential
,,Number of pupils,NUM,1,,6672298 - YSGOL GYMUNEDOL TALGARREG,6672298,484,,Eligible for free school meals or transitionally protected,fsmtp,2,,Confidential
35,35,Number of pupils,NUM,1,,6672298 - YSGOL GYMUNEDOL TALGARREG,6672298,484,,All pupils,all,3,,Total
20,20,Number of pupils,NUM,1,,6672299 - YSGOL GYMRAEG ABERYSTWYTH,6672299,485,,Eligible for free school meals,fsm,1,,
30,30,Number of pupils,NUM,1,,6672299 - YSGOL GYMRAEG ABERYSTWYTH,6672299,485,,Eligible for free school meals or transitionally protected,fsmtp,2,,
370,370,Number of pupils,NUM,1,,6672299 - YSGOL GYMRAEG ABERYSTWYTH,6672299,485,,All pupils,all,3,,Total
15,15,Number of pupils,NUM,1,,6672303 - YSGOL GYMUNEDOL COMINS COCH,6672303,486,,Eligible for free school meals,fsm,1,,
25,25,Number of pupils,NUM,1,,6672303 - YSGOL GYMUNEDOL COMINS COCH,6672303,486,,Eligible for free school meals or transitionally protected,fsmtp,2,,
135,135,Number of pupils,NUM,1,,6672303 - YSGOL GYMUNEDOL COMINS COCH,6672303,486,,All pupils,all,3,,Total
,,Number of pupils,NUM,1,,6672308 - YSGOL GYMUNEDOL LLANFARIAN,6672308,487,,Eligible for free school meals,fsm,1,,Confidential
,,Number of pupils,NUM,1,,6672308 - YSGOL GYMUNEDOL LLANFARIAN,6672308,487,,Eligible for free school meals or transitionally protected,fsmtp,2,,Confidential
40,40,Number of pupils,NUM,1,,6672308 - YSGOL GYMUNEDOL LLANFARIAN,6672308,487,,All pupils,all,3,,Total
0,0,Number of pupils,NUM,1,,6672309 - YSGOL GYMUNEDOL LLANFIHANGEL-Y-CREUDDYN,6672309,488,,Eligible for free school meals,fsm,1,,
0,0,Number of pupils,NUM,1,,6672309 - YSGOL GYMUNEDOL LLANFIHANGEL-Y-CREUDDYN,6672309,488,,Eligible for free school meals or transitionally protected,fsmtp,2,,
15,15,Number of pupils,NUM,1,,6672309 - YSGOL GYMUNEDOL LLANFIHANGEL-Y-CREUDDYN,6672309,488,,All pupils,all,3,,Total
,,Number of pupils,NUM,1,,6672310 - YSGOL GYMUNEDOL LLANGWYRYFON,6672310,489,,Eligible for free school meals,fsm,1,,Confidential
,,Number of pupils,NUM,1,,6672310 - YSGOL GYMUNEDOL LLANGWYRYFON,6672310,489,,Eligible for free school meals or transitionally protected,fsmtp,2,,Confidential
25,25,Number of pupils,NUM,1,,6672310 - YSGOL GYMUNEDOL LLANGWYRYFON,6672310,489,,All pupils,all,3,,Total
5,5,Number of pupils,NUM,1,,6672311 - YSGOL LLANILAR,6672311,490,,Eligible for free school meals,fsm,1,,
15,15,Number of pupils,NUM,1,,6672311 - YSGOL LLANILAR,6672311,490,,Eligible for free school meals or transitionally protected,fsmtp,2,,
105,105,Number of pupils,NUM,1,,6672311 - YSGOL LLANILAR,6672311,490,,All pupils,all,3,,Total
5,5,Number of pupils,NUM,1,,6672312 - YSGOL GYMUNEDOL MYNACH,6672312,491,,Eligible for free school meals,fsm,1,,
10,10,Number of pupils,NUM,1,,6672312 - YSGOL GYMUNEDOL MYNACH,6672312,491,,Eligible for free school meals or transitionally protected,fsmtp,2,,
45,45,Number of pupils,NUM,1,,6672312 - YSGOL GYMUNEDOL MYNACH,6672312,491,,All pupils,all,3,,Total
5,5,Number of pupils,NUM,1,,6672313 - YSGOL PENLLWYN,6672313,492,,Eligible for free school meals,fsm,1,,
5,5,Number of pupils,NUM,1,,6672313 - YSGOL PENLLWYN,6672313,492,,Eligible for free school meals or transitionally protected,fsmtp,2,,
40,40,Number of pupils,NUM,1,,6672313 - YSGOL PENLLWYN,6672313,492,,All pupils,all,3,,Total
85,85,Number of pupils,NUM,1,,6672314 - YSGOL GYMUNEDOL LLWYN YR EOS,6672314,493,,Eligible for free school meals,fsm,1,,
110,110,Number of pupils,NUM,1,,6672314 - YSGOL GYMUNEDOL LLWYN YR EOS,6672314,493,,Eligible for free school meals or transitionally protected,fsmtp,2,,
240,240,Number of pupils,NUM,1,,6672314 - YSGOL GYMUNEDOL LLWYN YR EOS,6672314,493,,All pupils,all,3,,Total
10,10,Number of pupils,NUM,1,,6672315 - YSGOL GYMUNEDOL SYR JOHN RHYS,6672315,494,,Eligible for free school meals,fsm,1,,
10,10,Number of pupils,NUM,1,,6672315 - YSGOL GYMUNEDOL SYR JOHN RHYS,6672315,494,,Eligible for free school meals or transitionally protected,fsmtp,2,,
15,15,Number of pupils,NUM,1,,6672315 - YSGOL GYMUNEDOL SYR JOHN RHYS,6672315,494,,All pupils,all,3,,Total
15,15,Number of pupils,NUM,1,,6672316 - YSGOL GYMUNEDOL RHYDYPENNAU,6672316,495,,Eligible for free school meals,fsm,1,,
20,20,Number of pupils,NUM,1,,6672316 - YSGOL GYMUNEDOL RHYDYPENNAU,6672316,495,,Eligible for free school meals or transitionally protected,fsmtp,2,,
195,195,Number of pupils,NUM,1,,6672316 - YSGOL GYMUNEDOL RHYDYPENNAU,6672316,495,,All pupils,all,3,,Total
,,Number of pupils,NUM,1,,6672317 - YSGOL GYMUNEDOL TALYBONT,6672317,496,,Eligible for free school meals,fsm,1,,Confidential
5,5,Number of pupils,NUM,1,,6672317 - YSGOL GYMUNEDOL TALYBONT,6672317,496,,Eligible for free school meals or transitionally protected,fsmtp,2,,
55,55,Number of pupils,NUM,1,,6672317 - YSGOL GYMUNEDOL TALYBONT,6672317,496,,All pupils,all,3,,Total
15,15,Number of pupils,NUM,1,,6672319 - YSGOL GYMUNEDOL ABERPORTH,6672319,497,,Eligible for free school meals,fsm,1,,
30,30,Number of pupils,NUM,1,,6672319 - YSGOL GYMUNEDOL ABERPORTH,6672319,497,,Eligible for free school meals or transitionally protected,fsmtp,2,,
175,175,Number of pupils,NUM,1,,6672319 - YSGOL GYMUNEDOL ABERPORTH,6672319,497,,All pupils,all,3,,Total
20,20,Number of pupils,NUM,1,,6672323 - YSGOL GYMUNEDOL LLECHRYD,6672323,498,,Eligible for free school meals,fsm,1,,
25,25,Number of pupils,NUM,1,,6672323 - YSGOL GYMUNEDOL LLECHRYD,6672323,498,,Eligible for free school meals or transitionally protected,fsmtp,2,,
55,55,Number of pupils,NUM,1,,6672323 - YSGOL GYMUNEDOL LLECHRYD,6672323,498,,All pupils,all,3,,Total
,,Number of pupils,NUM,1,,6672324 - YSGOL GYMUNEDOL PENPARC,6672324,499,,Eligible for free school meals,fsm,1,,Confidential
10,10,Number of pupils,NUM,1,,6672324 - YSGOL GYMUNEDOL PENPARC,6672324,499,,Eligible for free school meals or transitionally protected,fsmtp,2,,
105,105,Number of pupils,NUM,1,,6672324 - YSGOL GYMUNEDOL PENPARC,6672324,499,,All pupils,all,3,,Total
10,10,Number of pupils,NUM,1,,6672353 - YSGOL GYMUNEDOL PONTRHYDFENDIGAID,6672353,500,,Eligible for free school meals,fsm,1,,
10,10,Number of pupils,NUM,1,,6672353 - YSGOL GYMUNEDOL PONTRHYDFENDIGAID,6672353,500,,Eligible for free school meals or transitionally protected,fsmtp,2,,
55,55,Number of pupils,NUM,1,,6672353 - YSGOL GYMUNEDOL PONTRHYDFENDIGAID,6672353,500,,All pupils,all,3,,Total
55,55,Number of pupils,NUM,1,,6672361 - YSGOL GYMUNEDOL PLASCRUG,6672361,501,,Eligible for free school meals,fsm,1,,
85,85,Number of pupils,NUM,1,,6672361 - YSGOL GYMUNEDOL PLASCRUG,6672361,501,,Eligible for free school meals or transitionally protected,fsmtp,2,,
440,440,Number of pupils,NUM,1,,6672361 - YSGOL GYMUNEDOL PLASCRUG,6672361,501,,All pupils,all,3,,Total
10,10,Number of pupils,NUM,1,,6672362 - YSGOL CRAIG YR WYLFA,6672362,502,,Eligible for free school meals,fsm,1,,
15,15,Number of pupils,NUM,1,,6672362 - YSGOL CRAIG YR WYLFA,6672362,502,,Eligible for free school meals or transitionally protected,fsmtp,2,,
25,25,Number of pupils,NUM,1,,6672362 - YSGOL CRAIG YR WYLFA,6672362,502,,All pupils,all,3,,Total
15,15,Number of pupils,NUM,1,,6672363 - YSGOL PENRHYNCOCH,6672363,503,,Eligible for free school meals,fsm,1,,
20,20,Number of pupils,NUM,1,,6672363 - YSGOL PENRHYNCOCH,6672363,503,,Eligible for free school meals or transitionally protected,fsmtp,2,,
115,115,Number of pupils,NUM,1,,6672363 - YSGOL PENRHYNCOCH,6672363,503,,All pupils,all,3,,Total
15,15,Number of pupils,NUM,1,,6672366 - YSGOL GYMUNEDOL Y DDERI,6672366,504,,Eligible for free school meals,fsm,1,,
15,15,Number of pupils,NUM,1,,6672366 - YSGOL GYMUNEDOL Y DDERI,6672366,504,,Eligible for free school meals or transitionally protected,fsmtp,2,,
100,100,Number of pupils,NUM,1,,6672366 - YSGOL GYMUNEDOL Y DDERI,6672366,504,,All pupils,all,3,,Total
15,15,Number of pupils,NUM,1,,6672367 - YSGOL GYMUNEDOL CENARTH,6672367,505,,Eligible for free school meals,fsm,1,,
25,25,Number of pupils,NUM,1,,6672367 - YSGOL GYMUNEDOL CENARTH,6672367,505,,Eligible for free school meals or transitionally protected,fsmtp,2,,
90,90,Number of pupils,NUM,1,,6672367 - YSGOL GYMUNEDOL CENARTH,6672367,505,,All pupils,all,3,,Total
85,85,Number of pupils,NUM,1,,6672368 - YSGOL GYNRADD ABERTEIFI,6672368,506,,Eligible for free school meals,fsm,1,,
125,125,Number of pupils,NUM,1,,6672368 - YSGOL GYNRADD ABERTEIFI,6672368,506,,Eligible for free school meals or transitionally protected,fsmtp,2,,
380,380,Number of pupils,NUM,1,,6672368 - YSGOL GYNRADD ABERTEIFI,6672368,506,,All pupils,all,3,,Total
10,10,Number of pupils,NUM,1,,6672369 - YSGOL BRO SION CWILT,6672369,507,,Eligible for free school meals,fsm,1,,
15,15,Number of pupils,NUM,1,,6672369 - YSGOL BRO SION CWILT,6672369,507,,Eligible for free school meals or transitionally protected,fsmtp,2,,
120,120,Number of pupils,NUM,1,,6672369 - YSGOL BRO SION CWILT,6672369,507,,All pupils,all,3,,Total
15,15,Number of pupils,NUM,1,,6672371 - YSGOL GYNRADD T LLEW JONES,6672371,508,,Eligible for free school meals,fsm,1,,
30,30,Number of pupils,NUM,1,,6672371 - YSGOL GYNRADD T LLEW JONES,6672371,508,,Eligible for free school meals or transitionally protected,fsmtp,2,,
165,165,Number of pupils,NUM,1,,6672371 - YSGOL GYNRADD T LLEW JONES,6672371,508,,All pupils,all,3,,Total
15,15,Number of pupils,NUM,1,,6672372 - YSGOL RHOS HELYG,6672372,509,,Eligible for free school meals,fsm,1,,
20,20,Number of pupils,NUM,1,,6672372 - YSGOL RHOS HELYG,6672372,509,,Eligible for free school meals or transitionally protected,fsmtp,2,,
55,55,Number of pupils,NUM,1,,6672372 - YSGOL RHOS HELYG,6672372,509,,All pupils,all,3,,Total
20,20,Number of pupils,NUM,1,,6672374 - YSGOL DYFFRYN AERON,6672374,510,,Eligible for free school meals,fsm,1,,
30,30,Number of pupils,NUM,1,,6672374 - YSGOL DYFFRYN AERON,6672374,510,,Eligible for free school meals or transitionally protected,fsmtp,2,,
180,180,Number of pupils,NUM,1,,6672374 - YSGOL DYFFRYN AERON,6672374,510,,All pupils,all,3,,Total
10,10,Number of pupils,NUM,1,,6673058 - YSGOL WIRFODDOL MYFENYDD,6673058,511,,Eligible for free school meals,fsm,1,,
15,15,Number of pupils,NUM,1,,6673058 - YSGOL WIRFODDOL MYFENYDD,6673058,511,,Eligible for free school meals or transitionally protected,fsmtp,2,,
85,85,Number of pupils,NUM,1,,6673058 - YSGOL WIRFODDOL MYFENYDD,6673058,511,,All pupils,all,3,,Total
10,10,Number of pupils,NUM,1,,6673061 - YSGOL GYNRADD DYFFRYN CLEDLYN,6673061,512,,Eligible for free school meals,fsm,1,,
10,10,Number of pupils,NUM,1,,6673061 - YSGOL GYNRADD DYFFRYN CLEDLYN,6673061,512,,Eligible for free school meals or transitionally protected,fsmtp,2,,
105,105,Number of pupils,NUM,1,,6673061 - YSGOL GYNRADD DYFFRYN CLEDLYN,6673061,512,,All pupils,all,3,,Total
20,20,Number of pupils,NUM,1,,6673318 - ST PADARN'S ROMAN CATHOLIC PRIMARY SCHOOL,6673318,513,,Eligible for free school meals,fsm,1,,
30,30,Number of pupils,NUM,1,,6673318 - ST PADARN'S ROMAN CATHOLIC PRIMARY SCHOOL,6673318,513,,Eligible for free school meals or transitionally protected,fsmtp,2,,
145,145,Number of pupils,NUM,1,,6673318 - ST PADARN'S ROMAN CATHOLIC PRIMARY SCHOOL,6673318,513,,All pupils,all,3,,Total
80,80,Number of pupils,NUM,1,,6674042 - GYFUN ABERAERON COMPREHENSIVE,6674042,514,,Eligible for free school meals,fsm,1,,
130,130,Number of pupils,NUM,1,,6674042 - GYFUN ABERAERON COMPREHENSIVE,6674042,514,,Eligible for free school meals or transitionally protected,fsmtp,2,,
575,575,Number of pupils,NUM,1,,6674042 - GYFUN ABERAERON COMPREHENSIVE,6674042,514,,All pupils,all,3,,Total
115,115,Number of pupils,NUM,1,,6674044 - Ysgol Uwchradd Aberteifi,6674044,515,,Eligible for free school meals,fsm,1,,
165,165,Number of pupils,NUM,1,,6674044 - Ysgol Uwchradd Aberteifi,6674044,515,,Eligible for free school meals or transitionally protected,fsmtp,2,,
615,615,Number of pupils,NUM,1,,6674044 - Ysgol Uwchradd Aberteifi,6674044,515,,All pupils,all,3,,Total
130,130,Number of pupils,NUM,1,,6674047 - Penglais School,6674047,516,,Eligible for free school meals,fsm,1,,
215,215,Number of pupils,NUM,1,,6674047 - Penglais School,6674047,516,,Eligible for free school meals or transitionally protected,fsmtp,2,,
"1,120",1120,Number of pupils,NUM,1,,6674047 - Penglais School,6674047,516,,All pupils,all,3,,Total
30,30,Number of pupils,NUM,1,,6674048 - YSGOL GYFUN PENWEDDIG,6674048,517,,Eligible for free school meals,fsm,1,,
40,40,Number of pupils,NUM,1,,6674048 - YSGOL GYFUN PENWEDDIG,6674048,517,,Eligible for free school meals or transitionally protected,fsmtp,2,,
585,585,Number of pupils,NUM,1,,6674048 - YSGOL GYFUN PENWEDDIG,6674048,517,,All pupils,all,3,,Total
160,160,Number of pupils,NUM,1,,6675500 - Ysgol Bro Pedr,6675500,518,,Eligible for free school meals,fsm,1,,
250,250,Number of pupils,NUM,1,,6675500 - Ysgol Bro Pedr,6675500,518,,Eligible for free school meals or transitionally protected,fsmtp,2,,
965,965,Number of pupils,NUM,1,,6675500 - Ysgol Bro Pedr,6675500,518,,All pupils,all,3,,Total
55,55,Number of pupils,NUM,1,,6675501 - Ysgol Henry Richard,6675501,519,,Eligible for free school meals,fsm,1,,
75,75,Number of pupils,NUM,1,,6675501 - Ysgol Henry Richard,6675501,519,,Eligible for free school meals or transitionally protected,fsmtp,2,,
385,385,Number of pupils,NUM,1,,6675501 - Ysgol Henry Richard,6675501,519,,All pupils,all,3,,Total
85,85,Number of pupils,NUM,1,,6675502 - Ysgol Bro Teifi,6675502,520,,Eligible for free school meals,fsm,1,,
130,130,Number of pupils,NUM,1,,6675502 - Ysgol Bro Teifi,6675502,520,,Eligible for free school meals or transitionally protected,fsmtp,2,,
860,860,Number of pupils,NUM,1,,6675502 - Ysgol Bro Teifi,6675502,520,,All pupils,all,3,,Total
5,5,Number of pupils,NUM,1,,6682203 - Sageston Community Primary School,6682203,521,,Eligible for free school meals,fsm,1,,
10,10,Number of pupils,NUM,1,,6682203 - Sageston Community Primary School,6682203,521,,Eligible for free school meals or transitionally protected,fsmtp,2,,
115,115,Number of pupils,NUM,1,,6682203 - Sageston Community Primary School,6682203,521,,All pupils,all,3,,Total
,,Number of pupils,NUM,1,,6682209 - Ysgol Gynradd Gymunedol Eglwyswrw,6682209,522,,Eligible for free school meals,fsm,1,,Confidential
,,Number of pupils,NUM,1,,6682209 - Ysgol Gynradd Gymunedol Eglwyswrw,6682209,522,,Eligible for free school meals or transitionally protected,fsmtp,2,,Confidential
90,90,Number of pupils,NUM,1,,6682209 - Ysgol Gynradd Gymunedol Eglwyswrw,6682209,522,,All pupils,all,3,,Total
15,15,Number of pupils,NUM,1,,6682212 - Ysgol Gymunedol Wdig / Goodwick Community School,6682212,523,,Eligible for free school meals,fsm,1,,
25,25,Number of pupils,NUM,1,,6682212 - Ysgol Gymunedol Wdig / Goodwick Community School,6682212,523,,Eligible for free school meals or transitionally protected,fsmtp,2,,
110,110,Number of pupils,NUM,1,,6682212 - Ysgol Gymunedol Wdig / Goodwick Community School,6682212,523,,All pupils,all,3,,Total
110,110,Number of pupils,NUM,1,,6682214 - Fenton Community Primary School,6682214,524,,Eligible for free school meals,fsm,1,,
135,135,Number of pupils,NUM,1,,6682214 - Fenton Community Primary School,6682214,524,,Eligible for free school meals or transitionally protected,fsmtp,2,,
360,360,Number of pupils,NUM,1,,6682214 - Fenton Community Primary School,6682214,524,,All pupils,all,3,,Total
45,45,Number of pupils,NUM,1,,6682220 - Johnston Community Primary School,6682220,525,,Eligible for free school meals,fsm,1,,
60,60,Number of pupils,NUM,1,,6682220 - Johnston Community Primary School,6682220,525,,Eligible for free school meals or transitionally protected,fsmtp,2,,
255,255,Number of pupils,NUM,1,,6682220 - Johnston Community Primary School,6682220,525,,All pupils,all,3,,Total
10,10,Number of pupils,NUM,1,,6682222 - Lamphey CP School,6682222,526,,Eligible for free school meals,fsm,1,,
20,20,Number of pupils,NUM,1,,6682222 - Lamphey CP School,6682222,526,,Eligible for free school meals or transitionally protected,fsmtp,2,,
180,180,Number of pupils,NUM,1,,6682222 - Lamphey CP School,6682222,526,,All pupils,all,3,,Total
10,10,Number of pupils,NUM,1,,6682223 - Ysgol Gymunedol Brynconin,6682223,527,,Eligible for free school meals,fsm,1,,
15,15,Number of pupils,NUM,1,,6682223 - Ysgol Gymunedol Brynconin,6682223,527,,Eligible for free school meals or transitionally protected,fsmtp,2,,
70,70,Number of pupils,NUM,1,,6682223 - Ysgol Gymunedol Brynconin,6682223,527,,All pupils,all,3,,Total
5,5,Number of pupils,NUM,1,,6682228 - Hook CP School,6682228,528,,Eligible for free school meals,fsm,1,,
5,5,Number of pupils,NUM,1,,6682228 - Hook CP School,6682228,528,,Eligible for free school meals or transitionally protected,fsmtp,2,,
70,70,Number of pupils,NUM,1,,6682228 - Hook CP School,6682228,528,,All pupils,all,3,,Total
0,0,Number of pupils,NUM,1,,6682231 - Ysgol Llanychllwydog,6682231,529,,Eligible for free school meals,fsm,1,,
,,Number of pupils,NUM,1,,6682231 - Ysgol Llanychllwydog,6682231,529,,Eligible for free school meals or transitionally protected,fsmtp,2,,Confidential
30,30,Number of pupils,NUM,1,,6682231 - Ysgol Llanychllwydog,6682231,529,,All pupils,all,3,,Total
10,10,Number of pupils,NUM,1,,6682233 - Ysgol Gymunedol Maenclochog,6682233,530,,Eligible for free school meals,fsm,1,,
15,15,Number of pupils,NUM,1,,6682233 - Ysgol Gymunedol Maenclochog,6682233,530,,Eligible for free school meals or transitionally protected,fsmtp,2,,
100,100,Number of pupils,NUM,1,,6682233 - Ysgol Gymunedol Maenclochog,6682233,530,,All pupils,all,3,,Total
20,20,Number of pupils,NUM,1,,6682242 - Narberth Community Primary School,6682242,531,,Eligible for free school meals,fsm,1,,
35,35,Number of pupils,NUM,1,,6682242 - Narberth Community Primary School,6682242,531,,Eligible for free school meals or transitionally protected,fsmtp,2,,
280,280,Number of pupils,NUM,1,,6682242 - Narberth Community Primary School,6682242,531,,All pupils,all,3,,Total
25,25,Number of pupils,NUM,1,,6682243 - Ysgol Bro Ingli,6682243,532,,Eligible for free school meals,fsm,1,,
30,30,Number of pupils,NUM,1,,6682243 - Ysgol Bro Ingli,6682243,532,,Eligible for free school meals or transitionally protected,fsmtp,2,,
105,105,Number of pupils,NUM,1,,6682243 - Ysgol Bro Ingli,6682243,532,,All pupils,all,3,,Total
10,10,Number of pupils,NUM,1,,6682250 - Puncheston Community Primary School,6682250,533,,Eligible for free school meals,fsm,1,,
10,10,Number of pupils,NUM,1,,6682250 - Puncheston Community Primary School,6682250,533,,Eligible for free school meals or transitionally protected,fsmtp,2,,
75,75,Number of pupils,NUM,1,,6682250 - Puncheston Community Primary School,6682250,533,,All pupils,all,3,,Total
5,5,Number of pupils,NUM,1,,6682253 - Ysgol Llandudoch,6682253,534,,Eligible for free school meals,fsm,1,,
5,5,Number of pupils,NUM,1,,6682253 - Ysgol Llandudoch,6682253,534,,Eligible for free school meals or transitionally protected,fsmtp,2,,
75,75,Number of pupils,NUM,1,,6682253 - Ysgol Llandudoch,6682253,534,,All pupils,all,3,,Total
0,0,Number of pupils,NUM,1,,6682254 - Wolfscastle Communty Primary School,6682254,535,,Eligible for free school meals,fsm,1,,
0,0,Number of pupils,NUM,1,,6682254 - Wolfscastle Communty Primary School,6682254,535,,Eligible for free school meals or transitionally protected,fsmtp,2,,
50,50,Number of pupils,NUM,1,,6682254 - Wolfscastle Communty Primary School,6682254,535,,All pupils,all,3,,Total
15,15,Number of pupils,NUM,1,,6682258 - Saundersfoot Community Primary School,6682258,536,,Eligible for free school meals,fsm,1,,
20,20,Number of pupils,NUM,1,,6682258 - Saundersfoot Community Primary School,6682258,536,,Eligible for free school meals or transitionally protected,fsmtp,2,,
170,170,Number of pupils,NUM,1,,6682258 - Saundersfoot Community Primary School,6682258,536,,All pupils,all,3,,Total
35,35,Number of pupils,NUM,1,,6682260 - Stepaside Community Primary School,6682260,537,,Eligible for free school meals,fsm,1,,
35,35,Number of pupils,NUM,1,,6682260 - Stepaside Community Primary School,6682260,537,,Eligible for free school meals or transitionally protected,fsmtp,2,,
120,120,Number of pupils,NUM,1,,6682260 - Stepaside Community Primary School,6682260,537,,All pupils,all,3,,Total
5,5,Number of pupils,NUM,1,,6682261 - Templeton Community Primary School,6682261,538,,Eligible for free school meals,fsm,1,,
5,5,Number of pupils,NUM,1,,6682261 - Templeton Community Primary School,6682261,538,,Eligible for free school meals or transitionally protected,fsmtp,2,,
125,125,Number of pupils,NUM,1,,6682261 - Templeton Community Primary School,6682261,538,,All pupils,all,3,,Total
10,10,Number of pupils,NUM,1,,6682266 - Tavernspite Community Primary School,6682266,539,,Eligible for free school meals,fsm,1,,
20,20,Number of pupils,NUM,1,,6682266 - Tavernspite Community Primary School,6682266,539,,Eligible for free school meals or transitionally protected,fsmtp,2,,
210,210,Number of pupils,NUM,1,,6682266 - Tavernspite Community Primary School,6682266,539,,All pupils,all,3,,Total
5,5,Number of pupils,NUM,1,,6682270 - Ysgol Gymunedol Croesgoch,6682270,540,,Eligible for free school meals,fsm,1,,
10,10,Number of pupils,NUM,1,,6682270 - Ysgol Gymunedol Croesgoch,6682270,540,,Eligible for free school meals or transitionally protected,fsmtp,2,,
110,110,Number of pupils,NUM,1,,6682270 - Ysgol Gymunedol Croesgoch,6682270,540,,All pupils,all,3,,Total
5,5,Number of pupils,NUM,1,,6682271 - Broad Haven CP School,6682271,541,,Eligible for free school meals,fsm,1,,
10,10,Number of pupils,NUM,1,,6682271 - Broad Haven CP School,6682271,541,,Eligible for free school meals or transitionally protected,fsmtp,2,,
105,105,Number of pupils,NUM,1,,6682271 - Broad Haven CP School,6682271,541,,All pupils,all,3,,Total
5,5,Number of pupils,NUM,1,,6682273 - Roch Community School,6682273,542,,Eligible for free school meals,fsm,1,,
10,10,Number of pupils,NUM,1,,6682273 - Roch Community School,6682273,542,,Eligible for free school meals or transitionally protected,fsmtp,2,,
125,125,Number of pupils,NUM,1,,6682273 - Roch Community School,6682273,542,,All pupils,all,3,,Total
5,5,Number of pupils,NUM,1,,6682384 - Coastlands CP School,6682384,543,,Eligible for free school meals,fsm,1,,
10,10,Number of pupils,NUM,1,,6682384 - Coastlands CP School,6682384,543,,Eligible for free school meals or transitionally protected,fsmtp,2,,
105,105,Number of pupils,NUM,1,,6682384 - Coastlands CP School,6682384,543,,All pupils,all,3,,Total
,,Number of pupils,NUM,1,,6682385 - Ysgol Clydau,6682385,544,,Eligible for free school meals,fsm,1,,Confidential
,,Number of pupils,NUM,1,,6682385 - Ysgol Clydau,6682385,544,,Eligible for free school meals or transitionally protected,fsmtp,2,,Confidential
35,35,Number of pupils,NUM,1,,6682385 - Ysgol Clydau,6682385,544,,All pupils,all,3,,Total
125,125,Number of pupils,NUM,1,,6682386 - Pembroke Dock Community School,6682386,545,,Eligible for free school meals,fsm,1,,
165,165,Number of pupils,NUM,1,,6682386 - Pembroke Dock Community School,6682386,545,,Eligible for free school meals or transitionally protected,fsmtp,2,,
605,605,Number of pupils,NUM,1,,6682386 - Pembroke Dock Community School,6682386,545,,All pupils,all,3,,Total
85,85,Number of pupils,NUM,1,,6682387 - Monkton Priory Community Primary  School,6682387,546,,Eligible for free school meals,fsm,1,,
105,105,Number of pupils,NUM,1,,6682387 - Monkton Priory Community Primary  School,6682387,546,,Eligible for free school meals or transitionally protected,fsmtp,2,,
200,200,Number of pupils,NUM,1,,6682387 - Monkton Priory Community Primary  School,6682387,546,,All pupils,all,3,,Total
45,45,Number of pupils,NUM,1,,6682388 - Golden Grove CP School,6682388,547,,Eligible for free school meals,fsm,1,,
55,55,Number of pupils,NUM,1,,6682388 - Golden Grove CP School,6682388,547,,Eligible for free school meals or transitionally protected,fsmtp,2,,
260,260,Number of pupils,NUM,1,,6682388 - Golden Grove CP School,6682388,547,,All pupils,all,3,,Total
70,70,Number of pupils,NUM,1,,6682389 - Ysgol Glannau Gwaun,6682389,548,,Eligible for free school meals,fsm,1,,
75,75,Number of pupils,NUM,1,,6682389 - Ysgol Glannau Gwaun,6682389,548,,Eligible for free school meals or transitionally protected,fsmtp,2,,
255,255,Number of pupils,NUM,1,,6682389 - Ysgol Glannau Gwaun,6682389,548,,All pupils,all,3,,Total
75,75,Number of pupils,NUM,1,,6682391 - Prendergast Community Primary School,6682391,549,,Eligible for free school meals,fsm,1,,
90,90,Number of pupils,NUM,1,,6682391 - Prendergast Community Primary School,6682391,549,,Eligible for free school meals or transitionally protected,fsmtp,2,,
445,445,Number of pupils,NUM,1,,6682391 - Prendergast Community Primary School,6682391,549,,All pupils,all,3,,Total
40,40,Number of pupils,NUM,1,,6682392 - Pennar CP,6682392,550,,Eligible for free school meals,fsm,1,,
55,55,Number of pupils,NUM,1,,6682392 - Pennar CP,6682392,550,,Eligible for free school meals or transitionally protected,fsmtp,2,,
215,215,Number of pupils,NUM,1,,6682392 - Pennar CP,6682392,550,,All pupils,all,3,,Total
50,50,Number of pupils,NUM,1,,6682393 - Neyland Community School,6682393,551,,Eligible for free school meals,fsm,1,,
60,60,Number of pupils,NUM,1,,6682393 - Neyland Community School,6682393,551,,Eligible for free school meals or transitionally protected,fsmtp,2,,
290,290,Number of pupils,NUM,1,,6682393 - Neyland Community School,6682393,551,,All pupils,all,3,,Total
20,20,Number of pupils,NUM,1,,6682395 - Ysgol Hafan Y Mor,6682395,552,,Eligible for free school meals,fsm,1,,
25,25,Number of pupils,NUM,1,,6682395 - Ysgol Hafan Y Mor,6682395,552,,Eligible for free school meals or transitionally protected,fsmtp,2,,
235,235,Number of pupils,NUM,1,,6682395 - Ysgol Hafan Y Mor,6682395,552,,All pupils,all,3,,Total
155,155,Number of pupils,NUM,1,,6682396 - Milford Haven Community Primary School,6682396,553,,Eligible for free school meals,fsm,1,,
185,185,Number of pupils,NUM,1,,6682396 - Milford Haven Community Primary School,6682396,553,,Eligible for free school meals or transitionally protected,fsmtp,2,,
525,525,Number of pupils,NUM,1,,6682396 - Milford Haven Community Primary School,6682396,553,,All pupils,all,3,,Total
45,45,Number of pupils,NUM,1,,6682397 - Waldo Williams Primary School,6682397,554,,Eligible for free school meals,fsm,1,,
60,60,Number of pupils,NUM,1,,6682397 - Waldo Williams Primary School,6682397,554,,Eligible for free school meals or transitionally protected,fsmtp,2,,
230,230,Number of pupils,NUM,1,,6682397 - Waldo Williams Primary School,6682397,554,,All pupils,all,3,,Total
20,20,Number of pupils,NUM,1,,6682398 - Ysgol Bro Penfro,6682398,555,,Eligible for free school meals,fsm,1,,
25,25,Number of pupils,NUM,1,,6682398 - Ysgol Bro Penfro,6682398,555,,Eligible for free school meals or transitionally protected,fsmtp,2,,
150,150,Number of pupils,NUM,1,,6682398 - Ysgol Bro Penfro,6682398,555,,All pupils,all,3,,Total
10,10,Number of pupils,NUM,1,,6683035 - Cilgerran Church in Wales VC School,6683035,556,,Eligible for free school meals,fsm,1,,
15,15,Number of pupils,NUM,1,,6683035 - Cilgerran Church in Wales VC School,6683035,556,,Eligible for free school meals or transitionally protected,fsmtp,2,,
115,115,Number of pupils,NUM,1,,6683035 - Cilgerran Church in Wales VC School,6683035,556,,All pupils,all,3,,Total
10,10,Number of pupils,NUM,1,,6683036 - Cosheston VC School,6683036,557,,Eligible for free school meals,fsm,1,,
10,10,Number of pupils,NUM,1,,6683036 - Cosheston VC School,6683036,557,,Eligible for free school meals or transitionally protected,fsmtp,2,,
65,65,Number of pupils,NUM,1,,6683036 - Cosheston VC School,6683036,557,,All pupils,all,3,,Total
10,10,Number of pupils,NUM,1,,6683040 - Cleddau Reach VC School,6683040,558,,Eligible for free school meals,fsm,1,,
20,20,Number of pupils,NUM,1,,6683040 - Cleddau Reach VC School,6683040,558,,Eligible for free school meals or transitionally protected,fsmtp,2,,
230,230,Number of pupils,NUM,1,,6683040 - Cleddau Reach VC School,6683040,558,,All pupils,all,3,,Total
5,5,Number of pupils,NUM,1,,6683042 - Manorbier Church in Wales VC School,6683042,559,,Eligible for free school meals,fsm,1,,
10,10,Number of pupils,NUM,1,,6683042 - Manorbier Church in Wales VC School,6683042,559,,Eligible for free school meals or transitionally protected,fsmtp,2,,
25,25,Number of pupils,NUM,1,,6683042 - Manorbier Church in Wales VC School,6683042,559,,All pupils,all,3,,Total
10,10,Number of pupils,NUM,1,,6683050 - Spittal Church in Wales VC School,6683050,560,,Eligible for free school meals,fsm,1,,
15,15,Number of pupils,NUM,1,,6683050 - Spittal Church in Wales VC School,6683050,560,,Eligible for free school meals or transitionally protected,fsmtp,2,,
110,110,Number of pupils,NUM,1,,6683050 - Spittal Church in Wales VC School,6683050,560,,All pupils,all,3,,Total
10,10,Number of pupils,NUM,1,,6683055 - St Florence Church in Wales VC School,6683055,561,,Eligible for free school meals,fsm,1,,
10,10,Number of pupils,NUM,1,,6683055 - St Florence Church in Wales VC School,6683055,561,,Eligible for free school meals or transitionally protected,fsmtp,2,,
70,70,Number of pupils,NUM,1,,6683055 - St Florence Church in Wales VC School,6683055,561,,All pupils,all,3,,Total
10,10,Number of pupils,NUM,1,,6683058 - Ysgol Ger y Llan,6683058,562,,Eligible for free school meals,fsm,1,,
15,15,Number of pupils,NUM,1,,6683058 - Ysgol Ger y Llan,6683058,562,,Eligible for free school meals or transitionally protected,fsmtp,2,,
100,100,Number of pupils,NUM,1,,6683058 - Ysgol Ger y Llan,6683058,562,,All pupils,all,3,,Total
30,30,Number of pupils,NUM,1,,6683059 - Tenby VC,6683059,563,,Eligible for free school meals,fsm,1,,
40,40,Number of pupils,NUM,1,,6683059 - Tenby VC,6683059,563,,Eligible for free school meals or transitionally protected,fsmtp,2,,
235,235,Number of pupils,NUM,1,,6683059 - Tenby VC,6683059,563,,All pupils,all,3,,Total
,,Number of pupils,NUM,1,,6683060 - Penrhyn Church in Wales VC School,6683060,564,,Eligible for free school meals,fsm,1,,Confidential
,,Number of pupils,NUM,1,,6683060 - Penrhyn Church in Wales VC School,6683060,564,,Eligible for free school meals or transitionally protected,fsmtp,2,,Confidential
70,70,Number of pupils,NUM,1,,6683060 - Penrhyn Church in Wales VC School,6683060,564,,All pupils,all,3,,Total
110,110,Number of pupils,NUM,1,,6683061 - Gelliswick VC School,6683061,565,,Eligible for free school meals,fsm,1,,
140,140,Number of pupils,NUM,1,,6683061 - Gelliswick VC School,6683061,565,,Eligible for free school meals or transitionally protected,fsmtp,2,,
485,485,Number of pupils,NUM,1,,6683061 - Gelliswick VC School,6683061,565,,All pupils,all,3,,Total
5,5,Number of pupils,NUM,1,,6683311 - Holy Name RC School,6683311,566,,Eligible for free school meals,fsm,1,,
15,15,Number of pupils,NUM,1,,6683311 - Holy Name RC School,6683311,566,,Eligible for free school meals or transitionally protected,fsmtp,2,,
125,125,Number of pupils,NUM,1,,6683311 - Holy Name RC School,6683311,566,,All pupils,all,3,,Total
20,20,Number of pupils,NUM,1,,6683313 - Mary Immaculate Catholic School,6683313,567,,Eligible for free school meals,fsm,1,,
35,35,Number of pupils,NUM,1,,6683313 - Mary Immaculate Catholic School,6683313,567,,Eligible for free school meals or transitionally protected,fsmtp,2,,
215,215,Number of pupils,NUM,1,,6683313 - Mary Immaculate Catholic School,6683313,567,,All pupils,all,3,,Total
25,25,Number of pupils,NUM,1,,6683314 - St Francis Catholic School,6683314,568,,Eligible for free school meals,fsm,1,,
30,30,Number of pupils,NUM,1,,6683314 - St Francis Catholic School,6683314,568,,Eligible for free school meals or transitionally protected,fsmtp,2,,
140,140,Number of pupils,NUM,1,,6683314 - St Francis Catholic School,6683314,568,,All pupils,all,3,,Total
,,Number of pupils,NUM,1,,6683315 - St Aidans Church in Wales VA School,6683315,569,,Eligible for free school meals,fsm,1,,Confidential
5,5,Number of pupils,NUM,1,,6683315 - St Aidans Church in Wales VA School,6683315,569,,Eligible for free school meals or transitionally protected,fsmtp,2,,
75,75,Number of pupils,NUM,1,,6683315 - St Aidans Church in Wales VA School,6683315,569,,All pupils,all,3,,Total
15,15,Number of pupils,NUM,1,,6683319 - St Teilos RC School,6683319,570,,Eligible for free school meals,fsm,1,,
15,15,Number of pupils,NUM,1,,6683319 - St Teilos RC School,6683319,570,,Eligible for free school meals or transitionally protected,fsmtp,2,,
85,85,Number of pupils,NUM,1,,6683319 - St Teilos RC School,6683319,570,,All pupils,all,3,,Total
40,40,Number of pupils,NUM,1,,6683320 - St Marks Church in Wales VA School,6683320,571,,Eligible for free school meals,fsm,1,,
45,45,Number of pupils,NUM,1,,6683320 - St Marks Church in Wales VA School,6683320,571,,Eligible for free school meals or transitionally protected,fsmtp,2,,
115,115,Number of pupils,NUM,1,,6683320 - St Marks Church in Wales VA School,6683320,571,,All pupils,all,3,,Total
,,Number of pupils,NUM,1,,6683321 - St Oswalds Church in Wales VA School,6683321,572,,Eligible for free school meals,fsm,1,,Confidential
,,Number of pupils,NUM,1,,6683321 - St Oswalds Church in Wales VA School,6683321,572,,Eligible for free school meals or transitionally protected,fsmtp,2,,Confidential
135,135,Number of pupils,NUM,1,,6683321 - St Oswalds Church in Wales VA School,6683321,572,,All pupils,all,3,,Total
90,90,Number of pupils,NUM,1,,6684031 - Ysgol Bro Gwaun,6684031,573,,Eligible for free school meals,fsm,1,,
130,130,Number of pupils,NUM,1,,6684031 - Ysgol Bro Gwaun,6684031,573,,Eligible for free school meals or transitionally protected,fsmtp,2,,
575,575,Number of pupils,NUM,1,,6684031 - Ysgol Bro Gwaun,6684031,573,,All pupils,all,3,,Total
95,95,Number of pupils,NUM,1,,6684035 - Ysgol Greenhill School,6684035,574,,Eligible for free school meals,fsm,1,,
130,130,Number of pupils,NUM,1,,6684035 - Ysgol Greenhill School,6684035,574,,Eligible for free school meals or transitionally protected,fsmtp,2,,
875,875,Number of pupils,NUM,1,,6684035 - Ysgol Greenhill School,6684035,574,,All pupils,all,3,,Total
255,255,Number of pupils,NUM,1,,6684038 - Ysgol Harri Tudur / Henry Tudor School,6684038,575,,Eligible for free school meals,fsm,1,,
355,355,Number of pupils,NUM,1,,6684038 - Ysgol Harri Tudur / Henry Tudor School,6684038,575,,Eligible for free school meals or transitionally protected,fsmtp,2,,
"1,150",1150,Number of pupils,NUM,1,,6684038 - Ysgol Harri Tudur / Henry Tudor School,6684038,575,,All pupils,all,3,,Total
230,230,Number of pupils,NUM,1,,6684063 - Milford Haven School,6684063,576,,Eligible for free school meals,fsm,1,,
325,325,Number of pupils,NUM,1,,6684063 - Milford Haven School,6684063,576,,Eligible for free school meals or transitionally protected,fsmtp,2,,
"1,045",1045,Number of pupils,NUM,1,,6684063 - Milford Haven School,6684063,576,,All pupils,all,3,,Total
245,245,Number of pupils,NUM,1,,6684512 - Haverfordwest High VC School,6684512,577,,Eligible for free school meals,fsm,1,,
355,355,Number of pupils,NUM,1,,6684512 - Haverfordwest High VC School,6684512,577,,Eligible for free school meals or transitionally protected,fsmtp,2,,
"1,700",1700,Number of pupils,NUM,1,,6684512 - Haverfordwest High VC School,6684512,577,,All pupils,all,3,,Total
80,80,Number of pupils,NUM,1,,6685500 - Ysgol Caer Elen,6685500,578,,Eligible for free school meals,fsm,1,,
125,125,Number of pupils,NUM,1,,6685500 - Ysgol Caer Elen,6685500,578,,Eligible for free school meals or transitionally protected,fsmtp,2,,
905,905,Number of pupils,NUM,1,,6685500 - Ysgol Caer Elen,6685500,578,,All pupils,all,3,,Total
60,60,Number of pupils,NUM,1,,6685501 - Ysgol Bro Preseli,6685501,579,,Eligible for free school meals,fsm,1,,
100,100,Number of pupils,NUM,1,,6685501 - Ysgol Bro Preseli,6685501,579,,Eligible for free school meals or transitionally protected,fsmtp,2,,
930,930,Number of pupils,NUM,1,,6685501 - Ysgol Bro Preseli,6685501,579,,All pupils,all,3,,Total
70,70,Number of pupils,NUM,1,,6685900 - Ysgol Penrhyn Dewi,6685900,580,,Eligible for free school meals,fsm,1,,
115,115,Number of pupils,NUM,1,,6685900 - Ysgol Penrhyn Dewi,6685900,580,,Eligible for free school meals or transitionally protected,fsmtp,2,,
605,605,Number of pupils,NUM,1,,6685900 - Ysgol Penrhyn Dewi,6685900,580,,All pupils,all,3,,Total
80,80,Number of pupils,NUM,1,,6687001 - Portfield Special School,6687001,581,,Eligible for free school meals,fsm,1,,
95,95,Number of pupils,NUM,1,,6687001 - Portfield Special School,6687001,581,,Eligible for free school meals or transitionally protected,fsmtp,2,,
185,185,Number of pupils,NUM,1,,6687001 - Portfield Special School,6687001,581,,All pupils,all,3,,Total
,,Number of pupils,NUM,1,,6691000 - AMMANFORD NURSERY,6691000,582,,Eligible for free school meals,fsm,1,,Confidential
,,Number of pupils,NUM,1,,6691000 - AMMANFORD NURSERY,6691000,582,,Eligible for free school meals or transitionally protected,fsmtp,2,,Confidential
80,80,Number of pupils,NUM,1,,6691000 - AMMANFORD NURSERY,6691000,582,,All pupils,all,3,,Total
5,5,Number of pupils,NUM,1,,6692000 - CEFNEITHIN,6692000,583,,Eligible for free school meals,fsm,1,,
10,10,Number of pupils,NUM,1,,6692000 - CEFNEITHIN,6692000,583,,Eligible for free school meals or transitionally protected,fsmtp,2,,
105,105,Number of pupils,NUM,1,,6692000 - CEFNEITHIN,6692000,583,,All pupils,all,3,,Total
5,5,Number of pupils,NUM,1,,6692001 - DREFACH,6692001,584,,Eligible for free school meals,fsm,1,,
10,10,Number of pupils,NUM,1,,6692001 - DREFACH,6692001,584,,Eligible for free school meals or transitionally protected,fsmtp,2,,
45,45,Number of pupils,NUM,1,,6692001 - DREFACH,6692001,584,,All pupils,all,3,,Total
15,15,Number of pupils,NUM,1,,6692003 - LLECHYFEDACH,6692003,585,,Eligible for free school meals,fsm,1,,
20,20,Number of pupils,NUM,1,,6692003 - LLECHYFEDACH,6692003,585,,Eligible for free school meals or transitionally protected,fsmtp,2,,
100,100,Number of pupils,NUM,1,,6692003 - LLECHYFEDACH,6692003,585,,All pupils,all,3,,Total
20,20,Number of pupils,NUM,1,,6692006 - Y TYMBL,6692006,586,,Eligible for free school meals,fsm,1,,
30,30,Number of pupils,NUM,1,,6692006 - Y TYMBL,6692006,586,,Eligible for free school meals or transitionally protected,fsmtp,2,,
110,110,Number of pupils,NUM,1,,6692006 - Y TYMBL,6692006,586,,All pupils,all,3,,Total
20,20,Number of pupils,NUM,1,,6692007 - GORSLAS,6692007,587,,Eligible for free school meals,fsm,1,,
30,30,Number of pupils,NUM,1,,6692007 - GORSLAS,6692007,587,,Eligible for free school meals or transitionally protected,fsmtp,2,,
205,205,Number of pupils,NUM,1,,6692007 - GORSLAS,6692007,587,,All pupils,all,3,,Total
10,10,Number of pupils,NUM,1,,6692008 - CROSS HANDS,6692008,588,,Eligible for free school meals,fsm,1,,
20,20,Number of pupils,NUM,1,,6692008 - CROSS HANDS,6692008,588,,Eligible for free school meals or transitionally protected,fsmtp,2,,
125,125,Number of pupils,NUM,1,,6692008 - CROSS HANDS,6692008,588,,All pupils,all,3,,Total
5,5,Number of pupils,NUM,1,,6692009 - LLANGAIN,6692009,589,,Eligible for free school meals,fsm,1,,
10,10,Number of pupils,NUM,1,,6692009 - LLANGAIN,6692009,589,,Eligible for free school meals or transitionally protected,fsmtp,2,,
55,55,Number of pupils,NUM,1,,6692009 - LLANGAIN,6692009,589,,All pupils,all,3,,Total
,,Number of pupils,NUM,1,,6692014 - PENIEL,6692014,590,,Eligible for free school meals,fsm,1,,Confidential
,,Number of pupils,NUM,1,,6692014 - PENIEL,6692014,590,,Eligible for free school meals or transitionally protected,fsmtp,2,,Confidential
110,110,Number of pupils,NUM,1,,6692014 - PENIEL,6692014,590,,All pupils,all,3,,Total
,,Number of pupils,NUM,1,,6692018 - BANCFFOSFELEN,6692018,591,,Eligible for free school meals,fsm,1,,Confidential
5,5,Number of pupils,NUM,1,,6692018 - BANCFFOSFELEN,6692018,591,,Eligible for free school meals or transitionally protected,fsmtp,2,,
55,55,Number of pupils,NUM,1,,6692018 - BANCFFOSFELEN,6692018,591,,All pupils,all,3,,Total
5,5,Number of pupils,NUM,1,,6692019 - GWYNFRYN,6692019,592,,Eligible for free school meals,fsm,1,,
10,10,Number of pupils,NUM,1,,6692019 - GWYNFRYN,6692019,592,,Eligible for free school meals or transitionally protected,fsmtp,2,,
55,55,Number of pupils,NUM,1,,6692019 - GWYNFRYN,6692019,592,,All pupils,all,3,,Total
10,10,Number of pupils,NUM,1,,6692020 - CARWAY,6692020,593,,Eligible for free school meals,fsm,1,,
15,15,Number of pupils,NUM,1,,6692020 - CARWAY,6692020,593,,Eligible for free school meals or transitionally protected,fsmtp,2,,
60,60,Number of pupils,NUM,1,,6692020 - CARWAY,6692020,593,,All pupils,all,3,,Total
10,10,Number of pupils,NUM,1,,6692023 - PONTIETS,6692023,594,,Eligible for free school meals,fsm,1,,
15,15,Number of pupils,NUM,1,,6692023 - PONTIETS,6692023,594,,Eligible for free school meals or transitionally protected,fsmtp,2,,
25,25,Number of pupils,NUM,1,,6692023 - PONTIETS,6692023,594,,All pupils,all,3,,Total
10,10,Number of pupils,NUM,1,,6692024 - PONTHENRI,6692024,595,,Eligible for free school meals,fsm,1,,
15,15,Number of pupils,NUM,1,,6692024 - PONTHENRI,6692024,595,,Eligible for free school meals or transitionally protected,fsmtp,2,,
65,65,Number of pupils,NUM,1,,6692024 - PONTHENRI,6692024,595,,All pupils,all,3,,Total
,,Number of pupils,NUM,1,,6692034 - BANCYFELIN,6692034,596,,Eligible for free school meals,fsm,1,,Confidential
,,Number of pupils,NUM,1,,6692034 - BANCYFELIN,6692034,596,,Eligible for free school meals or transitionally protected,fsmtp,2,,Confidential
65,65,Number of pupils,NUM,1,,6692034 - BANCYFELIN,6692034,596,,All pupils,all,3,,Total
0,0,Number of pupils,NUM,1,,6692037 - MEIDRIM,6692037,597,,Eligible for free school meals,fsm,1,,
,,Number of pupils,NUM,1,,6692037 - MEIDRIM,6692037,597,,Eligible for free school meals or transitionally protected,fsmtp,2,,Confidential
30,30,Number of pupils,NUM,1,,6692037 - MEIDRIM,6692037,597,,All pupils,all,3,,Total
15,15,Number of pupils,NUM,1,,6692042 - SARON,6692042,598,,Eligible for free school meals,fsm,1,,
25,25,Number of pupils,NUM,1,,6692042 - SARON,6692042,598,,Eligible for free school meals or transitionally protected,fsmtp,2,,
220,220,Number of pupils,NUM,1,,6692042 - SARON,6692042,598,,All pupils,all,3,,Total
25,25,Number of pupils,NUM,1,,6692043 - BETWS,6692043,599,,Eligible for free school meals,fsm,1,,
40,40,Number of pupils,NUM,1,,6692043 - BETWS,6692043,599,,Eligible for free school meals or transitionally protected,fsmtp,2,,
85,85,Number of pupils,NUM,1,,6692043 - BETWS,6692043,599,,All pupils,all,3,,Total
40,40,Number of pupils,NUM,1,,6692044 - TY-CROES,6692044,600,,Eligible for free school meals,fsm,1,,
55,55,Number of pupils,NUM,1,,6692044 - TY-CROES,6692044,600,,Eligible for free school meals or transitionally protected,fsmtp,2,,
200,200,Number of pupils,NUM,1,,6692044 - TY-CROES,6692044,600,,All pupils,all,3,,Total
30,30,Number of pupils,NUM,1,,6692050 - PARCYRHUN,6692050,601,,Eligible for free school meals,fsm,1,,
50,50,Number of pupils,NUM,1,,6692050 - PARCYRHUN,6692050,601,,Eligible for free school meals or transitionally protected,fsmtp,2,,
200,200,Number of pupils,NUM,1,,6692050 - PARCYRHUN,6692050,601,,All pupils,all,3,,Total
10,10,Number of pupils,NUM,1,,6692052 - BLAENAU,6692052,602,,Eligible for free school meals,fsm,1,,
15,15,Number of pupils,NUM,1,,6692052 - BLAENAU,6692052,602,,Eligible for free school meals or transitionally protected,fsmtp,2,,
40,40,Number of pupils,NUM,1,,6692052 - BLAENAU,6692052,602,,All pupils,all,3,,Total
5,5,Number of pupils,NUM,1,,6692057 - LLANEDI,6692057,603,,Eligible for free school meals,fsm,1,,
5,5,Number of pupils,NUM,1,,6692057 - LLANEDI,6692057,603,,Eligible for free school meals or transitionally protected,fsmtp,2,,
20,20,Number of pupils,NUM,1,,6692057 - LLANEDI,6692057,603,,All pupils,all,3,,Total
5,5,Number of pupils,NUM,1,,6692061 - FFAIRFACH,6692061,604,,Eligible for free school meals,fsm,1,,
10,10,Number of pupils,NUM,1,,6692061 - FFAIRFACH,6692061,604,,Eligible for free school meals or transitionally protected,fsmtp,2,,
70,70,Number of pupils,NUM,1,,6692061 - FFAIRFACH,6692061,604,,All pupils,all,3,,Total
10,10,Number of pupils,NUM,1,,6692065 - TALLEY,6692065,605,,Eligible for free school meals,fsm,1,,
15,15,Number of pupils,NUM,1,,6692065 - TALLEY,6692065,605,,Eligible for free school meals or transitionally protected,fsmtp,2,,
60,60,Number of pupils,NUM,1,,6692065 - TALLEY,6692065,605,,All pupils,all,3,,Total
,,Number of pupils,NUM,1,,6692067 - CWRT HENRI,6692067,606,,Eligible for free school meals,fsm,1,,Confidential
5,5,Number of pupils,NUM,1,,6692067 - CWRT HENRI,6692067,606,,Eligible for free school meals or transitionally protected,fsmtp,2,,
35,35,Number of pupils,NUM,1,,6692067 - CWRT HENRI,6692067,606,,All pupils,all,3,,Total
15,15,Number of pupils,NUM,1,,6692080 - LLANGADOG,6692080,607,,Eligible for free school meals,fsm,1,,
20,20,Number of pupils,NUM,1,,6692080 - LLANGADOG,6692080,607,,Eligible for free school meals or transitionally protected,fsmtp,2,,
105,105,Number of pupils,NUM,1,,6692080 - LLANGADOG,6692080,607,,All pupils,all,3,,Total
15,15,Number of pupils,NUM,1,,6692084 - RHYS PRICHARD,6692084,608,,Eligible for free school meals,fsm,1,,
30,30,Number of pupils,NUM,1,,6692084 - RHYS PRICHARD,6692084,608,,Eligible for free school meals or transitionally protected,fsmtp,2,,
210,210,Number of pupils,NUM,1,,6692084 - RHYS PRICHARD,6692084,608,,All pupils,all,3,,Total
15,15,Number of pupils,NUM,1,,6692098 - LLYS HYWEL,6692098,609,,Eligible for free school meals,fsm,1,,
25,25,Number of pupils,NUM,1,,6692098 - LLYS HYWEL,6692098,609,,Eligible for free school meals or transitionally protected,fsmtp,2,,
135,135,Number of pupils,NUM,1,,6692098 - LLYS HYWEL,6692098,609,,All pupils,all,3,,Total
,,Number of pupils,NUM,1,,6692104 - BRYNSARON,6692104,610,,Eligible for free school meals,fsm,1,,Confidential
,,Number of pupils,NUM,1,,6692104 - BRYNSARON,6692104,610,,Eligible for free school meals or transitionally protected,fsmtp,2,,Confidential
50,50,Number of pupils,NUM,1,,6692104 - BRYNSARON,6692104,610,,All pupils,all,3,,Total
,,Number of pupils,NUM,1,,6692109 - LLANPUMSAINT,6692109,611,,Eligible for free school meals,fsm,1,,Confidential
,,Number of pupils,NUM,1,,6692109 - LLANPUMSAINT,6692109,611,,Eligible for free school meals or transitionally protected,fsmtp,2,,Confidential
35,35,Number of pupils,NUM,1,,6692109 - LLANPUMSAINT,6692109,611,,All pupils,all,3,,Total
0,0,Number of pupils,NUM,1,,6692112 - MYNYDDYGARREG,6692112,612,,Eligible for free school meals,fsm,1,,
,,Number of pupils,NUM,1,,6692112 - MYNYDDYGARREG,6692112,612,,Eligible for free school meals or transitionally protected,fsmtp,2,,Confidential
30,30,Number of pupils,NUM,1,,6692112 - MYNYDDYGARREG,6692112,612,,All pupils,all,3,,Total
40,40,Number of pupils,NUM,1,,6692114 - JOHNSTOWN,6692114,613,,Eligible for free school meals,fsm,1,,
75,75,Number of pupils,NUM,1,,6692114 - JOHNSTOWN,6692114,613,,Eligible for free school meals or transitionally protected,fsmtp,2,,
445,445,Number of pupils,NUM,1,,6692114 - JOHNSTOWN,6692114,613,,All pupils,all,3,,Total
15,15,Number of pupils,NUM,1,,6692116 - Y DDERWEN,6692116,614,,Eligible for free school meals,fsm,1,,
20,20,Number of pupils,NUM,1,,6692116 - Y DDERWEN,6692116,614,,Eligible for free school meals or transitionally protected,fsmtp,2,,
360,360,Number of pupils,NUM,1,,6692116 - Y DDERWEN,6692116,614,,All pupils,all,3,,Total
5,5,Number of pupils,NUM,1,,6692119 - LLANMILOE,6692119,615,,Eligible for free school meals,fsm,1,,
10,10,Number of pupils,NUM,1,,6692119 - LLANMILOE,6692119,615,,Eligible for free school meals or transitionally protected,fsmtp,2,,
60,60,Number of pupils,NUM,1,,6692119 - LLANMILOE,6692119,615,,All pupils,all,3,,Total
40,40,Number of pupils,NUM,1,,6692120 - BRYN,6692120,616,,Eligible for free school meals,fsm,1,,
55,55,Number of pupils,NUM,1,,6692120 - BRYN,6692120,616,,Eligible for free school meals or transitionally protected,fsmtp,2,,
220,220,Number of pupils,NUM,1,,6692120 - BRYN,6692120,616,,All pupils,all,3,,Total
25,25,Number of pupils,NUM,1,,6692121 - BYNEA,6692121,617,,Eligible for free school meals,fsm,1,,
30,30,Number of pupils,NUM,1,,6692121 - BYNEA,6692121,617,,Eligible for free school meals or transitionally protected,fsmtp,2,,
200,200,Number of pupils,NUM,1,,6692121 - BYNEA,6692121,617,,All pupils,all,3,,Total
35,35,Number of pupils,NUM,1,,6692123 - DAFEN,6692123,618,,Eligible for free school meals,fsm,1,,
45,45,Number of pupils,NUM,1,,6692123 - DAFEN,6692123,618,,Eligible for free school meals or transitionally protected,fsmtp,2,,
100,100,Number of pupils,NUM,1,,6692123 - DAFEN,6692123,618,,All pupils,all,3,,Total
5,5,Number of pupils,NUM,1,,6692128 - PUM HEOL,6692128,619,,Eligible for free school meals,fsm,1,,
15,15,Number of pupils,NUM,1,,6692128 - PUM HEOL,6692128,619,,Eligible for free school meals or transitionally protected,fsmtp,2,,
75,75,Number of pupils,NUM,1,,6692128 - PUM HEOL,6692128,619,,All pupils,all,3,,Total
10,10,Number of pupils,NUM,1,,6692131 - HENDY,6692131,620,,Eligible for free school meals,fsm,1,,
25,25,Number of pupils,NUM,1,,6692131 - HENDY,6692131,620,,Eligible for free school meals or transitionally protected,fsmtp,2,,
185,185,Number of pupils,NUM,1,,6692131 - HENDY,6692131,620,,All pupils,all,3,,Total
30,30,Number of pupils,NUM,1,,6692135 - FFWRNES,6692135,621,,Eligible for free school meals,fsm,1,,
60,60,Number of pupils,NUM,1,,6692135 - FFWRNES,6692135,621,,Eligible for free school meals or transitionally protected,fsmtp,2,,
470,470,Number of pupils,NUM,1,,6692135 - FFWRNES,6692135,621,,All pupils,all,3,,Total
35,35,Number of pupils,NUM,1,,6692159 - OLD ROAD,6692159,622,,Eligible for free school meals,fsm,1,,
50,50,Number of pupils,NUM,1,,6692159 - OLD ROAD,6692159,622,,Eligible for free school meals or transitionally protected,fsmtp,2,,
115,115,Number of pupils,NUM,1,,6692159 - OLD ROAD,6692159,622,,All pupils,all,3,,Total
,,Number of pupils,NUM,1,,6692166 - LLANSTEFFAN,6692166,623,,Eligible for free school meals,fsm,1,,Confidential
,,Number of pupils,NUM,1,,6692166 - LLANSTEFFAN,6692166,623,,Eligible for free school meals or transitionally protected,fsmtp,2,,Confidential
10,10,Number of pupils,NUM,1,,6692166 - LLANSTEFFAN,6692166,623,,All pupils,all,3,,Total
,,Number of pupils,NUM,1,,6692167 - LLANNON,6692167,624,,Eligible for free school meals,fsm,1,,Confidential
,,Number of pupils,NUM,1,,6692167 - LLANNON,6692167,624,,Eligible for free school meals or transitionally protected,fsmtp,2,,Confidential
90,90,Number of pupils,NUM,1,,6692167 - LLANNON,6692167,624,,All pupils,all,3,,Total
30,30,Number of pupils,NUM,1,,6692168 - BRYNSIERFEL,6692168,625,,Eligible for free school meals,fsm,1,,
60,60,Number of pupils,NUM,1,,6692168 - BRYNSIERFEL,6692168,625,,Eligible for free school meals or transitionally protected,fsmtp,2,,
205,205,Number of pupils,NUM,1,,6692168 - BRYNSIERFEL,6692168,625,,All pupils,all,3,,Total
45,45,Number of pupils,NUM,1,,6692169 - BRYNAMAN,6692169,626,,Eligible for free school meals,fsm,1,,
60,60,Number of pupils,NUM,1,,6692169 - BRYNAMAN,6692169,626,,Eligible for free school meals or transitionally protected,fsmtp,2,,
270,270,Number of pupils,NUM,1,,6692169 - BRYNAMAN,6692169,626,,All pupils,all,3,,Total
25,25,Number of pupils,NUM,1,,6692171 - MYRDDIN COMMUNITY PRIMARY SCHOOL,6692171,627,,Eligible for free school meals,fsm,1,,
30,30,Number of pupils,NUM,1,,6692171 - MYRDDIN COMMUNITY PRIMARY SCHOOL,6692171,627,,Eligible for free school meals or transitionally protected,fsmtp,2,,
100,100,Number of pupils,NUM,1,,6692171 - MYRDDIN COMMUNITY PRIMARY SCHOOL,6692171,627,,All pupils,all,3,,Total
20,20,Number of pupils,NUM,1,,6692173 - LLANGUNNOR,6692173,628,,Eligible for free school meals,fsm,1,,
25,25,Number of pupils,NUM,1,,6692173 - LLANGUNNOR,6692173,628,,Eligible for free school meals or transitionally protected,fsmtp,2,,
320,320,Number of pupils,NUM,1,,6692173 - LLANGUNNOR,6692173,628,,All pupils,all,3,,Total
60,60,Number of pupils,NUM,1,,6692175 - TRIMSARAN,6692175,629,,Eligible for free school meals,fsm,1,,
80,80,Number of pupils,NUM,1,,6692175 - TRIMSARAN,6692175,629,,Eligible for free school meals or transitionally protected,fsmtp,2,,
195,195,Number of pupils,NUM,1,,6692175 - TRIMSARAN,6692175,629,,All pupils,all,3,,Total
10,10,Number of pupils,NUM,1,,6692176 - SWISS VALLEY,6692176,630,,Eligible for free school meals,fsm,1,,
25,25,Number of pupils,NUM,1,,6692176 - SWISS VALLEY,6692176,630,,Eligible for free school meals or transitionally protected,fsmtp,2,,
245,245,Number of pupils,NUM,1,,6692176 - SWISS VALLEY,6692176,630,,All pupils,all,3,,Total
25,25,Number of pupils,NUM,1,,6692177 - PARC Y TYWYN,6692177,631,,Eligible for free school meals,fsm,1,,
35,35,Number of pupils,NUM,1,,6692177 - PARC Y TYWYN,6692177,631,,Eligible for free school meals or transitionally protected,fsmtp,2,,
265,265,Number of pupils,NUM,1,,6692177 - PARC Y TYWYN,6692177,631,,All pupils,all,3,,Total
30,30,Number of pupils,NUM,1,,6692178 - PEMBREY,6692178,632,,Eligible for free school meals,fsm,1,,
45,45,Number of pupils,NUM,1,,6692178 - PEMBREY,6692178,632,,Eligible for free school meals or transitionally protected,fsmtp,2,,
210,210,Number of pupils,NUM,1,,6692178 - PEMBREY,6692178,632,,All pupils,all,3,,Total
15,15,Number of pupils,NUM,1,,6692179 - RHYDAMAN,6692179,633,,Eligible for free school meals,fsm,1,,
30,30,Number of pupils,NUM,1,,6692179 - RHYDAMAN,6692179,633,,Eligible for free school meals or transitionally protected,fsmtp,2,,
290,290,Number of pupils,NUM,1,,6692179 - RHYDAMAN,6692179,633,,All pupils,all,3,,Total
5,5,Number of pupils,NUM,1,,6692180 - BECA,6692180,634,,Eligible for free school meals,fsm,1,,
10,10,Number of pupils,NUM,1,,6692180 - BECA,6692180,634,,Eligible for free school meals or transitionally protected,fsmtp,2,,
45,45,Number of pupils,NUM,1,,6692180 - BECA,6692180,634,,All pupils,all,3,,Total
30,30,Number of pupils,NUM,1,,6692181 - LLANDYBIE,6692181,635,,Eligible for free school meals,fsm,1,,
45,45,Number of pupils,NUM,1,,6692181 - LLANDYBIE,6692181,635,,Eligible for free school meals or transitionally protected,fsmtp,2,,
200,200,Number of pupils,NUM,1,,6692181 - LLANDYBIE,6692181,635,,All pupils,all,3,,Total
0,0,Number of pupils,NUM,1,,6692182 - HAFODWENOG,6692182,636,,Eligible for free school meals,fsm,1,,
0,0,Number of pupils,NUM,1,,6692182 - HAFODWENOG,6692182,636,,Eligible for free school meals or transitionally protected,fsmtp,2,,
40,40,Number of pupils,NUM,1,,6692182 - HAFODWENOG,6692182,636,,All pupils,all,3,,Total
,,Number of pupils,NUM,1,,6692183 - TEILO SANT,6692183,637,,Eligible for free school meals,fsm,1,,Confidential
5,5,Number of pupils,NUM,1,,6692183 - TEILO SANT,6692183,637,,Eligible for free school meals or transitionally protected,fsmtp,2,,
160,160,Number of pupils,NUM,1,,6692183 - TEILO SANT,6692183,637,,All pupils,all,3,,Total
10,10,Number of pupils,NUM,1,,6692184 - LLANYBYDDER,6692184,638,,Eligible for free school meals,fsm,1,,
15,15,Number of pupils,NUM,1,,6692184 - LLANYBYDDER,6692184,638,,Eligible for free school meals or transitionally protected,fsmtp,2,,
60,60,Number of pupils,NUM,1,,6692184 - LLANYBYDDER,6692184,638,,All pupils,all,3,,Total
30,30,Number of pupils,NUM,1,,6692185 - LLANDEILO,6692185,639,,Eligible for free school meals,fsm,1,,
45,45,Number of pupils,NUM,1,,6692185 - LLANDEILO,6692185,639,,Eligible for free school meals or transitionally protected,fsmtp,2,,
210,210,Number of pupils,NUM,1,,6692185 - LLANDEILO,6692185,639,,All pupils,all,3,,Total
,,Number of pupils,NUM,1,,6692187 - CYNWYL ELFED,6692187,640,,Eligible for free school meals,fsm,1,,Confidential
,,Number of pupils,NUM,1,,6692187 - CYNWYL ELFED,6692187,640,,Eligible for free school meals or transitionally protected,fsmtp,2,,Confidential
40,40,Number of pupils,NUM,1,,6692187 - CYNWYL ELFED,6692187,640,,All pupils,all,3,,Total
25,25,Number of pupils,NUM,1,,6692188 - HALFWAY,6692188,641,,Eligible for free school meals,fsm,1,,
45,45,Number of pupils,NUM,1,,6692188 - HALFWAY,6692188,641,,Eligible for free school meals or transitionally protected,fsmtp,2,,
220,220,Number of pupils,NUM,1,,6692188 - HALFWAY,6692188,641,,All pupils,all,3,,Total
20,20,Number of pupils,NUM,1,,6692189 - PWLL,6692189,642,,Eligible for free school meals,fsm,1,,
25,25,Number of pupils,NUM,1,,6692189 - PWLL,6692189,642,,Eligible for free school meals or transitionally protected,fsmtp,2,,
75,75,Number of pupils,NUM,1,,6692189 - PWLL,6692189,642,,All pupils,all,3,,Total
45,45,Number of pupils,NUM,1,,6692190 - PENYGAER,6692190,643,,Eligible for free school meals,fsm,1,,
60,60,Number of pupils,NUM,1,,6692190 - PENYGAER,6692190,643,,Eligible for free school meals or transitionally protected,fsmtp,2,,
165,165,Number of pupils,NUM,1,,6692190 - PENYGAER,6692190,643,,All pupils,all,3,,Total
35,35,Number of pupils,NUM,1,,6692192 - Y CASTELL,6692192,644,,Eligible for free school meals,fsm,1,,
65,65,Number of pupils,NUM,1,,6692192 - Y CASTELL,6692192,644,,Eligible for free school meals or transitionally protected,fsmtp,2,,
220,220,Number of pupils,NUM,1,,6692192 - Y CASTELL,6692192,644,,All pupils,all,3,,Total
15,15,Number of pupils,NUM,1,,6692193 - PENYGROES,6692193,645,,Eligible for free school meals,fsm,1,,
30,30,Number of pupils,NUM,1,,6692193 - PENYGROES,6692193,645,,Eligible for free school meals or transitionally protected,fsmtp,2,,
165,165,Number of pupils,NUM,1,,6692193 - PENYGROES,6692193,645,,All pupils,all,3,,Total
,,Number of pupils,NUM,1,,6692194 - NANTGAREDIG,6692194,646,,Eligible for free school meals,fsm,1,,Confidential
5,5,Number of pupils,NUM,1,,6692194 - NANTGAREDIG,6692194,646,,Eligible for free school meals or transitionally protected,fsmtp,2,,
235,235,Number of pupils,NUM,1,,6692194 - NANTGAREDIG,6692194,646,,All pupils,all,3,,Total
5,5,Number of pupils,NUM,1,,6692370 - GWENLLIAN,6692370,647,,Eligible for free school meals,fsm,1,,
10,10,Number of pupils,NUM,1,,6692370 - GWENLLIAN,6692370,647,,Eligible for free school meals or transitionally protected,fsmtp,2,,
125,125,Number of pupils,NUM,1,,6692370 - GWENLLIAN,6692370,647,,All pupils,all,3,,Total
35,35,Number of pupils,NUM,1,,6692371 - DEWI SANT,6692371,648,,Eligible for free school meals,fsm,1,,
60,60,Number of pupils,NUM,1,,6692371 - DEWI SANT,6692371,648,,Eligible for free school meals or transitionally protected,fsmtp,2,,
445,445,Number of pupils,NUM,1,,6692371 - DEWI SANT,6692371,648,,All pupils,all,3,,Total
40,40,Number of pupils,NUM,1,,6692373 - YSGOL GYNRADD PONTYBEREM,6692373,649,,Eligible for free school meals,fsm,1,,
50,50,Number of pupils,NUM,1,,6692373 - YSGOL GYNRADD PONTYBEREM,6692373,649,,Eligible for free school meals or transitionally protected,fsmtp,2,,
225,225,Number of pupils,NUM,1,,6692373 - YSGOL GYNRADD PONTYBEREM,6692373,649,,All pupils,all,3,,Total
50,50,Number of pupils,NUM,1,,6692374 - BIGYN,6692374,650,,Eligible for free school meals,fsm,1,,
60,60,Number of pupils,NUM,1,,6692374 - BIGYN,6692374,650,,Eligible for free school meals or transitionally protected,fsmtp,2,,
185,185,Number of pupils,NUM,1,,6692374 - BIGYN,6692374,650,,All pupils,all,3,,Total
75,75,Number of pupils,NUM,1,,6692375 - STEBONHEATH,6692375,651,,Eligible for free school meals,fsm,1,,
105,105,Number of pupils,NUM,1,,6692375 - STEBONHEATH,6692375,651,,Eligible for free school meals or transitionally protected,fsmtp,2,,
275,275,Number of pupils,NUM,1,,6692375 - STEBONHEATH,6692375,651,,All pupils,all,3,,Total
25,25,Number of pupils,NUM,1,,6692379 - Y DDWYLAN,6692379,652,,Eligible for free school meals,fsm,1,,
55,55,Number of pupils,NUM,1,,6692379 - Y DDWYLAN,6692379,652,,Eligible for free school meals or transitionally protected,fsmtp,2,,
255,255,Number of pupils,NUM,1,,6692379 - Y DDWYLAN,6692379,652,,All pupils,all,3,,Total
55,55,Number of pupils,NUM,1,,6692380 - RICHMOND PARK,6692380,653,,Eligible for free school meals,fsm,1,,
70,70,Number of pupils,NUM,1,,6692380 - RICHMOND PARK,6692380,653,,Eligible for free school meals or transitionally protected,fsmtp,2,,
215,215,Number of pupils,NUM,1,,6692380 - RICHMOND PARK,6692380,653,,All pupils,all,3,,Total
25,25,Number of pupils,NUM,1,,6692384 - GRIFFITH JONES,6692384,654,,Eligible for free school meals,fsm,1,,
40,40,Number of pupils,NUM,1,,6692384 - GRIFFITH JONES,6692384,654,,Eligible for free school meals or transitionally protected,fsmtp,2,,
295,295,Number of pupils,NUM,1,,6692384 - GRIFFITH JONES,6692384,654,,All pupils,all,3,,Total
,,Number of pupils,NUM,1,,6692385 - YSGOL Y FRO,6692385,655,,Eligible for free school meals,fsm,1,,Confidential
,,Number of pupils,NUM,1,,6692385 - YSGOL Y FRO,6692385,655,,Eligible for free school meals or transitionally protected,fsmtp,2,,Confidential
15,15,Number of pupils,NUM,1,,6692385 - YSGOL Y FRO,6692385,655,,All pupils,all,3,,Total
15,15,Number of pupils,NUM,1,,6692386 - CARREG HIRFAEN,6692386,656,,Eligible for free school meals,fsm,1,,
20,20,Number of pupils,NUM,1,,6692386 - CARREG HIRFAEN,6692386,656,,Eligible for free school meals or transitionally protected,fsmtp,2,,
165,165,Number of pupils,NUM,1,,6692386 - CARREG HIRFAEN,6692386,656,,All pupils,all,3,,Total
15,15,Number of pupils,NUM,1,,6692387 - CAE'R FELIN,6692387,657,,Eligible for free school meals,fsm,1,,
25,25,Number of pupils,NUM,1,,6692387 - CAE'R FELIN,6692387,657,,Eligible for free school meals or transitionally protected,fsmtp,2,,
105,105,Number of pupils,NUM,1,,6692387 - CAE'R FELIN,6692387,657,,All pupils,all,3,,Total
60,60,Number of pupils,NUM,1,,6692388 - Y BEDOL,6692388,658,,Eligible for free school meals,fsm,1,,
85,85,Number of pupils,NUM,1,,6692388 - Y BEDOL,6692388,658,,Eligible for free school meals or transitionally protected,fsmtp,2,,
300,300,Number of pupils,NUM,1,,6692388 - Y BEDOL,6692388,658,,All pupils,all,3,,Total
0,0,Number of pupils,NUM,1,,6692389 - BRO BRYNACH,6692389,659,,Eligible for free school meals,fsm,1,,
5,5,Number of pupils,NUM,1,,6692389 - BRO BRYNACH,6692389,659,,Eligible for free school meals or transitionally protected,fsmtp,2,,
90,90,Number of pupils,NUM,1,,6692389 - BRO BRYNACH,6692389,659,,All pupils,all,3,,Total
80,80,Number of pupils,NUM,1,,6692390 - BRYN TEG,6692390,660,,Eligible for free school meals,fsm,1,,
100,100,Number of pupils,NUM,1,,6692390 - BRYN TEG,6692390,660,,Eligible for free school meals or transitionally protected,fsmtp,2,,
250,250,Number of pupils,NUM,1,,6692390 - BRYN TEG,6692390,660,,All pupils,all,3,,Total
65,65,Number of pupils,NUM,1,,6692391 - Y FELIN,6692391,661,,Eligible for free school meals,fsm,1,,
85,85,Number of pupils,NUM,1,,6692391 - Y FELIN,6692391,661,,Eligible for free school meals or transitionally protected,fsmtp,2,,
220,220,Number of pupils,NUM,1,,6692391 - Y FELIN,6692391,661,,All pupils,all,3,,Total
115,115,Number of pupils,NUM,1,,6692392 - BRO BANW,6692392,662,,Eligible for free school meals,fsm,1,,
155,155,Number of pupils,NUM,1,,6692392 - BRO BANW,6692392,662,,Eligible for free school meals or transitionally protected,fsmtp,2,,
440,440,Number of pupils,NUM,1,,6692392 - BRO BANW,6692392,662,,All pupils,all,3,,Total
70,70,Number of pupils,NUM,1,,6692393 - MAES Y MORFA,6692393,663,,Eligible for free school meals,fsm,1,,
85,85,Number of pupils,NUM,1,,6692393 - MAES Y MORFA,6692393,663,,Eligible for free school meals or transitionally protected,fsmtp,2,,
190,190,Number of pupils,NUM,1,,6692393 - MAES Y MORFA,6692393,663,,All pupils,all,3,,Total
75,75,Number of pupils,NUM,1,,6692394 - BURRY PORT,6692394,664,,Eligible for free school meals,fsm,1,,
90,90,Number of pupils,NUM,1,,6692394 - BURRY PORT,6692394,664,,Eligible for free school meals or transitionally protected,fsmtp,2,,
190,190,Number of pupils,NUM,1,,6692394 - BURRY PORT,6692394,664,,All pupils,all,3,,Total
150,150,Number of pupils,NUM,1,,6692395 - PEN RHOS,6692395,665,,Eligible for free school meals,fsm,1,,
190,190,Number of pupils,NUM,1,,6692395 - PEN RHOS,6692395,665,,Eligible for free school meals or transitionally protected,fsmtp,2,,
430,430,Number of pupils,NUM,1,,6692395 - PEN RHOS,6692395,665,,All pupils,all,3,,Total
35,35,Number of pupils,NUM,1,,6692396 - YSGOL GYMRAEG LLANGENNECH,6692396,666,,Eligible for free school meals,fsm,1,,
50,50,Number of pupils,NUM,1,,6692396 - YSGOL GYMRAEG LLANGENNECH,6692396,666,,Eligible for free school meals or transitionally protected,fsmtp,2,,
405,405,Number of pupils,NUM,1,,6692396 - YSGOL GYMRAEG LLANGENNECH,6692396,666,,All pupils,all,3,,Total
,,Number of pupils,NUM,1,,6693000 - ABERGWILI,6693000,667,,Eligible for free school meals,fsm,1,,Confidential
,,Number of pupils,NUM,1,,6693000 - ABERGWILI,6693000,667,,Eligible for free school meals or transitionally protected,fsmtp,2,,Confidential
35,35,Number of pupils,NUM,1,,6693000 - ABERGWILI,6693000,667,,All pupils,all,3,,Total
10,10,Number of pupils,NUM,1,,6693003 - LAUGHARNE VCP SCHOOL,6693003,668,,Eligible for free school meals,fsm,1,,
15,15,Number of pupils,NUM,1,,6693003 - LAUGHARNE VCP SCHOOL,6693003,668,,Eligible for free school meals or transitionally protected,fsmtp,2,,
55,55,Number of pupils,NUM,1,,6693003 - LAUGHARNE VCP SCHOOL,6693003,668,,All pupils,all,3,,Total
,,Number of pupils,NUM,1,,6693004 - LLANDDAROG,6693004,669,,Eligible for free school meals,fsm,1,,Confidential
,,Number of pupils,NUM,1,,6693004 - LLANDDAROG,6693004,669,,Eligible for free school meals or transitionally protected,fsmtp,2,,Confidential
70,70,Number of pupils,NUM,1,,6693004 - LLANDDAROG,6693004,669,,All pupils,all,3,,Total
,,Number of pupils,NUM,1,,6693013 - FERRYSIDE,6693013,670,,Eligible for free school meals,fsm,1,,Confidential
,,Number of pupils,NUM,1,,6693013 - FERRYSIDE,6693013,670,,Eligible for free school meals or transitionally protected,fsmtp,2,,Confidential
25,25,Number of pupils,NUM,1,,6693013 - FERRYSIDE,6693013,670,,All pupils,all,3,,Total
,,Number of pupils,NUM,1,,6693026 - LLANLLWNI,6693026,671,,Eligible for free school meals,fsm,1,,Confidential
5,5,Number of pupils,NUM,1,,6693026 - LLANLLWNI,6693026,671,,Eligible for free school meals or transitionally protected,fsmtp,2,,
35,35,Number of pupils,NUM,1,,6693026 - LLANLLWNI,6693026,671,,All pupils,all,3,,Total
25,25,Number of pupils,NUM,1,,6693300 - ST MARY'S (LLANELLI),6693300,672,,Eligible for free school meals,fsm,1,,
40,40,Number of pupils,NUM,1,,6693300 - ST MARY'S (LLANELLI),6693300,672,,Eligible for free school meals or transitionally protected,fsmtp,2,,
185,185,Number of pupils,NUM,1,,6693300 - ST MARY'S (LLANELLI),6693300,672,,All pupils,all,3,,Total
5,5,Number of pupils,NUM,1,,6693301 - ST MARY'S (CARMARTHEN),6693301,673,,Eligible for free school meals,fsm,1,,
10,10,Number of pupils,NUM,1,,6693301 - ST MARY'S (CARMARTHEN),6693301,673,,Eligible for free school meals or transitionally protected,fsmtp,2,,
30,30,Number of pupils,NUM,1,,6693301 - ST MARY'S (CARMARTHEN),6693301,673,,All pupils,all,3,,Total
10,10,Number of pupils,NUM,1,,6693307 - PENBOYR,6693307,674,,Eligible for free school meals,fsm,1,,
15,15,Number of pupils,NUM,1,,6693307 - PENBOYR,6693307,674,,Eligible for free school meals or transitionally protected,fsmtp,2,,
75,75,Number of pupils,NUM,1,,6693307 - PENBOYR,6693307,674,,All pupils,all,3,,Total
25,25,Number of pupils,NUM,1,,6693321 - PENTIP,6693321,675,,Eligible for free school meals,fsm,1,,
30,30,Number of pupils,NUM,1,,6693321 - PENTIP,6693321,675,,Eligible for free school meals or transitionally protected,fsmtp,2,,
95,95,Number of pupils,NUM,1,,6693321 - PENTIP,6693321,675,,All pupils,all,3,,Total
60,60,Number of pupils,NUM,1,,6693322 - MODEL,6693322,676,,Eligible for free school meals,fsm,1,,
105,105,Number of pupils,NUM,1,,6693322 - MODEL,6693322,676,,Eligible for free school meals or transitionally protected,fsmtp,2,,
490,490,Number of pupils,NUM,1,,6693322 - MODEL,6693322,676,,All pupils,all,3,,Total
290,290,Number of pupils,NUM,1,,6694029 - Ysgol Dyffryn Aman,6694029,677,,Eligible for free school meals,fsm,1,,
415,415,Number of pupils,NUM,1,,6694029 - Ysgol Dyffryn Aman,6694029,677,,Eligible for free school meals or transitionally protected,fsmtp,2,,
"1,545",1545,Number of pupils,NUM,1,,6694029 - Ysgol Dyffryn Aman,6694029,677,,All pupils,all,3,,Total
245,245,Number of pupils,NUM,1,,6694050 - Coedcae School,6694050,678,,Eligible for free school meals,fsm,1,,
330,330,Number of pupils,NUM,1,,6694050 - Coedcae School,6694050,678,,Eligible for free school meals or transitionally protected,fsmtp,2,,
845,845,Number of pupils,NUM,1,,6694050 - Coedcae School,6694050,678,,All pupils,all,3,,Total
125,125,Number of pupils,NUM,1,,6694052 - Ysgol Gyfun Y Strade,6694052,679,,Eligible for free school meals,fsm,1,,
185,185,Number of pupils,NUM,1,,6694052 - Ysgol Gyfun Y Strade,6694052,679,,Eligible for free school meals or transitionally protected,fsmtp,2,,
"1,255",1255,Number of pupils,NUM,1,,6694052 - Ysgol Gyfun Y Strade,6694052,679,,All pupils,all,3,,Total
175,175,Number of pupils,NUM,1,,6694053 - Glan-y-Mor School,6694053,680,,Eligible for free school meals,fsm,1,,
225,225,Number of pupils,NUM,1,,6694053 - Glan-y-Mor School,6694053,680,,Eligible for free school meals or transitionally protected,fsmtp,2,,
580,580,Number of pupils,NUM,1,,6694053 - Glan-y-Mor School,6694053,680,,All pupils,all,3,,Total
230,230,Number of pupils,NUM,1,,6694054 - Bryngwyn School,6694054,681,,Eligible for free school meals,fsm,1,,
345,345,Number of pupils,NUM,1,,6694054 - Bryngwyn School,6694054,681,,Eligible for free school meals or transitionally protected,fsmtp,2,,
"1,045",1045,Number of pupils,NUM,1,,6694054 - Bryngwyn School,6694054,681,,All pupils,all,3,,Total
25,25,Number of pupils,NUM,1,,6694056 - Ysgol Gyfun Gymraeg Bro Myrddin,6694056,682,,Eligible for free school meals,fsm,1,,
55,55,Number of pupils,NUM,1,,6694056 - Ysgol Gyfun Gymraeg Bro Myrddin,6694056,682,,Eligible for free school meals or transitionally protected,fsmtp,2,,
930,930,Number of pupils,NUM,1,,6694056 - Ysgol Gyfun Gymraeg Bro Myrddin,6694056,682,,All pupils,all,3,,Total
80,80,Number of pupils,NUM,1,,6694060 - Ysgol Gyfun Emlyn,6694060,683,,Eligible for free school meals,fsm,1,,
125,125,Number of pupils,NUM,1,,6694060 - Ysgol Gyfun Emlyn,6694060,683,,Eligible for free school meals or transitionally protected,fsmtp,2,,
500,500,Number of pupils,NUM,1,,6694060 - Ysgol Gyfun Emlyn,6694060,683,,All pupils,all,3,,Total
205,205,Number of pupils,NUM,1,,6694063 - Queen Elizabeth High School,6694063,684,,Eligible for free school meals,fsm,1,,
310,310,Number of pupils,NUM,1,,6694063 - Queen Elizabeth High School,6694063,684,,Eligible for free school meals or transitionally protected,fsmtp,2,,
"1,290",1290,Number of pupils,NUM,1,,6694063 - Queen Elizabeth High School,6694063,684,,All pupils,all,3,,Total
100,100,Number of pupils,NUM,1,,6694064 - Ysgol Maes Y Gwendraeth,6694064,685,,Eligible for free school meals,fsm,1,,
140,140,Number of pupils,NUM,1,,6694064 - Ysgol Maes Y Gwendraeth,6694064,685,,Eligible for free school meals or transitionally protected,fsmtp,2,,
"1,085",1085,Number of pupils,NUM,1,,6694064 - Ysgol Maes Y Gwendraeth,6694064,685,,All pupils,all,3,,Total
145,145,Number of pupils,NUM,1,,6694065 - Ysgol Bro Dinefwr,6694065,686,,Eligible for free school meals,fsm,1,,
215,215,Number of pupils,NUM,1,,6694065 - Ysgol Bro Dinefwr,6694065,686,,Eligible for free school meals or transitionally protected,fsmtp,2,,
"1,090",1090,Number of pupils,NUM,1,,6694065 - Ysgol Bro Dinefwr,6694065,686,,All pupils,all,3,,Total
85,85,Number of pupils,NUM,1,,6694512 - Dyffryn Taf,6694512,687,,Eligible for free school meals,fsm,1,,
145,145,Number of pupils,NUM,1,,6694512 - Dyffryn Taf,6694512,687,,Eligible for free school meals or transitionally protected,fsmtp,2,,
890,890,Number of pupils,NUM,1,,6694512 - Dyffryn Taf,6694512,687,,All pupils,all,3,,Total
105,105,Number of pupils,NUM,1,,6694600 - St John Lloyd Catholic Comprehensive School,6694600,688,,Eligible for free school meals,fsm,1,,
145,145,Number of pupils,NUM,1,,6694600 - St John Lloyd Catholic Comprehensive School,6694600,688,,Eligible for free school meals or transitionally protected,fsmtp,2,,
465,465,Number of pupils,NUM,1,,6694600 - St John Lloyd Catholic Comprehensive School,6694600,688,,All pupils,all,3,,Total
60,60,Number of pupils,NUM,1,,6697000 - HEOL GOFFA,6697000,689,,Eligible for free school meals,fsm,1,,
70,70,Number of pupils,NUM,1,,6697000 - HEOL GOFFA,6697000,689,,Eligible for free school meals or transitionally protected,fsmtp,2,,
125,125,Number of pupils,NUM,1,,6697000 - HEOL GOFFA,6697000,689,,All pupils,all,3,,Total
20,20,Number of pupils,NUM,1,,6702006 - BRYNMILL SCHOOL,6702006,690,,Eligible for free school meals,fsm,1,,
35,35,Number of pupils,NUM,1,,6702006 - BRYNMILL SCHOOL,6702006,690,,Eligible for free school meals or transitionally protected,fsmtp,2,,
290,290,Number of pupils,NUM,1,,6702006 - BRYNMILL SCHOOL,6702006,690,,All pupils,all,3,,Total
130,130,Number of pupils,NUM,1,,6702008 - Cadle Primary School,6702008,691,,Eligible for free school meals,fsm,1,,
175,175,Number of pupils,NUM,1,,6702008 - Cadle Primary School,6702008,691,,Eligible for free school meals or transitionally protected,fsmtp,2,,
300,300,Number of pupils,NUM,1,,6702008 - Cadle Primary School,6702008,691,,All pupils,all,3,,Total
75,75,Number of pupils,NUM,1,,6702014 - Cwmrhydyceirw Primary School,6702014,692,,Eligible for free school meals,fsm,1,,
115,115,Number of pupils,NUM,1,,6702014 - Cwmrhydyceirw Primary School,6702014,692,,Eligible for free school meals or transitionally protected,fsmtp,2,,
530,530,Number of pupils,NUM,1,,6702014 - Cwmrhydyceirw Primary School,6702014,692,,All pupils,all,3,,Total
80,80,Number of pupils,NUM,1,,6702017 - DANYGRAIG PRIMARY SCHOOL,6702017,693,,Eligible for free school meals,fsm,1,,
95,95,Number of pupils,NUM,1,,6702017 - DANYGRAIG PRIMARY SCHOOL,6702017,693,,Eligible for free school meals or transitionally protected,fsmtp,2,,
250,250,Number of pupils,NUM,1,,6702017 - DANYGRAIG PRIMARY SCHOOL,6702017,693,,All pupils,all,3,,Total
75,75,Number of pupils,NUM,1,,6702021 - GENDROS PRIMARY SCHOOL,6702021,694,,Eligible for free school meals,fsm,1,,
95,95,Number of pupils,NUM,1,,6702021 - GENDROS PRIMARY SCHOOL,6702021,694,,Eligible for free school meals or transitionally protected,fsmtp,2,,
295,295,Number of pupils,NUM,1,,6702021 - GENDROS PRIMARY SCHOOL,6702021,694,,All pupils,all,3,,Total
5,5,Number of pupils,NUM,1,,6702023 - GLAIS PRIMARY SCHOOL,6702023,695,,Eligible for free school meals,fsm,1,,
15,15,Number of pupils,NUM,1,,6702023 - GLAIS PRIMARY SCHOOL,6702023,695,,Eligible for free school meals or transitionally protected,fsmtp,2,,
110,110,Number of pupils,NUM,1,,6702023 - GLAIS PRIMARY SCHOOL,6702023,695,,All pupils,all,3,,Total
5,5,Number of pupils,NUM,1,,6702027 - GRANGE PRIMARY SCHOOL,6702027,696,,Eligible for free school meals,fsm,1,,
10,10,Number of pupils,NUM,1,,6702027 - GRANGE PRIMARY SCHOOL,6702027,696,,Eligible for free school meals or transitionally protected,fsmtp,2,,
145,145,Number of pupils,NUM,1,,6702027 - GRANGE PRIMARY SCHOOL,6702027,696,,All pupils,all,3,,Total
55,55,Number of pupils,NUM,1,,6702032 - HAFOD PRIMARY SCHOOL,6702032,697,,Eligible for free school meals,fsm,1,,
80,80,Number of pupils,NUM,1,,6702032 - HAFOD PRIMARY SCHOOL,6702032,697,,Eligible for free school meals or transitionally protected,fsmtp,2,,
255,255,Number of pupils,NUM,1,,6702032 - HAFOD PRIMARY SCHOOL,6702032,697,,All pupils,all,3,,Total
35,35,Number of pupils,NUM,1,,6702036 - Ysgol Gymraeg  Lon Las,6702036,698,,Eligible for free school meals,fsm,1,,
60,60,Number of pupils,NUM,1,,6702036 - Ysgol Gymraeg  Lon Las,6702036,698,,Eligible for free school meals or transitionally protected,fsmtp,2,,
480,480,Number of pupils,NUM,1,,6702036 - Ysgol Gymraeg  Lon Las,6702036,698,,All pupils,all,3,,Total
65,65,Number of pupils,NUM,1,,6702040 - MORRISTON PRIMARY SCHOOL,6702040,699,,Eligible for free school meals,fsm,1,,
75,75,Number of pupils,NUM,1,,6702040 - MORRISTON PRIMARY SCHOOL,6702040,699,,Eligible for free school meals or transitionally protected,fsmtp,2,,
175,175,Number of pupils,NUM,1,,6702040 - MORRISTON PRIMARY SCHOOL,6702040,699,,All pupils,all,3,,Total
5,5,Number of pupils,NUM,1,,6702042 - OYSTERMOUTH PRIMARY SCHOOL,6702042,700,,Eligible for free school meals,fsm,1,,
10,10,Number of pupils,NUM,1,,6702042 - OYSTERMOUTH PRIMARY SCHOOL,6702042,700,,Eligible for free school meals or transitionally protected,fsmtp,2,,
220,220,Number of pupils,NUM,1,,6702042 - OYSTERMOUTH PRIMARY SCHOOL,6702042,700,,All pupils,all,3,,Total
55,55,Number of pupils,NUM,1,,6702048 - PENTRECHWYTH PRIMARY SCHOOL,6702048,701,,Eligible for free school meals,fsm,1,,
70,70,Number of pupils,NUM,1,,6702048 - PENTRECHWYTH PRIMARY SCHOOL,6702048,701,,Eligible for free school meals or transitionally protected,fsmtp,2,,
150,150,Number of pupils,NUM,1,,6702048 - PENTRECHWYTH PRIMARY SCHOOL,6702048,701,,All pupils,all,3,,Total
65,65,Number of pupils,NUM,1,,6702051 - PLASMARL PRIMARY SCHOOL,6702051,702,,Eligible for free school meals,fsm,1,,
90,90,Number of pupils,NUM,1,,6702051 - PLASMARL PRIMARY SCHOOL,6702051,702,,Eligible for free school meals or transitionally protected,fsmtp,2,,
210,210,Number of pupils,NUM,1,,6702051 - PLASMARL PRIMARY SCHOOL,6702051,702,,All pupils,all,3,,Total
20,20,Number of pupils,NUM,1,,6702054 - SKETTY PRIMARY SCHOOL,6702054,703,,Eligible for free school meals,fsm,1,,
45,45,Number of pupils,NUM,1,,6702054 - SKETTY PRIMARY SCHOOL,6702054,703,,Eligible for free school meals or transitionally protected,fsmtp,2,,
490,490,Number of pupils,NUM,1,,6702054 - SKETTY PRIMARY SCHOOL,6702054,703,,All pupils,all,3,,Total
55,55,Number of pupils,NUM,1,,6702055 - ST HELEN'S PRIMARY SCHOOL,6702055,704,,Eligible for free school meals,fsm,1,,
75,75,Number of pupils,NUM,1,,6702055 - ST HELEN'S PRIMARY SCHOOL,6702055,704,,Eligible for free school meals or transitionally protected,fsmtp,2,,
270,270,Number of pupils,NUM,1,,6702055 - ST HELEN'S PRIMARY SCHOOL,6702055,704,,All pupils,all,3,,Total
85,85,Number of pupils,NUM,1,,6702059 - TERRACE ROAD PRIMARY SCHOOL,6702059,705,,Eligible for free school meals,fsm,1,,
110,110,Number of pupils,NUM,1,,6702059 - TERRACE ROAD PRIMARY SCHOOL,6702059,705,,Eligible for free school meals or transitionally protected,fsmtp,2,,
310,310,Number of pupils,NUM,1,,6702059 - TERRACE ROAD PRIMARY SCHOOL,6702059,705,,All pupils,all,3,,Total
215,215,Number of pupils,NUM,1,,6702063 - TOWNHILL PRIMARY SCHOOL,6702063,706,,Eligible for free school meals,fsm,1,,
270,270,Number of pupils,NUM,1,,6702063 - TOWNHILL PRIMARY SCHOOL,6702063,706,,Eligible for free school meals or transitionally protected,fsmtp,2,,
485,485,Number of pupils,NUM,1,,6702063 - TOWNHILL PRIMARY SCHOOL,6702063,706,,All pupils,all,3,,Total
50,50,Number of pupils,NUM,1,,6702065 - WAUNARLWYDD PRIMARY SCHOOL,6702065,707,,Eligible for free school meals,fsm,1,,
60,60,Number of pupils,NUM,1,,6702065 - WAUNARLWYDD PRIMARY SCHOOL,6702065,707,,Eligible for free school meals or transitionally protected,fsmtp,2,,
235,235,Number of pupils,NUM,1,,6702065 - WAUNARLWYDD PRIMARY SCHOOL,6702065,707,,All pupils,all,3,,Total
75,75,Number of pupils,NUM,1,,6702067 - WAUN WEN SCHOOL,6702067,708,,Eligible for free school meals,fsm,1,,
105,105,Number of pupils,NUM,1,,6702067 - WAUN WEN SCHOOL,6702067,708,,Eligible for free school meals or transitionally protected,fsmtp,2,,
200,200,Number of pupils,NUM,1,,6702067 - WAUN WEN SCHOOL,6702067,708,,All pupils,all,3,,Total
160,160,Number of pupils,NUM,1,,6702069 - CLWYD PRIMARY SCHOOL,6702069,709,,Eligible for free school meals,fsm,1,,
210,210,Number of pupils,NUM,1,,6702069 - CLWYD PRIMARY SCHOOL,6702069,709,,Eligible for free school meals or transitionally protected,fsmtp,2,,
395,395,Number of pupils,NUM,1,,6702069 - CLWYD PRIMARY SCHOOL,6702069,709,,All pupils,all,3,,Total
20,20,Number of pupils,NUM,1,,6702071 - YNYSTAWE PRIMARY SCHOOL,6702071,710,,Eligible for free school meals,fsm,1,,
25,25,Number of pupils,NUM,1,,6702071 - YNYSTAWE PRIMARY SCHOOL,6702071,710,,Eligible for free school meals or transitionally protected,fsmtp,2,,
195,195,Number of pupils,NUM,1,,6702071 - YNYSTAWE PRIMARY SCHOOL,6702071,710,,All pupils,all,3,,Total
175,175,Number of pupils,NUM,1,,6702073 - CLASE PRIMARY SCHOOL,6702073,711,,Eligible for free school meals,fsm,1,,
215,215,Number of pupils,NUM,1,,6702073 - CLASE PRIMARY SCHOOL,6702073,711,,Eligible for free school meals or transitionally protected,fsmtp,2,,
360,360,Number of pupils,NUM,1,,6702073 - CLASE PRIMARY SCHOOL,6702073,711,,All pupils,all,3,,Total
100,100,Number of pupils,NUM,1,,6702075 - PORTMEAD PRIMARY SCHOOL,6702075,712,,Eligible for free school meals,fsm,1,,
140,140,Number of pupils,NUM,1,,6702075 - PORTMEAD PRIMARY SCHOOL,6702075,712,,Eligible for free school meals or transitionally protected,fsmtp,2,,
255,255,Number of pupils,NUM,1,,6702075 - PORTMEAD PRIMARY SCHOOL,6702075,712,,All pupils,all,3,,Total
20,20,Number of pupils,NUM,1,,6702076 - MAYALS PRIMARY,6702076,713,,Eligible for free school meals,fsm,1,,
35,35,Number of pupils,NUM,1,,6702076 - MAYALS PRIMARY,6702076,713,,Eligible for free school meals or transitionally protected,fsmtp,2,,
240,240,Number of pupils,NUM,1,,6702076 - MAYALS PRIMARY,6702076,713,,All pupils,all,3,,Total
100,100,Number of pupils,NUM,1,,6702077 - CWMGLAS PRIMARY SCHOOL,6702077,714,,Eligible for free school meals,fsm,1,,
125,125,Number of pupils,NUM,1,,6702077 - CWMGLAS PRIMARY SCHOOL,6702077,714,,Eligible for free school meals or transitionally protected,fsmtp,2,,
275,275,Number of pupils,NUM,1,,6702077 - CWMGLAS PRIMARY SCHOOL,6702077,714,,All pupils,all,3,,Total
120,120,Number of pupils,NUM,1,,6702082 - BLAENYMAES PRIMARY SCHOOL,6702082,715,,Eligible for free school meals,fsm,1,,
140,140,Number of pupils,NUM,1,,6702082 - BLAENYMAES PRIMARY SCHOOL,6702082,715,,Eligible for free school meals or transitionally protected,fsmtp,2,,
210,210,Number of pupils,NUM,1,,6702082 - BLAENYMAES PRIMARY SCHOOL,6702082,715,,All pupils,all,3,,Total
80,80,Number of pupils,NUM,1,,6702084 - Trallwn Primary School,6702084,716,,Eligible for free school meals,fsm,1,,
100,100,Number of pupils,NUM,1,,6702084 - Trallwn Primary School,6702084,716,,Eligible for free school meals or transitionally protected,fsmtp,2,,
205,205,Number of pupils,NUM,1,,6702084 - Trallwn Primary School,6702084,716,,All pupils,all,3,,Total
60,60,Number of pupils,NUM,1,,6702086 - PARKLAND PRIMARY SCHOOL,6702086,717,,Eligible for free school meals,fsm,1,,
90,90,Number of pupils,NUM,1,,6702086 - PARKLAND PRIMARY SCHOOL,6702086,717,,Eligible for free school meals or transitionally protected,fsmtp,2,,
620,620,Number of pupils,NUM,1,,6702086 - PARKLAND PRIMARY SCHOOL,6702086,717,,All pupils,all,3,,Total
,,Number of pupils,NUM,1,,6702092 - Newton Primary School,6702092,718,,Eligible for free school meals,fsm,1,,Confidential
5,5,Number of pupils,NUM,1,,6702092 - Newton Primary School,6702092,718,,Eligible for free school meals or transitionally protected,fsmtp,2,,
205,205,Number of pupils,NUM,1,,6702092 - Newton Primary School,6702092,718,,All pupils,all,3,,Total
20,20,Number of pupils,NUM,1,,6702095 - WHITESTONE PRIMARY,6702095,719,,Eligible for free school meals,fsm,1,,
35,35,Number of pupils,NUM,1,,6702095 - WHITESTONE PRIMARY,6702095,719,,Eligible for free school meals or transitionally protected,fsmtp,2,,
120,120,Number of pupils,NUM,1,,6702095 - WHITESTONE PRIMARY,6702095,719,,All pupils,all,3,,Total
15,15,Number of pupils,NUM,1,,6702096 - HENDREFOILAN PRIMARY,6702096,720,,Eligible for free school meals,fsm,1,,
25,25,Number of pupils,NUM,1,,6702096 - HENDREFOILAN PRIMARY,6702096,720,,Eligible for free school meals or transitionally protected,fsmtp,2,,
250,250,Number of pupils,NUM,1,,6702096 - HENDREFOILAN PRIMARY,6702096,720,,All pupils,all,3,,Total
10,10,Number of pupils,NUM,1,,6702098 - Y.G.G. BRYNYMOR,6702098,721,,Eligible for free school meals,fsm,1,,
20,20,Number of pupils,NUM,1,,6702098 - Y.G.G. BRYNYMOR,6702098,721,,Eligible for free school meals or transitionally protected,fsmtp,2,,
300,300,Number of pupils,NUM,1,,6702098 - Y.G.G. BRYNYMOR,6702098,721,,All pupils,all,3,,Total
10,10,Number of pupils,NUM,1,,6702105 - Bishopston Primary School,6702105,722,,Eligible for free school meals,fsm,1,,
15,15,Number of pupils,NUM,1,,6702105 - Bishopston Primary School,6702105,722,,Eligible for free school meals or transitionally protected,fsmtp,2,,
310,310,Number of pupils,NUM,1,,6702105 - Bishopston Primary School,6702105,722,,All pupils,all,3,,Total
20,20,Number of pupils,NUM,1,,6702108 - CASLLWCHWR PRIMARY SCHOOL,6702108,723,,Eligible for free school meals,fsm,1,,
30,30,Number of pupils,NUM,1,,6702108 - CASLLWCHWR PRIMARY SCHOOL,6702108,723,,Eligible for free school meals or transitionally protected,fsmtp,2,,
200,200,Number of pupils,NUM,1,,6702108 - CASLLWCHWR PRIMARY SCHOOL,6702108,723,,All pupils,all,3,,Total
,,Number of pupils,NUM,1,,6702109 - CILA PRIMARY SCHOOL,6702109,724,,Eligible for free school meals,fsm,1,,Confidential
10,10,Number of pupils,NUM,1,,6702109 - CILA PRIMARY SCHOOL,6702109,724,,Eligible for free school meals or transitionally protected,fsmtp,2,,
110,110,Number of pupils,NUM,1,,6702109 - CILA PRIMARY SCHOOL,6702109,724,,All pupils,all,3,,Total
,,Number of pupils,NUM,1,,6702120 - CRWYS PRIMARY SCHOOL,6702120,725,,Eligible for free school meals,fsm,1,,Confidential
10,10,Number of pupils,NUM,1,,6702120 - CRWYS PRIMARY SCHOOL,6702120,725,,Eligible for free school meals or transitionally protected,fsmtp,2,,
135,135,Number of pupils,NUM,1,,6702120 - CRWYS PRIMARY SCHOOL,6702120,725,,All pupils,all,3,,Total
15,15,Number of pupils,NUM,1,,6702157 - LLANGYFELACH PRIMARY SCHOOL,6702157,726,,Eligible for free school meals,fsm,1,,
25,25,Number of pupils,NUM,1,,6702157 - LLANGYFELACH PRIMARY SCHOOL,6702157,726,,Eligible for free school meals or transitionally protected,fsmtp,2,,
245,245,Number of pupils,NUM,1,,6702157 - LLANGYFELACH PRIMARY SCHOOL,6702157,726,,All pupils,all,3,,Total
10,10,Number of pupils,NUM,1,,6702159 - LLANRHIDIAN PRIMARY,6702159,727,,Eligible for free school meals,fsm,1,,
15,15,Number of pupils,NUM,1,,6702159 - LLANRHIDIAN PRIMARY,6702159,727,,Eligible for free school meals or transitionally protected,fsmtp,2,,
160,160,Number of pupils,NUM,1,,6702159 - LLANRHIDIAN PRIMARY,6702159,727,,All pupils,all,3,,Total
20,20,Number of pupils,NUM,1,,6702167 - PENCLAWDD PRIMARY SCHOOL,6702167,728,,Eligible for free school meals,fsm,1,,
25,25,Number of pupils,NUM,1,,6702167 - PENCLAWDD PRIMARY SCHOOL,6702167,728,,Eligible for free school meals or transitionally protected,fsmtp,2,,
130,130,Number of pupils,NUM,1,,6702167 - PENCLAWDD PRIMARY SCHOOL,6702167,728,,All pupils,all,3,,Total
15,15,Number of pupils,NUM,1,,6702172 - PENGELLI PRIMARY,6702172,729,,Eligible for free school meals,fsm,1,,
20,20,Number of pupils,NUM,1,,6702172 - PENGELLI PRIMARY,6702172,729,,Eligible for free school meals or transitionally protected,fsmtp,2,,
110,110,Number of pupils,NUM,1,,6702172 - PENGELLI PRIMARY,6702172,729,,All pupils,all,3,,Total
30,30,Number of pupils,NUM,1,,6702174 - PENLLERGAER PRIMARY SCHOOL,6702174,730,,Eligible for free school meals,fsm,1,,
40,40,Number of pupils,NUM,1,,6702174 - PENLLERGAER PRIMARY SCHOOL,6702174,730,,Eligible for free school meals or transitionally protected,fsmtp,2,,
350,350,Number of pupils,NUM,1,,6702174 - PENLLERGAER PRIMARY SCHOOL,6702174,730,,All pupils,all,3,,Total
55,55,Number of pupils,NUM,1,,6702176 - PENYRHEOL PRIMARY SCHOOL,6702176,731,,Eligible for free school meals,fsm,1,,
70,70,Number of pupils,NUM,1,,6702176 - PENYRHEOL PRIMARY SCHOOL,6702176,731,,Eligible for free school meals or transitionally protected,fsmtp,2,,
215,215,Number of pupils,NUM,1,,6702176 - PENYRHEOL PRIMARY SCHOOL,6702176,731,,All pupils,all,3,,Total
75,75,Number of pupils,NUM,1,,6702186 - PONTARDDULAIS PRIMARY SCHOOL,6702186,732,,Eligible for free school meals,fsm,1,,
100,100,Number of pupils,NUM,1,,6702186 - PONTARDDULAIS PRIMARY SCHOOL,6702186,732,,Eligible for free school meals or transitionally protected,fsmtp,2,,
390,390,Number of pupils,NUM,1,,6702186 - PONTARDDULAIS PRIMARY SCHOOL,6702186,732,,All pupils,all,3,,Total
15,15,Number of pupils,NUM,1,,6702189 - Y.G.G. BRYNIAGO,6702189,733,,Eligible for free school meals,fsm,1,,
20,20,Number of pupils,NUM,1,,6702189 - Y.G.G. BRYNIAGO,6702189,733,,Eligible for free school meals or transitionally protected,fsmtp,2,,
200,200,Number of pupils,NUM,1,,6702189 - Y.G.G. BRYNIAGO,6702189,733,,All pupils,all,3,,Total
10,10,Number of pupils,NUM,1,,6702192 - PONTLLIW PRIMARY,6702192,734,,Eligible for free school meals,fsm,1,,
25,25,Number of pupils,NUM,1,,6702192 - PONTLLIW PRIMARY,6702192,734,,Eligible for free school meals or transitionally protected,fsmtp,2,,
225,225,Number of pupils,NUM,1,,6702192 - PONTLLIW PRIMARY,6702192,734,,All pupils,all,3,,Total
40,40,Number of pupils,NUM,1,,6702211 - TRE UCHAF PRIMARY SCHOOL,6702211,735,,Eligible for free school meals,fsm,1,,
55,55,Number of pupils,NUM,1,,6702211 - TRE UCHAF PRIMARY SCHOOL,6702211,735,,Eligible for free school meals or transitionally protected,fsmtp,2,,
205,205,Number of pupils,NUM,1,,6702211 - TRE UCHAF PRIMARY SCHOOL,6702211,735,,All pupils,all,3,,Total
20,20,Number of pupils,NUM,1,,6702212 - Y.G.G. PONTYBRENIN,6702212,736,,Eligible for free school meals,fsm,1,,
45,45,Number of pupils,NUM,1,,6702212 - Y.G.G. PONTYBRENIN,6702212,736,,Eligible for free school meals or transitionally protected,fsmtp,2,,
575,575,Number of pupils,NUM,1,,6702212 - Y.G.G. PONTYBRENIN,6702212,736,,All pupils,all,3,,Total
75,75,Number of pupils,NUM,1,,6702215 - CRAIGFELEN PRIMARY SCHOOL,6702215,737,,Eligible for free school meals,fsm,1,,
100,100,Number of pupils,NUM,1,,6702215 - CRAIGFELEN PRIMARY SCHOOL,6702215,737,,Eligible for free school meals or transitionally protected,fsmtp,2,,
185,185,Number of pupils,NUM,1,,6702215 - CRAIGFELEN PRIMARY SCHOOL,6702215,737,,All pupils,all,3,,Total
5,5,Number of pupils,NUM,1,,6702216 - PENNARD PRIMARY,6702216,738,,Eligible for free school meals,fsm,1,,
10,10,Number of pupils,NUM,1,,6702216 - PENNARD PRIMARY,6702216,738,,Eligible for free school meals or transitionally protected,fsmtp,2,,
165,165,Number of pupils,NUM,1,,6702216 - PENNARD PRIMARY,6702216,738,,All pupils,all,3,,Total
5,5,Number of pupils,NUM,1,,6702217 - KNELSTON PRIMARY,6702217,739,,Eligible for free school meals,fsm,1,,
10,10,Number of pupils,NUM,1,,6702217 - KNELSTON PRIMARY,6702217,739,,Eligible for free school meals or transitionally protected,fsmtp,2,,
75,75,Number of pupils,NUM,1,,6702217 - KNELSTON PRIMARY,6702217,739,,All pupils,all,3,,Total
5,5,Number of pupils,NUM,1,,6702219 - PEN-Y-FRO,6702219,740,,Eligible for free school meals,fsm,1,,
15,15,Number of pupils,NUM,1,,6702219 - PEN-Y-FRO,6702219,740,,Eligible for free school meals or transitionally protected,fsmtp,2,,
190,190,Number of pupils,NUM,1,,6702219 - PEN-Y-FRO,6702219,740,,All pupils,all,3,,Total
20,20,Number of pupils,NUM,1,,6702223 - PONTYBRENIN PRIMARY SCHOOL,6702223,741,,Eligible for free school meals,fsm,1,,
40,40,Number of pupils,NUM,1,,6702223 - PONTYBRENIN PRIMARY SCHOOL,6702223,741,,Eligible for free school meals or transitionally protected,fsmtp,2,,
315,315,Number of pupils,NUM,1,,6702223 - PONTYBRENIN PRIMARY SCHOOL,6702223,741,,All pupils,all,3,,Total
30,30,Number of pupils,NUM,1,,6702225 - TALYCOPA PRIMARY SCHOOL,6702225,742,,Eligible for free school meals,fsm,1,,
50,50,Number of pupils,NUM,1,,6702225 - TALYCOPA PRIMARY SCHOOL,6702225,742,,Eligible for free school meals or transitionally protected,fsmtp,2,,
220,220,Number of pupils,NUM,1,,6702225 - TALYCOPA PRIMARY SCHOOL,6702225,742,,All pupils,all,3,,Total
20,20,Number of pupils,NUM,1,,6702226 - GLYNCOLLEN PRIMARY SCHOOL,6702226,743,,Eligible for free school meals,fsm,1,,
30,30,Number of pupils,NUM,1,,6702226 - GLYNCOLLEN PRIMARY SCHOOL,6702226,743,,Eligible for free school meals or transitionally protected,fsmtp,2,,
200,200,Number of pupils,NUM,1,,6702226 - GLYNCOLLEN PRIMARY SCHOOL,6702226,743,,All pupils,all,3,,Total
15,15,Number of pupils,NUM,1,,6702229 - YSGOL GYMRAEG Y LOGIN FACH,6702229,744,,Eligible for free school meals,fsm,1,,
35,35,Number of pupils,NUM,1,,6702229 - YSGOL GYMRAEG Y LOGIN FACH,6702229,744,,Eligible for free school meals or transitionally protected,fsmtp,2,,
220,220,Number of pupils,NUM,1,,6702229 - YSGOL GYMRAEG Y LOGIN FACH,6702229,744,,All pupils,all,3,,Total
75,75,Number of pupils,NUM,1,,6702231 - Y.G.G. TIRDEUNAW,6702231,745,,Eligible for free school meals,fsm,1,,
95,95,Number of pupils,NUM,1,,6702231 - Y.G.G. TIRDEUNAW,6702231,745,,Eligible for free school meals or transitionally protected,fsmtp,2,,
360,360,Number of pupils,NUM,1,,6702231 - Y.G.G. TIRDEUNAW,6702231,745,,All pupils,all,3,,Total
30,30,Number of pupils,NUM,1,,6702232 - Y.G.G. Gellionnen,6702232,746,,Eligible for free school meals,fsm,1,,
40,40,Number of pupils,NUM,1,,6702232 - Y.G.G. Gellionnen,6702232,746,,Eligible for free school meals or transitionally protected,fsmtp,2,,
185,185,Number of pupils,NUM,1,,6702232 - Y.G.G. Gellionnen,6702232,746,,All pupils,all,3,,Total
130,130,Number of pupils,NUM,1,,6702233 - GORS COMMUNITY SCHOOL,6702233,747,,Eligible for free school meals,fsm,1,,
170,170,Number of pupils,NUM,1,,6702233 - GORS COMMUNITY SCHOOL,6702233,747,,Eligible for free school meals or transitionally protected,fsmtp,2,,
315,315,Number of pupils,NUM,1,,6702233 - GORS COMMUNITY SCHOOL,6702233,747,,All pupils,all,3,,Total
120,120,Number of pupils,NUM,1,,6702234 - SEA VIEW PRIMARY SCHOOL,6702234,748,,Eligible for free school meals,fsm,1,,
145,145,Number of pupils,NUM,1,,6702234 - SEA VIEW PRIMARY SCHOOL,6702234,748,,Eligible for free school meals or transitionally protected,fsmtp,2,,
235,235,Number of pupils,NUM,1,,6702234 - SEA VIEW PRIMARY SCHOOL,6702234,748,,All pupils,all,3,,Total
5,5,Number of pupils,NUM,1,,6702235 - Y.G.G. Llwynderw,6702235,749,,Eligible for free school meals,fsm,1,,
10,10,Number of pupils,NUM,1,,6702235 - Y.G.G. Llwynderw,6702235,749,,Eligible for free school meals or transitionally protected,fsmtp,2,,
310,310,Number of pupils,NUM,1,,6702235 - Y.G.G. Llwynderw,6702235,749,,All pupils,all,3,,Total
70,70,Number of pupils,NUM,1,,6702236 - Birchgrove Primary,6702236,750,,Eligible for free school meals,fsm,1,,
115,115,Number of pupils,NUM,1,,6702236 - Birchgrove Primary,6702236,750,,Eligible for free school meals or transitionally protected,fsmtp,2,,
420,420,Number of pupils,NUM,1,,6702236 - Birchgrove Primary,6702236,750,,All pupils,all,3,,Total
10,10,Number of pupils,NUM,1,,6702237 - DUNVANT Primary SCHOOL,6702237,751,,Eligible for free school meals,fsm,1,,
20,20,Number of pupils,NUM,1,,6702237 - DUNVANT Primary SCHOOL,6702237,751,,Eligible for free school meals or transitionally protected,fsmtp,2,,
350,350,Number of pupils,NUM,1,,6702237 - DUNVANT Primary SCHOOL,6702237,751,,All pupils,all,3,,Total
140,140,Number of pupils,NUM,1,,6702238 - GWYROSYDD PRIMARY SCHOOL,6702238,752,,Eligible for free school meals,fsm,1,,
185,185,Number of pupils,NUM,1,,6702238 - GWYROSYDD PRIMARY SCHOOL,6702238,752,,Eligible for free school meals or transitionally protected,fsmtp,2,,
405,405,Number of pupils,NUM,1,,6702238 - GWYROSYDD PRIMARY SCHOOL,6702238,752,,All pupils,all,3,,Total
105,105,Number of pupils,NUM,1,,6702239 - St Thomas Community Primary School,6702239,753,,Eligible for free school meals,fsm,1,,
150,150,Number of pupils,NUM,1,,6702239 - St Thomas Community Primary School,6702239,753,,Eligible for free school meals or transitionally protected,fsmtp,2,,
420,420,Number of pupils,NUM,1,,6702239 - St Thomas Community Primary School,6702239,753,,All pupils,all,3,,Total
35,35,Number of pupils,NUM,1,,6702240 - GOWERTON PRIMARY SCHOOL,6702240,754,,Eligible for free school meals,fsm,1,,
55,55,Number of pupils,NUM,1,,6702240 - GOWERTON PRIMARY SCHOOL,6702240,754,,Eligible for free school meals or transitionally protected,fsmtp,2,,
340,340,Number of pupils,NUM,1,,6702240 - GOWERTON PRIMARY SCHOOL,6702240,754,,All pupils,all,3,,Total
75,75,Number of pupils,NUM,1,,6702241 - Pentre'r Graig Primary School,6702241,755,,Eligible for free school meals,fsm,1,,
100,100,Number of pupils,NUM,1,,6702241 - Pentre'r Graig Primary School,6702241,755,,Eligible for free school meals or transitionally protected,fsmtp,2,,
300,300,Number of pupils,NUM,1,,6702241 - Pentre'r Graig Primary School,6702241,755,,All pupils,all,3,,Total
30,30,Number of pupils,NUM,1,,6702242 - YGG TANYLAN,6702242,756,,Eligible for free school meals,fsm,1,,
40,40,Number of pupils,NUM,1,,6702242 - YGG TANYLAN,6702242,756,,Eligible for free school meals or transitionally protected,fsmtp,2,,
210,210,Number of pupils,NUM,1,,6702242 - YGG TANYLAN,6702242,756,,All pupils,all,3,,Total
150,150,Number of pupils,NUM,1,,6702243 - Burlais Primary School,6702243,757,,Eligible for free school meals,fsm,1,,
210,210,Number of pupils,NUM,1,,6702243 - Burlais Primary School,6702243,757,,Eligible for free school meals or transitionally protected,fsmtp,2,,
495,495,Number of pupils,NUM,1,,6702243 - Burlais Primary School,6702243,757,,All pupils,all,3,,Total
30,30,Number of pupils,NUM,1,,6702244 - Clydach Primary School,6702244,758,,Eligible for free school meals,fsm,1,,
50,50,Number of pupils,NUM,1,,6702244 - Clydach Primary School,6702244,758,,Eligible for free school meals or transitionally protected,fsmtp,2,,
150,150,Number of pupils,NUM,1,,6702244 - Clydach Primary School,6702244,758,,All pupils,all,3,,Total
20,20,Number of pupils,NUM,1,,6702245 - Ysgol Gymraeg Y Cwm,6702245,759,,Eligible for free school meals,fsm,1,,
25,25,Number of pupils,NUM,1,,6702245 - Ysgol Gymraeg Y Cwm,6702245,759,,Eligible for free school meals or transitionally protected,fsmtp,2,,
125,125,Number of pupils,NUM,1,,6702245 - Ysgol Gymraeg Y Cwm,6702245,759,,All pupils,all,3,,Total
80,80,Number of pupils,NUM,1,,6702246 - Gorseinon Primary School,6702246,760,,Eligible for free school meals,fsm,1,,
110,110,Number of pupils,NUM,1,,6702246 - Gorseinon Primary School,6702246,760,,Eligible for free school meals or transitionally protected,fsmtp,2,,
310,310,Number of pupils,NUM,1,,6702246 - Gorseinon Primary School,6702246,760,,All pupils,all,3,,Total
95,95,Number of pupils,NUM,1,,6702247 - Brynhyfryd Primary School,6702247,761,,Eligible for free school meals,fsm,1,,
130,130,Number of pupils,NUM,1,,6702247 - Brynhyfryd Primary School,6702247,761,,Eligible for free school meals or transitionally protected,fsmtp,2,,
460,460,Number of pupils,NUM,1,,6702247 - Brynhyfryd Primary School,6702247,761,,All pupils,all,3,,Total
5,5,Number of pupils,NUM,1,,6703303 - ST. DAVID'S RC PRIMARY SCHOOL,6703303,762,,Eligible for free school meals,fsm,1,,
15,15,Number of pupils,NUM,1,,6703303 - ST. DAVID'S RC PRIMARY SCHOOL,6703303,762,,Eligible for free school meals or transitionally protected,fsmtp,2,,
195,195,Number of pupils,NUM,1,,6703303 - ST. DAVID'S RC PRIMARY SCHOOL,6703303,762,,All pupils,all,3,,Total
50,50,Number of pupils,NUM,1,,6703305 - ST ILLTYDS PRIMARY,6703305,763,,Eligible for free school meals,fsm,1,,
75,75,Number of pupils,NUM,1,,6703305 - ST ILLTYDS PRIMARY,6703305,763,,Eligible for free school meals or transitionally protected,fsmtp,2,,
195,195,Number of pupils,NUM,1,,6703305 - ST ILLTYDS PRIMARY,6703305,763,,All pupils,all,3,,Total
25,25,Number of pupils,NUM,1,,6703306 - CHRISTCHURCH CHURCH IN WALES,6703306,764,,Eligible for free school meals,fsm,1,,
45,45,Number of pupils,NUM,1,,6703306 - CHRISTCHURCH CHURCH IN WALES,6703306,764,,Eligible for free school meals or transitionally protected,fsmtp,2,,
160,160,Number of pupils,NUM,1,,6703306 - CHRISTCHURCH CHURCH IN WALES,6703306,764,,All pupils,all,3,,Total
15,15,Number of pupils,NUM,1,,6703308 - ST JOSEPH'S R.C. PRIMARY,6703308,765,,Eligible for free school meals,fsm,1,,
20,20,Number of pupils,NUM,1,,6703308 - ST JOSEPH'S R.C. PRIMARY,6703308,765,,Eligible for free school meals or transitionally protected,fsmtp,2,,
245,245,Number of pupils,NUM,1,,6703308 - ST JOSEPH'S R.C. PRIMARY,6703308,765,,All pupils,all,3,,Total
85,85,Number of pupils,NUM,1,,6703309 - St Josephs Cathedral Primary School,6703309,766,,Eligible for free school meals,fsm,1,,
130,130,Number of pupils,NUM,1,,6703309 - St Josephs Cathedral Primary School,6703309,766,,Eligible for free school meals or transitionally protected,fsmtp,2,,
505,505,Number of pupils,NUM,1,,6703309 - St Josephs Cathedral Primary School,6703309,766,,All pupils,all,3,,Total
275,275,Number of pupils,NUM,1,,6704031 - Cefn Hengoed,6704031,767,,Eligible for free school meals,fsm,1,,
395,395,Number of pupils,NUM,1,,6704031 - Cefn Hengoed,6704031,767,,Eligible for free school meals or transitionally protected,fsmtp,2,,
905,905,Number of pupils,NUM,1,,6704031 - Cefn Hengoed,6704031,767,,All pupils,all,3,,Total
205,205,Number of pupils,NUM,1,,6704032 - OLCHFA SCHOOL,6704032,768,,Eligible for free school meals,fsm,1,,
345,345,Number of pupils,NUM,1,,6704032 - OLCHFA SCHOOL,6704032,768,,Eligible for free school meals or transitionally protected,fsmtp,2,,
"1,905",1905,Number of pupils,NUM,1,,6704032 - OLCHFA SCHOOL,6704032,768,,All pupils,all,3,,Total
235,235,Number of pupils,NUM,1,,6704033 - MORRISTON COMPREHENSIVE,6704033,769,,Eligible for free school meals,fsm,1,,
370,370,Number of pupils,NUM,1,,6704033 - MORRISTON COMPREHENSIVE,6704033,769,,Eligible for free school meals or transitionally protected,fsmtp,2,,
"1,055",1055,Number of pupils,NUM,1,,6704033 - MORRISTON COMPREHENSIVE,6704033,769,,All pupils,all,3,,Total
360,360,Number of pupils,NUM,1,,6704043 - PENTREHAFOD SCHOOL,6704043,770,,Eligible for free school meals,fsm,1,,
515,515,Number of pupils,NUM,1,,6704043 - PENTREHAFOD SCHOOL,6704043,770,,Eligible for free school meals or transitionally protected,fsmtp,2,,
"1,120",1120,Number of pupils,NUM,1,,6704043 - PENTREHAFOD SCHOOL,6704043,770,,All pupils,all,3,,Total
330,330,Number of pupils,NUM,1,,6704044 - BISHOP GORE SCHOOL,6704044,771,,Eligible for free school meals,fsm,1,,
485,485,Number of pupils,NUM,1,,6704044 - BISHOP GORE SCHOOL,6704044,771,,Eligible for free school meals or transitionally protected,fsmtp,2,,
"1,315",1315,Number of pupils,NUM,1,,6704044 - BISHOP GORE SCHOOL,6704044,771,,All pupils,all,3,,Total
180,180,Number of pupils,NUM,1,,6704062 - Penyrheol Comprehensive School,6704062,772,,Eligible for free school meals,fsm,1,,
280,280,Number of pupils,NUM,1,,6704062 - Penyrheol Comprehensive School,6704062,772,,Eligible for free school meals or transitionally protected,fsmtp,2,,
860,860,Number of pupils,NUM,1,,6704062 - Penyrheol Comprehensive School,6704062,772,,All pupils,all,3,,Total
185,185,Number of pupils,NUM,1,,6704063 - Gowerton Comprehensive School,6704063,773,,Eligible for free school meals,fsm,1,,
280,280,Number of pupils,NUM,1,,6704063 - Gowerton Comprehensive School,6704063,773,,Eligible for free school meals or transitionally protected,fsmtp,2,,
"1,125",1125,Number of pupils,NUM,1,,6704063 - Gowerton Comprehensive School,6704063,773,,All pupils,all,3,,Total
65,65,Number of pupils,NUM,1,,6704069 - BISHOPSTON COMPREHENSIVE,6704069,774,,Eligible for free school meals,fsm,1,,
125,125,Number of pupils,NUM,1,,6704069 - BISHOPSTON COMPREHENSIVE,6704069,774,,Eligible for free school meals or transitionally protected,fsmtp,2,,
"1,130",1130,Number of pupils,NUM,1,,6704069 - BISHOPSTON COMPREHENSIVE,6704069,774,,All pupils,all,3,,Total
135,135,Number of pupils,NUM,1,,6704072 - Pontarddulais Comprehensive School,6704072,775,,Eligible for free school meals,fsm,1,,
175,175,Number of pupils,NUM,1,,6704072 - Pontarddulais Comprehensive School,6704072,775,,Eligible for free school meals or transitionally protected,fsmtp,2,,
850,850,Number of pupils,NUM,1,,6704072 - Pontarddulais Comprehensive School,6704072,775,,All pupils,all,3,,Total
55,55,Number of pupils,NUM,1,,6704074 - Ysgol Gyfun Gwyr,6704074,776,,Eligible for free school meals,fsm,1,,
125,125,Number of pupils,NUM,1,,6704074 - Ysgol Gyfun Gwyr,6704074,776,,Eligible for free school meals or transitionally protected,fsmtp,2,,
"1,125",1125,Number of pupils,NUM,1,,6704074 - Ysgol Gyfun Gwyr,6704074,776,,All pupils,all,3,,Total
185,185,Number of pupils,NUM,1,,6704075 - BIRCHGROVE,6704075,777,,Eligible for free school meals,fsm,1,,
280,280,Number of pupils,NUM,1,,6704075 - BIRCHGROVE,6704075,777,,Eligible for free school meals or transitionally protected,fsmtp,2,,
720,720,Number of pupils,NUM,1,,6704075 - BIRCHGROVE,6704075,777,,All pupils,all,3,,Total
360,360,Number of pupils,NUM,1,,6704076 - Dylan Thomas Community School,6704076,778,,Eligible for free school meals,fsm,1,,
480,480,Number of pupils,NUM,1,,6704076 - Dylan Thomas Community School,6704076,778,,Eligible for free school meals or transitionally protected,fsmtp,2,,
695,695,Number of pupils,NUM,1,,6704076 - Dylan Thomas Community School,6704076,778,,All pupils,all,3,,Total
105,105,Number of pupils,NUM,1,,6704078 - Ysgol Gyfun Gymraeg Bryn Tawe,6704078,779,,Eligible for free school meals,fsm,1,,
175,175,Number of pupils,NUM,1,,6704078 - Ysgol Gyfun Gymraeg Bryn Tawe,6704078,779,,Eligible for free school meals or transitionally protected,fsmtp,2,,
875,875,Number of pupils,NUM,1,,6704078 - Ysgol Gyfun Gymraeg Bryn Tawe,6704078,779,,All pupils,all,3,,Total
245,245,Number of pupils,NUM,1,,6704600 - Bishop Vaughan School,6704600,780,,Eligible for free school meals,fsm,1,,
375,375,Number of pupils,NUM,1,,6704600 - Bishop Vaughan School,6704600,780,,Eligible for free school meals or transitionally protected,fsmtp,2,,
"1,235",1235,Number of pupils,NUM,1,,6704600 - Bishop Vaughan School,6704600,780,,All pupils,all,3,,Total
80,80,Number of pupils,NUM,1,,6707000 - Ysgol Pen-Y-Bryn,6707000,781,,Eligible for free school meals,fsm,1,,
85,85,Number of pupils,NUM,1,,6707000 - Ysgol Pen-Y-Bryn,6707000,781,,Eligible for free school meals or transitionally protected,fsmtp,2,,
175,175,Number of pupils,NUM,1,,6707000 - Ysgol Pen-Y-Bryn,6707000,781,,All pupils,all,3,,Total
20,20,Number of pupils,NUM,1,,6707008 - Ysgol Crug Glas,6707008,782,,Eligible for free school meals,fsm,1,,
25,25,Number of pupils,NUM,1,,6707008 - Ysgol Crug Glas,6707008,782,,Eligible for free school meals or transitionally protected,fsmtp,2,,
55,55,Number of pupils,NUM,1,,6707008 - Ysgol Crug Glas,6707008,782,,All pupils,all,3,,Total
30,30,Number of pupils,NUM,1,,6712100 - Alltwen Primary School,6712100,783,,Eligible for free school meals,fsm,1,,
35,35,Number of pupils,NUM,1,,6712100 - Alltwen Primary School,6712100,783,,Eligible for free school meals or transitionally protected,fsmtp,2,,
215,215,Number of pupils,NUM,1,,6712100 - Alltwen Primary School,6712100,783,,All pupils,all,3,,Total
40,40,Number of pupils,NUM,1,,6712101 - Blaendulais Primary School,6712101,784,,Eligible for free school meals,fsm,1,,
50,50,Number of pupils,NUM,1,,6712101 - Blaendulais Primary School,6712101,784,,Eligible for free school meals or transitionally protected,fsmtp,2,,
95,95,Number of pupils,NUM,1,,6712101 - Blaendulais Primary School,6712101,784,,All pupils,all,3,,Total
20,20,Number of pupils,NUM,1,,6712106 - Blaengwrach Primary School,6712106,785,,Eligible for free school meals,fsm,1,,
30,30,Number of pupils,NUM,1,,6712106 - Blaengwrach Primary School,6712106,785,,Eligible for free school meals or transitionally protected,fsmtp,2,,
145,145,Number of pupils,NUM,1,,6712106 - Blaengwrach Primary School,6712106,785,,All pupils,all,3,,Total
20,20,Number of pupils,NUM,1,,6712110 - Blaenhonddan Primary School,6712110,786,,Eligible for free school meals,fsm,1,,
25,25,Number of pupils,NUM,1,,6712110 - Blaenhonddan Primary School,6712110,786,,Eligible for free school meals or transitionally protected,fsmtp,2,,
270,270,Number of pupils,NUM,1,,6712110 - Blaenhonddan Primary School,6712110,786,,All pupils,all,3,,Total
35,35,Number of pupils,NUM,1,,6712119 - Baglan Primary School,6712119,787,,Eligible for free school meals,fsm,1,,
60,60,Number of pupils,NUM,1,,6712119 - Baglan Primary School,6712119,787,,Eligible for free school meals or transitionally protected,fsmtp,2,,
270,270,Number of pupils,NUM,1,,6712119 - Baglan Primary School,6712119,787,,All pupils,all,3,,Total
5,5,Number of pupils,NUM,1,,6712128 - YGG Cwmllynfell,6712128,788,,Eligible for free school meals,fsm,1,,
10,10,Number of pupils,NUM,1,,6712128 - YGG Cwmllynfell,6712128,788,,Eligible for free school meals or transitionally protected,fsmtp,2,,
60,60,Number of pupils,NUM,1,,6712128 - YGG Cwmllynfell,6712128,788,,All pupils,all,3,,Total
5,5,Number of pupils,NUM,1,,6712129 - Creunant Primary School,6712129,789,,Eligible for free school meals,fsm,1,,
15,15,Number of pupils,NUM,1,,6712129 - Creunant Primary School,6712129,789,,Eligible for free school meals or transitionally protected,fsmtp,2,,
125,125,Number of pupils,NUM,1,,6712129 - Creunant Primary School,6712129,789,,All pupils,all,3,,Total
10,10,Number of pupils,NUM,1,,6712134 - Crymlyn Primary School,6712134,790,,Eligible for free school meals,fsm,1,,
20,20,Number of pupils,NUM,1,,6712134 - Crymlyn Primary School,6712134,790,,Eligible for free school meals or transitionally protected,fsmtp,2,,
130,130,Number of pupils,NUM,1,,6712134 - Crymlyn Primary School,6712134,790,,All pupils,all,3,,Total
60,60,Number of pupils,NUM,1,,6712137 - Cwmnedd Primary School,6712137,791,,Eligible for free school meals,fsm,1,,
80,80,Number of pupils,NUM,1,,6712137 - Cwmnedd Primary School,6712137,791,,Eligible for free school meals or transitionally protected,fsmtp,2,,
170,170,Number of pupils,NUM,1,,6712137 - Cwmnedd Primary School,6712137,791,,All pupils,all,3,,Total
35,35,Number of pupils,NUM,1,,6712138 - Cymer Afan Primary School,6712138,792,,Eligible for free school meals,fsm,1,,
40,40,Number of pupils,NUM,1,,6712138 - Cymer Afan Primary School,6712138,792,,Eligible for free school meals or transitionally protected,fsmtp,2,,
90,90,Number of pupils,NUM,1,,6712138 - Cymer Afan Primary School,6712138,792,,All pupils,all,3,,Total
30,30,Number of pupils,NUM,1,,6712140 - Godre'rgraig Primary School,6712140,793,,Eligible for free school meals,fsm,1,,
35,35,Number of pupils,NUM,1,,6712140 - Godre'rgraig Primary School,6712140,793,,Eligible for free school meals or transitionally protected,fsmtp,2,,
100,100,Number of pupils,NUM,1,,6712140 - Godre'rgraig Primary School,6712140,793,,All pupils,all,3,,Total
55,55,Number of pupils,NUM,1,,6712142 - Eastern Primary School,6712142,794,,Eligible for free school meals,fsm,1,,
70,70,Number of pupils,NUM,1,,6712142 - Eastern Primary School,6712142,794,,Eligible for free school meals or transitionally protected,fsmtp,2,,
130,130,Number of pupils,NUM,1,,6712142 - Eastern Primary School,6712142,794,,All pupils,all,3,,Total
95,95,Number of pupils,NUM,1,,6712144 - Gnoll Primary School,6712144,795,,Eligible for free school meals,fsm,1,,
125,125,Number of pupils,NUM,1,,6712144 - Gnoll Primary School,6712144,795,,Eligible for free school meals or transitionally protected,fsmtp,2,,
350,350,Number of pupils,NUM,1,,6712144 - Gnoll Primary School,6712144,795,,All pupils,all,3,,Total
35,35,Number of pupils,NUM,1,,6712148 - Glyncorrwg Primary School,6712148,796,,Eligible for free school meals,fsm,1,,
45,45,Number of pupils,NUM,1,,6712148 - Glyncorrwg Primary School,6712148,796,,Eligible for free school meals or transitionally protected,fsmtp,2,,
90,90,Number of pupils,NUM,1,,6712148 - Glyncorrwg Primary School,6712148,796,,All pupils,all,3,,Total
40,40,Number of pupils,NUM,1,,6712149 - YGG Gwaun Cae Gurwen,6712149,797,,Eligible for free school meals,fsm,1,,
50,50,Number of pupils,NUM,1,,6712149 - YGG Gwaun Cae Gurwen,6712149,797,,Eligible for free school meals or transitionally protected,fsmtp,2,,
165,165,Number of pupils,NUM,1,,6712149 - YGG Gwaun Cae Gurwen,6712149,797,,All pupils,all,3,,Total
20,20,Number of pupils,NUM,1,,6712150 - Catwg Primary School,6712150,798,,Eligible for free school meals,fsm,1,,
30,30,Number of pupils,NUM,1,,6712150 - Catwg Primary School,6712150,798,,Eligible for free school meals or transitionally protected,fsmtp,2,,
205,205,Number of pupils,NUM,1,,6712150 - Catwg Primary School,6712150,798,,All pupils,all,3,,Total
25,25,Number of pupils,NUM,1,,6712155 - Maesmarchog Community Primary School,6712155,799,,Eligible for free school meals,fsm,1,,
30,30,Number of pupils,NUM,1,,6712155 - Maesmarchog Community Primary School,6712155,799,,Eligible for free school meals or transitionally protected,fsmtp,2,,
85,85,Number of pupils,NUM,1,,6712155 - Maesmarchog Community Primary School,6712155,799,,All pupils,all,3,,Total
60,60,Number of pupils,NUM,1,,6712158 - YGG Rhosafan,6712158,800,,Eligible for free school meals,fsm,1,,
80,80,Number of pupils,NUM,1,,6712158 - YGG Rhosafan,6712158,800,,Eligible for free school meals or transitionally protected,fsmtp,2,,
390,390,Number of pupils,NUM,1,,6712158 - YGG Rhosafan,6712158,800,,All pupils,all,3,,Total
120,120,Number of pupils,NUM,1,,6712161 - Sandfields Primary School,6712161,801,,Eligible for free school meals,fsm,1,,
145,145,Number of pupils,NUM,1,,6712161 - Sandfields Primary School,6712161,801,,Eligible for free school meals or transitionally protected,fsmtp,2,,
250,250,Number of pupils,NUM,1,,6712161 - Sandfields Primary School,6712161,801,,All pupils,all,3,,Total
35,35,Number of pupils,NUM,1,,6712168 - YGG Castell-nedd,6712168,802,,Eligible for free school meals,fsm,1,,
45,45,Number of pupils,NUM,1,,6712168 - YGG Castell-nedd,6712168,802,,Eligible for free school meals or transitionally protected,fsmtp,2,,
410,410,Number of pupils,NUM,1,,6712168 - YGG Castell-nedd,6712168,802,,All pupils,all,3,,Total
75,75,Number of pupils,NUM,1,,6712173 - Croeserw Primary School,6712173,803,,Eligible for free school meals,fsm,1,,
85,85,Number of pupils,NUM,1,,6712173 - Croeserw Primary School,6712173,803,,Eligible for free school meals or transitionally protected,fsmtp,2,,
135,135,Number of pupils,NUM,1,,6712173 - Croeserw Primary School,6712173,803,,All pupils,all,3,,Total
130,130,Number of pupils,NUM,1,,6712175 - Tywyn Primary School,6712175,804,,Eligible for free school meals,fsm,1,,
155,155,Number of pupils,NUM,1,,6712175 - Tywyn Primary School,6712175,804,,Eligible for free school meals or transitionally protected,fsmtp,2,,
440,440,Number of pupils,NUM,1,,6712175 - Tywyn Primary School,6712175,804,,All pupils,all,3,,Total
25,25,Number of pupils,NUM,1,,6712178 - Llangiwg Primary School,6712178,805,,Eligible for free school meals,fsm,1,,
30,30,Number of pupils,NUM,1,,6712178 - Llangiwg Primary School,6712178,805,,Eligible for free school meals or transitionally protected,fsmtp,2,,
80,80,Number of pupils,NUM,1,,6712178 - Llangiwg Primary School,6712178,805,,All pupils,all,3,,Total
35,35,Number of pupils,NUM,1,,6712181 - Tonnau Primary Community School,6712181,806,,Eligible for free school meals,fsm,1,,
50,50,Number of pupils,NUM,1,,6712181 - Tonnau Primary Community School,6712181,806,,Eligible for free school meals or transitionally protected,fsmtp,2,,
205,205,Number of pupils,NUM,1,,6712181 - Tonnau Primary Community School,6712181,806,,All pupils,all,3,,Total
30,30,Number of pupils,NUM,1,,6712187 - Ynysfach Primary School,6712187,807,,Eligible for free school meals,fsm,1,,
45,45,Number of pupils,NUM,1,,6712187 - Ynysfach Primary School,6712187,807,,Eligible for free school meals or transitionally protected,fsmtp,2,,
150,150,Number of pupils,NUM,1,,6712187 - Ynysfach Primary School,6712187,807,,All pupils,all,3,,Total
25,25,Number of pupils,NUM,1,,6712191 - Blaenbaglan Primary School,6712191,808,,Eligible for free school meals,fsm,1,,
35,35,Number of pupils,NUM,1,,6712191 - Blaenbaglan Primary School,6712191,808,,Eligible for free school meals or transitionally protected,fsmtp,2,,
265,265,Number of pupils,NUM,1,,6712191 - Blaenbaglan Primary School,6712191,808,,All pupils,all,3,,Total
25,25,Number of pupils,NUM,1,,6712200 - Rhos Primary School,6712200,809,,Eligible for free school meals,fsm,1,,
25,25,Number of pupils,NUM,1,,6712200 - Rhos Primary School,6712200,809,,Eligible for free school meals or transitionally protected,fsmtp,2,,
145,145,Number of pupils,NUM,1,,6712200 - Rhos Primary School,6712200,809,,All pupils,all,3,,Total
15,15,Number of pupils,NUM,1,,6712202 - YGG Blaendulais,6712202,810,,Eligible for free school meals,fsm,1,,
15,15,Number of pupils,NUM,1,,6712202 - YGG Blaendulais,6712202,810,,Eligible for free school meals or transitionally protected,fsmtp,2,,
100,100,Number of pupils,NUM,1,,6712202 - YGG Blaendulais,6712202,810,,All pupils,all,3,,Total
40,40,Number of pupils,NUM,1,,6712203 - Rhydyfro Primary School,6712203,811,,Eligible for free school meals,fsm,1,,
55,55,Number of pupils,NUM,1,,6712203 - Rhydyfro Primary School,6712203,811,,Eligible for free school meals or transitionally protected,fsmtp,2,,
145,145,Number of pupils,NUM,1,,6712203 - Rhydyfro Primary School,6712203,811,,All pupils,all,3,,Total
25,25,Number of pupils,NUM,1,,6712205 - YGG Cwm Nedd,6712205,812,,Eligible for free school meals,fsm,1,,
30,30,Number of pupils,NUM,1,,6712205 - YGG Cwm Nedd,6712205,812,,Eligible for free school meals or transitionally protected,fsmtp,2,,
145,145,Number of pupils,NUM,1,,6712205 - YGG Cwm Nedd,6712205,812,,All pupils,all,3,,Total
25,25,Number of pupils,NUM,1,,6712206 - Tairgwaith Primary School,6712206,813,,Eligible for free school meals,fsm,1,,
35,35,Number of pupils,NUM,1,,6712206 - Tairgwaith Primary School,6712206,813,,Eligible for free school meals or transitionally protected,fsmtp,2,,
90,90,Number of pupils,NUM,1,,6712206 - Tairgwaith Primary School,6712206,813,,All pupils,all,3,,Total
15,15,Number of pupils,NUM,1,,6712208 - YGG Trebannws,6712208,814,,Eligible for free school meals,fsm,1,,
15,15,Number of pupils,NUM,1,,6712208 - YGG Trebannws,6712208,814,,Eligible for free school meals or transitionally protected,fsmtp,2,,
90,90,Number of pupils,NUM,1,,6712208 - YGG Trebannws,6712208,814,,All pupils,all,3,,Total
40,40,Number of pupils,NUM,1,,6712218 - YGG Pontardawe,6712218,815,,Eligible for free school meals,fsm,1,,
55,55,Number of pupils,NUM,1,,6712218 - YGG Pontardawe,6712218,815,,Eligible for free school meals or transitionally protected,fsmtp,2,,
340,340,Number of pupils,NUM,1,,6712218 - YGG Pontardawe,6712218,815,,All pupils,all,3,,Total
55,55,Number of pupils,NUM,1,,6712221 - Waunceirch Primary School,6712221,816,,Eligible for free school meals,fsm,1,,
75,75,Number of pupils,NUM,1,,6712221 - Waunceirch Primary School,6712221,816,,Eligible for free school meals or transitionally protected,fsmtp,2,,
185,185,Number of pupils,NUM,1,,6712221 - Waunceirch Primary School,6712221,816,,All pupils,all,3,,Total
45,45,Number of pupils,NUM,1,,6712230 - Cilffriw Primary School,6712230,817,,Eligible for free school meals,fsm,1,,
50,50,Number of pupils,NUM,1,,6712230 - Cilffriw Primary School,6712230,817,,Eligible for free school meals or transitionally protected,fsmtp,2,,
145,145,Number of pupils,NUM,1,,6712230 - Cilffriw Primary School,6712230,817,,All pupils,all,3,,Total
55,55,Number of pupils,NUM,1,,6712231 - YGG Tyle'r Ynn,6712231,818,,Eligible for free school meals,fsm,1,,
70,70,Number of pupils,NUM,1,,6712231 - YGG Tyle'r Ynn,6712231,818,,Eligible for free school meals or transitionally protected,fsmtp,2,,
290,290,Number of pupils,NUM,1,,6712231 - YGG Tyle'r Ynn,6712231,818,,All pupils,all,3,,Total
25,25,Number of pupils,NUM,1,,6712232 - Coed Hirwaun Primary School,6712232,819,,Eligible for free school meals,fsm,1,,
30,30,Number of pupils,NUM,1,,6712232 - Coed Hirwaun Primary School,6712232,819,,Eligible for free school meals or transitionally protected,fsmtp,2,,
155,155,Number of pupils,NUM,1,,6712232 - Coed Hirwaun Primary School,6712232,819,,All pupils,all,3,,Total
100,100,Number of pupils,NUM,1,,6712233 - Coedffranc Primary School,6712233,820,,Eligible for free school meals,fsm,1,,
130,130,Number of pupils,NUM,1,,6712233 - Coedffranc Primary School,6712233,820,,Eligible for free school meals or transitionally protected,fsmtp,2,,
410,410,Number of pupils,NUM,1,,6712233 - Coedffranc Primary School,6712233,820,,All pupils,all,3,,Total
25,25,Number of pupils,NUM,1,,6712234 - Pen Afan Primary School,6712234,821,,Eligible for free school meals,fsm,1,,
40,40,Number of pupils,NUM,1,,6712234 - Pen Afan Primary School,6712234,821,,Eligible for free school meals or transitionally protected,fsmtp,2,,
95,95,Number of pupils,NUM,1,,6712234 - Pen Afan Primary School,6712234,821,,All pupils,all,3,,Total
185,185,Number of pupils,NUM,1,,6712235 - Awel Y Mor Primary School,6712235,822,,Eligible for free school meals,fsm,1,,
215,215,Number of pupils,NUM,1,,6712235 - Awel Y Mor Primary School,6712235,822,,Eligible for free school meals or transitionally protected,fsmtp,2,,
355,355,Number of pupils,NUM,1,,6712235 - Awel Y Mor Primary School,6712235,822,,All pupils,all,3,,Total
100,100,Number of pupils,NUM,1,,6712236 - Crynallt Primary School,6712236,823,,Eligible for free school meals,fsm,1,,
125,125,Number of pupils,NUM,1,,6712236 - Crynallt Primary School,6712236,823,,Eligible for free school meals or transitionally protected,fsmtp,2,,
390,390,Number of pupils,NUM,1,,6712236 - Crynallt Primary School,6712236,823,,All pupils,all,3,,Total
105,105,Number of pupils,NUM,1,,6712237 - Cwmafan Primary School,6712237,824,,Eligible for free school meals,fsm,1,,
125,125,Number of pupils,NUM,1,,6712237 - Cwmafan Primary School,6712237,824,,Eligible for free school meals or transitionally protected,fsmtp,2,,
410,410,Number of pupils,NUM,1,,6712237 - Cwmafan Primary School,6712237,824,,All pupils,all,3,,Total
90,90,Number of pupils,NUM,1,,6712238 - Central Primary School,6712238,825,,Eligible for free school meals,fsm,1,,
110,110,Number of pupils,NUM,1,,6712238 - Central Primary School,6712238,825,,Eligible for free school meals or transitionally protected,fsmtp,2,,
410,410,Number of pupils,NUM,1,,6712238 - Central Primary School,6712238,825,,All pupils,all,3,,Total
60,60,Number of pupils,NUM,1,,6712239 - Abbey Primary School,6712239,826,,Eligible for free school meals,fsm,1,,
85,85,Number of pupils,NUM,1,,6712239 - Abbey Primary School,6712239,826,,Eligible for free school meals or transitionally protected,fsmtp,2,,
440,440,Number of pupils,NUM,1,,6712239 - Abbey Primary School,6712239,826,,All pupils,all,3,,Total
85,85,Number of pupils,NUM,1,,6712240 - Melin Primary School,6712240,827,,Eligible for free school meals,fsm,1,,
115,115,Number of pupils,NUM,1,,6712240 - Melin Primary School,6712240,827,,Eligible for free school meals or transitionally protected,fsmtp,2,,
260,260,Number of pupils,NUM,1,,6712240 - Melin Primary School,6712240,827,,All pupils,all,3,,Total
120,120,Number of pupils,NUM,1,,6712241 - Ysgol Carreg Hir,6712241,828,,Eligible for free school meals,fsm,1,,
145,145,Number of pupils,NUM,1,,6712241 - Ysgol Carreg Hir,6712241,828,,Eligible for free school meals or transitionally protected,fsmtp,2,,
385,385,Number of pupils,NUM,1,,6712241 - Ysgol Carreg Hir,6712241,828,,All pupils,all,3,,Total
,,Number of pupils,NUM,1,,6712242 - YGG Tregeles,6712242,829,,Eligible for free school meals,fsm,1,,Confidential
,,Number of pupils,NUM,1,,6712242 - YGG Tregeles,6712242,829,,Eligible for free school meals or transitionally protected,fsmtp,2,,Confidential
45,45,Number of pupils,NUM,1,,6712242 - YGG Tregeles,6712242,829,,All pupils,all,3,,Total
35,35,Number of pupils,NUM,1,,6713309 - St Joseph's Catholic Primary School (Neath),6713309,830,,Eligible for free school meals,fsm,1,,
45,45,Number of pupils,NUM,1,,6713309 - St Joseph's Catholic Primary School (Neath),6713309,830,,Eligible for free school meals or transitionally protected,fsmtp,2,,
120,120,Number of pupils,NUM,1,,6713309 - St Joseph's Catholic Primary School (Neath),6713309,830,,All pupils,all,3,,Total
15,15,Number of pupils,NUM,1,,6713310 - St Josephs Catholic Infant School,6713310,831,,Eligible for free school meals,fsm,1,,
15,15,Number of pupils,NUM,1,,6713310 - St Josephs Catholic Infant School,6713310,831,,Eligible for free school meals or transitionally protected,fsmtp,2,,
120,120,Number of pupils,NUM,1,,6713310 - St Josephs Catholic Infant School,6713310,831,,All pupils,all,3,,Total
,,Number of pupils,NUM,1,,6713311 - Bryncoch CIW Primary School,6713311,832,,Eligible for free school meals,fsm,1,,Confidential
10,10,Number of pupils,NUM,1,,6713311 - Bryncoch CIW Primary School,6713311,832,,Eligible for free school meals or transitionally protected,fsmtp,2,,
105,105,Number of pupils,NUM,1,,6713311 - Bryncoch CIW Primary School,6713311,832,,All pupils,all,3,,Total
55,55,Number of pupils,NUM,1,,6713313 - Alderman Davies CIW Primary School,6713313,833,,Eligible for free school meals,fsm,1,,
75,75,Number of pupils,NUM,1,,6713313 - Alderman Davies CIW Primary School,6713313,833,,Eligible for free school meals or transitionally protected,fsmtp,2,,
250,250,Number of pupils,NUM,1,,6713313 - Alderman Davies CIW Primary School,6713313,833,,All pupils,all,3,,Total
55,55,Number of pupils,NUM,1,,6713314 - St Therese's Catholic Primary School,6713314,834,,Eligible for free school meals,fsm,1,,
70,70,Number of pupils,NUM,1,,6713314 - St Therese's Catholic Primary School,6713314,834,,Eligible for free school meals or transitionally protected,fsmtp,2,,
225,225,Number of pupils,NUM,1,,6713314 - St Therese's Catholic Primary School,6713314,834,,All pupils,all,3,,Total
45,45,Number of pupils,NUM,1,,6713316 - St Josephs Catholic Junior School,6713316,835,,Eligible for free school meals,fsm,1,,
70,70,Number of pupils,NUM,1,,6713316 - St Josephs Catholic Junior School,6713316,835,,Eligible for free school meals or transitionally protected,fsmtp,2,,
165,165,Number of pupils,NUM,1,,6713316 - St Josephs Catholic Junior School,6713316,835,,All pupils,all,3,,Total
205,205,Number of pupils,NUM,1,,6714064 - Cefn Saeson Comprehensive School,6714064,836,,Eligible for free school meals,fsm,1,,
285,285,Number of pupils,NUM,1,,6714064 - Cefn Saeson Comprehensive School,6714064,836,,Eligible for free school meals or transitionally protected,fsmtp,2,,
850,850,Number of pupils,NUM,1,,6714064 - Cefn Saeson Comprehensive School,6714064,836,,All pupils,all,3,,Total
185,185,Number of pupils,NUM,1,,6714065 - Cwmtawe Community School,6714065,837,,Eligible for free school meals,fsm,1,,
275,275,Number of pupils,NUM,1,,6714065 - Cwmtawe Community School,6714065,837,,Eligible for free school meals or transitionally protected,fsmtp,2,,
"1,045",1045,Number of pupils,NUM,1,,6714065 - Cwmtawe Community School,6714065,837,,All pupils,all,3,,Total
190,190,Number of pupils,NUM,1,,6714066 - Llangatwg Community School,6714066,838,,Eligible for free school meals,fsm,1,,
265,265,Number of pupils,NUM,1,,6714066 - Llangatwg Community School,6714066,838,,Eligible for free school meals or transitionally protected,fsmtp,2,,
750,750,Number of pupils,NUM,1,,6714066 - Llangatwg Community School,6714066,838,,All pupils,all,3,,Total
170,170,Number of pupils,NUM,1,,6714067 - Dwr Y Felin Comprehensive School,6714067,839,,Eligible for free school meals,fsm,1,,
275,275,Number of pupils,NUM,1,,6714067 - Dwr Y Felin Comprehensive School,6714067,839,,Eligible for free school meals or transitionally protected,fsmtp,2,,
"1,095",1095,Number of pupils,NUM,1,,6714067 - Dwr Y Felin Comprehensive School,6714067,839,,All pupils,all,3,,Total
210,210,Number of pupils,NUM,1,,6714601 - St Joseph's RC School and 6th Form Centre,6714601,840,,Eligible for free school meals,fsm,1,,
285,285,Number of pupils,NUM,1,,6714601 - St Joseph's RC School and 6th Form Centre,6714601,840,,Eligible for free school meals or transitionally protected,fsmtp,2,,
835,835,Number of pupils,NUM,1,,6714601 - St Joseph's RC School and 6th Form Centre,6714601,840,,All pupils,all,3,,Total
410,410,Number of pupils,NUM,1,,6715500 - Ysgol Bae Baglan,6715500,841,,Eligible for free school meals,fsm,1,,
555,555,Number of pupils,NUM,1,,6715500 - Ysgol Bae Baglan,6715500,841,,Eligible for free school meals or transitionally protected,fsmtp,2,,
"1,385",1385,Number of pupils,NUM,1,,6715500 - Ysgol Bae Baglan,6715500,841,,All pupils,all,3,,Total
195,195,Number of pupils,NUM,1,,6715501 - Ysgol Gymraeg Ystalyfera Bro Dur,6715501,842,,Eligible for free school meals,fsm,1,,
295,295,Number of pupils,NUM,1,,6715501 - Ysgol Gymraeg Ystalyfera Bro Dur,6715501,842,,Eligible for free school meals or transitionally protected,fsmtp,2,,
"1,555",1555,Number of pupils,NUM,1,,6715501 - Ysgol Gymraeg Ystalyfera Bro Dur,6715501,842,,All pupils,all,3,,Total
330,330,Number of pupils,NUM,1,,6715502 - Ysgol Cwm Brombil,6715502,843,,Eligible for free school meals,fsm,1,,
480,480,Number of pupils,NUM,1,,6715502 - Ysgol Cwm Brombil,6715502,843,,Eligible for free school meals or transitionally protected,fsmtp,2,,
"1,440",1440,Number of pupils,NUM,1,,6715502 - Ysgol Cwm Brombil,6715502,843,,All pupils,all,3,,Total
55,55,Number of pupils,NUM,1,,6717006 - Ysgol Maes y Coed,6717006,844,,Eligible for free school meals,fsm,1,,
60,60,Number of pupils,NUM,1,,6717006 - Ysgol Maes y Coed,6717006,844,,Eligible for free school meals or transitionally protected,fsmtp,2,,
125,125,Number of pupils,NUM,1,,6717006 - Ysgol Maes y Coed,6717006,844,,All pupils,all,3,,Total
95,95,Number of pupils,NUM,1,,6717008 - Ysgol Hendrefelin,6717008,845,,Eligible for free school meals,fsm,1,,
125,125,Number of pupils,NUM,1,,6717008 - Ysgol Hendrefelin,6717008,845,,Eligible for free school meals or transitionally protected,fsmtp,2,,
175,175,Number of pupils,NUM,1,,6717008 - Ysgol Hendrefelin,6717008,845,,All pupils,all,3,,Total
25,25,Number of pupils,NUM,1,,6722046 - Abercerdin Primary School,6722046,846,,Eligible for free school meals,fsm,1,,
30,30,Number of pupils,NUM,1,,6722046 - Abercerdin Primary School,6722046,846,,Eligible for free school meals or transitionally protected,fsmtp,2,,
145,145,Number of pupils,NUM,1,,6722046 - Abercerdin Primary School,6722046,846,,All pupils,all,3,,Total
70,70,Number of pupils,NUM,1,,6722051 - Betws Primary School,6722051,847,,Eligible for free school meals,fsm,1,,
80,80,Number of pupils,NUM,1,,6722051 - Betws Primary School,6722051,847,,Eligible for free school meals or transitionally protected,fsmtp,2,,
175,175,Number of pupils,NUM,1,,6722051 - Betws Primary School,6722051,847,,All pupils,all,3,,Total
45,45,Number of pupils,NUM,1,,6722055 - Blaengarw Primary,6722055,848,,Eligible for free school meals,fsm,1,,
50,50,Number of pupils,NUM,1,,6722055 - Blaengarw Primary,6722055,848,,Eligible for free school meals or transitionally protected,fsmtp,2,,
155,155,Number of pupils,NUM,1,,6722055 - Blaengarw Primary,6722055,848,,All pupils,all,3,,Total
105,105,Number of pupils,NUM,1,,6722086 - Brynmenyn Primary,6722086,849,,Eligible for free school meals,fsm,1,,
145,145,Number of pupils,NUM,1,,6722086 - Brynmenyn Primary,6722086,849,,Eligible for free school meals or transitionally protected,fsmtp,2,,
410,410,Number of pupils,NUM,1,,6722086 - Brynmenyn Primary,6722086,849,,All pupils,all,3,,Total
45,45,Number of pupils,NUM,1,,6722090 - Bryntirion Infants,6722090,850,,Eligible for free school meals,fsm,1,,
50,50,Number of pupils,NUM,1,,6722090 - Bryntirion Infants,6722090,850,,Eligible for free school meals or transitionally protected,fsmtp,2,,
145,145,Number of pupils,NUM,1,,6722090 - Bryntirion Infants,6722090,850,,All pupils,all,3,,Total
35,35,Number of pupils,NUM,1,,6722103 - CEFN CRIBWR PRIMARY SCHOOL,6722103,851,,Eligible for free school meals,fsm,1,,
40,40,Number of pupils,NUM,1,,6722103 - CEFN CRIBWR PRIMARY SCHOOL,6722103,851,,Eligible for free school meals or transitionally protected,fsmtp,2,,
155,155,Number of pupils,NUM,1,,6722103 - CEFN CRIBWR PRIMARY SCHOOL,6722103,851,,All pupils,all,3,,Total
15,15,Number of pupils,NUM,1,,6722109 - Coety Primary,6722109,852,,Eligible for free school meals,fsm,1,,
20,20,Number of pupils,NUM,1,,6722109 - Coety Primary,6722109,852,,Eligible for free school meals or transitionally protected,fsmtp,2,,
480,480,Number of pupils,NUM,1,,6722109 - Coety Primary,6722109,852,,All pupils,all,3,,Total
20,20,Number of pupils,NUM,1,,6722117 - Cwmfelin Primary School,6722117,853,,Eligible for free school meals,fsm,1,,
30,30,Number of pupils,NUM,1,,6722117 - Cwmfelin Primary School,6722117,853,,Eligible for free school meals or transitionally protected,fsmtp,2,,
200,200,Number of pupils,NUM,1,,6722117 - Cwmfelin Primary School,6722117,853,,All pupils,all,3,,Total
40,40,Number of pupils,NUM,1,,6722122 - FFALDAU,6722122,854,,Eligible for free school meals,fsm,1,,
50,50,Number of pupils,NUM,1,,6722122 - FFALDAU,6722122,854,,Eligible for free school meals or transitionally protected,fsmtp,2,,
135,135,Number of pupils,NUM,1,,6722122 - FFALDAU,6722122,854,,All pupils,all,3,,Total
75,75,Number of pupils,NUM,1,,6722129 - Garth Primary School,6722129,855,,Eligible for free school meals,fsm,1,,
80,80,Number of pupils,NUM,1,,6722129 - Garth Primary School,6722129,855,,Eligible for free school meals or transitionally protected,fsmtp,2,,
190,190,Number of pupils,NUM,1,,6722129 - Garth Primary School,6722129,855,,All pupils,all,3,,Total
15,15,Number of pupils,NUM,1,,6722146 - Coychurch Llangrallo Primary,6722146,856,,Eligible for free school meals,fsm,1,,
20,20,Number of pupils,NUM,1,,6722146 - Coychurch Llangrallo Primary,6722146,856,,Eligible for free school meals or transitionally protected,fsmtp,2,,
135,135,Number of pupils,NUM,1,,6722146 - Coychurch Llangrallo Primary,6722146,856,,All pupils,all,3,,Total
30,30,Number of pupils,NUM,1,,6722149 - LLANGYNWYD PRIMARY SCHOOL,6722149,857,,Eligible for free school meals,fsm,1,,
40,40,Number of pupils,NUM,1,,6722149 - LLANGYNWYD PRIMARY SCHOOL,6722149,857,,Eligible for free school meals or transitionally protected,fsmtp,2,,
90,90,Number of pupils,NUM,1,,6722149 - LLANGYNWYD PRIMARY SCHOOL,6722149,857,,All pupils,all,3,,Total
45,45,Number of pupils,NUM,1,,6722172 - NANTYFFYLLON PRIMARY SCHOOL,6722172,858,,Eligible for free school meals,fsm,1,,
60,60,Number of pupils,NUM,1,,6722172 - NANTYFFYLLON PRIMARY SCHOOL,6722172,858,,Eligible for free school meals or transitionally protected,fsmtp,2,,
205,205,Number of pupils,NUM,1,,6722172 - NANTYFFYLLON PRIMARY SCHOOL,6722172,858,,All pupils,all,3,,Total
70,70,Number of pupils,NUM,1,,6722178 - Nantymoel Primary School,6722178,859,,Eligible for free school meals,fsm,1,,
85,85,Number of pupils,NUM,1,,6722178 - Nantymoel Primary School,6722178,859,,Eligible for free school meals or transitionally protected,fsmtp,2,,
220,220,Number of pupils,NUM,1,,6722178 - Nantymoel Primary School,6722178,859,,All pupils,all,3,,Total
35,35,Number of pupils,NUM,1,,6722185 - Newton Primary,6722185,860,,Eligible for free school meals,fsm,1,,
40,40,Number of pupils,NUM,1,,6722185 - Newton Primary,6722185,860,,Eligible for free school meals or transitionally protected,fsmtp,2,,
170,170,Number of pupils,NUM,1,,6722185 - Newton Primary,6722185,860,,All pupils,all,3,,Total
35,35,Number of pupils,NUM,1,,6722194 - NOTTAGE COUNTY PRIMARY,6722194,861,,Eligible for free school meals,fsm,1,,
45,45,Number of pupils,NUM,1,,6722194 - NOTTAGE COUNTY PRIMARY,6722194,861,,Eligible for free school meals or transitionally protected,fsmtp,2,,
325,325,Number of pupils,NUM,1,,6722194 - NOTTAGE COUNTY PRIMARY,6722194,861,,All pupils,all,3,,Total
95,95,Number of pupils,NUM,1,,6722220 - Pen-y-Bont Primary,6722220,862,,Eligible for free school meals,fsm,1,,
125,125,Number of pupils,NUM,1,,6722220 - Pen-y-Bont Primary,6722220,862,,Eligible for free school meals or transitionally protected,fsmtp,2,,
335,335,Number of pupils,NUM,1,,6722220 - Pen-y-Bont Primary,6722220,862,,All pupils,all,3,,Total
75,75,Number of pupils,NUM,1,,6722227 - Pil Primary,6722227,863,,Eligible for free school meals,fsm,1,,
90,90,Number of pupils,NUM,1,,6722227 - Pil Primary,6722227,863,,Eligible for free school meals or transitionally protected,fsmtp,2,,
200,200,Number of pupils,NUM,1,,6722227 - Pil Primary,6722227,863,,All pupils,all,3,,Total
70,70,Number of pupils,NUM,1,,6722232 - Plasnewydd Primary School,6722232,864,,Eligible for free school meals,fsm,1,,
85,85,Number of pupils,NUM,1,,6722232 - Plasnewydd Primary School,6722232,864,,Eligible for free school meals or transitionally protected,fsmtp,2,,
175,175,Number of pupils,NUM,1,,6722232 - Plasnewydd Primary School,6722232,864,,All pupils,all,3,,Total
5,5,Number of pupils,NUM,1,,6722256 - Trelales Primary School,6722256,865,,Eligible for free school meals,fsm,1,,
10,10,Number of pupils,NUM,1,,6722256 - Trelales Primary School,6722256,865,,Eligible for free school meals or transitionally protected,fsmtp,2,,
180,180,Number of pupils,NUM,1,,6722256 - Trelales Primary School,6722256,865,,All pupils,all,3,,Total
50,50,Number of pupils,NUM,1,,6722259 - Ysgol Cynwyd Sant,6722259,866,,Eligible for free school meals,fsm,1,,
65,65,Number of pupils,NUM,1,,6722259 - Ysgol Cynwyd Sant,6722259,866,,Eligible for free school meals or transitionally protected,fsmtp,2,,
270,270,Number of pupils,NUM,1,,6722259 - Ysgol Cynwyd Sant,6722259,866,,All pupils,all,3,,Total
20,20,Number of pupils,NUM,1,,6722275 - Tynyrheol Primary School,6722275,867,,Eligible for free school meals,fsm,1,,
30,30,Number of pupils,NUM,1,,6722275 - Tynyrheol Primary School,6722275,867,,Eligible for free school meals or transitionally protected,fsmtp,2,,
60,60,Number of pupils,NUM,1,,6722275 - Tynyrheol Primary School,6722275,867,,All pupils,all,3,,Total
30,30,Number of pupils,NUM,1,,6722279 - CROESTY PRIMARY SCHOOL,6722279,868,,Eligible for free school meals,fsm,1,,
40,40,Number of pupils,NUM,1,,6722279 - CROESTY PRIMARY SCHOOL,6722279,868,,Eligible for free school meals or transitionally protected,fsmtp,2,,
185,185,Number of pupils,NUM,1,,6722279 - CROESTY PRIMARY SCHOOL,6722279,868,,All pupils,all,3,,Total
100,100,Number of pupils,NUM,1,,6722288 - CORNELI PRIMARY,6722288,869,,Eligible for free school meals,fsm,1,,
115,115,Number of pupils,NUM,1,,6722288 - CORNELI PRIMARY,6722288,869,,Eligible for free school meals or transitionally protected,fsmtp,2,,
250,250,Number of pupils,NUM,1,,6722288 - CORNELI PRIMARY,6722288,869,,All pupils,all,3,,Total
105,105,Number of pupils,NUM,1,,6722292 - LLANGEWYDD JUNIOR SCHOOL,6722292,870,,Eligible for free school meals,fsm,1,,
140,140,Number of pupils,NUM,1,,6722292 - LLANGEWYDD JUNIOR SCHOOL,6722292,870,,Eligible for free school meals or transitionally protected,fsmtp,2,,
350,350,Number of pupils,NUM,1,,6722292 - LLANGEWYDD JUNIOR SCHOOL,6722292,870,,All pupils,all,3,,Total
20,20,Number of pupils,NUM,1,,6722296 - Porthcawl Primary School,6722296,871,,Eligible for free school meals,fsm,1,,
30,30,Number of pupils,NUM,1,,6722296 - Porthcawl Primary School,6722296,871,,Eligible for free school meals or transitionally protected,fsmtp,2,,
185,185,Number of pupils,NUM,1,,6722296 - Porthcawl Primary School,6722296,871,,All pupils,all,3,,Total
35,35,Number of pupils,NUM,1,,6722298 - YSGOL GYMRAEG BRO OGWR,6722298,872,,Eligible for free school meals,fsm,1,,
50,50,Number of pupils,NUM,1,,6722298 - YSGOL GYMRAEG BRO OGWR,6722298,872,,Eligible for free school meals or transitionally protected,fsmtp,2,,
370,370,Number of pupils,NUM,1,,6722298 - YSGOL GYMRAEG BRO OGWR,6722298,872,,All pupils,all,3,,Total
35,35,Number of pupils,NUM,1,,6722300 - CEFN GLAS INFANTS,6722300,873,,Eligible for free school meals,fsm,1,,
45,45,Number of pupils,NUM,1,,6722300 - CEFN GLAS INFANTS,6722300,873,,Eligible for free school meals or transitionally protected,fsmtp,2,,
205,205,Number of pupils,NUM,1,,6722300 - CEFN GLAS INFANTS,6722300,873,,All pupils,all,3,,Total
15,15,Number of pupils,NUM,1,,6722301 - WEST PARK PRIMARY,6722301,874,,Eligible for free school meals,fsm,1,,
25,25,Number of pupils,NUM,1,,6722301 - WEST PARK PRIMARY,6722301,874,,Eligible for free school meals or transitionally protected,fsmtp,2,,
395,395,Number of pupils,NUM,1,,6722301 - WEST PARK PRIMARY,6722301,874,,All pupils,all,3,,Total
70,70,Number of pupils,NUM,1,,6722304 - Afon y Felin Primary School,6722304,875,,Eligible for free school meals,fsm,1,,
90,90,Number of pupils,NUM,1,,6722304 - Afon y Felin Primary School,6722304,875,,Eligible for free school meals or transitionally protected,fsmtp,2,,
145,145,Number of pupils,NUM,1,,6722304 - Afon y Felin Primary School,6722304,875,,All pupils,all,3,,Total
45,45,Number of pupils,NUM,1,,6722342 - Tondu Primary School,6722342,876,,Eligible for free school meals,fsm,1,,
60,60,Number of pupils,NUM,1,,6722342 - Tondu Primary School,6722342,876,,Eligible for free school meals or transitionally protected,fsmtp,2,,
200,200,Number of pupils,NUM,1,,6722342 - Tondu Primary School,6722342,876,,All pupils,all,3,,Total
25,25,Number of pupils,NUM,1,,6722358 - YSGOL Y FERCH O'R SGER,6722358,877,,Eligible for free school meals,fsm,1,,
25,25,Number of pupils,NUM,1,,6722358 - YSGOL Y FERCH O'R SGER,6722358,877,,Eligible for free school meals or transitionally protected,fsmtp,2,,
145,145,Number of pupils,NUM,1,,6722358 - YSGOL Y FERCH O'R SGER,6722358,877,,All pupils,all,3,,Total
35,35,Number of pupils,NUM,1,,6722363 - Ysgol Gynradd Gymraeg Calon Y Cymoedd,6722363,878,,Eligible for free school meals,fsm,1,,
40,40,Number of pupils,NUM,1,,6722363 - Ysgol Gynradd Gymraeg Calon Y Cymoedd,6722363,878,,Eligible for free school meals or transitionally protected,fsmtp,2,,
195,195,Number of pupils,NUM,1,,6722363 - Ysgol Gynradd Gymraeg Calon Y Cymoedd,6722363,878,,All pupils,all,3,,Total
40,40,Number of pupils,NUM,1,,6722367 - Maes Yr Haul Broadlands,6722367,879,,Eligible for free school meals,fsm,1,,
50,50,Number of pupils,NUM,1,,6722367 - Maes Yr Haul Broadlands,6722367,879,,Eligible for free school meals or transitionally protected,fsmtp,2,,
470,470,Number of pupils,NUM,1,,6722367 - Maes Yr Haul Broadlands,6722367,879,,All pupils,all,3,,Total
65,65,Number of pupils,NUM,1,,6722368 - BRYNCETHIN PRIMARY,6722368,880,,Eligible for free school meals,fsm,1,,
75,75,Number of pupils,NUM,1,,6722368 - BRYNCETHIN PRIMARY,6722368,880,,Eligible for free school meals or transitionally protected,fsmtp,2,,
235,235,Number of pupils,NUM,1,,6722368 - BRYNCETHIN PRIMARY,6722368,880,,All pupils,all,3,,Total
105,105,Number of pupils,NUM,1,,6722369 - Ogmore Vale Primary School,6722369,881,,Eligible for free school meals,fsm,1,,
130,130,Number of pupils,NUM,1,,6722369 - Ogmore Vale Primary School,6722369,881,,Eligible for free school meals or transitionally protected,fsmtp,2,,
290,290,Number of pupils,NUM,1,,6722369 - Ogmore Vale Primary School,6722369,881,,All pupils,all,3,,Total
105,105,Number of pupils,NUM,1,,6722370 - Pencoed Primary School,6722370,882,,Eligible for free school meals,fsm,1,,
135,135,Number of pupils,NUM,1,,6722370 - Pencoed Primary School,6722370,882,,Eligible for free school meals or transitionally protected,fsmtp,2,,
570,570,Number of pupils,NUM,1,,6722370 - Pencoed Primary School,6722370,882,,All pupils,all,3,,Total
25,25,Number of pupils,NUM,1,,6722371 - Oldcastle Primary School,6722371,883,,Eligible for free school meals,fsm,1,,
35,35,Number of pupils,NUM,1,,6722371 - Oldcastle Primary School,6722371,883,,Eligible for free school meals or transitionally protected,fsmtp,2,,
415,415,Number of pupils,NUM,1,,6722371 - Oldcastle Primary School,6722371,883,,All pupils,all,3,,Total
75,75,Number of pupils,NUM,1,,6722372 - Brackla Primary School,6722372,884,,Eligible for free school meals,fsm,1,,
95,95,Number of pupils,NUM,1,,6722372 - Brackla Primary School,6722372,884,,Eligible for free school meals or transitionally protected,fsmtp,2,,
335,335,Number of pupils,NUM,1,,6722372 - Brackla Primary School,6722372,884,,All pupils,all,3,,Total
195,195,Number of pupils,NUM,1,,6722373 - Caerau Primary School,6722373,885,,Eligible for free school meals,fsm,1,,
230,230,Number of pupils,NUM,1,,6722373 - Caerau Primary School,6722373,885,,Eligible for free school meals or transitionally protected,fsmtp,2,,
405,405,Number of pupils,NUM,1,,6722373 - Caerau Primary School,6722373,885,,All pupils,all,3,,Total
110,110,Number of pupils,NUM,1,,6722374 - Litchard Primary,6722374,886,,Eligible for free school meals,fsm,1,,
130,130,Number of pupils,NUM,1,,6722374 - Litchard Primary,6722374,886,,Eligible for free school meals or transitionally protected,fsmtp,2,,
455,455,Number of pupils,NUM,1,,6722374 - Litchard Primary,6722374,886,,All pupils,all,3,,Total
60,60,Number of pupils,NUM,1,,6722375 - Tremains Primary School,6722375,887,,Eligible for free school meals,fsm,1,,
85,85,Number of pupils,NUM,1,,6722375 - Tremains Primary School,6722375,887,,Eligible for free school meals or transitionally protected,fsmtp,2,,
455,455,Number of pupils,NUM,1,,6722375 - Tremains Primary School,6722375,887,,All pupils,all,3,,Total
85,85,Number of pupils,NUM,1,,6722376 - Mynydd Cynffig Primary,6722376,888,,Eligible for free school meals,fsm,1,,
110,110,Number of pupils,NUM,1,,6722376 - Mynydd Cynffig Primary,6722376,888,,Eligible for free school meals or transitionally protected,fsmtp,2,,
430,430,Number of pupils,NUM,1,,6722376 - Mynydd Cynffig Primary,6722376,888,,All pupils,all,3,,Total
10,10,Number of pupils,NUM,1,,6723013 - Penyfai Church in Wales,6723013,889,,Eligible for free school meals,fsm,1,,
10,10,Number of pupils,NUM,1,,6723013 - Penyfai Church in Wales,6723013,889,,Eligible for free school meals or transitionally protected,fsmtp,2,,
235,235,Number of pupils,NUM,1,,6723013 - Penyfai Church in Wales,6723013,889,,All pupils,all,3,,Total
50,50,Number of pupils,NUM,1,,6723311 - ST. MARY`S & ST. PATRICK`S,6723311,890,,Eligible for free school meals,fsm,1,,
60,60,Number of pupils,NUM,1,,6723311 - ST. MARY`S & ST. PATRICK`S,6723311,890,,Eligible for free school meals or transitionally protected,fsmtp,2,,
210,210,Number of pupils,NUM,1,,6723311 - ST. MARY`S & ST. PATRICK`S,6723311,890,,All pupils,all,3,,Total
15,15,Number of pupils,NUM,1,,6723315 - St. Robert's RC Primary,6723315,891,,Eligible for free school meals,fsm,1,,
20,20,Number of pupils,NUM,1,,6723315 - St. Robert's RC Primary,6723315,891,,Eligible for free school meals or transitionally protected,fsmtp,2,,
170,170,Number of pupils,NUM,1,,6723315 - St. Robert's RC Primary,6723315,891,,All pupils,all,3,,Total
15,15,Number of pupils,NUM,1,,6723322 - St Mary's R C Primary School,6723322,892,,Eligible for free school meals,fsm,1,,
20,20,Number of pupils,NUM,1,,6723322 - St Mary's R C Primary School,6723322,892,,Eligible for free school meals or transitionally protected,fsmtp,2,,
245,245,Number of pupils,NUM,1,,6723322 - St Mary's R C Primary School,6723322,892,,All pupils,all,3,,Total
30,30,Number of pupils,NUM,1,,6723323 - Archdeacon John Lewis C in W,6723323,893,,Eligible for free school meals,fsm,1,,
40,40,Number of pupils,NUM,1,,6723323 - Archdeacon John Lewis C in W,6723323,893,,Eligible for free school meals or transitionally protected,fsmtp,2,,
145,145,Number of pupils,NUM,1,,6723323 - Archdeacon John Lewis C in W,6723323,893,,All pupils,all,3,,Total
240,240,Number of pupils,NUM,1,,6724059 - Cynffig Comprehensive,6724059,894,,Eligible for free school meals,fsm,1,,
310,310,Number of pupils,NUM,1,,6724059 - Cynffig Comprehensive,6724059,894,,Eligible for free school meals or transitionally protected,fsmtp,2,,
775,775,Number of pupils,NUM,1,,6724059 - Cynffig Comprehensive,6724059,894,,All pupils,all,3,,Total
205,205,Number of pupils,NUM,1,,6724068 - Bryntirion Comprehensive.,6724068,895,,Eligible for free school meals,fsm,1,,
255,255,Number of pupils,NUM,1,,6724068 - Bryntirion Comprehensive.,6724068,895,,Eligible for free school meals or transitionally protected,fsmtp,2,,
"1,260",1260,Number of pupils,NUM,1,,6724068 - Bryntirion Comprehensive.,6724068,895,,All pupils,all,3,,Total
335,335,Number of pupils,NUM,1,,6724071 - Maesteg Comprehensive School,6724071,896,,Eligible for free school meals,fsm,1,,
405,405,Number of pupils,NUM,1,,6724071 - Maesteg Comprehensive School,6724071,896,,Eligible for free school meals or transitionally protected,fsmtp,2,,
"1,060",1060,Number of pupils,NUM,1,,6724071 - Maesteg Comprehensive School,6724071,896,,All pupils,all,3,,Total
170,170,Number of pupils,NUM,1,,6724076 - PENCOED COMPREHENSIVE,6724076,897,,Eligible for free school meals,fsm,1,,
215,215,Number of pupils,NUM,1,,6724076 - PENCOED COMPREHENSIVE,6724076,897,,Eligible for free school meals or transitionally protected,fsmtp,2,,
880,880,Number of pupils,NUM,1,,6724076 - PENCOED COMPREHENSIVE,6724076,897,,All pupils,all,3,,Total
275,275,Number of pupils,NUM,1,,6724078 - Brynteg  School,6724078,898,,Eligible for free school meals,fsm,1,,
365,365,Number of pupils,NUM,1,,6724078 - Brynteg  School,6724078,898,,Eligible for free school meals or transitionally protected,fsmtp,2,,
"1,725",1725,Number of pupils,NUM,1,,6724078 - Brynteg  School,6724078,898,,All pupils,all,3,,Total
125,125,Number of pupils,NUM,1,,6724080 - PORTHCAWL COMPREHENSIVE SCHOOL,6724080,899,,Eligible for free school meals,fsm,1,,
180,180,Number of pupils,NUM,1,,6724080 - PORTHCAWL COMPREHENSIVE SCHOOL,6724080,899,,Eligible for free school meals or transitionally protected,fsmtp,2,,
"1,185",1185,Number of pupils,NUM,1,,6724080 - PORTHCAWL COMPREHENSIVE SCHOOL,6724080,899,,All pupils,all,3,,Total
105,105,Number of pupils,NUM,1,,6724085 - Ysgol Gyfun Gymraeg Llangynwyd,6724085,900,,Eligible for free school meals,fsm,1,,
135,135,Number of pupils,NUM,1,,6724085 - Ysgol Gyfun Gymraeg Llangynwyd,6724085,900,,Eligible for free school meals or transitionally protected,fsmtp,2,,
705,705,Number of pupils,NUM,1,,6724085 - Ysgol Gyfun Gymraeg Llangynwyd,6724085,900,,All pupils,all,3,,Total
315,315,Number of pupils,NUM,1,,6724086 - Coleg Cymunedol Y Dderwen,6724086,901,,Eligible for free school meals,fsm,1,,
455,455,Number of pupils,NUM,1,,6724086 - Coleg Cymunedol Y Dderwen,6724086,901,,Eligible for free school meals or transitionally protected,fsmtp,2,,
"1,250",1250,Number of pupils,NUM,1,,6724086 - Coleg Cymunedol Y Dderwen,6724086,901,,All pupils,all,3,,Total
115,115,Number of pupils,NUM,1,,6724601 - Archbishop McGrath Catholic High School,6724601,902,,Eligible for free school meals,fsm,1,,
150,150,Number of pupils,NUM,1,,6724601 - Archbishop McGrath Catholic High School,6724601,902,,Eligible for free school meals or transitionally protected,fsmtp,2,,
825,825,Number of pupils,NUM,1,,6724601 - Archbishop McGrath Catholic High School,6724601,902,,All pupils,all,3,,Total
110,110,Number of pupils,NUM,1,,6727003 - Heronsbridge Special School,6727003,903,,Eligible for free school meals,fsm,1,,
125,125,Number of pupils,NUM,1,,6727003 - Heronsbridge Special School,6727003,903,,Eligible for free school meals or transitionally protected,fsmtp,2,,
270,270,Number of pupils,NUM,1,,6727003 - Heronsbridge Special School,6727003,903,,All pupils,all,3,,Total
105,105,Number of pupils,NUM,1,,6727012 - Ysgol Bryn Castell,6727012,904,,Eligible for free school meals,fsm,1,,
125,125,Number of pupils,NUM,1,,6727012 - Ysgol Bryn Castell,6727012,904,,Eligible for free school meals or transitionally protected,fsmtp,2,,
180,180,Number of pupils,NUM,1,,6727012 - Ysgol Bryn Castell,6727012,904,,All pupils,all,3,,Total
20,20,Number of pupils,NUM,1,,6732109 - ALBERT PRIMARY SCHOOL,6732109,905,,Eligible for free school meals,fsm,1,,
30,30,Number of pupils,NUM,1,,6732109 - ALBERT PRIMARY SCHOOL,6732109,905,,Eligible for free school meals or transitionally protected,fsmtp,2,,
440,440,Number of pupils,NUM,1,,6732109 - ALBERT PRIMARY SCHOOL,6732109,905,,All pupils,all,3,,Total
35,35,Number of pupils,NUM,1,,6732111 - BARRY ISLAND PRIMARY SCHOOL,6732111,906,,Eligible for free school meals,fsm,1,,
45,45,Number of pupils,NUM,1,,6732111 - BARRY ISLAND PRIMARY SCHOOL,6732111,906,,Eligible for free school meals or transitionally protected,fsmtp,2,,
235,235,Number of pupils,NUM,1,,6732111 - BARRY ISLAND PRIMARY SCHOOL,6732111,906,,All pupils,all,3,,Total
40,40,Number of pupils,NUM,1,,6732114 - COGAN PRIMARY SCHOOL,6732114,907,,Eligible for free school meals,fsm,1,,
60,60,Number of pupils,NUM,1,,6732114 - COGAN PRIMARY SCHOOL,6732114,907,,Eligible for free school meals or transitionally protected,fsmtp,2,,
220,220,Number of pupils,NUM,1,,6732114 - COGAN PRIMARY SCHOOL,6732114,907,,All pupils,all,3,,Total
80,80,Number of pupils,NUM,1,,6732115 - COLCOT PRIMARY SCHOOL,6732115,908,,Eligible for free school meals,fsm,1,,
115,115,Number of pupils,NUM,1,,6732115 - COLCOT PRIMARY SCHOOL,6732115,908,,Eligible for free school meals or transitionally protected,fsmtp,2,,
285,285,Number of pupils,NUM,1,,6732115 - COLCOT PRIMARY SCHOOL,6732115,908,,All pupils,all,3,,Total
45,45,Number of pupils,NUM,1,,6732117 - FAIRFIELD PRIMARY SCHOOL,6732117,909,,Eligible for free school meals,fsm,1,,
55,55,Number of pupils,NUM,1,,6732117 - FAIRFIELD PRIMARY SCHOOL,6732117,909,,Eligible for free school meals or transitionally protected,fsmtp,2,,
265,265,Number of pupils,NUM,1,,6732117 - FAIRFIELD PRIMARY SCHOOL,6732117,909,,All pupils,all,3,,Total
110,110,Number of pupils,NUM,1,,6732118 - GLADSTONE PRIMARY SCHOOL,6732118,910,,Eligible for free school meals,fsm,1,,
140,140,Number of pupils,NUM,1,,6732118 - GLADSTONE PRIMARY SCHOOL,6732118,910,,Eligible for free school meals or transitionally protected,fsmtp,2,,
435,435,Number of pupils,NUM,1,,6732118 - GLADSTONE PRIMARY SCHOOL,6732118,910,,All pupils,all,3,,Total
55,55,Number of pupils,NUM,1,,6732120 - High Street Primary School,6732120,911,,Eligible for free school meals,fsm,1,,
70,70,Number of pupils,NUM,1,,6732120 - High Street Primary School,6732120,911,,Eligible for free school meals or transitionally protected,fsmtp,2,,
230,230,Number of pupils,NUM,1,,6732120 - High Street Primary School,6732120,911,,All pupils,all,3,,Total
105,105,Number of pupils,NUM,1,,6732122 - HOLTON PRIMARY SCHOOL,6732122,912,,Eligible for free school meals,fsm,1,,
150,150,Number of pupils,NUM,1,,6732122 - HOLTON PRIMARY SCHOOL,6732122,912,,Eligible for free school meals or transitionally protected,fsmtp,2,,
385,385,Number of pupils,NUM,1,,6732122 - HOLTON PRIMARY SCHOOL,6732122,912,,All pupils,all,3,,Total
90,90,Number of pupils,NUM,1,,6732124 - JENNER PARK PRIMARY SCHOOL,6732124,913,,Eligible for free school meals,fsm,1,,
100,100,Number of pupils,NUM,1,,6732124 - JENNER PARK PRIMARY SCHOOL,6732124,913,,Eligible for free school meals or transitionally protected,fsmtp,2,,
205,205,Number of pupils,NUM,1,,6732124 - JENNER PARK PRIMARY SCHOOL,6732124,913,,All pupils,all,3,,Total
20,20,Number of pupils,NUM,1,,6732126 - SOUTH POINT PRIMARY SCHOOL,6732126,914,,Eligible for free school meals,fsm,1,,
30,30,Number of pupils,NUM,1,,6732126 - SOUTH POINT PRIMARY SCHOOL,6732126,914,,Eligible for free school meals or transitionally protected,fsmtp,2,,
115,115,Number of pupils,NUM,1,,6732126 - SOUTH POINT PRIMARY SCHOOL,6732126,914,,All pupils,all,3,,Total
10,10,Number of pupils,NUM,1,,6732127 - LLANFAIR PRIMARY SCHOOL,6732127,915,,Eligible for free school meals,fsm,1,,
10,10,Number of pupils,NUM,1,,6732127 - LLANFAIR PRIMARY SCHOOL,6732127,915,,Eligible for free school meals or transitionally protected,fsmtp,2,,
140,140,Number of pupils,NUM,1,,6732127 - LLANFAIR PRIMARY SCHOOL,6732127,915,,All pupils,all,3,,Total
5,5,Number of pupils,NUM,1,,6732128 - LLANGAN PRIMARY SCHOOL,6732128,916,,Eligible for free school meals,fsm,1,,
10,10,Number of pupils,NUM,1,,6732128 - LLANGAN PRIMARY SCHOOL,6732128,916,,Eligible for free school meals or transitionally protected,fsmtp,2,,
125,125,Number of pupils,NUM,1,,6732128 - LLANGAN PRIMARY SCHOOL,6732128,916,,All pupils,all,3,,Total
55,55,Number of pupils,NUM,1,,6732131 - PALMERSTON PRIMARY SCHOOL,6732131,917,,Eligible for free school meals,fsm,1,,
65,65,Number of pupils,NUM,1,,6732131 - PALMERSTON PRIMARY SCHOOL,6732131,917,,Eligible for free school meals or transitionally protected,fsmtp,2,,
220,220,Number of pupils,NUM,1,,6732131 - PALMERSTON PRIMARY SCHOOL,6732131,917,,All pupils,all,3,,Total
45,45,Number of pupils,NUM,1,,6732133 - RHWS COUNTY PRIMARY SCHOOL,6732133,918,,Eligible for free school meals,fsm,1,,
60,60,Number of pupils,NUM,1,,6732133 - RHWS COUNTY PRIMARY SCHOOL,6732133,918,,Eligible for free school meals or transitionally protected,fsmtp,2,,
370,370,Number of pupils,NUM,1,,6732133 - RHWS COUNTY PRIMARY SCHOOL,6732133,918,,All pupils,all,3,,Total
40,40,Number of pupils,NUM,1,,6732136 - SULLY PRIMARY SCHOOL,6732136,919,,Eligible for free school meals,fsm,1,,
50,50,Number of pupils,NUM,1,,6732136 - SULLY PRIMARY SCHOOL,6732136,919,,Eligible for free school meals or transitionally protected,fsmtp,2,,
380,380,Number of pupils,NUM,1,,6732136 - SULLY PRIMARY SCHOOL,6732136,919,,All pupils,all,3,,Total
30,30,Number of pupils,NUM,1,,6732138 - VICTORIA PRIMARY SCHOOL,6732138,920,,Eligible for free school meals,fsm,1,,
40,40,Number of pupils,NUM,1,,6732138 - VICTORIA PRIMARY SCHOOL,6732138,920,,Eligible for free school meals or transitionally protected,fsmtp,2,,
455,455,Number of pupils,NUM,1,,6732138 - VICTORIA PRIMARY SCHOOL,6732138,920,,All pupils,all,3,,Total
60,60,Number of pupils,NUM,1,,6732144 - ST ATHAN PRIMARY SCHOOL,6732144,921,,Eligible for free school meals,fsm,1,,
70,70,Number of pupils,NUM,1,,6732144 - ST ATHAN PRIMARY SCHOOL,6732144,921,,Eligible for free school meals or transitionally protected,fsmtp,2,,
210,210,Number of pupils,NUM,1,,6732144 - ST ATHAN PRIMARY SCHOOL,6732144,921,,All pupils,all,3,,Total
50,50,Number of pupils,NUM,1,,6732146 - ST ILLTYD PRIMARY SCHOOL,6732146,922,,Eligible for free school meals,fsm,1,,
75,75,Number of pupils,NUM,1,,6732146 - ST ILLTYD PRIMARY SCHOOL,6732146,922,,Eligible for free school meals or transitionally protected,fsmtp,2,,
350,350,Number of pupils,NUM,1,,6732146 - ST ILLTYD PRIMARY SCHOOL,6732146,922,,All pupils,all,3,,Total
10,10,Number of pupils,NUM,1,,6732148 - EVENLODE PRIMARY SCHOOL,6732148,923,,Eligible for free school meals,fsm,1,,
15,15,Number of pupils,NUM,1,,6732148 - EVENLODE PRIMARY SCHOOL,6732148,923,,Eligible for free school meals or transitionally protected,fsmtp,2,,
500,500,Number of pupils,NUM,1,,6732148 - EVENLODE PRIMARY SCHOOL,6732148,923,,All pupils,all,3,,Total
25,25,Number of pupils,NUM,1,,6732149 - LLANDOUGH COUNTY PRIMARY,6732149,924,,Eligible for free school meals,fsm,1,,
35,35,Number of pupils,NUM,1,,6732149 - LLANDOUGH COUNTY PRIMARY,6732149,924,,Eligible for free school meals or transitionally protected,fsmtp,2,,
185,185,Number of pupils,NUM,1,,6732149 - LLANDOUGH COUNTY PRIMARY,6732149,924,,All pupils,all,3,,Total
,,Number of pupils,NUM,1,,6732151 - Y BONT FAEN PRIMARY SCHOOL,6732151,925,,Eligible for free school meals,fsm,1,,Confidential
5,5,Number of pupils,NUM,1,,6732151 - Y BONT FAEN PRIMARY SCHOOL,6732151,925,,Eligible for free school meals or transitionally protected,fsmtp,2,,
270,270,Number of pupils,NUM,1,,6732151 - Y BONT FAEN PRIMARY SCHOOL,6732151,925,,All pupils,all,3,,Total
10,10,Number of pupils,NUM,1,,6732152 - YSGOL PEN-Y-GARTH,6732152,926,,Eligible for free school meals,fsm,1,,
15,15,Number of pupils,NUM,1,,6732152 - YSGOL PEN-Y-GARTH,6732152,926,,Eligible for free school meals or transitionally protected,fsmtp,2,,
320,320,Number of pupils,NUM,1,,6732152 - YSGOL PEN-Y-GARTH,6732152,926,,All pupils,all,3,,Total
10,10,Number of pupils,NUM,1,,6732156 - Ysgol Gymraeg Sant Baruc,6732156,927,,Eligible for free school meals,fsm,1,,
20,20,Number of pupils,NUM,1,,6732156 - Ysgol Gymraeg Sant Baruc,6732156,927,,Eligible for free school meals or transitionally protected,fsmtp,2,,
335,335,Number of pupils,NUM,1,,6732156 - Ysgol Gymraeg Sant Baruc,6732156,927,,All pupils,all,3,,Total
85,85,Number of pupils,NUM,1,,6732163 - OAK FIELD PRIMARY AND NURSERY SCHOOL,6732163,928,,Eligible for free school meals,fsm,1,,
115,115,Number of pupils,NUM,1,,6732163 - OAK FIELD PRIMARY AND NURSERY SCHOOL,6732163,928,,Eligible for free school meals or transitionally protected,fsmtp,2,,
155,155,Number of pupils,NUM,1,,6732163 - OAK FIELD PRIMARY AND NURSERY SCHOOL,6732163,928,,All pupils,all,3,,Total
,,Number of pupils,NUM,1,,6732165 - YSGOL IOLO MORGANWG,6732165,929,,Eligible for free school meals,fsm,1,,Confidential
,,Number of pupils,NUM,1,,6732165 - YSGOL IOLO MORGANWG,6732165,929,,Eligible for free school meals or transitionally protected,fsmtp,2,,Confidential
195,195,Number of pupils,NUM,1,,6732165 - YSGOL IOLO MORGANWG,6732165,929,,All pupils,all,3,,Total
50,50,Number of pupils,NUM,1,,6732178 - YSGOL GYMRAEG SANT CURIG,6732178,930,,Eligible for free school meals,fsm,1,,
90,90,Number of pupils,NUM,1,,6732178 - YSGOL GYMRAEG SANT CURIG,6732178,930,,Eligible for free school meals or transitionally protected,fsmtp,2,,
435,435,Number of pupils,NUM,1,,6732178 - YSGOL GYMRAEG SANT CURIG,6732178,930,,All pupils,all,3,,Total
45,45,Number of pupils,NUM,1,,6732179 - YSGOL GYMRAEG GWAUN Y NANT,6732179,931,,Eligible for free school meals,fsm,1,,
60,60,Number of pupils,NUM,1,,6732179 - YSGOL GYMRAEG GWAUN Y NANT,6732179,931,,Eligible for free school meals or transitionally protected,fsmtp,2,,
210,210,Number of pupils,NUM,1,,6732179 - YSGOL GYMRAEG GWAUN Y NANT,6732179,931,,All pupils,all,3,,Total
130,130,Number of pupils,NUM,1,,6732181 - CADOXTON PRIMARY SCHOOL,6732181,932,,Eligible for free school meals,fsm,1,,
165,165,Number of pupils,NUM,1,,6732181 - CADOXTON PRIMARY SCHOOL,6732181,932,,Eligible for free school meals or transitionally protected,fsmtp,2,,
460,460,Number of pupils,NUM,1,,6732181 - CADOXTON PRIMARY SCHOOL,6732181,932,,All pupils,all,3,,Total
70,70,Number of pupils,NUM,1,,6732182 - ROMILLY PRIMARY SCHOOL,6732182,933,,Eligible for free school meals,fsm,1,,
110,110,Number of pupils,NUM,1,,6732182 - ROMILLY PRIMARY SCHOOL,6732182,933,,Eligible for free school meals or transitionally protected,fsmtp,2,,
685,685,Number of pupils,NUM,1,,6732182 - ROMILLY PRIMARY SCHOOL,6732182,933,,All pupils,all,3,,Total
10,10,Number of pupils,NUM,1,,6732184 - Ysgol Gymraeg Dewi Sant,6732184,934,,Eligible for free school meals,fsm,1,,
20,20,Number of pupils,NUM,1,,6732184 - Ysgol Gymraeg Dewi Sant,6732184,934,,Eligible for free school meals or transitionally protected,fsmtp,2,,
230,230,Number of pupils,NUM,1,,6732184 - Ysgol Gymraeg Dewi Sant,6732184,934,,All pupils,all,3,,Total
65,65,Number of pupils,NUM,1,,6732185 - DINAS POWYS PRIMARY SCHOOL,6732185,935,,Eligible for free school meals,fsm,1,,
80,80,Number of pupils,NUM,1,,6732185 - DINAS POWYS PRIMARY SCHOOL,6732185,935,,Eligible for free school meals or transitionally protected,fsmtp,2,,
460,460,Number of pupils,NUM,1,,6732185 - DINAS POWYS PRIMARY SCHOOL,6732185,935,,All pupils,all,3,,Total
50,50,Number of pupils,NUM,1,,6732186 - Ysgol Y Ddraig,6732186,936,,Eligible for free school meals,fsm,1,,
65,65,Number of pupils,NUM,1,,6732186 - Ysgol Y Ddraig,6732186,936,,Eligible for free school meals or transitionally protected,fsmtp,2,,
255,255,Number of pupils,NUM,1,,6732186 - Ysgol Y Ddraig,6732186,936,,All pupils,all,3,,Total
20,20,Number of pupils,NUM,1,,6733037 - ST NICHOLAS C/W PRIMARY SCHOOL,6733037,937,,Eligible for free school meals,fsm,1,,
25,25,Number of pupils,NUM,1,,6733037 - ST NICHOLAS C/W PRIMARY SCHOOL,6733037,937,,Eligible for free school meals or transitionally protected,fsmtp,2,,
150,150,Number of pupils,NUM,1,,6733037 - ST NICHOLAS C/W PRIMARY SCHOOL,6733037,937,,All pupils,all,3,,Total
15,15,Number of pupils,NUM,1,,6733047 - PETERSTON-SUPER-ELY PRIMARY,6733047,938,,Eligible for free school meals,fsm,1,,
20,20,Number of pupils,NUM,1,,6733047 - PETERSTON-SUPER-ELY PRIMARY,6733047,938,,Eligible for free school meals or transitionally protected,fsmtp,2,,
135,135,Number of pupils,NUM,1,,6733047 - PETERSTON-SUPER-ELY PRIMARY,6733047,938,,All pupils,all,3,,Total
20,20,Number of pupils,NUM,1,,6733057 - GWENFO C/W PRIMARY SCHOOL,6733057,939,,Eligible for free school meals,fsm,1,,
30,30,Number of pupils,NUM,1,,6733057 - GWENFO C/W PRIMARY SCHOOL,6733057,939,,Eligible for free school meals or transitionally protected,fsmtp,2,,
235,235,Number of pupils,NUM,1,,6733057 - GWENFO C/W PRIMARY SCHOOL,6733057,939,,All pupils,all,3,,Total
5,5,Number of pupils,NUM,1,,6733320 - St Brides C W Primary School,6733320,940,,Eligible for free school meals,fsm,1,,
5,5,Number of pupils,NUM,1,,6733320 - St Brides C W Primary School,6733320,940,,Eligible for free school meals or transitionally protected,fsmtp,2,,
220,220,Number of pupils,NUM,1,,6733320 - St Brides C W Primary School,6733320,940,,All pupils,all,3,,Total
15,15,Number of pupils,NUM,1,,6733321 - Wick and Marcross C/W Primary,6733321,941,,Eligible for free school meals,fsm,1,,
20,20,Number of pupils,NUM,1,,6733321 - Wick and Marcross C/W Primary,6733321,941,,Eligible for free school meals or transitionally protected,fsmtp,2,,
145,145,Number of pupils,NUM,1,,6733321 - Wick and Marcross C/W Primary,6733321,941,,All pupils,all,3,,Total
0,0,Number of pupils,NUM,1,,6733363 - PENDOYLAN C/W PRIMARY SCHOOL,6733363,942,,Eligible for free school meals,fsm,1,,
0,0,Number of pupils,NUM,1,,6733363 - PENDOYLAN C/W PRIMARY SCHOOL,6733363,942,,Eligible for free school meals or transitionally protected,fsmtp,2,,
220,220,Number of pupils,NUM,1,,6733363 - PENDOYLAN C/W PRIMARY SCHOOL,6733363,942,,All pupils,all,3,,Total
10,10,Number of pupils,NUM,1,,6733364 - ST ANDREW'S C/W PRIMARY SCHOOL,6733364,943,,Eligible for free school meals,fsm,1,,
15,15,Number of pupils,NUM,1,,6733364 - ST ANDREW'S C/W PRIMARY SCHOOL,6733364,943,,Eligible for free school meals or transitionally protected,fsmtp,2,,
235,235,Number of pupils,NUM,1,,6733364 - ST ANDREW'S C/W PRIMARY SCHOOL,6733364,943,,All pupils,all,3,,Total
10,10,Number of pupils,NUM,1,,6733365 - LLANSANNOR C/W PRIMARY SCHOOL,6733365,944,,Eligible for free school meals,fsm,1,,
15,15,Number of pupils,NUM,1,,6733365 - LLANSANNOR C/W PRIMARY SCHOOL,6733365,944,,Eligible for free school meals or transitionally protected,fsmtp,2,,
230,230,Number of pupils,NUM,1,,6733365 - LLANSANNOR C/W PRIMARY SCHOOL,6733365,944,,All pupils,all,3,,Total
10,10,Number of pupils,NUM,1,,6733367 - ST DAVID'S CHURCH-IN-WALES,6733367,945,,Eligible for free school meals,fsm,1,,
15,15,Number of pupils,NUM,1,,6733367 - ST DAVID'S CHURCH-IN-WALES,6733367,945,,Eligible for free school meals or transitionally protected,fsmtp,2,,
185,185,Number of pupils,NUM,1,,6733367 - ST DAVID'S CHURCH-IN-WALES,6733367,945,,All pupils,all,3,,Total
25,25,Number of pupils,NUM,1,,6733368 - ST. JOSEPH'S RC PRIMARY SCHOOL,6733368,946,,Eligible for free school meals,fsm,1,,
35,35,Number of pupils,NUM,1,,6733368 - ST. JOSEPH'S RC PRIMARY SCHOOL,6733368,946,,Eligible for free school meals or transitionally protected,fsmtp,2,,
215,215,Number of pupils,NUM,1,,6733368 - ST. JOSEPH'S RC PRIMARY SCHOOL,6733368,946,,All pupils,all,3,,Total
10,10,Number of pupils,NUM,1,,6733372 - ALL SAINTS CW PRIMARY SCHOOL,6733372,947,,Eligible for free school meals,fsm,1,,
15,15,Number of pupils,NUM,1,,6733372 - ALL SAINTS CW PRIMARY SCHOOL,6733372,947,,Eligible for free school meals or transitionally protected,fsmtp,2,,
205,205,Number of pupils,NUM,1,,6733372 - ALL SAINTS CW PRIMARY SCHOOL,6733372,947,,All pupils,all,3,,Total
35,35,Number of pupils,NUM,1,,6733373 - St Helen's Catholic Primary School,6733373,948,,Eligible for free school meals,fsm,1,,
45,45,Number of pupils,NUM,1,,6733373 - St Helen's Catholic Primary School,6733373,948,,Eligible for free school meals or transitionally protected,fsmtp,2,,
315,315,Number of pupils,NUM,1,,6733373 - St Helen's Catholic Primary School,6733373,948,,All pupils,all,3,,Total
160,160,Number of pupils,NUM,1,,6734060 - LLANTWIT MAJOR SCHOOL,6734060,949,,Eligible for free school meals,fsm,1,,
245,245,Number of pupils,NUM,1,,6734060 - LLANTWIT MAJOR SCHOOL,6734060,949,,Eligible for free school meals or transitionally protected,fsmtp,2,,
980,980,Number of pupils,NUM,1,,6734060 - LLANTWIT MAJOR SCHOOL,6734060,949,,All pupils,all,3,,Total
170,170,Number of pupils,NUM,1,,6734067 - St Cyres Comprehensive School,6734067,950,,Eligible for free school meals,fsm,1,,
260,260,Number of pupils,NUM,1,,6734067 - St Cyres Comprehensive School,6734067,950,,Eligible for free school meals or transitionally protected,fsmtp,2,,
"1,225",1225,Number of pupils,NUM,1,,6734067 - St Cyres Comprehensive School,6734067,950,,All pupils,all,3,,Total
155,155,Number of pupils,NUM,1,,6734068 - Whitmore High School,6734068,951,,Eligible for free school meals,fsm,1,,
245,245,Number of pupils,NUM,1,,6734068 - Whitmore High School,6734068,951,,Eligible for free school meals or transitionally protected,fsmtp,2,,
"1,090",1090,Number of pupils,NUM,1,,6734068 - Whitmore High School,6734068,951,,All pupils,all,3,,Total
395,395,Number of pupils,NUM,1,,6734069 - Pencoedtre High School,6734069,952,,Eligible for free school meals,fsm,1,,
530,530,Number of pupils,NUM,1,,6734069 - Pencoedtre High School,6734069,952,,Eligible for free school meals or transitionally protected,fsmtp,2,,
"1,060",1060,Number of pupils,NUM,1,,6734069 - Pencoedtre High School,6734069,952,,All pupils,all,3,,Total
145,145,Number of pupils,NUM,1,,6734612 - St Richard Gwyn Catholic High School,6734612,953,,Eligible for free school meals,fsm,1,,
205,205,Number of pupils,NUM,1,,6734612 - St Richard Gwyn Catholic High School,6734612,953,,Eligible for free school meals or transitionally protected,fsmtp,2,,
815,815,Number of pupils,NUM,1,,6734612 - St Richard Gwyn Catholic High School,6734612,953,,All pupils,all,3,,Total
115,115,Number of pupils,NUM,1,,6735400 - Stanwell School,6735400,954,,Eligible for free school meals,fsm,1,,
185,185,Number of pupils,NUM,1,,6735400 - Stanwell School,6735400,954,,Eligible for free school meals or transitionally protected,fsmtp,2,,
"1,925",1925,Number of pupils,NUM,1,,6735400 - Stanwell School,6735400,954,,All pupils,all,3,,Total
135,135,Number of pupils,NUM,1,,6735500 - YSGOL GYMRAEG BRO MORGANNWG,6735500,955,,Eligible for free school meals,fsm,1,,
220,220,Number of pupils,NUM,1,,6735500 - YSGOL GYMRAEG BRO MORGANNWG,6735500,955,,Eligible for free school meals or transitionally protected,fsmtp,2,,
"1,430",1430,Number of pupils,NUM,1,,6735500 - YSGOL GYMRAEG BRO MORGANNWG,6735500,955,,All pupils,all,3,,Total
85,85,Number of pupils,NUM,1,,6735501 - COWBRIDGE SCHOOL,6735501,956,,Eligible for free school meals,fsm,1,,
120,120,Number of pupils,NUM,1,,6735501 - COWBRIDGE SCHOOL,6735501,956,,Eligible for free school meals or transitionally protected,fsmtp,2,,
"1,560",1560,Number of pupils,NUM,1,,6735501 - COWBRIDGE SCHOOL,6735501,956,,All pupils,all,3,,Total
210,210,Number of pupils,NUM,1,,6737024 - Ysgol Y Deri,6737024,957,,Eligible for free school meals,fsm,1,,
245,245,Number of pupils,NUM,1,,6737024 - Ysgol Y Deri,6737024,957,,Eligible for free school meals or transitionally protected,fsmtp,2,,
525,525,Number of pupils,NUM,1,,6737024 - Ysgol Y Deri,6737024,957,,All pupils,all,3,,Total
40,40,Number of pupils,NUM,1,,6742044 - PENDERYN PRIMARY,6742044,958,,Eligible for free school meals,fsm,1,,
50,50,Number of pupils,NUM,1,,6742044 - PENDERYN PRIMARY,6742044,958,,Eligible for free school meals or transitionally protected,fsmtp,2,,
195,195,Number of pupils,NUM,1,,6742044 - PENDERYN PRIMARY,6742044,958,,All pupils,all,3,,Total
50,50,Number of pupils,NUM,1,,6742045 - OAKLANDS PRIMARY SCHOOL,6742045,959,,Eligible for free school meals,fsm,1,,
70,70,Number of pupils,NUM,1,,6742045 - OAKLANDS PRIMARY SCHOOL,6742045,959,,Eligible for free school meals or transitionally protected,fsmtp,2,,
205,205,Number of pupils,NUM,1,,6742045 - OAKLANDS PRIMARY SCHOOL,6742045,959,,All pupils,all,3,,Total
25,25,Number of pupils,NUM,1,,6742052 - Alaw Primary School,6742052,960,,Eligible for free school meals,fsm,1,,
35,35,Number of pupils,NUM,1,,6742052 - Alaw Primary School,6742052,960,,Eligible for free school meals or transitionally protected,fsmtp,2,,
155,155,Number of pupils,NUM,1,,6742052 - Alaw Primary School,6742052,960,,All pupils,all,3,,Total
20,20,Number of pupils,NUM,1,,6742053 - ABERNANT COUNTY PRIMARY,6742053,961,,Eligible for free school meals,fsm,1,,
35,35,Number of pupils,NUM,1,,6742053 - ABERNANT COUNTY PRIMARY,6742053,961,,Eligible for free school meals or transitionally protected,fsmtp,2,,
110,110,Number of pupils,NUM,1,,6742053 - ABERNANT COUNTY PRIMARY,6742053,961,,All pupils,all,3,,Total
30,30,Number of pupils,NUM,1,,6742061 - Brynnau Primary,6742061,962,,Eligible for free school meals,fsm,1,,
45,45,Number of pupils,NUM,1,,6742061 - Brynnau Primary,6742061,962,,Eligible for free school meals or transitionally protected,fsmtp,2,,
245,245,Number of pupils,NUM,1,,6742061 - Brynnau Primary,6742061,962,,All pupils,all,3,,Total
25,25,Number of pupils,NUM,1,,6742066 - COEDPENMAEN COUNTY PRIMARY,6742066,963,,Eligible for free school meals,fsm,1,,
45,45,Number of pupils,NUM,1,,6742066 - COEDPENMAEN COUNTY PRIMARY,6742066,963,,Eligible for free school meals or transitionally protected,fsmtp,2,,
210,210,Number of pupils,NUM,1,,6742066 - COEDPENMAEN COUNTY PRIMARY,6742066,963,,All pupils,all,3,,Total
30,30,Number of pupils,NUM,1,,6742069 - BODRINGALLT PRIMARY SCHOOL.,6742069,964,,Eligible for free school meals,fsm,1,,
35,35,Number of pupils,NUM,1,,6742069 - BODRINGALLT PRIMARY SCHOOL.,6742069,964,,Eligible for free school meals or transitionally protected,fsmtp,2,,
75,75,Number of pupils,NUM,1,,6742069 - BODRINGALLT PRIMARY SCHOOL.,6742069,964,,All pupils,all,3,,Total
60,60,Number of pupils,NUM,1,,6742070 - BLAENGWAWR PRIMARY,6742070,965,,Eligible for free school meals,fsm,1,,
80,80,Number of pupils,NUM,1,,6742070 - BLAENGWAWR PRIMARY,6742070,965,,Eligible for free school meals or transitionally protected,fsmtp,2,,
220,220,Number of pupils,NUM,1,,6742070 - BLAENGWAWR PRIMARY,6742070,965,,All pupils,all,3,,Total
10,10,Number of pupils,NUM,1,,6742072 - Coedylan Primary School,6742072,966,,Eligible for free school meals,fsm,1,,
15,15,Number of pupils,NUM,1,,6742072 - Coedylan Primary School,6742072,966,,Eligible for free school meals or transitionally protected,fsmtp,2,,
145,145,Number of pupils,NUM,1,,6742072 - Coedylan Primary School,6742072,966,,All pupils,all,3,,Total
30,30,Number of pupils,NUM,1,,6742077 - Caegarw Primary School,6742077,967,,Eligible for free school meals,fsm,1,,
35,35,Number of pupils,NUM,1,,6742077 - Caegarw Primary School,6742077,967,,Eligible for free school meals or transitionally protected,fsmtp,2,,
165,165,Number of pupils,NUM,1,,6742077 - Caegarw Primary School,6742077,967,,All pupils,all,3,,Total
40,40,Number of pupils,NUM,1,,6742079 - Cwmlai Primary,6742079,968,,Eligible for free school meals,fsm,1,,
65,65,Number of pupils,NUM,1,,6742079 - Cwmlai Primary,6742079,968,,Eligible for free school meals or transitionally protected,fsmtp,2,,
430,430,Number of pupils,NUM,1,,6742079 - Cwmlai Primary,6742079,968,,All pupils,all,3,,Total
20,20,Number of pupils,NUM,1,,6742083 - DOLAU PRIMARY,6742083,969,,Eligible for free school meals,fsm,1,,
45,45,Number of pupils,NUM,1,,6742083 - DOLAU PRIMARY,6742083,969,,Eligible for free school meals or transitionally protected,fsmtp,2,,
510,510,Number of pupils,NUM,1,,6742083 - DOLAU PRIMARY,6742083,969,,All pupils,all,3,,Total
50,50,Number of pupils,NUM,1,,6742084 - Capcoch Primary School,6742084,970,,Eligible for free school meals,fsm,1,,
60,60,Number of pupils,NUM,1,,6742084 - Capcoch Primary School,6742084,970,,Eligible for free school meals or transitionally protected,fsmtp,2,,
150,150,Number of pupils,NUM,1,,6742084 - Capcoch Primary School,6742084,970,,All pupils,all,3,,Total
75,75,Number of pupils,NUM,1,,6742093 - Caradog Primary School,6742093,971,,Eligible for free school meals,fsm,1,,
90,90,Number of pupils,NUM,1,,6742093 - Caradog Primary School,6742093,971,,Eligible for free school meals or transitionally protected,fsmtp,2,,
195,195,Number of pupils,NUM,1,,6742093 - Caradog Primary School,6742093,971,,All pupils,all,3,,Total
15,15,Number of pupils,NUM,1,,6742102 - Ffynnon Taf Primary School,6742102,972,,Eligible for free school meals,fsm,1,,
25,25,Number of pupils,NUM,1,,6742102 - Ffynnon Taf Primary School,6742102,972,,Eligible for free school meals or transitionally protected,fsmtp,2,,
155,155,Number of pupils,NUM,1,,6742102 - Ffynnon Taf Primary School,6742102,972,,All pupils,all,3,,Total
70,70,Number of pupils,NUM,1,,6742112 - DARRAN PARK PRIMARY,6742112,973,,Eligible for free school meals,fsm,1,,
105,105,Number of pupils,NUM,1,,6742112 - DARRAN PARK PRIMARY,6742112,973,,Eligible for free school meals or transitionally protected,fsmtp,2,,
320,320,Number of pupils,NUM,1,,6742112 - DARRAN PARK PRIMARY,6742112,973,,All pupils,all,3,,Total
35,35,Number of pupils,NUM,1,,6742118 - LLANILLTUD FAERDREF PRIMARY,6742118,974,,Eligible for free school meals,fsm,1,,
40,40,Number of pupils,NUM,1,,6742118 - LLANILLTUD FAERDREF PRIMARY,6742118,974,,Eligible for free school meals or transitionally protected,fsmtp,2,,
180,180,Number of pupils,NUM,1,,6742118 - LLANILLTUD FAERDREF PRIMARY,6742118,974,,All pupils,all,3,,Total
35,35,Number of pupils,NUM,1,,6742119 - GELLI PRIMARY SCHOOL,6742119,975,,Eligible for free school meals,fsm,1,,
60,60,Number of pupils,NUM,1,,6742119 - GELLI PRIMARY SCHOOL,6742119,975,,Eligible for free school meals or transitionally protected,fsmtp,2,,
205,205,Number of pupils,NUM,1,,6742119 - GELLI PRIMARY SCHOOL,6742119,975,,All pupils,all,3,,Total
20,20,Number of pupils,NUM,1,,6742124 - Llantrisant Primary School,6742124,976,,Eligible for free school meals,fsm,1,,
30,30,Number of pupils,NUM,1,,6742124 - Llantrisant Primary School,6742124,976,,Eligible for free school meals or transitionally protected,fsmtp,2,,
125,125,Number of pupils,NUM,1,,6742124 - Llantrisant Primary School,6742124,976,,All pupils,all,3,,Total
20,20,Number of pupils,NUM,1,,6742127 - Hafod Primary School,6742127,977,,Eligible for free school meals,fsm,1,,
30,30,Number of pupils,NUM,1,,6742127 - Hafod Primary School,6742127,977,,Eligible for free school meals or transitionally protected,fsmtp,2,,
110,110,Number of pupils,NUM,1,,6742127 - Hafod Primary School,6742127,977,,All pupils,all,3,,Total
30,30,Number of pupils,NUM,1,,6742130 - MAES-Y-COED PRIMARY SCHOOL,6742130,978,,Eligible for free school meals,fsm,1,,
50,50,Number of pupils,NUM,1,,6742130 - MAES-Y-COED PRIMARY SCHOOL,6742130,978,,Eligible for free school meals or transitionally protected,fsmtp,2,,
250,250,Number of pupils,NUM,1,,6742130 - MAES-Y-COED PRIMARY SCHOOL,6742130,978,,All pupils,all,3,,Total
40,40,Number of pupils,NUM,1,,6742134 - CWMDAR COUNTY PRIMARY SCHOOL,6742134,979,,Eligible for free school meals,fsm,1,,
55,55,Number of pupils,NUM,1,,6742134 - CWMDAR COUNTY PRIMARY SCHOOL,6742134,979,,Eligible for free school meals or transitionally protected,fsmtp,2,,
280,280,Number of pupils,NUM,1,,6742134 - CWMDAR COUNTY PRIMARY SCHOOL,6742134,979,,All pupils,all,3,,Total
35,35,Number of pupils,NUM,1,,6742137 - PARCLEWIS PRIMARY SCHOOL,6742137,980,,Eligible for free school meals,fsm,1,,
55,55,Number of pupils,NUM,1,,6742137 - PARCLEWIS PRIMARY SCHOOL,6742137,980,,Eligible for free school meals or transitionally protected,fsmtp,2,,
270,270,Number of pupils,NUM,1,,6742137 - PARCLEWIS PRIMARY SCHOOL,6742137,980,,All pupils,all,3,,Total
50,50,Number of pupils,NUM,1,,6742142 - Llanharan Primary School,6742142,981,,Eligible for free school meals,fsm,1,,
65,65,Number of pupils,NUM,1,,6742142 - Llanharan Primary School,6742142,981,,Eligible for free school meals or transitionally protected,fsmtp,2,,
145,145,Number of pupils,NUM,1,,6742142 - Llanharan Primary School,6742142,981,,All pupils,all,3,,Total
50,50,Number of pupils,NUM,1,,6742143 - LLWYNYPIA PRIMARY SCHOOL,6742143,982,,Eligible for free school meals,fsm,1,,
75,75,Number of pupils,NUM,1,,6742143 - LLWYNYPIA PRIMARY SCHOOL,6742143,982,,Eligible for free school meals or transitionally protected,fsmtp,2,,
185,185,Number of pupils,NUM,1,,6742143 - LLWYNYPIA PRIMARY SCHOOL,6742143,982,,All pupils,all,3,,Total
50,50,Number of pupils,NUM,1,,6742144 - DARRENLAS PRIMARY SCHOOL,6742144,983,,Eligible for free school meals,fsm,1,,
75,75,Number of pupils,NUM,1,,6742144 - DARRENLAS PRIMARY SCHOOL,6742144,983,,Eligible for free school meals or transitionally protected,fsmtp,2,,
220,220,Number of pupils,NUM,1,,6742144 - DARRENLAS PRIMARY SCHOOL,6742144,983,,All pupils,all,3,,Total
45,45,Number of pupils,NUM,1,,6742151 - LLANHARI PRIMARY,6742151,984,,Eligible for free school meals,fsm,1,,
70,70,Number of pupils,NUM,1,,6742151 - LLANHARI PRIMARY,6742151,984,,Eligible for free school meals or transitionally protected,fsmtp,2,,
155,155,Number of pupils,NUM,1,,6742151 - LLANHARI PRIMARY,6742151,984,,All pupils,all,3,,Total
30,30,Number of pupils,NUM,1,,6742160 - Pontyclun Primary,6742160,985,,Eligible for free school meals,fsm,1,,
45,45,Number of pupils,NUM,1,,6742160 - Pontyclun Primary,6742160,985,,Eligible for free school meals or transitionally protected,fsmtp,2,,
395,395,Number of pupils,NUM,1,,6742160 - Pontyclun Primary,6742160,985,,All pupils,all,3,,Total
60,60,Number of pupils,NUM,1,,6742161 - PARC PRIMARY SCHOOL,6742161,986,,Eligible for free school meals,fsm,1,,
90,90,Number of pupils,NUM,1,,6742161 - PARC PRIMARY SCHOOL,6742161,986,,Eligible for free school meals or transitionally protected,fsmtp,2,,
240,240,Number of pupils,NUM,1,,6742161 - PARC PRIMARY SCHOOL,6742161,986,,All pupils,all,3,,Total
100,100,Number of pupils,NUM,1,,6742170 - HIRWAUN PRIMARY SCHOOL,6742170,987,,Eligible for free school meals,fsm,1,,
140,140,Number of pupils,NUM,1,,6742170 - HIRWAUN PRIMARY SCHOOL,6742170,987,,Eligible for free school meals or transitionally protected,fsmtp,2,,
295,295,Number of pupils,NUM,1,,6742170 - HIRWAUN PRIMARY SCHOOL,6742170,987,,All pupils,all,3,,Total
15,15,Number of pupils,NUM,1,,6742180 - LLWYDCOED PRIMARY SCHOOL,6742180,988,,Eligible for free school meals,fsm,1,,
35,35,Number of pupils,NUM,1,,6742180 - LLWYDCOED PRIMARY SCHOOL,6742180,988,,Eligible for free school meals or transitionally protected,fsmtp,2,,
130,130,Number of pupils,NUM,1,,6742180 - LLWYDCOED PRIMARY SCHOOL,6742180,988,,All pupils,all,3,,Total
15,15,Number of pupils,NUM,1,,6742182 - Trallwng Infants School,6742182,989,,Eligible for free school meals,fsm,1,,
15,15,Number of pupils,NUM,1,,6742182 - Trallwng Infants School,6742182,989,,Eligible for free school meals or transitionally protected,fsmtp,2,,
75,75,Number of pupils,NUM,1,,6742182 - Trallwng Infants School,6742182,989,,All pupils,all,3,,Total
45,45,Number of pupils,NUM,1,,6742192 - PENGEULAN PRIMARY,6742192,990,,Eligible for free school meals,fsm,1,,
65,65,Number of pupils,NUM,1,,6742192 - PENGEULAN PRIMARY,6742192,990,,Eligible for free school meals or transitionally protected,fsmtp,2,,
135,135,Number of pupils,NUM,1,,6742192 - PENGEULAN PRIMARY,6742192,990,,All pupils,all,3,,Total
45,45,Number of pupils,NUM,1,,6742196 - Pontrhondda Primary School,6742196,991,,Eligible for free school meals,fsm,1,,
60,60,Number of pupils,NUM,1,,6742196 - Pontrhondda Primary School,6742196,991,,Eligible for free school meals or transitionally protected,fsmtp,2,,
125,125,Number of pupils,NUM,1,,6742196 - Pontrhondda Primary School,6742196,991,,All pupils,all,3,,Total
25,25,Number of pupils,NUM,1,,6742199 - Trehopcyn Primary,6742199,992,,Eligible for free school meals,fsm,1,,
40,40,Number of pupils,NUM,1,,6742199 - Trehopcyn Primary,6742199,992,,Eligible for free school meals or transitionally protected,fsmtp,2,,
110,110,Number of pupils,NUM,1,,6742199 - Trehopcyn Primary,6742199,992,,All pupils,all,3,,Total
50,50,Number of pupils,NUM,1,,6742200 - PONTYGWAITH PRIMARY SCHOOL,6742200,993,,Eligible for free school meals,fsm,1,,
70,70,Number of pupils,NUM,1,,6742200 - PONTYGWAITH PRIMARY SCHOOL,6742200,993,,Eligible for free school meals or transitionally protected,fsmtp,2,,
155,155,Number of pupils,NUM,1,,6742200 - PONTYGWAITH PRIMARY SCHOOL,6742200,993,,All pupils,all,3,,Total
50,50,Number of pupils,NUM,1,,6742206 - TREROBART PRIMARY SCHOOL,6742206,994,,Eligible for free school meals,fsm,1,,
60,60,Number of pupils,NUM,1,,6742206 - TREROBART PRIMARY SCHOOL,6742206,994,,Eligible for free school meals or transitionally protected,fsmtp,2,,
155,155,Number of pupils,NUM,1,,6742206 - TREROBART PRIMARY SCHOOL,6742206,994,,All pupils,all,3,,Total
45,45,Number of pupils,NUM,1,,6742218 - Perthcelyn Community Primary School,6742218,995,,Eligible for free school meals,fsm,1,,
60,60,Number of pupils,NUM,1,,6742218 - Perthcelyn Community Primary School,6742218,995,,Eligible for free school meals or transitionally protected,fsmtp,2,,
125,125,Number of pupils,NUM,1,,6742218 - Perthcelyn Community Primary School,6742218,995,,All pupils,all,3,,Total
20,20,Number of pupils,NUM,1,,6742222 - TON PENTRE JUNIOR SCHOOL,6742222,996,,Eligible for free school meals,fsm,1,,
40,40,Number of pupils,NUM,1,,6742222 - TON PENTRE JUNIOR SCHOOL,6742222,996,,Eligible for free school meals or transitionally protected,fsmtp,2,,
165,165,Number of pupils,NUM,1,,6742222 - TON PENTRE JUNIOR SCHOOL,6742222,996,,All pupils,all,3,,Total
65,65,Number of pupils,NUM,1,,6742225 - Craig yr Hesg Primary School,6742225,997,,Eligible for free school meals,fsm,1,,
85,85,Number of pupils,NUM,1,,6742225 - Craig yr Hesg Primary School,6742225,997,,Eligible for free school meals or transitionally protected,fsmtp,2,,
160,160,Number of pupils,NUM,1,,6742225 - Craig yr Hesg Primary School,6742225,997,,All pupils,all,3,,Total
55,55,Number of pupils,NUM,1,,6742228 - Llwyn-crwn Primary School,6742228,998,,Eligible for free school meals,fsm,1,,
75,75,Number of pupils,NUM,1,,6742228 - Llwyn-crwn Primary School,6742228,998,,Eligible for free school meals or transitionally protected,fsmtp,2,,
270,270,Number of pupils,NUM,1,,6742228 - Llwyn-crwn Primary School,6742228,998,,All pupils,all,3,,Total
5,5,Number of pupils,NUM,1,,6742229 - Ton Pentre Infants,6742229,999,,Eligible for free school meals,fsm,1,,
10,10,Number of pupils,NUM,1,,6742229 - Ton Pentre Infants,6742229,999,,Eligible for free school meals or transitionally protected,fsmtp,2,,
145,145,Number of pupils,NUM,1,,6742229 - Ton Pentre Infants,6742229,999,,All pupils,all,3,,Total
40,40,Number of pupils,NUM,1,,6742235 - Y.G.G.ABERDAR,6742235,1000,,Eligible for free school meals,fsm,1,,
65,65,Number of pupils,NUM,1,,6742235 - Y.G.G.ABERDAR,6742235,1000,,Eligible for free school meals or transitionally protected,fsmtp,2,,
425,425,Number of pupils,NUM,1,,6742235 - Y.G.G.ABERDAR,6742235,1000,,All pupils,all,3,,Total
40,40,Number of pupils,NUM,1,,6742243 - TREALAW COUNTY PRIMARY SCHOOL,6742243,1001,,Eligible for free school meals,fsm,1,,
50,50,Number of pupils,NUM,1,,6742243 - TREALAW COUNTY PRIMARY SCHOOL,6742243,1001,,Eligible for free school meals or transitionally protected,fsmtp,2,,
120,120,Number of pupils,NUM,1,,6742243 - TREALAW COUNTY PRIMARY SCHOOL,6742243,1001,,All pupils,all,3,,Total
90,90,Number of pupils,NUM,1,,6742244 - Glenboi Community Primary School,6742244,1002,,Eligible for free school meals,fsm,1,,
105,105,Number of pupils,NUM,1,,6742244 - Glenboi Community Primary School,6742244,1002,,Eligible for free school meals or transitionally protected,fsmtp,2,,
150,150,Number of pupils,NUM,1,,6742244 - Glenboi Community Primary School,6742244,1002,,All pupils,all,3,,Total
50,50,Number of pupils,NUM,1,,6742247 - Cefn Primary School,6742247,1003,,Eligible for free school meals,fsm,1,,
65,65,Number of pupils,NUM,1,,6742247 - Cefn Primary School,6742247,1003,,Eligible for free school meals or transitionally protected,fsmtp,2,,
130,130,Number of pupils,NUM,1,,6742247 - Cefn Primary School,6742247,1003,,All pupils,all,3,,Total
90,90,Number of pupils,NUM,1,,6742251 - TREORCHY PRIMARY,6742251,1004,,Eligible for free school meals,fsm,1,,
120,120,Number of pupils,NUM,1,,6742251 - TREORCHY PRIMARY,6742251,1004,,Eligible for free school meals or transitionally protected,fsmtp,2,,
410,410,Number of pupils,NUM,1,,6742251 - TREORCHY PRIMARY,6742251,1004,,All pupils,all,3,,Total
75,75,Number of pupils,NUM,1,,6742258 - WILLIAMSTOWN PRIMARY,6742258,1005,,Eligible for free school meals,fsm,1,,
100,100,Number of pupils,NUM,1,,6742258 - WILLIAMSTOWN PRIMARY,6742258,1005,,Eligible for free school meals or transitionally protected,fsmtp,2,,
310,310,Number of pupils,NUM,1,,6742258 - WILLIAMSTOWN PRIMARY,6742258,1005,,All pupils,all,3,,Total
35,35,Number of pupils,NUM,1,,6742263 - Maesybryn Primary School,6742263,1006,,Eligible for free school meals,fsm,1,,
45,45,Number of pupils,NUM,1,,6742263 - Maesybryn Primary School,6742263,1006,,Eligible for free school meals or transitionally protected,fsmtp,2,,
320,320,Number of pupils,NUM,1,,6742263 - Maesybryn Primary School,6742263,1006,,All pupils,all,3,,Total
45,45,Number of pupils,NUM,1,,6742264 - TYLORSTOWN PRIMARY SCHOOL,6742264,1007,,Eligible for free school meals,fsm,1,,
55,55,Number of pupils,NUM,1,,6742264 - TYLORSTOWN PRIMARY SCHOOL,6742264,1007,,Eligible for free school meals or transitionally protected,fsmtp,2,,
115,115,Number of pupils,NUM,1,,6742264 - TYLORSTOWN PRIMARY SCHOOL,6742264,1007,,All pupils,all,3,,Total
45,45,Number of pupils,NUM,1,,6742269 - Tref-y-Rhyg Primary School,6742269,1008,,Eligible for free school meals,fsm,1,,
55,55,Number of pupils,NUM,1,,6742269 - Tref-y-Rhyg Primary School,6742269,1008,,Eligible for free school meals or transitionally protected,fsmtp,2,,
85,85,Number of pupils,NUM,1,,6742269 - Tref-y-Rhyg Primary School,6742269,1008,,All pupils,all,3,,Total
30,30,Number of pupils,NUM,1,,6742272 - Ysgol Gynradd Gymraeg Tonyrefail,6742272,1009,,Eligible for free school meals,fsm,1,,
40,40,Number of pupils,NUM,1,,6742272 - Ysgol Gynradd Gymraeg Tonyrefail,6742272,1009,,Eligible for free school meals or transitionally protected,fsmtp,2,,
195,195,Number of pupils,NUM,1,,6742272 - Ysgol Gynradd Gymraeg Tonyrefail,6742272,1009,,All pupils,all,3,,Total
10,10,Number of pupils,NUM,1,,6742276 - Penygawsi Primary School,6742276,1010,,Eligible for free school meals,fsm,1,,
20,20,Number of pupils,NUM,1,,6742276 - Penygawsi Primary School,6742276,1010,,Eligible for free school meals or transitionally protected,fsmtp,2,,
220,220,Number of pupils,NUM,1,,6742276 - Penygawsi Primary School,6742276,1010,,All pupils,all,3,,Total
35,35,Number of pupils,NUM,1,,6742284 - YSGOL GYMRAEG LLWYNCELYN,6742284,1011,,Eligible for free school meals,fsm,1,,
55,55,Number of pupils,NUM,1,,6742284 - YSGOL GYMRAEG LLWYNCELYN,6742284,1011,,Eligible for free school meals or transitionally protected,fsmtp,2,,
355,355,Number of pupils,NUM,1,,6742284 - YSGOL GYMRAEG LLWYNCELYN,6742284,1011,,All pupils,all,3,,Total
30,30,Number of pupils,NUM,1,,6742287 - YSGOL GYNRADD GYMRAEG YNYSWEN,6742287,1012,,Eligible for free school meals,fsm,1,,
50,50,Number of pupils,NUM,1,,6742287 - YSGOL GYNRADD GYMRAEG YNYSWEN,6742287,1012,,Eligible for free school meals or transitionally protected,fsmtp,2,,
220,220,Number of pupils,NUM,1,,6742287 - YSGOL GYNRADD GYMRAEG YNYSWEN,6742287,1012,,All pupils,all,3,,Total
40,40,Number of pupils,NUM,1,,6742306 - Tonysguboriau Primary School,6742306,1013,,Eligible for free school meals,fsm,1,,
60,60,Number of pupils,NUM,1,,6742306 - Tonysguboriau Primary School,6742306,1013,,Eligible for free school meals or transitionally protected,fsmtp,2,,
240,240,Number of pupils,NUM,1,,6742306 - Tonysguboriau Primary School,6742306,1013,,All pupils,all,3,,Total
,,Number of pupils,NUM,1,,6742351 - Y. G. G. G. Llantrisant,6742351,1014,,Eligible for free school meals,fsm,1,,Confidential
5,5,Number of pupils,NUM,1,,6742351 - Y. G. G. G. Llantrisant,6742351,1014,,Eligible for free school meals or transitionally protected,fsmtp,2,,
215,215,Number of pupils,NUM,1,,6742351 - Y. G. G. G. Llantrisant,6742351,1014,,All pupils,all,3,,Total
30,30,Number of pupils,NUM,1,,6742356 - YSGOL GYMRAEG BODRINGALLT,6742356,1015,,Eligible for free school meals,fsm,1,,
45,45,Number of pupils,NUM,1,,6742356 - YSGOL GYMRAEG BODRINGALLT,6742356,1015,,Eligible for free school meals or transitionally protected,fsmtp,2,,
140,140,Number of pupils,NUM,1,,6742356 - YSGOL GYMRAEG BODRINGALLT,6742356,1015,,All pupils,all,3,,Total
15,15,Number of pupils,NUM,1,,6742359 - Y.G.G. CASTELLAU,6742359,1016,,Eligible for free school meals,fsm,1,,
20,20,Number of pupils,NUM,1,,6742359 - Y.G.G. CASTELLAU,6742359,1016,,Eligible for free school meals or transitionally protected,fsmtp,2,,
235,235,Number of pupils,NUM,1,,6742359 - Y.G.G. CASTELLAU,6742359,1016,,All pupils,all,3,,Total
50,50,Number of pupils,NUM,1,,6742361 - Y.G.G. Llyn-y-Forwyn,6742361,1017,,Eligible for free school meals,fsm,1,,
65,65,Number of pupils,NUM,1,,6742361 - Y.G.G. Llyn-y-Forwyn,6742361,1017,,Eligible for free school meals or transitionally protected,fsmtp,2,,
170,170,Number of pupils,NUM,1,,6742361 - Y.G.G. Llyn-y-Forwyn,6742361,1017,,All pupils,all,3,,Total
15,15,Number of pupils,NUM,1,,6742362 - YSGOL GYMRAEG EVAN JAMES,6742362,1018,,Eligible for free school meals,fsm,1,,
35,35,Number of pupils,NUM,1,,6742362 - YSGOL GYMRAEG EVAN JAMES,6742362,1018,,Eligible for free school meals or transitionally protected,fsmtp,2,,
310,310,Number of pupils,NUM,1,,6742362 - YSGOL GYMRAEG EVAN JAMES,6742362,1018,,All pupils,all,3,,Total
60,60,Number of pupils,NUM,1,,6742364 - Ysgol Gymraeg Abercynon,6742364,1019,,Eligible for free school meals,fsm,1,,
85,85,Number of pupils,NUM,1,,6742364 - Ysgol Gymraeg Abercynon,6742364,1019,,Eligible for free school meals or transitionally protected,fsmtp,2,,
265,265,Number of pupils,NUM,1,,6742364 - Ysgol Gymraeg Abercynon,6742364,1019,,All pupils,all,3,,Total
25,25,Number of pupils,NUM,1,,6742365 - YGG BRONLLWYN School,6742365,1020,,Eligible for free school meals,fsm,1,,
45,45,Number of pupils,NUM,1,,6742365 - YGG BRONLLWYN School,6742365,1020,,Eligible for free school meals or transitionally protected,fsmtp,2,,
230,230,Number of pupils,NUM,1,,6742365 - YGG BRONLLWYN School,6742365,1020,,All pupils,all,3,,Total
35,35,Number of pupils,NUM,1,,6742367 - MISKIN PRIMARY,6742367,1021,,Eligible for free school meals,fsm,1,,
45,45,Number of pupils,NUM,1,,6742367 - MISKIN PRIMARY,6742367,1021,,Eligible for free school meals or transitionally protected,fsmtp,2,,
95,95,Number of pupils,NUM,1,,6742367 - MISKIN PRIMARY,6742367,1021,,All pupils,all,3,,Total
60,60,Number of pupils,NUM,1,,6742369 - Penpych Community Primary Scho,6742369,1022,,Eligible for free school meals,fsm,1,,
70,70,Number of pupils,NUM,1,,6742369 - Penpych Community Primary Scho,6742369,1022,,Eligible for free school meals or transitionally protected,fsmtp,2,,
170,170,Number of pupils,NUM,1,,6742369 - Penpych Community Primary Scho,6742369,1022,,All pupils,all,3,,Total
65,65,Number of pupils,NUM,1,,6742370 - Hendreforgan Primary School,6742370,1023,,Eligible for free school meals,fsm,1,,
80,80,Number of pupils,NUM,1,,6742370 - Hendreforgan Primary School,6742370,1023,,Eligible for free school meals or transitionally protected,fsmtp,2,,
235,235,Number of pupils,NUM,1,,6742370 - Hendreforgan Primary School,6742370,1023,,All pupils,all,3,,Total
60,60,Number of pupils,NUM,1,,6742371 - Penyrenglyn Primary,6742371,1024,,Eligible for free school meals,fsm,1,,
80,80,Number of pupils,NUM,1,,6742371 - Penyrenglyn Primary,6742371,1024,,Eligible for free school meals or transitionally protected,fsmtp,2,,
180,180,Number of pupils,NUM,1,,6742371 - Penyrenglyn Primary,6742371,1024,,All pupils,all,3,,Total
90,90,Number of pupils,NUM,1,,6742372 - Penywaun Community School,6742372,1025,,Eligible for free school meals,fsm,1,,
120,120,Number of pupils,NUM,1,,6742372 - Penywaun Community School,6742372,1025,,Eligible for free school meals or transitionally protected,fsmtp,2,,
180,180,Number of pupils,NUM,1,,6742372 - Penywaun Community School,6742372,1025,,All pupils,all,3,,Total
60,60,Number of pupils,NUM,1,,6742373 - Penrhys Community Primary,6742373,1026,,Eligible for free school meals,fsm,1,,
65,65,Number of pupils,NUM,1,,6742373 - Penrhys Community Primary,6742373,1026,,Eligible for free school meals or transitionally protected,fsmtp,2,,
85,85,Number of pupils,NUM,1,,6742373 - Penrhys Community Primary,6742373,1026,,All pupils,all,3,,Total
55,55,Number of pupils,NUM,1,,6742374 - Gwaunmeisgyn Primary School,6742374,1027,,Eligible for free school meals,fsm,1,,
90,90,Number of pupils,NUM,1,,6742374 - Gwaunmeisgyn Primary School,6742374,1027,,Eligible for free school meals or transitionally protected,fsmtp,2,,
360,360,Number of pupils,NUM,1,,6742374 - Gwaunmeisgyn Primary School,6742374,1027,,All pupils,all,3,,Total
30,30,Number of pupils,NUM,1,,6742375 - Gwauncelyn Primary School,6742375,1028,,Eligible for free school meals,fsm,1,,
55,55,Number of pupils,NUM,1,,6742375 - Gwauncelyn Primary School,6742375,1028,,Eligible for free school meals or transitionally protected,fsmtp,2,,
370,370,Number of pupils,NUM,1,,6742375 - Gwauncelyn Primary School,6742375,1028,,All pupils,all,3,,Total
30,30,Number of pupils,NUM,1,,6742376 - Penrhiwceibr Primary,6742376,1029,,Eligible for free school meals,fsm,1,,
45,45,Number of pupils,NUM,1,,6742376 - Penrhiwceibr Primary,6742376,1029,,Eligible for free school meals or transitionally protected,fsmtp,2,,
120,120,Number of pupils,NUM,1,,6742376 - Penrhiwceibr Primary,6742376,1029,,All pupils,all,3,,Total
55,55,Number of pupils,NUM,1,,6742378 - Ynyshir Community Primary,6742378,1030,,Eligible for free school meals,fsm,1,,
70,70,Number of pupils,NUM,1,,6742378 - Ynyshir Community Primary,6742378,1030,,Eligible for free school meals or transitionally protected,fsmtp,2,,
230,230,Number of pupils,NUM,1,,6742378 - Ynyshir Community Primary,6742378,1030,,All pupils,all,3,,Total
65,65,Number of pupils,NUM,1,,6742380 - Cwmclydach Community Primary School,6742380,1031,,Eligible for free school meals,fsm,1,,
65,65,Number of pupils,NUM,1,,6742380 - Cwmclydach Community Primary School,6742380,1031,,Eligible for free school meals or transitionally protected,fsmtp,2,,
180,180,Number of pupils,NUM,1,,6742380 - Cwmclydach Community Primary School,6742380,1031,,All pupils,all,3,,Total
70,70,Number of pupils,NUM,1,,6742381 - Aberdare Park Primary,6742381,1032,,Eligible for free school meals,fsm,1,,
105,105,Number of pupils,NUM,1,,6742381 - Aberdare Park Primary,6742381,1032,,Eligible for free school meals or transitionally protected,fsmtp,2,,
255,255,Number of pupils,NUM,1,,6742381 - Aberdare Park Primary,6742381,1032,,All pupils,all,3,,Total
140,140,Number of pupils,NUM,1,,6742382 - Maerdy Primary School,6742382,1033,,Eligible for free school meals,fsm,1,,
170,170,Number of pupils,NUM,1,,6742382 - Maerdy Primary School,6742382,1033,,Eligible for free school meals or transitionally protected,fsmtp,2,,
295,295,Number of pupils,NUM,1,,6742382 - Maerdy Primary School,6742382,1033,,All pupils,all,3,,Total
45,45,Number of pupils,NUM,1,,6742383 - Cwmbach Community Primary,6742383,1034,,Eligible for free school meals,fsm,1,,
65,65,Number of pupils,NUM,1,,6742383 - Cwmbach Community Primary,6742383,1034,,Eligible for free school meals or transitionally protected,fsmtp,2,,
260,260,Number of pupils,NUM,1,,6742383 - Cwmbach Community Primary,6742383,1034,,All pupils,all,3,,Total
60,60,Number of pupils,NUM,1,,6742384 - Ynysboeth Community Primary,6742384,1035,,Eligible for free school meals,fsm,1,,
75,75,Number of pupils,NUM,1,,6742384 - Ynysboeth Community Primary,6742384,1035,,Eligible for free school meals or transitionally protected,fsmtp,2,,
125,125,Number of pupils,NUM,1,,6742384 - Ynysboeth Community Primary,6742384,1035,,All pupils,all,3,,Total
75,75,Number of pupils,NUM,1,,6742385 - Abercynon Primary,6742385,1036,,Eligible for free school meals,fsm,1,,
95,95,Number of pupils,NUM,1,,6742385 - Abercynon Primary,6742385,1036,,Eligible for free school meals or transitionally protected,fsmtp,2,,
335,335,Number of pupils,NUM,1,,6742385 - Abercynon Primary,6742385,1036,,All pupils,all,3,,Total
65,65,Number of pupils,NUM,1,,6742386 - Cymmer Primary,6742386,1037,,Eligible for free school meals,fsm,1,,
80,80,Number of pupils,NUM,1,,6742386 - Cymmer Primary,6742386,1037,,Eligible for free school meals or transitionally protected,fsmtp,2,,
210,210,Number of pupils,NUM,1,,6742386 - Cymmer Primary,6742386,1037,,All pupils,all,3,,Total
50,50,Number of pupils,NUM,1,,6742387 - Cwmaman Primary School,6742387,1038,,Eligible for free school meals,fsm,1,,
70,70,Number of pupils,NUM,1,,6742387 - Cwmaman Primary School,6742387,1038,,Eligible for free school meals or transitionally protected,fsmtp,2,,
200,200,Number of pupils,NUM,1,,6742387 - Cwmaman Primary School,6742387,1038,,All pupils,all,3,,Total
35,35,Number of pupils,NUM,1,,6742388 - Ysgol Gynradd Gymraeg Awel Taf,6742388,1039,,Eligible for free school meals,fsm,1,,
35,35,Number of pupils,NUM,1,,6742388 - Ysgol Gynradd Gymraeg Awel Taf,6742388,1039,,Eligible for free school meals or transitionally protected,fsmtp,2,,
345,345,Number of pupils,NUM,1,,6742388 - Ysgol Gynradd Gymraeg Awel Taf,6742388,1039,,All pupils,all,3,,Total
40,40,Number of pupils,NUM,1,,6743309 - Our Lady's R.C.,6743309,1040,,Eligible for free school meals,fsm,1,,
45,45,Number of pupils,NUM,1,,6743309 - Our Lady's R.C.,6743309,1040,,Eligible for free school meals or transitionally protected,fsmtp,2,,
120,120,Number of pupils,NUM,1,,6743309 - Our Lady's R.C.,6743309,1040,,All pupils,all,3,,Total
20,20,Number of pupils,NUM,1,,6743312 - ST MICHAELS PRIMARY,6743312,1041,,Eligible for free school meals,fsm,1,,
35,35,Number of pupils,NUM,1,,6743312 - ST MICHAELS PRIMARY,6743312,1041,,Eligible for free school meals or transitionally protected,fsmtp,2,,
250,250,Number of pupils,NUM,1,,6743312 - ST MICHAELS PRIMARY,6743312,1041,,All pupils,all,3,,Total
20,20,Number of pupils,NUM,1,,6743313 - S.S.Gabriel and Raphael Prim,6743313,1042,,Eligible for free school meals,fsm,1,,
30,30,Number of pupils,NUM,1,,6743313 - S.S.Gabriel and Raphael Prim,6743313,1042,,Eligible for free school meals or transitionally protected,fsmtp,2,,
155,155,Number of pupils,NUM,1,,6743313 - S.S.Gabriel and Raphael Prim,6743313,1042,,All pupils,all,3,,Total
35,35,Number of pupils,NUM,1,,6743314 - St. Margaret's Catholic Primary School,6743314,1043,,Eligible for free school meals,fsm,1,,
45,45,Number of pupils,NUM,1,,6743314 - St. Margaret's Catholic Primary School,6743314,1043,,Eligible for free school meals or transitionally protected,fsmtp,2,,
95,95,Number of pupils,NUM,1,,6743314 - St. Margaret's Catholic Primary School,6743314,1043,,All pupils,all,3,,Total
20,20,Number of pupils,NUM,1,,6743317 - ABERDARE TOWN C IN W PRIMARY,6743317,1044,,Eligible for free school meals,fsm,1,,
35,35,Number of pupils,NUM,1,,6743317 - ABERDARE TOWN C IN W PRIMARY,6743317,1044,,Eligible for free school meals or transitionally protected,fsmtp,2,,
290,290,Number of pupils,NUM,1,,6743317 - ABERDARE TOWN C IN W PRIMARY,6743317,1044,,All pupils,all,3,,Total
60,60,Number of pupils,NUM,1,,6743319 - CWMBACH CHURCH IN WALES,6743319,1045,,Eligible for free school meals,fsm,1,,
75,75,Number of pupils,NUM,1,,6743319 - CWMBACH CHURCH IN WALES,6743319,1045,,Eligible for free school meals or transitionally protected,fsmtp,2,,
120,120,Number of pupils,NUM,1,,6743319 - CWMBACH CHURCH IN WALES,6743319,1045,,All pupils,all,3,,Total
180,180,Number of pupils,NUM,1,,6744019 - Bryncelynnog Comprehensive School,6744019,1046,,Eligible for free school meals,fsm,1,,
270,270,Number of pupils,NUM,1,,6744019 - Bryncelynnog Comprehensive School,6744019,1046,,Eligible for free school meals or transitionally protected,fsmtp,2,,
"1,350",1350,Number of pupils,NUM,1,,6744019 - Bryncelynnog Comprehensive School,6744019,1046,,All pupils,all,3,,Total
285,285,Number of pupils,NUM,1,,6744053 - Mountain Ash Comprehensive School,6744053,1047,,Eligible for free school meals,fsm,1,,
375,375,Number of pupils,NUM,1,,6744053 - Mountain Ash Comprehensive School,6744053,1047,,Eligible for free school meals or transitionally protected,fsmtp,2,,
910,910,Number of pupils,NUM,1,,6744053 - Mountain Ash Comprehensive School,6744053,1047,,All pupils,all,3,,Total
310,310,Number of pupils,NUM,1,,6744081 - Treorchy Comprehensive School,6744081,1048,,Eligible for free school meals,fsm,1,,
445,445,Number of pupils,NUM,1,,6744081 - Treorchy Comprehensive School,6744081,1048,,Eligible for free school meals or transitionally protected,fsmtp,2,,
"1,435",1435,Number of pupils,NUM,1,,6744081 - Treorchy Comprehensive School,6744081,1048,,All pupils,all,3,,Total
205,205,Number of pupils,NUM,1,,6744083 - Ferndale Community School,6744083,1049,,Eligible for free school meals,fsm,1,,
285,285,Number of pupils,NUM,1,,6744083 - Ferndale Community School,6744083,1049,,Eligible for free school meals or transitionally protected,fsmtp,2,,
635,635,Number of pupils,NUM,1,,6744083 - Ferndale Community School,6744083,1049,,All pupils,all,3,,Total
130,130,Number of pupils,NUM,1,,6744096 - Y Pant Comprehensive,6744096,1050,,Eligible for free school meals,fsm,1,,
190,190,Number of pupils,NUM,1,,6744096 - Y Pant Comprehensive,6744096,1050,,Eligible for free school meals or transitionally protected,fsmtp,2,,
"1,460",1460,Number of pupils,NUM,1,,6744096 - Y Pant Comprehensive,6744096,1050,,All pupils,all,3,,Total
85,85,Number of pupils,NUM,1,,6744097 - Ysgol Gyfun Cwm Rhondda,6744097,1051,,Eligible for free school meals,fsm,1,,
135,135,Number of pupils,NUM,1,,6744097 - Ysgol Gyfun Cwm Rhondda,6744097,1051,,Eligible for free school meals or transitionally protected,fsmtp,2,,
625,625,Number of pupils,NUM,1,,6744097 - Ysgol Gyfun Cwm Rhondda,6744097,1051,,All pupils,all,3,,Total
120,120,Number of pupils,NUM,1,,6744105 - Ysgol Gyfun Rhydywaun,6744105,1052,,Eligible for free school meals,fsm,1,,
170,170,Number of pupils,NUM,1,,6744105 - Ysgol Gyfun Rhydywaun,6744105,1052,,Eligible for free school meals or transitionally protected,fsmtp,2,,
"1,030",1030,Number of pupils,NUM,1,,6744105 - Ysgol Gyfun Rhydywaun,6744105,1052,,All pupils,all,3,,Total
325,325,Number of pupils,NUM,1,,6744106 - Aberdare Community School,6744106,1053,,Eligible for free school meals,fsm,1,,
470,470,Number of pupils,NUM,1,,6744106 - Aberdare Community School,6744106,1053,,Eligible for free school meals or transitionally protected,fsmtp,2,,
"1,225",1225,Number of pupils,NUM,1,,6744106 - Aberdare Community School,6744106,1053,,All pupils,all,3,,Total
115,115,Number of pupils,NUM,1,,6744602 - Cardinal Newman R.C.,6744602,1054,,Eligible for free school meals,fsm,1,,
155,155,Number of pupils,NUM,1,,6744602 - Cardinal Newman R.C.,6744602,1054,,Eligible for free school meals or transitionally protected,fsmtp,2,,
980,980,Number of pupils,NUM,1,,6744602 - Cardinal Newman R.C.,6744602,1054,,All pupils,all,3,,Total
115,115,Number of pupils,NUM,1,,6744604 - St John Baptist CIW High School,6744604,1055,,Eligible for free school meals,fsm,1,,
165,165,Number of pupils,NUM,1,,6744604 - St John Baptist CIW High School,6744604,1055,,Eligible for free school meals or transitionally protected,fsmtp,2,,
945,945,Number of pupils,NUM,1,,6744604 - St John Baptist CIW High School,6744604,1055,,All pupils,all,3,,Total
35,35,Number of pupils,NUM,1,,6745500 - Ysgol Llanhari,6745500,1056,,Eligible for free school meals,fsm,1,,
60,60,Number of pupils,NUM,1,,6745500 - Ysgol Llanhari,6745500,1056,,Eligible for free school meals or transitionally protected,fsmtp,2,,
645,645,Number of pupils,NUM,1,,6745500 - Ysgol Llanhari,6745500,1056,,All pupils,all,3,,Total
240,240,Number of pupils,NUM,1,,6745501 - Porth Community School,6745501,1057,,Eligible for free school meals,fsm,1,,
330,330,Number of pupils,NUM,1,,6745501 - Porth Community School,6745501,1057,,Eligible for free school meals or transitionally protected,fsmtp,2,,
925,925,Number of pupils,NUM,1,,6745501 - Porth Community School,6745501,1057,,All pupils,all,3,,Total
270,270,Number of pupils,NUM,1,,6745502 - Ysgol Nantgwyn,6745502,1058,,Eligible for free school meals,fsm,1,,
375,375,Number of pupils,NUM,1,,6745502 - Ysgol Nantgwyn,6745502,1058,,Eligible for free school meals or transitionally protected,fsmtp,2,,
"1,050",1050,Number of pupils,NUM,1,,6745502 - Ysgol Nantgwyn,6745502,1058,,All pupils,all,3,,Total
285,285,Number of pupils,NUM,1,,6745503 - Tonyrefail Community School,6745503,1059,,Eligible for free school meals,fsm,1,,
410,410,Number of pupils,NUM,1,,6745503 - Tonyrefail Community School,6745503,1059,,Eligible for free school meals or transitionally protected,fsmtp,2,,
"1,705",1705,Number of pupils,NUM,1,,6745503 - Tonyrefail Community School,6745503,1059,,All pupils,all,3,,Total
80,80,Number of pupils,NUM,1,,6745504 - Ysgol Garth Olwg,6745504,1060,,Eligible for free school meals,fsm,1,,
125,125,Number of pupils,NUM,1,,6745504 - Ysgol Garth Olwg,6745504,1060,,Eligible for free school meals or transitionally protected,fsmtp,2,,
"1,210",1210,Number of pupils,NUM,1,,6745504 - Ysgol Garth Olwg,6745504,1060,,All pupils,all,3,,Total
295,295,Number of pupils,NUM,1,,6745505 - Ysgol Afon Wen,6745505,1061,,Eligible for free school meals,fsm,1,,
385,385,Number of pupils,NUM,1,,6745505 - Ysgol Afon Wen,6745505,1061,,Eligible for free school meals or transitionally protected,fsmtp,2,,
"1,165",1165,Number of pupils,NUM,1,,6745505 - Ysgol Afon Wen,6745505,1061,,All pupils,all,3,,Total
200,200,Number of pupils,NUM,1,,6745506 - Ysgol Bro Taf,6745506,1062,,Eligible for free school meals,fsm,1,,
280,280,Number of pupils,NUM,1,,6745506 - Ysgol Bro Taf,6745506,1062,,Eligible for free school meals or transitionally protected,fsmtp,2,,
900,900,Number of pupils,NUM,1,,6745506 - Ysgol Bro Taf,6745506,1062,,All pupils,all,3,,Total
65,65,Number of pupils,NUM,1,,6747006 - MAESGWYN,6747006,1063,,Eligible for free school meals,fsm,1,,
75,75,Number of pupils,NUM,1,,6747006 - MAESGWYN,6747006,1063,,Eligible for free school meals or transitionally protected,fsmtp,2,,
135,135,Number of pupils,NUM,1,,6747006 - MAESGWYN,6747006,1063,,All pupils,all,3,,Total
65,65,Number of pupils,NUM,1,,6747008 - Park Lane Special School,6747008,1064,,Eligible for free school meals,fsm,1,,
80,80,Number of pupils,NUM,1,,6747008 - Park Lane Special School,6747008,1064,,Eligible for free school meals or transitionally protected,fsmtp,2,,
145,145,Number of pupils,NUM,1,,6747008 - Park Lane Special School,6747008,1064,,All pupils,all,3,,Total
120,120,Number of pupils,NUM,1,,6747011 - Ysgol Hen Felin,6747011,1065,,Eligible for free school meals,fsm,1,,
135,135,Number of pupils,NUM,1,,6747011 - Ysgol Hen Felin,6747011,1065,,Eligible for free school meals or transitionally protected,fsmtp,2,,
245,245,Number of pupils,NUM,1,,6747011 - Ysgol Hen Felin,6747011,1065,,All pupils,all,3,,Total
80,80,Number of pupils,NUM,1,,6747015 - Ysgol Ty Coch,6747015,1066,,Eligible for free school meals,fsm,1,,
85,85,Number of pupils,NUM,1,,6747015 - Ysgol Ty Coch,6747015,1066,,Eligible for free school meals or transitionally protected,fsmtp,2,,
240,240,Number of pupils,NUM,1,,6747015 - Ysgol Ty Coch,6747015,1066,,All pupils,all,3,,Total
25,25,Number of pupils,NUM,1,,6752000 - Abercanaid Community,6752000,1067,,Eligible for free school meals,fsm,1,,
35,35,Number of pupils,NUM,1,,6752000 - Abercanaid Community,6752000,1067,,Eligible for free school meals or transitionally protected,fsmtp,2,,
170,170,Number of pupils,NUM,1,,6752000 - Abercanaid Community,6752000,1067,,All pupils,all,3,,Total
60,60,Number of pupils,NUM,1,,6752002 - Cyfarthfa Park Primary School,6752002,1068,,Eligible for free school meals,fsm,1,,
90,90,Number of pupils,NUM,1,,6752002 - Cyfarthfa Park Primary School,6752002,1068,,Eligible for free school meals or transitionally protected,fsmtp,2,,
435,435,Number of pupils,NUM,1,,6752002 - Cyfarthfa Park Primary School,6752002,1068,,All pupils,all,3,,Total
55,55,Number of pupils,NUM,1,,6752006 - Caedraw Primary,6752006,1069,,Eligible for free school meals,fsm,1,,
75,75,Number of pupils,NUM,1,,6752006 - Caedraw Primary,6752006,1069,,Eligible for free school meals or transitionally protected,fsmtp,2,,
230,230,Number of pupils,NUM,1,,6752006 - Caedraw Primary,6752006,1069,,All pupils,all,3,,Total
75,75,Number of pupils,NUM,1,,6752010 - Gellifaelog Primary School,6752010,1070,,Eligible for free school meals,fsm,1,,
100,100,Number of pupils,NUM,1,,6752010 - Gellifaelog Primary School,6752010,1070,,Eligible for free school meals or transitionally protected,fsmtp,2,,
225,225,Number of pupils,NUM,1,,6752010 - Gellifaelog Primary School,6752010,1070,,All pupils,all,3,,Total
80,80,Number of pupils,NUM,1,,6752015 - PANTYSGALLOG PRIMARY SCHOOL,6752015,1071,,Eligible for free school meals,fsm,1,,
125,125,Number of pupils,NUM,1,,6752015 - PANTYSGALLOG PRIMARY SCHOOL,6752015,1071,,Eligible for free school meals or transitionally protected,fsmtp,2,,
410,410,Number of pupils,NUM,1,,6752015 - PANTYSGALLOG PRIMARY SCHOOL,6752015,1071,,All pupils,all,3,,Total
50,50,Number of pupils,NUM,1,,6752020 - Gwaunfarren Primary,6752020,1072,,Eligible for free school meals,fsm,1,,
70,70,Number of pupils,NUM,1,,6752020 - Gwaunfarren Primary,6752020,1072,,Eligible for free school meals or transitionally protected,fsmtp,2,,
280,280,Number of pupils,NUM,1,,6752020 - Gwaunfarren Primary,6752020,1072,,All pupils,all,3,,Total
10,10,Number of pupils,NUM,1,,6752022 - Heolgerrig Community School,6752022,1073,,Eligible for free school meals,fsm,1,,
20,20,Number of pupils,NUM,1,,6752022 - Heolgerrig Community School,6752022,1073,,Eligible for free school meals or transitionally protected,fsmtp,2,,
210,210,Number of pupils,NUM,1,,6752022 - Heolgerrig Community School,6752022,1073,,All pupils,all,3,,Total
75,75,Number of pupils,NUM,1,,6752039 - YNYSOWEN PRIMARY,6752039,1074,,Eligible for free school meals,fsm,1,,
90,90,Number of pupils,NUM,1,,6752039 - YNYSOWEN PRIMARY,6752039,1074,,Eligible for free school meals or transitionally protected,fsmtp,2,,
310,310,Number of pupils,NUM,1,,6752039 - YNYSOWEN PRIMARY,6752039,1074,,All pupils,all,3,,Total
35,35,Number of pupils,NUM,1,,6752042 - YSGOL SANTES TUDFUL,6752042,1075,,Eligible for free school meals,fsm,1,,
50,50,Number of pupils,NUM,1,,6752042 - YSGOL SANTES TUDFUL,6752042,1075,,Eligible for free school meals or transitionally protected,fsmtp,2,,
410,410,Number of pupils,NUM,1,,6752042 - YSGOL SANTES TUDFUL,6752042,1075,,All pupils,all,3,,Total
15,15,Number of pupils,NUM,1,,6752054 - Bedlinog Community Primary School,6752054,1076,,Eligible for free school meals,fsm,1,,
20,20,Number of pupils,NUM,1,,6752054 - Bedlinog Community Primary School,6752054,1076,,Eligible for free school meals or transitionally protected,fsmtp,2,,
110,110,Number of pupils,NUM,1,,6752054 - Bedlinog Community Primary School,6752054,1076,,All pupils,all,3,,Total
40,40,Number of pupils,NUM,1,,6752231 - TRELEWIS PRIMARY SCHOOL,6752231,1077,,Eligible for free school meals,fsm,1,,
55,55,Number of pupils,NUM,1,,6752231 - TRELEWIS PRIMARY SCHOOL,6752231,1077,,Eligible for free school meals or transitionally protected,fsmtp,2,,
245,245,Number of pupils,NUM,1,,6752231 - TRELEWIS PRIMARY SCHOOL,6752231,1077,,All pupils,all,3,,Total
40,40,Number of pupils,NUM,1,,6752330 - YSGOL-Y-GRAIG,6752330,1078,,Eligible for free school meals,fsm,1,,
50,50,Number of pupils,NUM,1,,6752330 - YSGOL-Y-GRAIG,6752330,1078,,Eligible for free school meals or transitionally protected,fsmtp,2,,
215,215,Number of pupils,NUM,1,,6752330 - YSGOL-Y-GRAIG,6752330,1078,,All pupils,all,3,,Total
30,30,Number of pupils,NUM,1,,6752346 - Ysgol Gymraeg Rhyd-y-grug,6752346,1079,,Eligible for free school meals,fsm,1,,
50,50,Number of pupils,NUM,1,,6752346 - Ysgol Gymraeg Rhyd-y-grug,6752346,1079,,Eligible for free school meals or transitionally protected,fsmtp,2,,
280,280,Number of pupils,NUM,1,,6752346 - Ysgol Gymraeg Rhyd-y-grug,6752346,1079,,All pupils,all,3,,Total
95,95,Number of pupils,NUM,1,,6752351 - COED Y DDERWEN PRIMARY SCHOOL,6752351,1080,,Eligible for free school meals,fsm,1,,
130,130,Number of pupils,NUM,1,,6752351 - COED Y DDERWEN PRIMARY SCHOOL,6752351,1080,,Eligible for free school meals or transitionally protected,fsmtp,2,,
225,225,Number of pupils,NUM,1,,6752351 - COED Y DDERWEN PRIMARY SCHOOL,6752351,1080,,All pupils,all,3,,Total
45,45,Number of pupils,NUM,1,,6752352 - Twynyrodyn Community School,6752352,1081,,Eligible for free school meals,fsm,1,,
70,70,Number of pupils,NUM,1,,6752352 - Twynyrodyn Community School,6752352,1081,,Eligible for free school meals or transitionally protected,fsmtp,2,,
300,300,Number of pupils,NUM,1,,6752352 - Twynyrodyn Community School,6752352,1081,,All pupils,all,3,,Total
45,45,Number of pupils,NUM,1,,6752353 - Edwardsville Primary School,6752353,1082,,Eligible for free school meals,fsm,1,,
75,75,Number of pupils,NUM,1,,6752353 - Edwardsville Primary School,6752353,1082,,Eligible for free school meals or transitionally protected,fsmtp,2,,
335,335,Number of pupils,NUM,1,,6752353 - Edwardsville Primary School,6752353,1082,,All pupils,all,3,,Total
35,35,Number of pupils,NUM,1,,6752354 - Troedyrhiw  Commmunity Primary School,6752354,1083,,Eligible for free school meals,fsm,1,,
65,65,Number of pupils,NUM,1,,6752354 - Troedyrhiw  Commmunity Primary School,6752354,1083,,Eligible for free school meals or transitionally protected,fsmtp,2,,
200,200,Number of pupils,NUM,1,,6752354 - Troedyrhiw  Commmunity Primary School,6752354,1083,,All pupils,all,3,,Total
50,50,Number of pupils,NUM,1,,6752355 - Dowlais Primary School,6752355,1084,,Eligible for free school meals,fsm,1,,
70,70,Number of pupils,NUM,1,,6752355 - Dowlais Primary School,6752355,1084,,Eligible for free school meals or transitionally protected,fsmtp,2,,
195,195,Number of pupils,NUM,1,,6752355 - Dowlais Primary School,6752355,1084,,All pupils,all,3,,Total
200,200,Number of pupils,NUM,1,,6752356 - Goetre Primary School,6752356,1085,,Eligible for free school meals,fsm,1,,
255,255,Number of pupils,NUM,1,,6752356 - Goetre Primary School,6752356,1085,,Eligible for free school meals or transitionally protected,fsmtp,2,,
415,415,Number of pupils,NUM,1,,6752356 - Goetre Primary School,6752356,1085,,All pupils,all,3,,Total
155,155,Number of pupils,NUM,1,,6754011 - Afon Taf High School,6754011,1086,,Eligible for free school meals,fsm,1,,
220,220,Number of pupils,NUM,1,,6754011 - Afon Taf High School,6754011,1086,,Eligible for free school meals or transitionally protected,fsmtp,2,,
800,800,Number of pupils,NUM,1,,6754011 - Afon Taf High School,6754011,1086,,All pupils,all,3,,Total
290,290,Number of pupils,NUM,1,,6754012 - PEN-Y-DRE HIGH SCHOOL,6754012,1087,,Eligible for free school meals,fsm,1,,
390,390,Number of pupils,NUM,1,,6754012 - PEN-Y-DRE HIGH SCHOOL,6754012,1087,,Eligible for free school meals or transitionally protected,fsmtp,2,,
895,895,Number of pupils,NUM,1,,6754012 - PEN-Y-DRE HIGH SCHOOL,6754012,1087,,All pupils,all,3,,Total
135,135,Number of pupils,NUM,1,,6754013 - Cyfarthfa High School,6754013,1088,,Eligible for free school meals,fsm,1,,
195,195,Number of pupils,NUM,1,,6754013 - Cyfarthfa High School,6754013,1088,,Eligible for free school meals or transitionally protected,fsmtp,2,,
785,785,Number of pupils,NUM,1,,6754013 - Cyfarthfa High School,6754013,1088,,All pupils,all,3,,Total
190,190,Number of pupils,NUM,1,,6755900 - Blessed Carlo Acutis Catholic School,6755900,1089,,Eligible for free school meals,fsm,1,,
275,275,Number of pupils,NUM,1,,6755900 - Blessed Carlo Acutis Catholic School,6755900,1089,,Eligible for free school meals or transitionally protected,fsmtp,2,,
990,990,Number of pupils,NUM,1,,6755900 - Blessed Carlo Acutis Catholic School,6755900,1089,,All pupils,all,3,,Total
85,85,Number of pupils,NUM,1,,6757013 - Greenfield School,6757013,1090,,Eligible for free school meals,fsm,1,,
95,95,Number of pupils,NUM,1,,6757013 - Greenfield School,6757013,1090,,Eligible for free school meals or transitionally protected,fsmtp,2,,
205,205,Number of pupils,NUM,1,,6757013 - Greenfield School,6757013,1090,,All pupils,all,3,,Total
40,40,Number of pupils,NUM,1,,6762058 - Pengam Primary,6762058,1091,,Eligible for free school meals,fsm,1,,
55,55,Number of pupils,NUM,1,,6762058 - Pengam Primary,6762058,1091,,Eligible for free school meals or transitionally protected,fsmtp,2,,
200,200,Number of pupils,NUM,1,,6762058 - Pengam Primary,6762058,1091,,All pupils,all,3,,Total
15,15,Number of pupils,NUM,1,,6762061 - Fleur-de-Lys Primary,6762061,1092,,Eligible for free school meals,fsm,1,,
15,15,Number of pupils,NUM,1,,6762061 - Fleur-de-Lys Primary,6762061,1092,,Eligible for free school meals or transitionally protected,fsmtp,2,,
95,95,Number of pupils,NUM,1,,6762061 - Fleur-de-Lys Primary,6762061,1092,,All pupils,all,3,,Total
40,40,Number of pupils,NUM,1,,6762071 - COED-Y-BRAIN PRIMARY,6762071,1093,,Eligible for free school meals,fsm,1,,
55,55,Number of pupils,NUM,1,,6762071 - COED-Y-BRAIN PRIMARY,6762071,1093,,Eligible for free school meals or transitionally protected,fsmtp,2,,
210,210,Number of pupils,NUM,1,,6762071 - COED-Y-BRAIN PRIMARY,6762071,1093,,All pupils,all,3,,Total
80,80,Number of pupils,NUM,1,,6762078 - Markham Primary,6762078,1094,,Eligible for free school meals,fsm,1,,
100,100,Number of pupils,NUM,1,,6762078 - Markham Primary,6762078,1094,,Eligible for free school meals or transitionally protected,fsmtp,2,,
200,200,Number of pupils,NUM,1,,6762078 - Markham Primary,6762078,1094,,All pupils,all,3,,Total
30,30,Number of pupils,NUM,1,,6762081 - CWMABER JUNIOR SCHOOL,6762081,1095,,Eligible for free school meals,fsm,1,,
40,40,Number of pupils,NUM,1,,6762081 - CWMABER JUNIOR SCHOOL,6762081,1095,,Eligible for free school meals or transitionally protected,fsmtp,2,,
105,105,Number of pupils,NUM,1,,6762081 - CWMABER JUNIOR SCHOOL,6762081,1095,,All pupils,all,3,,Total
30,30,Number of pupils,NUM,1,,6762084 - Libanus Primary,6762084,1096,,Eligible for free school meals,fsm,1,,
50,50,Number of pupils,NUM,1,,6762084 - Libanus Primary,6762084,1096,,Eligible for free school meals or transitionally protected,fsmtp,2,,
340,340,Number of pupils,NUM,1,,6762084 - Libanus Primary,6762084,1096,,All pupils,all,3,,Total
35,35,Number of pupils,NUM,1,,6762086 - Pontllanfraith Primary School,6762086,1097,,Eligible for free school meals,fsm,1,,
50,50,Number of pupils,NUM,1,,6762086 - Pontllanfraith Primary School,6762086,1097,,Eligible for free school meals or transitionally protected,fsmtp,2,,
180,180,Number of pupils,NUM,1,,6762086 - Pontllanfraith Primary School,6762086,1097,,All pupils,all,3,,Total
15,15,Number of pupils,NUM,1,,6762089 - Deri Primary School,6762089,1098,,Eligible for free school meals,fsm,1,,
15,15,Number of pupils,NUM,1,,6762089 - Deri Primary School,6762089,1098,,Eligible for free school meals or transitionally protected,fsmtp,2,,
75,75,Number of pupils,NUM,1,,6762089 - Deri Primary School,6762089,1098,,All pupils,all,3,,Total
15,15,Number of pupils,NUM,1,,6762093 - Crumlin High Level Primary,6762093,1099,,Eligible for free school meals,fsm,1,,
20,20,Number of pupils,NUM,1,,6762093 - Crumlin High Level Primary,6762093,1099,,Eligible for free school meals or transitionally protected,fsmtp,2,,
110,110,Number of pupils,NUM,1,,6762093 - Crumlin High Level Primary,6762093,1099,,All pupils,all,3,,Total
15,15,Number of pupils,NUM,1,,6762095 - PENTWYNMAWR PRIMARY SCHOOL,6762095,1100,,Eligible for free school meals,fsm,1,,
20,20,Number of pupils,NUM,1,,6762095 - PENTWYNMAWR PRIMARY SCHOOL,6762095,1100,,Eligible for free school meals or transitionally protected,fsmtp,2,,
115,115,Number of pupils,NUM,1,,6762095 - PENTWYNMAWR PRIMARY SCHOOL,6762095,1100,,All pupils,all,3,,Total
55,55,Number of pupils,NUM,1,,6762097 - DERWENDEG PRIMARY SCHOOL,6762097,1101,,Eligible for free school meals,fsm,1,,
70,70,Number of pupils,NUM,1,,6762097 - DERWENDEG PRIMARY SCHOOL,6762097,1101,,Eligible for free school meals or transitionally protected,fsmtp,2,,
195,195,Number of pupils,NUM,1,,6762097 - DERWENDEG PRIMARY SCHOOL,6762097,1101,,All pupils,all,3,,Total
40,40,Number of pupils,NUM,1,,6762098 - Tynewydd Primary School,6762098,1102,,Eligible for free school meals,fsm,1,,
55,55,Number of pupils,NUM,1,,6762098 - Tynewydd Primary School,6762098,1102,,Eligible for free school meals or transitionally protected,fsmtp,2,,
270,270,Number of pupils,NUM,1,,6762098 - Tynewydd Primary School,6762098,1102,,All pupils,all,3,,Total
50,50,Number of pupils,NUM,1,,6762100 - Cwmcarn Primary School,6762100,1103,,Eligible for free school meals,fsm,1,,
75,75,Number of pupils,NUM,1,,6762100 - Cwmcarn Primary School,6762100,1103,,Eligible for free school meals or transitionally protected,fsmtp,2,,
220,220,Number of pupils,NUM,1,,6762100 - Cwmcarn Primary School,6762100,1103,,All pupils,all,3,,Total
20,20,Number of pupils,NUM,1,,6762103 - Waunfawr Primary,6762103,1104,,Eligible for free school meals,fsm,1,,
30,30,Number of pupils,NUM,1,,6762103 - Waunfawr Primary,6762103,1104,,Eligible for free school meals or transitionally protected,fsmtp,2,,
165,165,Number of pupils,NUM,1,,6762103 - Waunfawr Primary,6762103,1104,,All pupils,all,3,,Total
50,50,Number of pupils,NUM,1,,6762105 - Risca Primary,6762105,1105,,Eligible for free school meals,fsm,1,,
75,75,Number of pupils,NUM,1,,6762105 - Risca Primary,6762105,1105,,Eligible for free school meals or transitionally protected,fsmtp,2,,
330,330,Number of pupils,NUM,1,,6762105 - Risca Primary,6762105,1105,,All pupils,all,3,,Total
30,30,Number of pupils,NUM,1,,6762108 - Fochriw Primary,6762108,1106,,Eligible for free school meals,fsm,1,,
40,40,Number of pupils,NUM,1,,6762108 - Fochriw Primary,6762108,1106,,Eligible for free school meals or transitionally protected,fsmtp,2,,
90,90,Number of pupils,NUM,1,,6762108 - Fochriw Primary,6762108,1106,,All pupils,all,3,,Total
30,30,Number of pupils,NUM,1,,6762121 - GILFACH FARGOED PRIMARY,6762121,1107,,Eligible for free school meals,fsm,1,,
45,45,Number of pupils,NUM,1,,6762121 - GILFACH FARGOED PRIMARY,6762121,1107,,Eligible for free school meals or transitionally protected,fsmtp,2,,
180,180,Number of pupils,NUM,1,,6762121 - GILFACH FARGOED PRIMARY,6762121,1107,,All pupils,all,3,,Total
50,50,Number of pupils,NUM,1,,6762140 - HENDRE JUNIOR SCHOOL,6762140,1108,,Eligible for free school meals,fsm,1,,
70,70,Number of pupils,NUM,1,,6762140 - HENDRE JUNIOR SCHOOL,6762140,1108,,Eligible for free school meals or transitionally protected,fsmtp,2,,
160,160,Number of pupils,NUM,1,,6762140 - HENDRE JUNIOR SCHOOL,6762140,1108,,All pupils,all,3,,Total
20,20,Number of pupils,NUM,1,,6762145 - HENDRE INFANTS SCHOOL,6762145,1109,,Eligible for free school meals,fsm,1,,
25,25,Number of pupils,NUM,1,,6762145 - HENDRE INFANTS SCHOOL,6762145,1109,,Eligible for free school meals or transitionally protected,fsmtp,2,,
135,135,Number of pupils,NUM,1,,6762145 - HENDRE INFANTS SCHOOL,6762145,1109,,All pupils,all,3,,Total
40,40,Number of pupils,NUM,1,,6762148 - Hengoed Primary,6762148,1110,,Eligible for free school meals,fsm,1,,
60,60,Number of pupils,NUM,1,,6762148 - Hengoed Primary,6762148,1110,,Eligible for free school meals or transitionally protected,fsmtp,2,,
145,145,Number of pupils,NUM,1,,6762148 - Hengoed Primary,6762148,1110,,All pupils,all,3,,Total
35,35,Number of pupils,NUM,1,,6762158 - Llancaeach Junior School,6762158,1111,,Eligible for free school meals,fsm,1,,
45,45,Number of pupils,NUM,1,,6762158 - Llancaeach Junior School,6762158,1111,,Eligible for free school meals or transitionally protected,fsmtp,2,,
135,135,Number of pupils,NUM,1,,6762158 - Llancaeach Junior School,6762158,1111,,All pupils,all,3,,Total
25,25,Number of pupils,NUM,1,,6762171 - Llanfabon Infants School,6762171,1112,,Eligible for free school meals,fsm,1,,
30,30,Number of pupils,NUM,1,,6762171 - Llanfabon Infants School,6762171,1112,,Eligible for free school meals or transitionally protected,fsmtp,2,,
105,105,Number of pupils,NUM,1,,6762171 - Llanfabon Infants School,6762171,1112,,All pupils,all,3,,Total
5,5,Number of pupils,NUM,1,,6762193 - RHYDRI PRIMARY SCHOOL,6762193,1113,,Eligible for free school meals,fsm,1,,
5,5,Number of pupils,NUM,1,,6762193 - RHYDRI PRIMARY SCHOOL,6762193,1113,,Eligible for free school meals or transitionally protected,fsmtp,2,,
35,35,Number of pupils,NUM,1,,6762193 - RHYDRI PRIMARY SCHOOL,6762193,1113,,All pupils,all,3,,Total
70,70,Number of pupils,NUM,1,,6762197 - NANT Y PARC PRIMARY SCHOOL,6762197,1114,,Eligible for free school meals,fsm,1,,
100,100,Number of pupils,NUM,1,,6762197 - NANT Y PARC PRIMARY SCHOOL,6762197,1114,,Eligible for free school meals or transitionally protected,fsmtp,2,,
210,210,Number of pupils,NUM,1,,6762197 - NANT Y PARC PRIMARY SCHOOL,6762197,1114,,All pupils,all,3,,Total
65,65,Number of pupils,NUM,1,,6762207 - Pantside Primary,6762207,1115,,Eligible for free school meals,fsm,1,,
80,80,Number of pupils,NUM,1,,6762207 - Pantside Primary,6762207,1115,,Eligible for free school meals or transitionally protected,fsmtp,2,,
190,190,Number of pupils,NUM,1,,6762207 - Pantside Primary,6762207,1115,,All pupils,all,3,,Total
20,20,Number of pupils,NUM,1,,6762224 - Tiryberth Primary,6762224,1116,,Eligible for free school meals,fsm,1,,
30,30,Number of pupils,NUM,1,,6762224 - Tiryberth Primary,6762224,1116,,Eligible for free school meals or transitionally protected,fsmtp,2,,
140,140,Number of pupils,NUM,1,,6762224 - Tiryberth Primary,6762224,1116,,All pupils,all,3,,Total
15,15,Number of pupils,NUM,1,,6762227 - Ty Isaf Infants School,6762227,1117,,Eligible for free school meals,fsm,1,,
15,15,Number of pupils,NUM,1,,6762227 - Ty Isaf Infants School,6762227,1117,,Eligible for free school meals or transitionally protected,fsmtp,2,,
110,110,Number of pupils,NUM,1,,6762227 - Ty Isaf Infants School,6762227,1117,,All pupils,all,3,,Total
75,75,Number of pupils,NUM,1,,6762252 - CWM  IFOR  PRIMARY SCHOOL,6762252,1118,,Eligible for free school meals,fsm,1,,
100,100,Number of pupils,NUM,1,,6762252 - CWM  IFOR  PRIMARY SCHOOL,6762252,1118,,Eligible for free school meals or transitionally protected,fsmtp,2,,
215,215,Number of pupils,NUM,1,,6762252 - CWM  IFOR  PRIMARY SCHOOL,6762252,1118,,All pupils,all,3,,Total
30,30,Number of pupils,NUM,1,,6762256 - BRYN PRIMARY,6762256,1119,,Eligible for free school meals,fsm,1,,
40,40,Number of pupils,NUM,1,,6762256 - BRYN PRIMARY,6762256,1119,,Eligible for free school meals or transitionally protected,fsmtp,2,,
180,180,Number of pupils,NUM,1,,6762256 - BRYN PRIMARY,6762256,1119,,All pupils,all,3,,Total
50,50,Number of pupils,NUM,1,,6762262 - YSGOL IFOR BACH,6762262,1120,,Eligible for free school meals,fsm,1,,
70,70,Number of pupils,NUM,1,,6762262 - YSGOL IFOR BACH,6762262,1120,,Eligible for free school meals or transitionally protected,fsmtp,2,,
235,235,Number of pupils,NUM,1,,6762262 - YSGOL IFOR BACH,6762262,1120,,All pupils,all,3,,Total
35,35,Number of pupils,NUM,1,,6762264 - Abercarn Primary school,6762264,1121,,Eligible for free school meals,fsm,1,,
45,45,Number of pupils,NUM,1,,6762264 - Abercarn Primary school,6762264,1121,,Eligible for free school meals or transitionally protected,fsmtp,2,,
255,255,Number of pupils,NUM,1,,6762264 - Abercarn Primary school,6762264,1121,,All pupils,all,3,,Total
70,70,Number of pupils,NUM,1,,6762278 - Greenhill Primary,6762278,1122,,Eligible for free school meals,fsm,1,,
75,75,Number of pupils,NUM,1,,6762278 - Greenhill Primary,6762278,1122,,Eligible for free school meals or transitionally protected,fsmtp,2,,
165,165,Number of pupils,NUM,1,,6762278 - Greenhill Primary,6762278,1122,,All pupils,all,3,,Total
45,45,Number of pupils,NUM,1,,6762282 - YSGOL GYMRAEG CAERFFILI,6762282,1123,,Eligible for free school meals,fsm,1,,
60,60,Number of pupils,NUM,1,,6762282 - YSGOL GYMRAEG CAERFFILI,6762282,1123,,Eligible for free school meals or transitionally protected,fsmtp,2,,
440,440,Number of pupils,NUM,1,,6762282 - YSGOL GYMRAEG CAERFFILI,6762282,1123,,All pupils,all,3,,Total
20,20,Number of pupils,NUM,1,,6762285 - YSGOL GYMRAEG GILFACH FARGOD,6762285,1124,,Eligible for free school meals,fsm,1,,
25,25,Number of pupils,NUM,1,,6762285 - YSGOL GYMRAEG GILFACH FARGOD,6762285,1124,,Eligible for free school meals or transitionally protected,fsmtp,2,,
110,110,Number of pupils,NUM,1,,6762285 - YSGOL GYMRAEG GILFACH FARGOD,6762285,1124,,All pupils,all,3,,Total
15,15,Number of pupils,NUM,1,,6762296 - YNYSDDU PRIMARY SCHOOL,6762296,1125,,Eligible for free school meals,fsm,1,,
20,20,Number of pupils,NUM,1,,6762296 - YNYSDDU PRIMARY SCHOOL,6762296,1125,,Eligible for free school meals or transitionally protected,fsmtp,2,,
110,110,Number of pupils,NUM,1,,6762296 - YNYSDDU PRIMARY SCHOOL,6762296,1125,,All pupils,all,3,,Total
60,60,Number of pupils,NUM,1,,6762307 - UPPER RHYMNEY PRIMARY SCHOOL,6762307,1126,,Eligible for free school meals,fsm,1,,
75,75,Number of pupils,NUM,1,,6762307 - UPPER RHYMNEY PRIMARY SCHOOL,6762307,1126,,Eligible for free school meals or transitionally protected,fsmtp,2,,
145,145,Number of pupils,NUM,1,,6762307 - UPPER RHYMNEY PRIMARY SCHOOL,6762307,1126,,All pupils,all,3,,Total
25,25,Number of pupils,NUM,1,,6762309 - Ysgol Y Lawnt,6762309,1127,,Eligible for free school meals,fsm,1,,
50,50,Number of pupils,NUM,1,,6762309 - Ysgol Y Lawnt,6762309,1127,,Eligible for free school meals or transitionally protected,fsmtp,2,,
190,190,Number of pupils,NUM,1,,6762309 - Ysgol Y Lawnt,6762309,1127,,All pupils,all,3,,Total
65,65,Number of pupils,NUM,1,,6762310 - Bryn Awel Primary School,6762310,1128,,Eligible for free school meals,fsm,1,,
70,70,Number of pupils,NUM,1,,6762310 - Bryn Awel Primary School,6762310,1128,,Eligible for free school meals or transitionally protected,fsmtp,2,,
135,135,Number of pupils,NUM,1,,6762310 - Bryn Awel Primary School,6762310,1128,,All pupils,all,3,,Total
20,20,Number of pupils,NUM,1,,6762313 - Ysgol Gymraeg Trelyn,6762313,1129,,Eligible for free school meals,fsm,1,,
30,30,Number of pupils,NUM,1,,6762313 - Ysgol Gymraeg Trelyn,6762313,1129,,Eligible for free school meals or transitionally protected,fsmtp,2,,
210,210,Number of pupils,NUM,1,,6762313 - Ysgol Gymraeg Trelyn,6762313,1129,,All pupils,all,3,,Total
75,75,Number of pupils,NUM,1,,6762316 - PHILLIPSTOWN PRIMARY SCHOOL,6762316,1130,,Eligible for free school meals,fsm,1,,
85,85,Number of pupils,NUM,1,,6762316 - PHILLIPSTOWN PRIMARY SCHOOL,6762316,1130,,Eligible for free school meals or transitionally protected,fsmtp,2,,
150,150,Number of pupils,NUM,1,,6762316 - PHILLIPSTOWN PRIMARY SCHOOL,6762316,1130,,All pupils,all,3,,Total
15,15,Number of pupils,NUM,1,,6762322 - MAESYCWMMER PRIMARY SCHOOL,6762322,1131,,Eligible for free school meals,fsm,1,,
25,25,Number of pupils,NUM,1,,6762322 - MAESYCWMMER PRIMARY SCHOOL,6762322,1131,,Eligible for free school meals or transitionally protected,fsmtp,2,,
140,140,Number of pupils,NUM,1,,6762322 - MAESYCWMMER PRIMARY SCHOOL,6762322,1131,,All pupils,all,3,,Total
15,15,Number of pupils,NUM,1,,6762323 - Bedwas Junior,6762323,1132,,Eligible for free school meals,fsm,1,,
30,30,Number of pupils,NUM,1,,6762323 - Bedwas Junior,6762323,1132,,Eligible for free school meals or transitionally protected,fsmtp,2,,
155,155,Number of pupils,NUM,1,,6762323 - Bedwas Junior,6762323,1132,,All pupils,all,3,,Total
5,5,Number of pupils,NUM,1,,6762326 - Machen Primary School,6762326,1133,,Eligible for free school meals,fsm,1,,
15,15,Number of pupils,NUM,1,,6762326 - Machen Primary School,6762326,1133,,Eligible for free school meals or transitionally protected,fsmtp,2,,
165,165,Number of pupils,NUM,1,,6762326 - Machen Primary School,6762326,1133,,All pupils,all,3,,Total
65,65,Number of pupils,NUM,1,,6762328 - Graig-y-Rhacca Primary and Nursery Community,6762328,1134,,Eligible for free school meals,fsm,1,,
75,75,Number of pupils,NUM,1,,6762328 - Graig-y-Rhacca Primary and Nursery Community,6762328,1134,,Eligible for free school meals or transitionally protected,fsmtp,2,,
105,105,Number of pupils,NUM,1,,6762328 - Graig-y-Rhacca Primary and Nursery Community,6762328,1134,,All pupils,all,3,,Total
25,25,Number of pupils,NUM,1,,6762335 - Bedwas Infants,6762335,1135,,Eligible for free school meals,fsm,1,,
25,25,Number of pupils,NUM,1,,6762335 - Bedwas Infants,6762335,1135,,Eligible for free school meals or transitionally protected,fsmtp,2,,
165,165,Number of pupils,NUM,1,,6762335 - Bedwas Infants,6762335,1135,,All pupils,all,3,,Total
20,20,Number of pupils,NUM,1,,6762338 - HENDREDENNY PARK PRIMARY,6762338,1136,,Eligible for free school meals,fsm,1,,
30,30,Number of pupils,NUM,1,,6762338 - HENDREDENNY PARK PRIMARY,6762338,1136,,Eligible for free school meals or transitionally protected,fsmtp,2,,
265,265,Number of pupils,NUM,1,,6762338 - HENDREDENNY PARK PRIMARY,6762338,1136,,All pupils,all,3,,Total
25,25,Number of pupils,NUM,1,,6762347 - CWMABER INFANTS SCHOOL,6762347,1137,,Eligible for free school meals,fsm,1,,
30,30,Number of pupils,NUM,1,,6762347 - CWMABER INFANTS SCHOOL,6762347,1137,,Eligible for free school meals or transitionally protected,fsmtp,2,,
105,105,Number of pupils,NUM,1,,6762347 - CWMABER INFANTS SCHOOL,6762347,1137,,All pupils,all,3,,Total
5,5,Number of pupils,NUM,1,,6762368 - YSGOL GYMRAEG BRO ALLTA,6762368,1138,,Eligible for free school meals,fsm,1,,
15,15,Number of pupils,NUM,1,,6762368 - YSGOL GYMRAEG BRO ALLTA,6762368,1138,,Eligible for free school meals or transitionally protected,fsmtp,2,,
280,280,Number of pupils,NUM,1,,6762368 - YSGOL GYMRAEG BRO ALLTA,6762368,1138,,All pupils,all,3,,Total
20,20,Number of pupils,NUM,1,,6762370 - Cwmfelinfach Primary,6762370,1139,,Eligible for free school meals,fsm,1,,
40,40,Number of pupils,NUM,1,,6762370 - Cwmfelinfach Primary,6762370,1139,,Eligible for free school meals or transitionally protected,fsmtp,2,,
205,205,Number of pupils,NUM,1,,6762370 - Cwmfelinfach Primary,6762370,1139,,All pupils,all,3,,Total
25,25,Number of pupils,NUM,1,,6762373 - YSGOL GYMRAEG CWM GWYDDON,6762373,1140,,Eligible for free school meals,fsm,1,,
40,40,Number of pupils,NUM,1,,6762373 - YSGOL GYMRAEG CWM GWYDDON,6762373,1140,,Eligible for free school meals or transitionally protected,fsmtp,2,,
275,275,Number of pupils,NUM,1,,6762373 - YSGOL GYMRAEG CWM GWYDDON,6762373,1140,,All pupils,all,3,,Total
45,45,Number of pupils,NUM,1,,6762374 - Y G G  Y Castell,6762374,1141,,Eligible for free school meals,fsm,1,,
60,60,Number of pupils,NUM,1,,6762374 - Y G G  Y Castell,6762374,1141,,Eligible for free school meals or transitionally protected,fsmtp,2,,
420,420,Number of pupils,NUM,1,,6762374 - Y G G  Y Castell,6762374,1141,,All pupils,all,3,,Total
10,10,Number of pupils,NUM,1,,6762376 - Cwrt Rawlin Primary School,6762376,1142,,Eligible for free school meals,fsm,1,,
15,15,Number of pupils,NUM,1,,6762376 - Cwrt Rawlin Primary School,6762376,1142,,Eligible for free school meals or transitionally protected,fsmtp,2,,
360,360,Number of pupils,NUM,1,,6762376 - Cwrt Rawlin Primary School,6762376,1142,,All pupils,all,3,,Total
80,80,Number of pupils,NUM,1,,6762377 - Cefn Fforest Primary,6762377,1143,,Eligible for free school meals,fsm,1,,
100,100,Number of pupils,NUM,1,,6762377 - Cefn Fforest Primary,6762377,1143,,Eligible for free school meals or transitionally protected,fsmtp,2,,
285,285,Number of pupils,NUM,1,,6762377 - Cefn Fforest Primary,6762377,1143,,All pupils,all,3,,Total
70,70,Number of pupils,NUM,1,,6762378 - PENLLWYN PRIMARY,6762378,1144,,Eligible for free school meals,fsm,1,,
80,80,Number of pupils,NUM,1,,6762378 - PENLLWYN PRIMARY,6762378,1144,,Eligible for free school meals or transitionally protected,fsmtp,2,,
140,140,Number of pupils,NUM,1,,6762378 - PENLLWYN PRIMARY,6762378,1144,,All pupils,all,3,,Total
90,90,Number of pupils,NUM,1,,6762379 - Blackwood Primary,6762379,1145,,Eligible for free school meals,fsm,1,,
120,120,Number of pupils,NUM,1,,6762379 - Blackwood Primary,6762379,1145,,Eligible for free school meals or transitionally protected,fsmtp,2,,
370,370,Number of pupils,NUM,1,,6762379 - Blackwood Primary,6762379,1145,,All pupils,all,3,,Total
25,25,Number of pupils,NUM,1,,6762380 - GLYN-GAER PRIMARY SCHOOL,6762380,1146,,Eligible for free school meals,fsm,1,,
30,30,Number of pupils,NUM,1,,6762380 - GLYN-GAER PRIMARY SCHOOL,6762380,1146,,Eligible for free school meals or transitionally protected,fsmtp,2,,
210,210,Number of pupils,NUM,1,,6762380 - GLYN-GAER PRIMARY SCHOOL,6762380,1146,,All pupils,all,3,,Total
65,65,Number of pupils,NUM,1,,6762381 - Park Primary,6762381,1147,,Eligible for free school meals,fsm,1,,
80,80,Number of pupils,NUM,1,,6762381 - Park Primary,6762381,1147,,Eligible for free school meals or transitionally protected,fsmtp,2,,
130,130,Number of pupils,NUM,1,,6762381 - Park Primary,6762381,1147,,All pupils,all,3,,Total
70,70,Number of pupils,NUM,1,,6762382 - Aberbargoed Primary School,6762382,1148,,Eligible for free school meals,fsm,1,,
85,85,Number of pupils,NUM,1,,6762382 - Aberbargoed Primary School,6762382,1148,,Eligible for free school meals or transitionally protected,fsmtp,2,,
215,215,Number of pupils,NUM,1,,6762382 - Aberbargoed Primary School,6762382,1148,,All pupils,all,3,,Total
80,80,Number of pupils,NUM,1,,6762383 - Trinant Primary,6762383,1149,,Eligible for free school meals,fsm,1,,
105,105,Number of pupils,NUM,1,,6762383 - Trinant Primary,6762383,1149,,Eligible for free school meals or transitionally protected,fsmtp,2,,
180,180,Number of pupils,NUM,1,,6762383 - Trinant Primary,6762383,1149,,All pupils,all,3,,Total
115,115,Number of pupils,NUM,1,,6762384 - Ty Sign Primary School,6762384,1150,,Eligible for free school meals,fsm,1,,
140,140,Number of pupils,NUM,1,,6762384 - Ty Sign Primary School,6762384,1150,,Eligible for free school meals or transitionally protected,fsmtp,2,,
425,425,Number of pupils,NUM,1,,6762384 - Ty Sign Primary School,6762384,1150,,All pupils,all,3,,Total
60,60,Number of pupils,NUM,1,,6762385 - Tyn-Y-Wern Primary,6762385,1151,,Eligible for free school meals,fsm,1,,
80,80,Number of pupils,NUM,1,,6762385 - Tyn-Y-Wern Primary,6762385,1151,,Eligible for free school meals or transitionally protected,fsmtp,2,,
235,235,Number of pupils,NUM,1,,6762385 - Tyn-Y-Wern Primary,6762385,1151,,All pupils,all,3,,Total
50,50,Number of pupils,NUM,1,,6762386 - Twyn Primary,6762386,1152,,Eligible for free school meals,fsm,1,,
65,65,Number of pupils,NUM,1,,6762386 - Twyn Primary,6762386,1152,,Eligible for free school meals or transitionally protected,fsmtp,2,,
415,415,Number of pupils,NUM,1,,6762386 - Twyn Primary,6762386,1152,,All pupils,all,3,,Total
60,60,Number of pupils,NUM,1,,6762387 - White Rose Primary School,6762387,1153,,Eligible for free school meals,fsm,1,,
80,80,Number of pupils,NUM,1,,6762387 - White Rose Primary School,6762387,1153,,Eligible for free school meals or transitionally protected,fsmtp,2,,
230,230,Number of pupils,NUM,1,,6762387 - White Rose Primary School,6762387,1153,,All pupils,all,3,,Total
30,30,Number of pupils,NUM,1,,6762388 - Ysgol Bro Sannan,6762388,1154,,Eligible for free school meals,fsm,1,,
45,45,Number of pupils,NUM,1,,6762388 - Ysgol Bro Sannan,6762388,1154,,Eligible for free school meals or transitionally protected,fsmtp,2,,
120,120,Number of pupils,NUM,1,,6762388 - Ysgol Bro Sannan,6762388,1154,,All pupils,all,3,,Total
75,75,Number of pupils,NUM,1,,6762389 - Plasyfelin Primary School,6762389,1155,,Eligible for free school meals,fsm,1,,
85,85,Number of pupils,NUM,1,,6762389 - Plasyfelin Primary School,6762389,1155,,Eligible for free school meals or transitionally protected,fsmtp,2,,
290,290,Number of pupils,NUM,1,,6762389 - Plasyfelin Primary School,6762389,1155,,All pupils,all,3,,Total
155,155,Number of pupils,NUM,1,,6762390 - St James Primary School,6762390,1156,,Eligible for free school meals,fsm,1,,
180,180,Number of pupils,NUM,1,,6762390 - St James Primary School,6762390,1156,,Eligible for free school meals or transitionally protected,fsmtp,2,,
270,270,Number of pupils,NUM,1,,6762390 - St James Primary School,6762390,1156,,All pupils,all,3,,Total
110,110,Number of pupils,NUM,1,,6762391 - St Gwladys Bargoed School,6762391,1157,,Eligible for free school meals,fsm,1,,
135,135,Number of pupils,NUM,1,,6762391 - St Gwladys Bargoed School,6762391,1157,,Eligible for free school meals or transitionally protected,fsmtp,2,,
440,440,Number of pupils,NUM,1,,6762391 - St Gwladys Bargoed School,6762391,1157,,All pupils,all,3,,Total
75,75,Number of pupils,NUM,1,,6762392 - Rhiw syr Dafydd Primary School,6762392,1158,,Eligible for free school meals,fsm,1,,
100,100,Number of pupils,NUM,1,,6762392 - Rhiw syr Dafydd Primary School,6762392,1158,,Eligible for free school meals or transitionally protected,fsmtp,2,,
600,600,Number of pupils,NUM,1,,6762392 - Rhiw syr Dafydd Primary School,6762392,1158,,All pupils,all,3,,Total
40,40,Number of pupils,NUM,1,,6762393 - Ystrad Mynach Primary,6762393,1159,,Eligible for free school meals,fsm,1,,
50,50,Number of pupils,NUM,1,,6762393 - Ystrad Mynach Primary,6762393,1159,,Eligible for free school meals or transitionally protected,fsmtp,2,,
445,445,Number of pupils,NUM,1,,6762393 - Ystrad Mynach Primary,6762393,1159,,All pupils,all,3,,Total
15,15,Number of pupils,NUM,1,,6762394 - Ysgol Gynradd Gymraeg Cwm Derwen,6762394,1160,,Eligible for free school meals,fsm,1,,
25,25,Number of pupils,NUM,1,,6762394 - Ysgol Gynradd Gymraeg Cwm Derwen,6762394,1160,,Eligible for free school meals or transitionally protected,fsmtp,2,,
165,165,Number of pupils,NUM,1,,6762394 - Ysgol Gynradd Gymraeg Cwm Derwen,6762394,1160,,All pupils,all,3,,Total
30,30,Number of pupils,NUM,1,,6762395 - Ysgol Penalltau,6762395,1161,,Eligible for free school meals,fsm,1,,
40,40,Number of pupils,NUM,1,,6762395 - Ysgol Penalltau,6762395,1161,,Eligible for free school meals or transitionally protected,fsmtp,2,,
245,245,Number of pupils,NUM,1,,6762395 - Ysgol Penalltau,6762395,1161,,All pupils,all,3,,Total
30,30,Number of pupils,NUM,1,,6763310 - St Helens RC Primary,6763310,1162,,Eligible for free school meals,fsm,1,,
40,40,Number of pupils,NUM,1,,6763310 - St Helens RC Primary,6763310,1162,,Eligible for free school meals or transitionally protected,fsmtp,2,,
225,225,Number of pupils,NUM,1,,6763310 - St Helens RC Primary,6763310,1162,,All pupils,all,3,,Total
170,170,Number of pupils,NUM,1,,6764031 - Newbridge School,6764031,1163,,Eligible for free school meals,fsm,1,,
215,215,Number of pupils,NUM,1,,6764031 - Newbridge School,6764031,1163,,Eligible for free school meals or transitionally protected,fsmtp,2,,
"1,010",1010,Number of pupils,NUM,1,,6764031 - Newbridge School,6764031,1163,,All pupils,all,3,,Total
195,195,Number of pupils,NUM,1,,6764046 - Blackwood Comprehensive School,6764046,1164,,Eligible for free school meals,fsm,1,,
280,280,Number of pupils,NUM,1,,6764046 - Blackwood Comprehensive School,6764046,1164,,Eligible for free school meals or transitionally protected,fsmtp,2,,
955,955,Number of pupils,NUM,1,,6764046 - Blackwood Comprehensive School,6764046,1164,,All pupils,all,3,,Total
255,255,Number of pupils,NUM,1,,6764065 - St Cenydd School,6764065,1165,,Eligible for free school meals,fsm,1,,
345,345,Number of pupils,NUM,1,,6764065 - St Cenydd School,6764065,1165,,Eligible for free school meals or transitionally protected,fsmtp,2,,
970,970,Number of pupils,NUM,1,,6764065 - St Cenydd School,6764065,1165,,All pupils,all,3,,Total
135,135,Number of pupils,NUM,1,,6764068 - Risca Community Comprehensive,6764068,1166,,Eligible for free school meals,fsm,1,,
190,190,Number of pupils,NUM,1,,6764068 - Risca Community Comprehensive,6764068,1166,,Eligible for free school meals or transitionally protected,fsmtp,2,,
620,620,Number of pupils,NUM,1,,6764068 - Risca Community Comprehensive,6764068,1166,,All pupils,all,3,,Total
165,165,Number of pupils,NUM,1,,6764070 - St Martin's School,6764070,1167,,Eligible for free school meals,fsm,1,,
235,235,Number of pupils,NUM,1,,6764070 - St Martin's School,6764070,1167,,Eligible for free school meals or transitionally protected,fsmtp,2,,
"1,030",1030,Number of pupils,NUM,1,,6764070 - St Martin's School,6764070,1167,,All pupils,all,3,,Total
215,215,Number of pupils,NUM,1,,6764073 - HEOLDDU COMPREHENSIVE SCHOOL,6764073,1168,,Eligible for free school meals,fsm,1,,
270,270,Number of pupils,NUM,1,,6764073 - HEOLDDU COMPREHENSIVE SCHOOL,6764073,1168,,Eligible for free school meals or transitionally protected,fsmtp,2,,
725,725,Number of pupils,NUM,1,,6764073 - HEOLDDU COMPREHENSIVE SCHOOL,6764073,1168,,All pupils,all,3,,Total
135,135,Number of pupils,NUM,1,,6764075 - Lewis School Pengam,6764075,1169,,Eligible for free school meals,fsm,1,,
175,175,Number of pupils,NUM,1,,6764075 - Lewis School Pengam,6764075,1169,,Eligible for free school meals or transitionally protected,fsmtp,2,,
645,645,Number of pupils,NUM,1,,6764075 - Lewis School Pengam,6764075,1169,,All pupils,all,3,,Total
145,145,Number of pupils,NUM,1,,6764077 - Lewis Girls' Comprehensive School,6764077,1170,,Eligible for free school meals,fsm,1,,
195,195,Number of pupils,NUM,1,,6764077 - Lewis Girls' Comprehensive School,6764077,1170,,Eligible for free school meals or transitionally protected,fsmtp,2,,
695,695,Number of pupils,NUM,1,,6764077 - Lewis Girls' Comprehensive School,6764077,1170,,All pupils,all,3,,Total
175,175,Number of pupils,NUM,1,,6764093 - Bedwas High School,6764093,1171,,Eligible for free school meals,fsm,1,,
235,235,Number of pupils,NUM,1,,6764093 - Bedwas High School,6764093,1171,,Eligible for free school meals or transitionally protected,fsmtp,2,,
665,665,Number of pupils,NUM,1,,6764093 - Bedwas High School,6764093,1171,,All pupils,all,3,,Total
200,200,Number of pupils,NUM,1,,6764103 - Ysgol Gyfun Cwm Rhymni,6764103,1172,,Eligible for free school meals,fsm,1,,
305,305,Number of pupils,NUM,1,,6764103 - Ysgol Gyfun Cwm Rhymni,6764103,1172,,Eligible for free school meals or transitionally protected,fsmtp,2,,
"1,785",1785,Number of pupils,NUM,1,,6764103 - Ysgol Gyfun Cwm Rhymni,6764103,1172,,All pupils,all,3,,Total
190,190,Number of pupils,NUM,1,,6764104 - Islwyn High School,6764104,1173,,Eligible for free school meals,fsm,1,,
260,260,Number of pupils,NUM,1,,6764104 - Islwyn High School,6764104,1173,,Eligible for free school meals or transitionally protected,fsmtp,2,,
"1,045",1045,Number of pupils,NUM,1,,6764104 - Islwyn High School,6764104,1173,,All pupils,all,3,,Total
275,275,Number of pupils,NUM,1,,6765500 - Idris Davies School 3 to 18,6765500,1174,,Eligible for free school meals,fsm,1,,
345,345,Number of pupils,NUM,1,,6765500 - Idris Davies School 3 to 18,6765500,1174,,Eligible for free school meals or transitionally protected,fsmtp,2,,
810,810,Number of pupils,NUM,1,,6765500 - Idris Davies School 3 to 18,6765500,1174,,All pupils,all,3,,Total
130,130,Number of pupils,NUM,1,,6767011 - Trinity Fields School,6767011,1175,,Eligible for free school meals,fsm,1,,
145,145,Number of pupils,NUM,1,,6767011 - Trinity Fields School,6767011,1175,,Eligible for free school meals or transitionally protected,fsmtp,2,,
305,305,Number of pupils,NUM,1,,6767011 - Trinity Fields School,6767011,1175,,All pupils,all,3,,Total
45,45,Number of pupils,NUM,1,,6772067 - Bryn Bach Primary School,6772067,1176,,Eligible for free school meals,fsm,1,,
60,60,Number of pupils,NUM,1,,6772067 - Bryn Bach Primary School,6772067,1176,,Eligible for free school meals or transitionally protected,fsmtp,2,,
235,235,Number of pupils,NUM,1,,6772067 - Bryn Bach Primary School,6772067,1176,,All pupils,all,3,,Total
75,75,Number of pupils,NUM,1,,6772070 - Glanhowy Primary School,6772070,1177,,Eligible for free school meals,fsm,1,,
100,100,Number of pupils,NUM,1,,6772070 - Glanhowy Primary School,6772070,1177,,Eligible for free school meals or transitionally protected,fsmtp,2,,
280,280,Number of pupils,NUM,1,,6772070 - Glanhowy Primary School,6772070,1177,,All pupils,all,3,,Total
80,80,Number of pupils,NUM,1,,6772072 - Deighton Junior and Infants,6772072,1178,,Eligible for free school meals,fsm,1,,
100,100,Number of pupils,NUM,1,,6772072 - Deighton Junior and Infants,6772072,1178,,Eligible for free school meals or transitionally protected,fsmtp,2,,
240,240,Number of pupils,NUM,1,,6772072 - Deighton Junior and Infants,6772072,1178,,All pupils,all,3,,Total
50,50,Number of pupils,NUM,1,,6772074 - Georgetown Junior and Infants,6772074,1179,,Eligible for free school meals,fsm,1,,
75,75,Number of pupils,NUM,1,,6772074 - Georgetown Junior and Infants,6772074,1179,,Eligible for free school meals or transitionally protected,fsmtp,2,,
430,430,Number of pupils,NUM,1,,6772074 - Georgetown Junior and Infants,6772074,1179,,All pupils,all,3,,Total
50,50,Number of pupils,NUM,1,,6772179 - SOFRYDD PRIMARY,6772179,1180,,Eligible for free school meals,fsm,1,,
60,60,Number of pupils,NUM,1,,6772179 - SOFRYDD PRIMARY,6772179,1180,,Eligible for free school meals or transitionally protected,fsmtp,2,,
150,150,Number of pupils,NUM,1,,6772179 - SOFRYDD PRIMARY,6772179,1180,,All pupils,all,3,,Total
45,45,Number of pupils,NUM,1,,6772253 - Cwm Primary School,6772253,1181,,Eligible for free school meals,fsm,1,,
60,60,Number of pupils,NUM,1,,6772253 - Cwm Primary School,6772253,1181,,Eligible for free school meals or transitionally protected,fsmtp,2,,
230,230,Number of pupils,NUM,1,,6772253 - Cwm Primary School,6772253,1181,,All pupils,all,3,,Total
35,35,Number of pupils,NUM,1,,6772277 - Beaufort Hill Primary,6772277,1182,,Eligible for free school meals,fsm,1,,
45,45,Number of pupils,NUM,1,,6772277 - Beaufort Hill Primary,6772277,1182,,Eligible for free school meals or transitionally protected,fsmtp,2,,
250,250,Number of pupils,NUM,1,,6772277 - Beaufort Hill Primary,6772277,1182,,All pupils,all,3,,Total
120,120,Number of pupils,NUM,1,,6772278 - Willowtown Primary School,6772278,1183,,Eligible for free school meals,fsm,1,,
140,140,Number of pupils,NUM,1,,6772278 - Willowtown Primary School,6772278,1183,,Eligible for free school meals or transitionally protected,fsmtp,2,,
485,485,Number of pupils,NUM,1,,6772278 - Willowtown Primary School,6772278,1183,,All pupils,all,3,,Total
90,90,Number of pupils,NUM,1,,6772306 - Blaen-y-Cwm Primary School,6772306,1184,,Eligible for free school meals,fsm,1,,
105,105,Number of pupils,NUM,1,,6772306 - Blaen-y-Cwm Primary School,6772306,1184,,Eligible for free school meals or transitionally protected,fsmtp,2,,
275,275,Number of pupils,NUM,1,,6772306 - Blaen-y-Cwm Primary School,6772306,1184,,All pupils,all,3,,Total
50,50,Number of pupils,NUM,1,,6772307 - Ysgol Gymraeg Brohelyg,6772307,1185,,Eligible for free school meals,fsm,1,,
65,65,Number of pupils,NUM,1,,6772307 - Ysgol Gymraeg Brohelyg,6772307,1185,,Eligible for free school meals or transitionally protected,fsmtp,2,,
340,340,Number of pupils,NUM,1,,6772307 - Ysgol Gymraeg Brohelyg,6772307,1185,,All pupils,all,3,,Total
65,65,Number of pupils,NUM,1,,6772309 - GLYNCOED PRIMARY,6772309,1186,,Eligible for free school meals,fsm,1,,
85,85,Number of pupils,NUM,1,,6772309 - GLYNCOED PRIMARY,6772309,1186,,Eligible for free school meals or transitionally protected,fsmtp,2,,
370,370,Number of pupils,NUM,1,,6772309 - GLYNCOED PRIMARY,6772309,1186,,All pupils,all,3,,Total
55,55,Number of pupils,NUM,1,,6772310 - Rhos y Fedwen,6772310,1187,,Eligible for free school meals,fsm,1,,
65,65,Number of pupils,NUM,1,,6772310 - Rhos y Fedwen,6772310,1187,,Eligible for free school meals or transitionally protected,fsmtp,2,,
125,125,Number of pupils,NUM,1,,6772310 - Rhos y Fedwen,6772310,1187,,All pupils,all,3,,Total
60,60,Number of pupils,NUM,1,,6772311 - Ystruth Primary,6772311,1188,,Eligible for free school meals,fsm,1,,
80,80,Number of pupils,NUM,1,,6772311 - Ystruth Primary,6772311,1188,,Eligible for free school meals or transitionally protected,fsmtp,2,,
330,330,Number of pupils,NUM,1,,6772311 - Ystruth Primary,6772311,1188,,All pupils,all,3,,Total
40,40,Number of pupils,NUM,1,,6772312 - St. Illtyd's Primary School,6772312,1189,,Eligible for free school meals,fsm,1,,
55,55,Number of pupils,NUM,1,,6772312 - St. Illtyd's Primary School,6772312,1189,,Eligible for free school meals or transitionally protected,fsmtp,2,,
180,180,Number of pupils,NUM,1,,6772312 - St. Illtyd's Primary School,6772312,1189,,All pupils,all,3,,Total
50,50,Number of pupils,NUM,1,,6772313 - Coed y Garn Primary School,6772313,1190,,Eligible for free school meals,fsm,1,,
65,65,Number of pupils,NUM,1,,6772313 - Coed y Garn Primary School,6772313,1190,,Eligible for free school meals or transitionally protected,fsmtp,2,,
165,165,Number of pupils,NUM,1,,6772313 - Coed y Garn Primary School,6772313,1190,,All pupils,all,3,,Total
45,45,Number of pupils,NUM,1,,6773308 - ST MARY'S ROMAN CATHOLIC,6773308,1191,,Eligible for free school meals,fsm,1,,
60,60,Number of pupils,NUM,1,,6773308 - ST MARY'S ROMAN CATHOLIC,6773308,1191,,Eligible for free school meals or transitionally protected,fsmtp,2,,
200,200,Number of pupils,NUM,1,,6773308 - ST MARY'S ROMAN CATHOLIC,6773308,1191,,All pupils,all,3,,Total
30,30,Number of pupils,NUM,1,,6773309 - St. MARY'S CHURCH SCHOOL,6773309,1192,,Eligible for free school meals,fsm,1,,
45,45,Number of pupils,NUM,1,,6773309 - St. MARY'S CHURCH SCHOOL,6773309,1192,,Eligible for free school meals or transitionally protected,fsmtp,2,,
235,235,Number of pupils,NUM,1,,6773309 - St. MARY'S CHURCH SCHOOL,6773309,1192,,All pupils,all,3,,Total
65,65,Number of pupils,NUM,1,,6773315 - All Saints R.C. Primary School,6773315,1193,,Eligible for free school meals,fsm,1,,
95,95,Number of pupils,NUM,1,,6773315 - All Saints R.C. Primary School,6773315,1193,,Eligible for free school meals or transitionally protected,fsmtp,2,,
210,210,Number of pupils,NUM,1,,6773315 - All Saints R.C. Primary School,6773315,1193,,All pupils,all,3,,Total
25,25,Number of pupils,NUM,1,,6773316 - St. Joseph's R.C. Primary,6773316,1194,,Eligible for free school meals,fsm,1,,
45,45,Number of pupils,NUM,1,,6773316 - St. Joseph's R.C. Primary,6773316,1194,,Eligible for free school meals or transitionally protected,fsmtp,2,,
105,105,Number of pupils,NUM,1,,6773316 - St. Joseph's R.C. Primary,6773316,1194,,All pupils,all,3,,Total
185,185,Number of pupils,NUM,1,,6774061 - Tredegar Comprehensive School,6774061,1195,,Eligible for free school meals,fsm,1,,
250,250,Number of pupils,NUM,1,,6774061 - Tredegar Comprehensive School,6774061,1195,,Eligible for free school meals or transitionally protected,fsmtp,2,,
745,745,Number of pupils,NUM,1,,6774061 - Tredegar Comprehensive School,6774061,1195,,All pupils,all,3,,Total
130,130,Number of pupils,NUM,1,,6775401 - Brynmawr Foundation School,6775401,1196,,Eligible for free school meals,fsm,1,,
190,190,Number of pupils,NUM,1,,6775401 - Brynmawr Foundation School,6775401,1196,,Eligible for free school meals or transitionally protected,fsmtp,2,,
570,570,Number of pupils,NUM,1,,6775401 - Brynmawr Foundation School,6775401,1196,,All pupils,all,3,,Total
305,305,Number of pupils,NUM,1,,6775500 - Ebbw Fawr Learning Community,6775500,1197,,Eligible for free school meals,fsm,1,,
445,445,Number of pupils,NUM,1,,6775500 - Ebbw Fawr Learning Community,6775500,1197,,Eligible for free school meals or transitionally protected,fsmtp,2,,
"1,405",1405,Number of pupils,NUM,1,,6775500 - Ebbw Fawr Learning Community,6775500,1197,,All pupils,all,3,,Total
400,400,Number of pupils,NUM,1,,6775501 - Abertillery Learning Community,6775501,1198,,Eligible for free school meals,fsm,1,,
515,515,Number of pupils,NUM,1,,6775501 - Abertillery Learning Community,6775501,1198,,Eligible for free school meals or transitionally protected,fsmtp,2,,
"1,610",1610,Number of pupils,NUM,1,,6775501 - Abertillery Learning Community,6775501,1198,,All pupils,all,3,,Total
70,70,Number of pupils,NUM,1,,6777011 - Pen-y-Cwm Special School,6777011,1199,,Eligible for free school meals,fsm,1,,
90,90,Number of pupils,NUM,1,,6777011 - Pen-y-Cwm Special School,6777011,1199,,Eligible for free school meals or transitionally protected,fsmtp,2,,
175,175,Number of pupils,NUM,1,,6777011 - Pen-y-Cwm Special School,6777011,1199,,All pupils,all,3,,Total
35,35,Number of pupils,NUM,1,,6777012 - The River Centre 3-16 Learning Community,6777012,1200,,Eligible for free school meals,fsm,1,,
40,40,Number of pupils,NUM,1,,6777012 - The River Centre 3-16 Learning Community,6777012,1200,,Eligible for free school meals or transitionally protected,fsmtp,2,,
60,60,Number of pupils,NUM,1,,6777012 - The River Centre 3-16 Learning Community,6777012,1200,,All pupils,all,3,,Total
30,30,Number of pupils,NUM,1,,6782203 - Llanyrafon Primary School,6782203,1201,,Eligible for free school meals,fsm,1,,
50,50,Number of pupils,NUM,1,,6782203 - Llanyrafon Primary School,6782203,1201,,Eligible for free school meals or transitionally protected,fsmtp,2,,
380,380,Number of pupils,NUM,1,,6782203 - Llanyrafon Primary School,6782203,1201,,All pupils,all,3,,Total
85,85,Number of pupils,NUM,1,,6782204 - Maendy Junior and Infants,6782204,1202,,Eligible for free school meals,fsm,1,,
110,110,Number of pupils,NUM,1,,6782204 - Maendy Junior and Infants,6782204,1202,,Eligible for free school meals or transitionally protected,fsmtp,2,,
250,250,Number of pupils,NUM,1,,6782204 - Maendy Junior and Infants,6782204,1202,,All pupils,all,3,,Total
40,40,Number of pupils,NUM,1,,6782205 - Llantarnam Community Primary School,6782205,1203,,Eligible for free school meals,fsm,1,,
70,70,Number of pupils,NUM,1,,6782205 - Llantarnam Community Primary School,6782205,1203,,Eligible for free school meals or transitionally protected,fsmtp,2,,
370,370,Number of pupils,NUM,1,,6782205 - Llantarnam Community Primary School,6782205,1203,,All pupils,all,3,,Total
90,90,Number of pupils,NUM,1,,6782211 - Pontnewydd Primary & Nursery,6782211,1204,,Eligible for free school meals,fsm,1,,
130,130,Number of pupils,NUM,1,,6782211 - Pontnewydd Primary & Nursery,6782211,1204,,Eligible for free school meals or transitionally protected,fsmtp,2,,
370,370,Number of pupils,NUM,1,,6782211 - Pontnewydd Primary & Nursery,6782211,1204,,All pupils,all,3,,Total
40,40,Number of pupils,NUM,1,,6782249 - Greenmeadow Primary,6782249,1205,,Eligible for free school meals,fsm,1,,
55,55,Number of pupils,NUM,1,,6782249 - Greenmeadow Primary,6782249,1205,,Eligible for free school meals or transitionally protected,fsmtp,2,,
190,190,Number of pupils,NUM,1,,6782249 - Greenmeadow Primary,6782249,1205,,All pupils,all,3,,Total
45,45,Number of pupils,NUM,1,,6782298 - Cwmffrwdoer Primary,6782298,1206,,Eligible for free school meals,fsm,1,,
65,65,Number of pupils,NUM,1,,6782298 - Cwmffrwdoer Primary,6782298,1206,,Eligible for free school meals or transitionally protected,fsmtp,2,,
220,220,Number of pupils,NUM,1,,6782298 - Cwmffrwdoer Primary,6782298,1206,,All pupils,all,3,,Total
115,115,Number of pupils,NUM,1,,6782308 - George Street Primary School,6782308,1207,,Eligible for free school meals,fsm,1,,
140,140,Number of pupils,NUM,1,,6782308 - George Street Primary School,6782308,1207,,Eligible for free school meals or transitionally protected,fsmtp,2,,
410,410,Number of pupils,NUM,1,,6782308 - George Street Primary School,6782308,1207,,All pupils,all,3,,Total
75,75,Number of pupils,NUM,1,,6782312 - Ysgol Gymraeg Cwmbran Primary,6782312,1208,,Eligible for free school meals,fsm,1,,
85,85,Number of pupils,NUM,1,,6782312 - Ysgol Gymraeg Cwmbran Primary,6782312,1208,,Eligible for free school meals or transitionally protected,fsmtp,2,,
290,290,Number of pupils,NUM,1,,6782312 - Ysgol Gymraeg Cwmbran Primary,6782312,1208,,All pupils,all,3,,Total
115,115,Number of pupils,NUM,1,,6782315 - Garnteg Primary,6782315,1209,,Eligible for free school meals,fsm,1,,
165,165,Number of pupils,NUM,1,,6782315 - Garnteg Primary,6782315,1209,,Eligible for free school meals or transitionally protected,fsmtp,2,,
385,385,Number of pupils,NUM,1,,6782315 - Garnteg Primary,6782315,1209,,All pupils,all,3,,Total
30,30,Number of pupils,NUM,1,,6782318 - YSGOL BRYN ONNEN,6782318,1210,,Eligible for free school meals,fsm,1,,
50,50,Number of pupils,NUM,1,,6782318 - YSGOL BRYN ONNEN,6782318,1210,,Eligible for free school meals or transitionally protected,fsmtp,2,,
175,175,Number of pupils,NUM,1,,6782318 - YSGOL BRYN ONNEN,6782318,1210,,All pupils,all,3,,Total
75,75,Number of pupils,NUM,1,,6782319 - Woodlands Community Primary School,6782319,1211,,Eligible for free school meals,fsm,1,,
110,110,Number of pupils,NUM,1,,6782319 - Woodlands Community Primary School,6782319,1211,,Eligible for free school meals or transitionally protected,fsmtp,2,,
325,325,Number of pupils,NUM,1,,6782319 - Woodlands Community Primary School,6782319,1211,,All pupils,all,3,,Total
65,65,Number of pupils,NUM,1,,6782320 - New Inn Primary School,6782320,1212,,Eligible for free school meals,fsm,1,,
85,85,Number of pupils,NUM,1,,6782320 - New Inn Primary School,6782320,1212,,Eligible for free school meals or transitionally protected,fsmtp,2,,
565,565,Number of pupils,NUM,1,,6782320 - New Inn Primary School,6782320,1212,,All pupils,all,3,,Total
60,60,Number of pupils,NUM,1,,6782321 - Griffithstown Primary School,6782321,1213,,Eligible for free school meals,fsm,1,,
90,90,Number of pupils,NUM,1,,6782321 - Griffithstown Primary School,6782321,1213,,Eligible for free school meals or transitionally protected,fsmtp,2,,
380,380,Number of pupils,NUM,1,,6782321 - Griffithstown Primary School,6782321,1213,,All pupils,all,3,,Total
175,175,Number of pupils,NUM,1,,6782322 - Penygarn Community Primary School,6782322,1214,,Eligible for free school meals,fsm,1,,
225,225,Number of pupils,NUM,1,,6782322 - Penygarn Community Primary School,6782322,1214,,Eligible for free school meals or transitionally protected,fsmtp,2,,
370,370,Number of pupils,NUM,1,,6782322 - Penygarn Community Primary School,6782322,1214,,All pupils,all,3,,Total
85,85,Number of pupils,NUM,1,,6782323 - Blenheim Road Community Primary School,6782323,1215,,Eligible for free school meals,fsm,1,,
115,115,Number of pupils,NUM,1,,6782323 - Blenheim Road Community Primary School,6782323,1215,,Eligible for free school meals or transitionally protected,fsmtp,2,,
275,275,Number of pupils,NUM,1,,6782323 - Blenheim Road Community Primary School,6782323,1215,,All pupils,all,3,,Total
90,90,Number of pupils,NUM,1,,6782324 - Coed Eva Primary School,6782324,1216,,Eligible for free school meals,fsm,1,,
135,135,Number of pupils,NUM,1,,6782324 - Coed Eva Primary School,6782324,1216,,Eligible for free school meals or transitionally protected,fsmtp,2,,
460,460,Number of pupils,NUM,1,,6782324 - Coed Eva Primary School,6782324,1216,,All pupils,all,3,,Total
60,60,Number of pupils,NUM,1,,6782325 - Croesyceiliog Primary School,6782325,1217,,Eligible for free school meals,fsm,1,,
80,80,Number of pupils,NUM,1,,6782325 - Croesyceiliog Primary School,6782325,1217,,Eligible for free school meals or transitionally protected,fsmtp,2,,
380,380,Number of pupils,NUM,1,,6782325 - Croesyceiliog Primary School,6782325,1217,,All pupils,all,3,,Total
135,135,Number of pupils,NUM,1,,6782326 - Nant Celyn Primary School,6782326,1218,,Eligible for free school meals,fsm,1,,
180,180,Number of pupils,NUM,1,,6782326 - Nant Celyn Primary School,6782326,1218,,Eligible for free school meals or transitionally protected,fsmtp,2,,
440,440,Number of pupils,NUM,1,,6782326 - Nant Celyn Primary School,6782326,1218,,All pupils,all,3,,Total
45,45,Number of pupils,NUM,1,,6782327 - Ysgol Panteg,6782327,1219,,Eligible for free school meals,fsm,1,,
90,90,Number of pupils,NUM,1,,6782327 - Ysgol Panteg,6782327,1219,,Eligible for free school meals or transitionally protected,fsmtp,2,,
410,410,Number of pupils,NUM,1,,6782327 - Ysgol Panteg,6782327,1219,,All pupils,all,3,,Total
115,115,Number of pupils,NUM,1,,6783028 - Blaenavon Heritage VC Primary School,6783028,1220,,Eligible for free school meals,fsm,1,,
180,180,Number of pupils,NUM,1,,6783028 - Blaenavon Heritage VC Primary School,6783028,1220,,Eligible for free school meals or transitionally protected,fsmtp,2,,
470,470,Number of pupils,NUM,1,,6783028 - Blaenavon Heritage VC Primary School,6783028,1220,,All pupils,all,3,,Total
25,25,Number of pupils,NUM,1,,6783321 - Cwmbran R.C. Jnr. & Infts.,6783321,1221,,Eligible for free school meals,fsm,1,,
45,45,Number of pupils,NUM,1,,6783321 - Cwmbran R.C. Jnr. & Infts.,6783321,1221,,Eligible for free school meals or transitionally protected,fsmtp,2,,
210,210,Number of pupils,NUM,1,,6783321 - Cwmbran R.C. Jnr. & Infts.,6783321,1221,,All pupils,all,3,,Total
40,40,Number of pupils,NUM,1,,6783324 - St. Davids Cwmbran R.C. School,6783324,1222,,Eligible for free school meals,fsm,1,,
55,55,Number of pupils,NUM,1,,6783324 - St. Davids Cwmbran R.C. School,6783324,1222,,Eligible for free school meals or transitionally protected,fsmtp,2,,
230,230,Number of pupils,NUM,1,,6783324 - St. Davids Cwmbran R.C. School,6783324,1222,,All pupils,all,3,,Total
10,10,Number of pupils,NUM,1,,6783330 - Henllys Church in Wales,6783330,1223,,Eligible for free school meals,fsm,1,,
20,20,Number of pupils,NUM,1,,6783330 - Henllys Church in Wales,6783330,1223,,Eligible for free school meals or transitionally protected,fsmtp,2,,
170,170,Number of pupils,NUM,1,,6783330 - Henllys Church in Wales,6783330,1223,,All pupils,all,3,,Total
40,40,Number of pupils,NUM,1,,6783331 - Padre Pio RC Primary School,6783331,1224,,Eligible for free school meals,fsm,1,,
55,55,Number of pupils,NUM,1,,6783331 - Padre Pio RC Primary School,6783331,1224,,Eligible for free school meals or transitionally protected,fsmtp,2,,
185,185,Number of pupils,NUM,1,,6783331 - Padre Pio RC Primary School,6783331,1224,,All pupils,all,3,,Total
,,Number of pupils,NUM,1,,6783332 - PONTHIR CHURCH IN WALES SCHOOL,6783332,1225,,Eligible for free school meals,fsm,1,,Confidential
,,Number of pupils,NUM,1,,6783332 - PONTHIR CHURCH IN WALES SCHOOL,6783332,1225,,Eligible for free school meals or transitionally protected,fsmtp,2,,Confidential
100,100,Number of pupils,NUM,1,,6783332 - PONTHIR CHURCH IN WALES SCHOOL,6783332,1225,,All pupils,all,3,,Total
220,220,Number of pupils,NUM,1,,6784051 - Croesyceiliog School,6784051,1226,,Eligible for free school meals,fsm,1,,
360,360,Number of pupils,NUM,1,,6784051 - Croesyceiliog School,6784051,1226,,Eligible for free school meals or transitionally protected,fsmtp,2,,
"1,185",1185,Number of pupils,NUM,1,,6784051 - Croesyceiliog School,6784051,1226,,All pupils,all,3,,Total
220,220,Number of pupils,NUM,1,,6784070 - Abersychan Comprehensive,6784070,1227,,Eligible for free school meals,fsm,1,,
320,320,Number of pupils,NUM,1,,6784070 - Abersychan Comprehensive,6784070,1227,,Eligible for free school meals or transitionally protected,fsmtp,2,,
740,740,Number of pupils,NUM,1,,6784070 - Abersychan Comprehensive,6784070,1227,,All pupils,all,3,,Total
270,270,Number of pupils,NUM,1,,6784072 - West Monmouth School,6784072,1228,,Eligible for free school meals,fsm,1,,
370,370,Number of pupils,NUM,1,,6784072 - West Monmouth School,6784072,1228,,Eligible for free school meals or transitionally protected,fsmtp,2,,
"1,150",1150,Number of pupils,NUM,1,,6784072 - West Monmouth School,6784072,1228,,All pupils,all,3,,Total
325,325,Number of pupils,NUM,1,,6784076 - Cwmbran High School,6784076,1229,,Eligible for free school meals,fsm,1,,
465,465,Number of pupils,NUM,1,,6784076 - Cwmbran High School,6784076,1229,,Eligible for free school meals or transitionally protected,fsmtp,2,,
"1,145",1145,Number of pupils,NUM,1,,6784076 - Cwmbran High School,6784076,1229,,All pupils,all,3,,Total
120,120,Number of pupils,NUM,1,,6784603 - St. Albans R.C. High School,6784603,1230,,Eligible for free school meals,fsm,1,,
155,155,Number of pupils,NUM,1,,6784603 - St. Albans R.C. High School,6784603,1230,,Eligible for free school meals or transitionally protected,fsmtp,2,,
825,825,Number of pupils,NUM,1,,6784603 - St. Albans R.C. High School,6784603,1230,,All pupils,all,3,,Total
125,125,Number of pupils,NUM,1,,6785500 - Ysgol Gymraeg Gwynllyw,6785500,1231,,Eligible for free school meals,fsm,1,,
195,195,Number of pupils,NUM,1,,6785500 - Ysgol Gymraeg Gwynllyw,6785500,1231,,Eligible for free school meals or transitionally protected,fsmtp,2,,
810,810,Number of pupils,NUM,1,,6785500 - Ysgol Gymraeg Gwynllyw,6785500,1231,,All pupils,all,3,,Total
55,55,Number of pupils,NUM,1,,6787012 - Crownbridge Special School,6787012,1232,,Eligible for free school meals,fsm,1,,
70,70,Number of pupils,NUM,1,,6787012 - Crownbridge Special School,6787012,1232,,Eligible for free school meals or transitionally protected,fsmtp,2,,
140,140,Number of pupils,NUM,1,,6787012 - Crownbridge Special School,6787012,1232,,All pupils,all,3,,Total
20,20,Number of pupils,NUM,1,,6792057 - Gilwern Primary School,6792057,1233,,Eligible for free school meals,fsm,1,,
25,25,Number of pupils,NUM,1,,6792057 - Gilwern Primary School,6792057,1233,,Eligible for free school meals or transitionally protected,fsmtp,2,,
215,215,Number of pupils,NUM,1,,6792057 - Gilwern Primary School,6792057,1233,,All pupils,all,3,,Total
5,5,Number of pupils,NUM,1,,6792134 - Goytre Fawr Primary,6792134,1234,,Eligible for free school meals,fsm,1,,
15,15,Number of pupils,NUM,1,,6792134 - Goytre Fawr Primary,6792134,1234,,Eligible for free school meals or transitionally protected,fsmtp,2,,
180,180,Number of pupils,NUM,1,,6792134 - Goytre Fawr Primary,6792134,1234,,All pupils,all,3,,Total
15,15,Number of pupils,NUM,1,,6792163 - Undy Primary School,6792163,1235,,Eligible for free school meals,fsm,1,,
30,30,Number of pupils,NUM,1,,6792163 - Undy Primary School,6792163,1235,,Eligible for free school meals or transitionally protected,fsmtp,2,,
415,415,Number of pupils,NUM,1,,6792163 - Undy Primary School,6792163,1235,,All pupils,all,3,,Total
20,20,Number of pupils,NUM,1,,6792164 - ROGIET COUNTY PRIMARY,6792164,1236,,Eligible for free school meals,fsm,1,,
30,30,Number of pupils,NUM,1,,6792164 - ROGIET COUNTY PRIMARY,6792164,1236,,Eligible for free school meals or transitionally protected,fsmtp,2,,
200,200,Number of pupils,NUM,1,,6792164 - ROGIET COUNTY PRIMARY,6792164,1236,,All pupils,all,3,,Total
40,40,Number of pupils,NUM,1,,6792228 - Pembroke Primary,6792228,1237,,Eligible for free school meals,fsm,1,,
60,60,Number of pupils,NUM,1,,6792228 - Pembroke Primary,6792228,1237,,Eligible for free school meals or transitionally protected,fsmtp,2,,
260,260,Number of pupils,NUM,1,,6792228 - Pembroke Primary,6792228,1237,,All pupils,all,3,,Total
,,Number of pupils,NUM,1,,6792243 - LLANVIHANGEL CRUCORNEY COUNTY PRIMARY SCHOOL,6792243,1238,,Eligible for free school meals,fsm,1,,Confidential
,,Number of pupils,NUM,1,,6792243 - LLANVIHANGEL CRUCORNEY COUNTY PRIMARY SCHOOL,6792243,1238,,Eligible for free school meals or transitionally protected,fsmtp,2,,Confidential
65,65,Number of pupils,NUM,1,,6792243 - LLANVIHANGEL CRUCORNEY COUNTY PRIMARY SCHOOL,6792243,1238,,All pupils,all,3,,Total
50,50,Number of pupils,NUM,1,,6792246 - Thornwell Primary School,6792246,1239,,Eligible for free school meals,fsm,1,,
65,65,Number of pupils,NUM,1,,6792246 - Thornwell Primary School,6792246,1239,,Eligible for free school meals or transitionally protected,fsmtp,2,,
255,255,Number of pupils,NUM,1,,6792246 - Thornwell Primary School,6792246,1239,,All pupils,all,3,,Total
30,30,Number of pupils,NUM,1,,6792261 - Durand Primary School,6792261,1240,,Eligible for free school meals,fsm,1,,
50,50,Number of pupils,NUM,1,,6792261 - Durand Primary School,6792261,1240,,Eligible for free school meals or transitionally protected,fsmtp,2,,
230,230,Number of pupils,NUM,1,,6792261 - Durand Primary School,6792261,1240,,All pupils,all,3,,Total
5,5,Number of pupils,NUM,1,,6792263 - Llandogo Primary,6792263,1241,,Eligible for free school meals,fsm,1,,
10,10,Number of pupils,NUM,1,,6792263 - Llandogo Primary,6792263,1241,,Eligible for free school meals or transitionally protected,fsmtp,2,,
65,65,Number of pupils,NUM,1,,6792263 - Llandogo Primary,6792263,1241,,All pupils,all,3,,Total
5,5,Number of pupils,NUM,1,,6792299 - Shirenewton Primary School,6792299,1242,,Eligible for free school meals,fsm,1,,
10,10,Number of pupils,NUM,1,,6792299 - Shirenewton Primary School,6792299,1242,,Eligible for free school meals or transitionally protected,fsmtp,2,,
195,195,Number of pupils,NUM,1,,6792299 - Shirenewton Primary School,6792299,1242,,All pupils,all,3,,Total
5,5,Number of pupils,NUM,1,,6792301 - Trellech Junior & Infants,6792301,1243,,Eligible for free school meals,fsm,1,,
10,10,Number of pupils,NUM,1,,6792301 - Trellech Junior & Infants,6792301,1243,,Eligible for free school meals or transitionally protected,fsmtp,2,,
170,170,Number of pupils,NUM,1,,6792301 - Trellech Junior & Infants,6792301,1243,,All pupils,all,3,,Total
10,10,Number of pupils,NUM,1,,6792303 - The Dell Primary,6792303,1244,,Eligible for free school meals,fsm,1,,
30,30,Number of pupils,NUM,1,,6792303 - The Dell Primary,6792303,1244,,Eligible for free school meals or transitionally protected,fsmtp,2,,
400,400,Number of pupils,NUM,1,,6792303 - The Dell Primary,6792303,1244,,All pupils,all,3,,Total
55,55,Number of pupils,NUM,1,,6792304 - Overmonnow Primary School,6792304,1245,,Eligible for free school meals,fsm,1,,
90,90,Number of pupils,NUM,1,,6792304 - Overmonnow Primary School,6792304,1245,,Eligible for free school meals or transitionally protected,fsmtp,2,,
335,335,Number of pupils,NUM,1,,6792304 - Overmonnow Primary School,6792304,1245,,All pupils,all,3,,Total
10,10,Number of pupils,NUM,1,,6792305 - Cross Ash County Primary School,6792305,1246,,Eligible for free school meals,fsm,1,,
15,15,Number of pupils,NUM,1,,6792305 - Cross Ash County Primary School,6792305,1246,,Eligible for free school meals or transitionally protected,fsmtp,2,,
165,165,Number of pupils,NUM,1,,6792305 - Cross Ash County Primary School,6792305,1246,,All pupils,all,3,,Total
25,25,Number of pupils,NUM,1,,6792317 - Ysgol Gymraeg Y Fenni,6792317,1247,,Eligible for free school meals,fsm,1,,
35,35,Number of pupils,NUM,1,,6792317 - Ysgol Gymraeg Y Fenni,6792317,1247,,Eligible for free school meals or transitionally protected,fsmtp,2,,
270,270,Number of pupils,NUM,1,,6792317 - Ysgol Gymraeg Y Fenni,6792317,1247,,All pupils,all,3,,Total
25,25,Number of pupils,NUM,1,,6792318 - YSGOL GYMRAEG Y FFIN,6792318,1248,,Eligible for free school meals,fsm,1,,
30,30,Number of pupils,NUM,1,,6792318 - YSGOL GYMRAEG Y FFIN,6792318,1248,,Eligible for free school meals or transitionally protected,fsmtp,2,,
155,155,Number of pupils,NUM,1,,6792318 - YSGOL GYMRAEG Y FFIN,6792318,1248,,All pupils,all,3,,Total
15,15,Number of pupils,NUM,1,,6792319 - Cantref Primary,6792319,1249,,Eligible for free school meals,fsm,1,,
20,20,Number of pupils,NUM,1,,6792319 - Cantref Primary,6792319,1249,,Eligible for free school meals or transitionally protected,fsmtp,2,,
235,235,Number of pupils,NUM,1,,6792319 - Cantref Primary,6792319,1249,,All pupils,all,3,,Total
35,35,Number of pupils,NUM,1,,6792321 - KYMIN VIEW PRIMARY SCHOOL,6792321,1250,,Eligible for free school meals,fsm,1,,
45,45,Number of pupils,NUM,1,,6792321 - KYMIN VIEW PRIMARY SCHOOL,6792321,1250,,Eligible for free school meals or transitionally protected,fsmtp,2,,
145,145,Number of pupils,NUM,1,,6792321 - KYMIN VIEW PRIMARY SCHOOL,6792321,1250,,All pupils,all,3,,Total
30,30,Number of pupils,NUM,1,,6792322 - Castle Park Primary School,6792322,1251,,Eligible for free school meals,fsm,1,,
40,40,Number of pupils,NUM,1,,6792322 - Castle Park Primary School,6792322,1251,,Eligible for free school meals or transitionally protected,fsmtp,2,,
185,185,Number of pupils,NUM,1,,6792322 - Castle Park Primary School,6792322,1251,,All pupils,all,3,,Total
30,30,Number of pupils,NUM,1,,6792323 - Llanfoist Fawr Primary,6792323,1252,,Eligible for free school meals,fsm,1,,
40,40,Number of pupils,NUM,1,,6792323 - Llanfoist Fawr Primary,6792323,1252,,Eligible for free school meals or transitionally protected,fsmtp,2,,
210,210,Number of pupils,NUM,1,,6792323 - Llanfoist Fawr Primary,6792323,1252,,All pupils,all,3,,Total
35,35,Number of pupils,NUM,1,,6792324 - Dewstow,6792324,1253,,Eligible for free school meals,fsm,1,,
60,60,Number of pupils,NUM,1,,6792324 - Dewstow,6792324,1253,,Eligible for free school meals or transitionally protected,fsmtp,2,,
205,205,Number of pupils,NUM,1,,6792324 - Dewstow,6792324,1253,,All pupils,all,3,,Total
,,Number of pupils,NUM,1,,6792325 - Ysgol Gymraeg Trefynwy,6792325,1254,,Eligible for free school meals,fsm,1,,Confidential
,,Number of pupils,NUM,1,,6792325 - Ysgol Gymraeg Trefynwy,6792325,1254,,Eligible for free school meals or transitionally protected,fsmtp,2,,Confidential
20,20,Number of pupils,NUM,1,,6792325 - Ysgol Gymraeg Trefynwy,6792325,1254,,All pupils,all,3,,Total
30,30,Number of pupils,NUM,1,,6793004 - Llantilio Pertholey CV Primary,6793004,1255,,Eligible for free school meals,fsm,1,,
45,45,Number of pupils,NUM,1,,6793004 - Llantilio Pertholey CV Primary,6793004,1255,,Eligible for free school meals or transitionally protected,fsmtp,2,,
205,205,Number of pupils,NUM,1,,6793004 - Llantilio Pertholey CV Primary,6793004,1255,,All pupils,all,3,,Total
10,10,Number of pupils,NUM,1,,6793022 - Usk Primary School,6793022,1256,,Eligible for free school meals,fsm,1,,
20,20,Number of pupils,NUM,1,,6793022 - Usk Primary School,6793022,1256,,Eligible for free school meals or transitionally protected,fsmtp,2,,
260,260,Number of pupils,NUM,1,,6793022 - Usk Primary School,6793022,1256,,All pupils,all,3,,Total
5,5,Number of pupils,NUM,1,,6793031 - Raglan Primary,6793031,1257,,Eligible for free school meals,fsm,1,,
10,10,Number of pupils,NUM,1,,6793031 - Raglan Primary,6793031,1257,,Eligible for free school meals or transitionally protected,fsmtp,2,,
165,165,Number of pupils,NUM,1,,6793031 - Raglan Primary,6793031,1257,,All pupils,all,3,,Total
10,10,Number of pupils,NUM,1,,6793032 - Osbaston Church in Wales School,6793032,1258,,Eligible for free school meals,fsm,1,,
15,15,Number of pupils,NUM,1,,6793032 - Osbaston Church in Wales School,6793032,1258,,Eligible for free school meals or transitionally protected,fsmtp,2,,
195,195,Number of pupils,NUM,1,,6793032 - Osbaston Church in Wales School,6793032,1258,,All pupils,all,3,,Total
25,25,Number of pupils,NUM,1,,6793310 - Magor V A Primary School,6793310,1259,,Eligible for free school meals,fsm,1,,
40,40,Number of pupils,NUM,1,,6793310 - Magor V A Primary School,6793310,1259,,Eligible for free school meals or transitionally protected,fsmtp,2,,
290,290,Number of pupils,NUM,1,,6793310 - Magor V A Primary School,6793310,1259,,All pupils,all,3,,Total
30,30,Number of pupils,NUM,1,,6793317 - Our Lady & St Michael's RC,6793317,1260,,Eligible for free school meals,fsm,1,,
40,40,Number of pupils,NUM,1,,6793317 - Our Lady & St Michael's RC,6793317,1260,,Eligible for free school meals or transitionally protected,fsmtp,2,,
205,205,Number of pupils,NUM,1,,6793317 - Our Lady & St Michael's RC,6793317,1260,,All pupils,all,3,,Total
20,20,Number of pupils,NUM,1,,6793326 - ST MARY'S R.C.P.SCHOOL,6793326,1261,,Eligible for free school meals,fsm,1,,
25,25,Number of pupils,NUM,1,,6793326 - ST MARY'S R.C.P.SCHOOL,6793326,1261,,Eligible for free school meals or transitionally protected,fsmtp,2,,
115,115,Number of pupils,NUM,1,,6793326 - ST MARY'S R.C.P.SCHOOL,6793326,1261,,All pupils,all,3,,Total
15,15,Number of pupils,NUM,1,,6793327 - ARCHBISHOP ROWAN WILLIAMS VA,6793327,1262,,Eligible for free school meals,fsm,1,,
25,25,Number of pupils,NUM,1,,6793327 - ARCHBISHOP ROWAN WILLIAMS VA,6793327,1262,,Eligible for free school meals or transitionally protected,fsmtp,2,,
210,210,Number of pupils,NUM,1,,6793327 - ARCHBISHOP ROWAN WILLIAMS VA,6793327,1262,,All pupils,all,3,,Total
160,160,Number of pupils,NUM,1,,6794060 - Monmouth Comprehensive School,6794060,1263,,Eligible for free school meals,fsm,1,,
245,245,Number of pupils,NUM,1,,6794060 - Monmouth Comprehensive School,6794060,1263,,Eligible for free school meals or transitionally protected,fsmtp,2,,
"1,695",1695,Number of pupils,NUM,1,,6794060 - Monmouth Comprehensive School,6794060,1263,,All pupils,all,3,,Total
85,85,Number of pupils,NUM,1,,6794065 - Chepstow Comprehensive School,6794065,1264,,Eligible for free school meals,fsm,1,,
125,125,Number of pupils,NUM,1,,6794065 - Chepstow Comprehensive School,6794065,1264,,Eligible for free school meals or transitionally protected,fsmtp,2,,
860,860,Number of pupils,NUM,1,,6794065 - Chepstow Comprehensive School,6794065,1264,,All pupils,all,3,,Total
135,135,Number of pupils,NUM,1,,6794066 - Caldicot School,6794066,1265,,Eligible for free school meals,fsm,1,,
235,235,Number of pupils,NUM,1,,6794066 - Caldicot School,6794066,1265,,Eligible for free school meals or transitionally protected,fsmtp,2,,
"1,245",1245,Number of pupils,NUM,1,,6794066 - Caldicot School,6794066,1265,,All pupils,all,3,,Total
235,235,Number of pupils,NUM,1,,6795500 - King Henry VIII 319,6795500,1266,,Eligible for free school meals,fsm,1,,
335,335,Number of pupils,NUM,1,,6795500 - King Henry VIII 319,6795500,1266,,Eligible for free school meals or transitionally protected,fsmtp,2,,
"1,310",1310,Number of pupils,NUM,1,,6795500 - King Henry VIII 319,6795500,1266,,All pupils,all,3,,Total
0,0,Number of pupils,NUM,1,,6801019 - Newport Nursery School,6801019,1267,,Eligible for free school meals,fsm,1,,
0,0,Number of pupils,NUM,1,,6801019 - Newport Nursery School,6801019,1267,,Eligible for free school meals or transitionally protected,fsmtp,2,,
70,70,Number of pupils,NUM,1,,6801019 - Newport Nursery School,6801019,1267,,All pupils,all,3,,Total
10,10,Number of pupils,NUM,1,,6802003 - Clytha Primary School,6802003,1268,,Eligible for free school meals,fsm,1,,
15,15,Number of pupils,NUM,1,,6802003 - Clytha Primary School,6802003,1268,,Eligible for free school meals or transitionally protected,fsmtp,2,,
240,240,Number of pupils,NUM,1,,6802003 - Clytha Primary School,6802003,1268,,All pupils,all,3,,Total
130,130,Number of pupils,NUM,1,,6802004 - Crindau Primary School,6802004,1269,,Eligible for free school meals,fsm,1,,
170,170,Number of pupils,NUM,1,,6802004 - Crindau Primary School,6802004,1269,,Eligible for free school meals or transitionally protected,fsmtp,2,,
365,365,Number of pupils,NUM,1,,6802004 - Crindau Primary School,6802004,1269,,All pupils,all,3,,Total
65,65,Number of pupils,NUM,1,,6802009 - Eveswell Primary School,6802009,1270,,Eligible for free school meals,fsm,1,,
85,85,Number of pupils,NUM,1,,6802009 - Eveswell Primary School,6802009,1270,,Eligible for free school meals or transitionally protected,fsmtp,2,,
485,485,Number of pupils,NUM,1,,6802009 - Eveswell Primary School,6802009,1270,,All pupils,all,3,,Total
110,110,Number of pupils,NUM,1,,6802017 - Maesglas Primary & Nursery,6802017,1271,,Eligible for free school meals,fsm,1,,
145,145,Number of pupils,NUM,1,,6802017 - Maesglas Primary & Nursery,6802017,1271,,Eligible for free school meals or transitionally protected,fsmtp,2,,
295,295,Number of pupils,NUM,1,,6802017 - Maesglas Primary & Nursery,6802017,1271,,All pupils,all,3,,Total
125,125,Number of pupils,NUM,1,,6802019 - Maindee Primary,6802019,1272,,Eligible for free school meals,fsm,1,,
170,170,Number of pupils,NUM,1,,6802019 - Maindee Primary,6802019,1272,,Eligible for free school meals or transitionally protected,fsmtp,2,,
540,540,Number of pupils,NUM,1,,6802019 - Maindee Primary,6802019,1272,,All pupils,all,3,,Total
70,70,Number of pupils,NUM,1,,6802022 - Malpas Court Primary,6802022,1273,,Eligible for free school meals,fsm,1,,
100,100,Number of pupils,NUM,1,,6802022 - Malpas Court Primary,6802022,1273,,Eligible for free school meals or transitionally protected,fsmtp,2,,
230,230,Number of pupils,NUM,1,,6802022 - Malpas Court Primary,6802022,1273,,All pupils,all,3,,Total
70,70,Number of pupils,NUM,1,,6802027 - St. Woolos Primary,6802027,1274,,Eligible for free school meals,fsm,1,,
85,85,Number of pupils,NUM,1,,6802027 - St. Woolos Primary,6802027,1274,,Eligible for free school meals or transitionally protected,fsmtp,2,,
350,350,Number of pupils,NUM,1,,6802027 - St. Woolos Primary,6802027,1274,,All pupils,all,3,,Total
60,60,Number of pupils,NUM,1,,6802030 - Somerton Primary,6802030,1275,,Eligible for free school meals,fsm,1,,
70,70,Number of pupils,NUM,1,,6802030 - Somerton Primary,6802030,1275,,Eligible for free school meals or transitionally protected,fsmtp,2,,
180,180,Number of pupils,NUM,1,,6802030 - Somerton Primary,6802030,1275,,All pupils,all,3,,Total
,,Number of pupils,NUM,1,,6802039 - Glasllwch Primary School,6802039,1276,,Eligible for free school meals,fsm,1,,Confidential
5,5,Number of pupils,NUM,1,,6802039 - Glasllwch Primary School,6802039,1276,,Eligible for free school meals or transitionally protected,fsmtp,2,,
230,230,Number of pupils,NUM,1,,6802039 - Glasllwch Primary School,6802039,1276,,All pupils,all,3,,Total
25,25,Number of pupils,NUM,1,,6802043 - Malpas Park Jnr & Infts.,6802043,1277,,Eligible for free school meals,fsm,1,,
35,35,Number of pupils,NUM,1,,6802043 - Malpas Park Jnr & Infts.,6802043,1277,,Eligible for free school meals or transitionally protected,fsmtp,2,,
240,240,Number of pupils,NUM,1,,6802043 - Malpas Park Jnr & Infts.,6802043,1277,,All pupils,all,3,,Total
5,5,Number of pupils,NUM,1,,6802209 - Langstone Primary School,6802209,1278,,Eligible for free school meals,fsm,1,,
15,15,Number of pupils,NUM,1,,6802209 - Langstone Primary School,6802209,1278,,Eligible for free school meals or transitionally protected,fsmtp,2,,
345,345,Number of pupils,NUM,1,,6802209 - Langstone Primary School,6802209,1278,,All pupils,all,3,,Total
35,35,Number of pupils,NUM,1,,6802224 - Llanmartin Junior & Infants,6802224,1279,,Eligible for free school meals,fsm,1,,
45,45,Number of pupils,NUM,1,,6802224 - Llanmartin Junior & Infants,6802224,1279,,Eligible for free school meals or transitionally protected,fsmtp,2,,
120,120,Number of pupils,NUM,1,,6802224 - Llanmartin Junior & Infants,6802224,1279,,All pupils,all,3,,Total
15,15,Number of pupils,NUM,1,,6802236 - Marshfield Primary School,6802236,1280,,Eligible for free school meals,fsm,1,,
25,25,Number of pupils,NUM,1,,6802236 - Marshfield Primary School,6802236,1280,,Eligible for free school meals or transitionally protected,fsmtp,2,,
445,445,Number of pupils,NUM,1,,6802236 - Marshfield Primary School,6802236,1280,,All pupils,all,3,,Total
5,5,Number of pupils,NUM,1,,6802258 - Mount Pleasant Primary,6802258,1281,,Eligible for free school meals,fsm,1,,
10,10,Number of pupils,NUM,1,,6802258 - Mount Pleasant Primary,6802258,1281,,Eligible for free school meals or transitionally protected,fsmtp,2,,
265,265,Number of pupils,NUM,1,,6802258 - Mount Pleasant Primary,6802258,1281,,All pupils,all,3,,Total
50,50,Number of pupils,NUM,1,,6802276 - Rogerstone Primary,6802276,1282,,Eligible for free school meals,fsm,1,,
70,70,Number of pupils,NUM,1,,6802276 - Rogerstone Primary,6802276,1282,,Eligible for free school meals or transitionally protected,fsmtp,2,,
475,475,Number of pupils,NUM,1,,6802276 - Rogerstone Primary,6802276,1282,,All pupils,all,3,,Total
20,20,Number of pupils,NUM,1,,6802295 - HIGH CROSS PRIMARY SCHOOL,6802295,1283,,Eligible for free school meals,fsm,1,,
40,40,Number of pupils,NUM,1,,6802295 - HIGH CROSS PRIMARY SCHOOL,6802295,1283,,Eligible for free school meals or transitionally protected,fsmtp,2,,
255,255,Number of pupils,NUM,1,,6802295 - HIGH CROSS PRIMARY SCHOOL,6802295,1283,,All pupils,all,3,,Total
10,10,Number of pupils,NUM,1,,6802300 - Pentrepoeth Primary,6802300,1284,,Eligible for free school meals,fsm,1,,
25,25,Number of pupils,NUM,1,,6802300 - Pentrepoeth Primary,6802300,1284,,Eligible for free school meals or transitionally protected,fsmtp,2,,
455,455,Number of pupils,NUM,1,,6802300 - Pentrepoeth Primary,6802300,1284,,All pupils,all,3,,Total
205,205,Number of pupils,NUM,1,,6802302 - Pillgwenlly Primary School,6802302,1285,,Eligible for free school meals,fsm,1,,
250,250,Number of pupils,NUM,1,,6802302 - Pillgwenlly Primary School,6802302,1285,,Eligible for free school meals or transitionally protected,fsmtp,2,,
655,655,Number of pupils,NUM,1,,6802302 - Pillgwenlly Primary School,6802302,1285,,All pupils,all,3,,Total
65,65,Number of pupils,NUM,1,,6802314 - Ysgol Gymraeg Casnewydd,6802314,1286,,Eligible for free school meals,fsm,1,,
90,90,Number of pupils,NUM,1,,6802314 - Ysgol Gymraeg Casnewydd,6802314,1286,,Eligible for free school meals or transitionally protected,fsmtp,2,,
355,355,Number of pupils,NUM,1,,6802314 - Ysgol Gymraeg Casnewydd,6802314,1286,,All pupils,all,3,,Total
160,160,Number of pupils,NUM,1,,6802315 - Alway Primary School,6802315,1287,,Eligible for free school meals,fsm,1,,
210,210,Number of pupils,NUM,1,,6802315 - Alway Primary School,6802315,1287,,Eligible for free school meals or transitionally protected,fsmtp,2,,
395,395,Number of pupils,NUM,1,,6802315 - Alway Primary School,6802315,1287,,All pupils,all,3,,Total
80,80,Number of pupils,NUM,1,,6802316 - RINGLAND PRIMARY,6802316,1288,,Eligible for free school meals,fsm,1,,
100,100,Number of pupils,NUM,1,,6802316 - RINGLAND PRIMARY,6802316,1288,,Eligible for free school meals or transitionally protected,fsmtp,2,,
210,210,Number of pupils,NUM,1,,6802316 - RINGLAND PRIMARY,6802316,1288,,All pupils,all,3,,Total
60,60,Number of pupils,NUM,1,,6802317 - Millbrook Primary,6802317,1289,,Eligible for free school meals,fsm,1,,
105,105,Number of pupils,NUM,1,,6802317 - Millbrook Primary,6802317,1289,,Eligible for free school meals or transitionally protected,fsmtp,2,,
265,265,Number of pupils,NUM,1,,6802317 - Millbrook Primary,6802317,1289,,All pupils,all,3,,Total
170,170,Number of pupils,NUM,1,,6802318 - Monnow Primary,6802318,1290,,Eligible for free school meals,fsm,1,,
200,200,Number of pupils,NUM,1,,6802318 - Monnow Primary,6802318,1290,,Eligible for free school meals or transitionally protected,fsmtp,2,,
385,385,Number of pupils,NUM,1,,6802318 - Monnow Primary,6802318,1290,,All pupils,all,3,,Total
90,90,Number of pupils,NUM,1,,6802319 - Glan Usk Primary,6802319,1291,,Eligible for free school meals,fsm,1,,
130,130,Number of pupils,NUM,1,,6802319 - Glan Usk Primary,6802319,1291,,Eligible for free school meals or transitionally protected,fsmtp,2,,
680,680,Number of pupils,NUM,1,,6802319 - Glan Usk Primary,6802319,1291,,All pupils,all,3,,Total
35,35,Number of pupils,NUM,1,,6802320 - Ysgol Gymraeg Ifor Hael,6802320,1292,,Eligible for free school meals,fsm,1,,
50,50,Number of pupils,NUM,1,,6802320 - Ysgol Gymraeg Ifor Hael,6802320,1292,,Eligible for free school meals or transitionally protected,fsmtp,2,,
195,195,Number of pupils,NUM,1,,6802320 - Ysgol Gymraeg Ifor Hael,6802320,1292,,All pupils,all,3,,Total
170,170,Number of pupils,NUM,1,,6802321 - Lliswerry Primary School,6802321,1293,,Eligible for free school meals,fsm,1,,
215,215,Number of pupils,NUM,1,,6802321 - Lliswerry Primary School,6802321,1293,,Eligible for free school meals or transitionally protected,fsmtp,2,,
620,620,Number of pupils,NUM,1,,6802321 - Lliswerry Primary School,6802321,1293,,All pupils,all,3,,Total
145,145,Number of pupils,NUM,1,,6802322 - St. Julians Primary School,6802322,1294,,Eligible for free school meals,fsm,1,,
200,200,Number of pupils,NUM,1,,6802322 - St. Julians Primary School,6802322,1294,,Eligible for free school meals or transitionally protected,fsmtp,2,,
700,700,Number of pupils,NUM,1,,6802322 - St. Julians Primary School,6802322,1294,,All pupils,all,3,,Total
20,20,Number of pupils,NUM,1,,6802323 - Ysgol Gymraeg Bro Teyrnon,6802323,1295,,Eligible for free school meals,fsm,1,,
30,30,Number of pupils,NUM,1,,6802323 - Ysgol Gymraeg Bro Teyrnon,6802323,1295,,Eligible for free school meals or transitionally protected,fsmtp,2,,
210,210,Number of pupils,NUM,1,,6802323 - Ysgol Gymraeg Bro Teyrnon,6802323,1295,,All pupils,all,3,,Total
50,50,Number of pupils,NUM,1,,6802324 - Caerleon Lodge Hill Primary,6802324,1296,,Eligible for free school meals,fsm,1,,
70,70,Number of pupils,NUM,1,,6802324 - Caerleon Lodge Hill Primary,6802324,1296,,Eligible for free school meals or transitionally protected,fsmtp,2,,
315,315,Number of pupils,NUM,1,,6802324 - Caerleon Lodge Hill Primary,6802324,1296,,All pupils,all,3,,Total
170,170,Number of pupils,NUM,1,,6802325 - St Andrews Primary School,6802325,1297,,Eligible for free school meals,fsm,1,,
230,230,Number of pupils,NUM,1,,6802325 - St Andrews Primary School,6802325,1297,,Eligible for free school meals or transitionally protected,fsmtp,2,,
735,735,Number of pupils,NUM,1,,6802325 - St Andrews Primary School,6802325,1297,,All pupils,all,3,,Total
100,100,Number of pupils,NUM,1,,6802326 - Gaer Primary School,6802326,1298,,Eligible for free school meals,fsm,1,,
140,140,Number of pupils,NUM,1,,6802326 - Gaer Primary School,6802326,1298,,Eligible for free school meals or transitionally protected,fsmtp,2,,
475,475,Number of pupils,NUM,1,,6802326 - Gaer Primary School,6802326,1298,,All pupils,all,3,,Total
140,140,Number of pupils,NUM,1,,6802327 - Tredegar Park Primary,6802327,1299,,Eligible for free school meals,fsm,1,,
185,185,Number of pupils,NUM,1,,6802327 - Tredegar Park Primary,6802327,1299,,Eligible for free school meals or transitionally protected,fsmtp,2,,
455,455,Number of pupils,NUM,1,,6802327 - Tredegar Park Primary,6802327,1299,,All pupils,all,3,,Total
20,20,Number of pupils,NUM,1,,6802328 - Jubilee Park Primary School,6802328,1300,,Eligible for free school meals,fsm,1,,
25,25,Number of pupils,NUM,1,,6802328 - Jubilee Park Primary School,6802328,1300,,Eligible for free school meals or transitionally protected,fsmtp,2,,
365,365,Number of pupils,NUM,1,,6802328 - Jubilee Park Primary School,6802328,1300,,All pupils,all,3,,Total
165,165,Number of pupils,NUM,1,,6802329 - Milton Primary School,6802329,1301,,Eligible for free school meals,fsm,1,,
225,225,Number of pupils,NUM,1,,6802329 - Milton Primary School,6802329,1301,,Eligible for free school meals or transitionally protected,fsmtp,2,,
470,470,Number of pupils,NUM,1,,6802329 - Milton Primary School,6802329,1301,,All pupils,all,3,,Total
70,70,Number of pupils,NUM,1,,6802330 - Glan Llyn Primary School,6802330,1302,,Eligible for free school meals,fsm,1,,
95,95,Number of pupils,NUM,1,,6802330 - Glan Llyn Primary School,6802330,1302,,Eligible for free school meals or transitionally protected,fsmtp,2,,
460,460,Number of pupils,NUM,1,,6802330 - Glan Llyn Primary School,6802330,1302,,All pupils,all,3,,Total
10,10,Number of pupils,NUM,1,,6802331 - Ysgol Gymraeg Nant Gwenlli,6802331,1303,,Eligible for free school meals,fsm,1,,
15,15,Number of pupils,NUM,1,,6802331 - Ysgol Gymraeg Nant Gwenlli,6802331,1303,,Eligible for free school meals or transitionally protected,fsmtp,2,,
40,40,Number of pupils,NUM,1,,6802331 - Ysgol Gymraeg Nant Gwenlli,6802331,1303,,All pupils,all,3,,Total
30,30,Number of pupils,NUM,1,,6803002 - Malpas Church in Wales Primary School,6803002,1304,,Eligible for free school meals,fsm,1,,
45,45,Number of pupils,NUM,1,,6803002 - Malpas Church in Wales Primary School,6803002,1304,,Eligible for free school meals or transitionally protected,fsmtp,2,,
280,280,Number of pupils,NUM,1,,6803002 - Malpas Church in Wales Primary School,6803002,1304,,All pupils,all,3,,Total
20,20,Number of pupils,NUM,1,,6803300 - St. Davids Primary,6803300,1305,,Eligible for free school meals,fsm,1,,
35,35,Number of pupils,NUM,1,,6803300 - St. Davids Primary,6803300,1305,,Eligible for free school meals or transitionally protected,fsmtp,2,,
215,215,Number of pupils,NUM,1,,6803300 - St. Davids Primary,6803300,1305,,All pupils,all,3,,Total
15,15,Number of pupils,NUM,1,,6803301 - St Josephs R.C. Jnr. & Infts,6803301,1306,,Eligible for free school meals,fsm,1,,
30,30,Number of pupils,NUM,1,,6803301 - St Josephs R.C. Jnr. & Infts,6803301,1306,,Eligible for free school meals or transitionally protected,fsmtp,2,,
205,205,Number of pupils,NUM,1,,6803301 - St Josephs R.C. Jnr. & Infts,6803301,1306,,All pupils,all,3,,Total
40,40,Number of pupils,NUM,1,,6803302 - St Marys Primary School,6803302,1307,,Eligible for free school meals,fsm,1,,
70,70,Number of pupils,NUM,1,,6803302 - St Marys Primary School,6803302,1307,,Eligible for free school meals or transitionally protected,fsmtp,2,,
415,415,Number of pupils,NUM,1,,6803302 - St Marys Primary School,6803302,1307,,All pupils,all,3,,Total
40,40,Number of pupils,NUM,1,,6803304 - St Michael's RC Primary School,6803304,1308,,Eligible for free school meals,fsm,1,,
55,55,Number of pupils,NUM,1,,6803304 - St Michael's RC Primary School,6803304,1308,,Eligible for free school meals or transitionally protected,fsmtp,2,,
250,250,Number of pupils,NUM,1,,6803304 - St Michael's RC Primary School,6803304,1308,,All pupils,all,3,,Total
30,30,Number of pupils,NUM,1,,6803305 - St Patricks R.C. Primary,6803305,1309,,Eligible for free school meals,fsm,1,,
45,45,Number of pupils,NUM,1,,6803305 - St Patricks R.C. Primary,6803305,1309,,Eligible for free school meals or transitionally protected,fsmtp,2,,
240,240,Number of pupils,NUM,1,,6803305 - St Patricks R.C. Primary,6803305,1309,,All pupils,all,3,,Total
30,30,Number of pupils,NUM,1,,6803306 - St. Gabriel's R.C.,6803306,1310,,Eligible for free school meals,fsm,1,,
50,50,Number of pupils,NUM,1,,6803306 - St. Gabriel's R.C.,6803306,1310,,Eligible for free school meals or transitionally protected,fsmtp,2,,
210,210,Number of pupils,NUM,1,,6803306 - St. Gabriel's R.C.,6803306,1310,,All pupils,all,3,,Total
25,25,Number of pupils,NUM,1,,6803313 - Charles Williams Church In Wales Primary School,6803313,1311,,Eligible for free school meals,fsm,1,,
35,35,Number of pupils,NUM,1,,6803313 - Charles Williams Church In Wales Primary School,6803313,1311,,Eligible for free school meals or transitionally protected,fsmtp,2,,
515,515,Number of pupils,NUM,1,,6803313 - Charles Williams Church In Wales Primary School,6803313,1311,,All pupils,all,3,,Total
285,285,Number of pupils,NUM,1,,6804003 - St Julian's School,6804003,1312,,Eligible for free school meals,fsm,1,,
400,400,Number of pupils,NUM,1,,6804003 - St Julian's School,6804003,1312,,Eligible for free school meals or transitionally protected,fsmtp,2,,
"1,425",1425,Number of pupils,NUM,1,,6804003 - St Julian's School,6804003,1312,,All pupils,all,3,,Total
350,350,Number of pupils,NUM,1,,6804020 - The John Frost School,6804020,1313,,Eligible for free school meals,fsm,1,,
495,495,Number of pupils,NUM,1,,6804020 - The John Frost School,6804020,1313,,Eligible for free school meals or transitionally protected,fsmtp,2,,
"1,405",1405,Number of pupils,NUM,1,,6804020 - The John Frost School,6804020,1313,,All pupils,all,3,,Total
365,365,Number of pupils,NUM,1,,6804021 - Llanwern High School,6804021,1314,,Eligible for free school meals,fsm,1,,
490,490,Number of pupils,NUM,1,,6804021 - Llanwern High School,6804021,1314,,Eligible for free school meals or transitionally protected,fsmtp,2,,
"1,100",1100,Number of pupils,NUM,1,,6804021 - Llanwern High School,6804021,1314,,All pupils,all,3,,Total
290,290,Number of pupils,NUM,1,,6804025 - Newport High School,6804025,1315,,Eligible for free school meals,fsm,1,,
390,390,Number of pupils,NUM,1,,6804025 - Newport High School,6804025,1315,,Eligible for free school meals or transitionally protected,fsmtp,2,,
"1,095",1095,Number of pupils,NUM,1,,6804025 - Newport High School,6804025,1315,,All pupils,all,3,,Total
315,315,Number of pupils,NUM,1,,6804026 - Lliswerry High School,6804026,1316,,Eligible for free school meals,fsm,1,,
430,430,Number of pupils,NUM,1,,6804026 - Lliswerry High School,6804026,1316,,Eligible for free school meals or transitionally protected,fsmtp,2,,
"1,080",1080,Number of pupils,NUM,1,,6804026 - Lliswerry High School,6804026,1316,,All pupils,all,3,,Total
110,110,Number of pupils,NUM,1,,6804030 - Bassaleg School,6804030,1317,,Eligible for free school meals,fsm,1,,
160,160,Number of pupils,NUM,1,,6804030 - Bassaleg School,6804030,1317,,Eligible for free school meals or transitionally protected,fsmtp,2,,
"1,870",1870,Number of pupils,NUM,1,,6804030 - Bassaleg School,6804030,1317,,All pupils,all,3,,Total
125,125,Number of pupils,NUM,1,,6804059 - Caerleon Comprehensive School,6804059,1318,,Eligible for free school meals,fsm,1,,
210,210,Number of pupils,NUM,1,,6804059 - Caerleon Comprehensive School,6804059,1318,,Eligible for free school meals or transitionally protected,fsmtp,2,,
"1,470",1470,Number of pupils,NUM,1,,6804059 - Caerleon Comprehensive School,6804059,1318,,All pupils,all,3,,Total
75,75,Number of pupils,NUM,1,,6804060 - Ysgol Gyfun Gwent Is Coed,6804060,1319,,Eligible for free school meals,fsm,1,,
115,115,Number of pupils,NUM,1,,6804060 - Ysgol Gyfun Gwent Is Coed,6804060,1319,,Eligible for free school meals or transitionally protected,fsmtp,2,,
535,535,Number of pupils,NUM,1,,6804060 - Ysgol Gyfun Gwent Is Coed,6804060,1319,,All pupils,all,3,,Total
155,155,Number of pupils,NUM,1,,6804602 - St Joseph's RC High School,6804602,1320,,Eligible for free school meals,fsm,1,,
240,240,Number of pupils,NUM,1,,6804602 - St Joseph's RC High School,6804602,1320,,Eligible for free school meals or transitionally protected,fsmtp,2,,
"1,455",1455,Number of pupils,NUM,1,,6804602 - St Joseph's RC High School,6804602,1320,,All pupils,all,3,,Total
60,60,Number of pupils,NUM,1,,6807002 - MAES EBBW SCHOOL,6807002,1321,,Eligible for free school meals,fsm,1,,
75,75,Number of pupils,NUM,1,,6807002 - MAES EBBW SCHOOL,6807002,1321,,Eligible for free school meals or transitionally protected,fsmtp,2,,
155,155,Number of pupils,NUM,1,,6807002 - MAES EBBW SCHOOL,6807002,1321,,All pupils,all,3,,Total
45,45,Number of pupils,NUM,1,,6807004 - Ysgol Bryn Derw,6807004,1322,,Eligible for free school meals,fsm,1,,
55,55,Number of pupils,NUM,1,,6807004 - Ysgol Bryn Derw,6807004,1322,,Eligible for free school meals or transitionally protected,fsmtp,2,,
110,110,Number of pupils,NUM,1,,6807004 - Ysgol Bryn Derw,6807004,1322,,All pupils,all,3,,Total
0,0,Number of pupils,NUM,1,,6811003 - GRANGETOWN NURSERY SCHOOL,6811003,1323,,Eligible for free school meals,fsm,1,,
0,0,Number of pupils,NUM,1,,6811003 - GRANGETOWN NURSERY SCHOOL,6811003,1323,,Eligible for free school meals or transitionally protected,fsmtp,2,,
115,115,Number of pupils,NUM,1,,6811003 - GRANGETOWN NURSERY SCHOOL,6811003,1323,,All pupils,all,3,,Total
0,0,Number of pupils,NUM,1,,6811017 - TREMORFA NURSERY,6811017,1324,,Eligible for free school meals,fsm,1,,
0,0,Number of pupils,NUM,1,,6811017 - TREMORFA NURSERY,6811017,1324,,Eligible for free school meals or transitionally protected,fsmtp,2,,
40,40,Number of pupils,NUM,1,,6811017 - TREMORFA NURSERY,6811017,1324,,All pupils,all,3,,Total
0,0,Number of pupils,NUM,1,,6811018 - Ely and Caerau Children's Centre,6811018,1325,,Eligible for free school meals,fsm,1,,
0,0,Number of pupils,NUM,1,,6811018 - Ely and Caerau Children's Centre,6811018,1325,,Eligible for free school meals or transitionally protected,fsmtp,2,,
75,75,Number of pupils,NUM,1,,6811018 - Ely and Caerau Children's Centre,6811018,1325,,All pupils,all,3,,Total
55,55,Number of pupils,NUM,1,,6812001 - MILLBANK PRIMARY SCHOOL,6812001,1326,,Eligible for free school meals,fsm,1,,
80,80,Number of pupils,NUM,1,,6812001 - MILLBANK PRIMARY SCHOOL,6812001,1326,,Eligible for free school meals or transitionally protected,fsmtp,2,,
250,250,Number of pupils,NUM,1,,6812001 - MILLBANK PRIMARY SCHOOL,6812001,1326,,All pupils,all,3,,Total
185,185,Number of pupils,NUM,1,,6812003 - ADAMSDOWN PRIMARY,6812003,1327,,Eligible for free school meals,fsm,1,,
205,205,Number of pupils,NUM,1,,6812003 - ADAMSDOWN PRIMARY,6812003,1327,,Eligible for free school meals or transitionally protected,fsmtp,2,,
375,375,Number of pupils,NUM,1,,6812003 - ADAMSDOWN PRIMARY,6812003,1327,,All pupils,all,3,,Total
115,115,Number of pupils,NUM,1,,6812005 - ALBANY PRIMARY SCHOOL,6812005,1328,,Eligible for free school meals,fsm,1,,
150,150,Number of pupils,NUM,1,,6812005 - ALBANY PRIMARY SCHOOL,6812005,1328,,Eligible for free school meals or transitionally protected,fsmtp,2,,
410,410,Number of pupils,NUM,1,,6812005 - ALBANY PRIMARY SCHOOL,6812005,1328,,All pupils,all,3,,Total
30,30,Number of pupils,NUM,1,,6812007 - ALLENSBANK PRIMARY SCHOOL,6812007,1329,,Eligible for free school meals,fsm,1,,
45,45,Number of pupils,NUM,1,,6812007 - ALLENSBANK PRIMARY SCHOOL,6812007,1329,,Eligible for free school meals or transitionally protected,fsmtp,2,,
170,170,Number of pupils,NUM,1,,6812007 - ALLENSBANK PRIMARY SCHOOL,6812007,1329,,All pupils,all,3,,Total
120,120,Number of pupils,NUM,1,,6812009 - BADEN POWELL PRIMARY SCHOOL,6812009,1330,,Eligible for free school meals,fsm,1,,
155,155,Number of pupils,NUM,1,,6812009 - BADEN POWELL PRIMARY SCHOOL,6812009,1330,,Eligible for free school meals or transitionally protected,fsmtp,2,,
290,290,Number of pupils,NUM,1,,6812009 - BADEN POWELL PRIMARY SCHOOL,6812009,1330,,All pupils,all,3,,Total
25,25,Number of pupils,NUM,1,,6812011 - BIRCHGROVE PRIMARY SCHOOL,6812011,1331,,Eligible for free school meals,fsm,1,,
40,40,Number of pupils,NUM,1,,6812011 - BIRCHGROVE PRIMARY SCHOOL,6812011,1331,,Eligible for free school meals or transitionally protected,fsmtp,2,,
370,370,Number of pupils,NUM,1,,6812011 - BIRCHGROVE PRIMARY SCHOOL,6812011,1331,,All pupils,all,3,,Total
155,155,Number of pupils,NUM,1,,6812015 - TRELAI PRIMARY SCHOOL,6812015,1332,,Eligible for free school meals,fsm,1,,
200,200,Number of pupils,NUM,1,,6812015 - TRELAI PRIMARY SCHOOL,6812015,1332,,Eligible for free school meals or transitionally protected,fsmtp,2,,
330,330,Number of pupils,NUM,1,,6812015 - TRELAI PRIMARY SCHOOL,6812015,1332,,All pupils,all,3,,Total
50,50,Number of pupils,NUM,1,,6812017 - FAIRWATER PRIMARY SCHOOL,6812017,1333,,Eligible for free school meals,fsm,1,,
60,60,Number of pupils,NUM,1,,6812017 - FAIRWATER PRIMARY SCHOOL,6812017,1333,,Eligible for free school meals or transitionally protected,fsmtp,2,,
160,160,Number of pupils,NUM,1,,6812017 - FAIRWATER PRIMARY SCHOOL,6812017,1333,,All pupils,all,3,,Total
75,75,Number of pupils,NUM,1,,6812019 - GABALFA PRIMARY,6812019,1334,,Eligible for free school meals,fsm,1,,
95,95,Number of pupils,NUM,1,,6812019 - GABALFA PRIMARY,6812019,1334,,Eligible for free school meals or transitionally protected,fsmtp,2,,
235,235,Number of pupils,NUM,1,,6812019 - GABALFA PRIMARY,6812019,1334,,All pupils,all,3,,Total
80,80,Number of pupils,NUM,1,,6812031 - Kitchener Primary School,6812031,1335,,Eligible for free school meals,fsm,1,,
120,120,Number of pupils,NUM,1,,6812031 - Kitchener Primary School,6812031,1335,,Eligible for free school meals or transitionally protected,fsmtp,2,,
450,450,Number of pupils,NUM,1,,6812031 - Kitchener Primary School,6812031,1335,,All pupils,all,3,,Total
80,80,Number of pupils,NUM,1,,6812033 - LANSDOWNE PRIMARY SCHOOL,6812033,1336,,Eligible for free school meals,fsm,1,,
105,105,Number of pupils,NUM,1,,6812033 - LANSDOWNE PRIMARY SCHOOL,6812033,1336,,Eligible for free school meals or transitionally protected,fsmtp,2,,
315,315,Number of pupils,NUM,1,,6812033 - LANSDOWNE PRIMARY SCHOOL,6812033,1336,,All pupils,all,3,,Total
140,140,Number of pupils,NUM,1,,6812037 - MOORLAND PRIMARY,6812037,1337,,Eligible for free school meals,fsm,1,,
190,190,Number of pupils,NUM,1,,6812037 - MOORLAND PRIMARY,6812037,1337,,Eligible for free school meals or transitionally protected,fsmtp,2,,
400,400,Number of pupils,NUM,1,,6812037 - MOORLAND PRIMARY,6812037,1337,,All pupils,all,3,,Total
30,30,Number of pupils,NUM,1,,6812039 - Radnor Primary School,6812039,1338,,Eligible for free school meals,fsm,1,,
40,40,Number of pupils,NUM,1,,6812039 - Radnor Primary School,6812039,1338,,Eligible for free school meals or transitionally protected,fsmtp,2,,
225,225,Number of pupils,NUM,1,,6812039 - Radnor Primary School,6812039,1338,,All pupils,all,3,,Total
10,10,Number of pupils,NUM,1,,6812041 - RHYDYPENAU PRIMARY SCHOOL,6812041,1339,,Eligible for free school meals,fsm,1,,
10,10,Number of pupils,NUM,1,,6812041 - RHYDYPENAU PRIMARY SCHOOL,6812041,1339,,Eligible for free school meals or transitionally protected,fsmtp,2,,
490,490,Number of pupils,NUM,1,,6812041 - RHYDYPENAU PRIMARY SCHOOL,6812041,1339,,All pupils,all,3,,Total
35,35,Number of pupils,NUM,1,,6812043 - ROATH PARK PRIMARY SCHOOL,6812043,1340,,Eligible for free school meals,fsm,1,,
55,55,Number of pupils,NUM,1,,6812043 - ROATH PARK PRIMARY SCHOOL,6812043,1340,,Eligible for free school meals or transitionally protected,fsmtp,2,,
450,450,Number of pupils,NUM,1,,6812043 - ROATH PARK PRIMARY SCHOOL,6812043,1340,,All pupils,all,3,,Total
110,110,Number of pupils,NUM,1,,6812045 - GREENWAY PRIMARY SCHOOL,6812045,1341,,Eligible for free school meals,fsm,1,,
130,130,Number of pupils,NUM,1,,6812045 - GREENWAY PRIMARY SCHOOL,6812045,1341,,Eligible for free school meals or transitionally protected,fsmtp,2,,
245,245,Number of pupils,NUM,1,,6812045 - GREENWAY PRIMARY SCHOOL,6812045,1341,,All pupils,all,3,,Total
65,65,Number of pupils,NUM,1,,6812050 - STACEY PRIMARY SCHOOL,6812050,1342,,Eligible for free school meals,fsm,1,,
75,75,Number of pupils,NUM,1,,6812050 - STACEY PRIMARY SCHOOL,6812050,1342,,Eligible for free school meals or transitionally protected,fsmtp,2,,
205,205,Number of pupils,NUM,1,,6812050 - STACEY PRIMARY SCHOOL,6812050,1342,,All pupils,all,3,,Total
40,40,Number of pupils,NUM,1,,6812052 - TON-YR-YWEN PRIMARY SCHOOL,6812052,1343,,Eligible for free school meals,fsm,1,,
45,45,Number of pupils,NUM,1,,6812052 - TON-YR-YWEN PRIMARY SCHOOL,6812052,1343,,Eligible for free school meals or transitionally protected,fsmtp,2,,
455,455,Number of pupils,NUM,1,,6812052 - TON-YR-YWEN PRIMARY SCHOOL,6812052,1343,,All pupils,all,3,,Total
95,95,Number of pupils,NUM,1,,6812061 - PETER LEA PRIMARY SCHOOL,6812061,1344,,Eligible for free school meals,fsm,1,,
110,110,Number of pupils,NUM,1,,6812061 - PETER LEA PRIMARY SCHOOL,6812061,1344,,Eligible for free school meals or transitionally protected,fsmtp,2,,
305,305,Number of pupils,NUM,1,,6812061 - PETER LEA PRIMARY SCHOOL,6812061,1344,,All pupils,all,3,,Total
135,135,Number of pupils,NUM,1,,6812065 - BRYN HAFOD PRIMARY SCHOOL,6812065,1345,,Eligible for free school meals,fsm,1,,
180,180,Number of pupils,NUM,1,,6812065 - BRYN HAFOD PRIMARY SCHOOL,6812065,1345,,Eligible for free school meals or transitionally protected,fsmtp,2,,
365,365,Number of pupils,NUM,1,,6812065 - BRYN HAFOD PRIMARY SCHOOL,6812065,1345,,All pupils,all,3,,Total
75,75,Number of pupils,NUM,1,,6812069 - Pen-Y-Bryn Primary School,6812069,1346,,Eligible for free school meals,fsm,1,,
90,90,Number of pupils,NUM,1,,6812069 - Pen-Y-Bryn Primary School,6812069,1346,,Eligible for free school meals or transitionally protected,fsmtp,2,,
245,245,Number of pupils,NUM,1,,6812069 - Pen-Y-Bryn Primary School,6812069,1346,,All pupils,all,3,,Total
115,115,Number of pupils,NUM,1,,6812072 - COED GLAS C P SCHOOL,6812072,1347,,Eligible for free school meals,fsm,1,,
160,160,Number of pupils,NUM,1,,6812072 - COED GLAS C P SCHOOL,6812072,1347,,Eligible for free school meals or transitionally protected,fsmtp,2,,
475,475,Number of pupils,NUM,1,,6812072 - COED GLAS C P SCHOOL,6812072,1347,,All pupils,all,3,,Total
10,10,Number of pupils,NUM,1,,6812074 - LAKESIDE PRIMARY SCHOOL,6812074,1348,,Eligible for free school meals,fsm,1,,
20,20,Number of pupils,NUM,1,,6812074 - LAKESIDE PRIMARY SCHOOL,6812074,1348,,Eligible for free school meals or transitionally protected,fsmtp,2,,
475,475,Number of pupils,NUM,1,,6812074 - LAKESIDE PRIMARY SCHOOL,6812074,1348,,All pupils,all,3,,Total
85,85,Number of pupils,NUM,1,,6812075 - PENTREBANE PRIMARY SCHOOL,6812075,1349,,Eligible for free school meals,fsm,1,,
105,105,Number of pupils,NUM,1,,6812075 - PENTREBANE PRIMARY SCHOOL,6812075,1349,,Eligible for free school meals or transitionally protected,fsmtp,2,,
200,200,Number of pupils,NUM,1,,6812075 - PENTREBANE PRIMARY SCHOOL,6812075,1349,,All pupils,all,3,,Total
115,115,Number of pupils,NUM,1,,6812084 - MOUNT STUART PRIMARY SCHOOL,6812084,1350,,Eligible for free school meals,fsm,1,,
155,155,Number of pupils,NUM,1,,6812084 - MOUNT STUART PRIMARY SCHOOL,6812084,1350,,Eligible for free school meals or transitionally protected,fsmtp,2,,
440,440,Number of pupils,NUM,1,,6812084 - MOUNT STUART PRIMARY SCHOOL,6812084,1350,,All pupils,all,3,,Total
40,40,Number of pupils,NUM,1,,6812090 - LLANISHEN FACH PRIMARY SCHOOL,6812090,1351,,Eligible for free school meals,fsm,1,,
50,50,Number of pupils,NUM,1,,6812090 - LLANISHEN FACH PRIMARY SCHOOL,6812090,1351,,Eligible for free school meals or transitionally protected,fsmtp,2,,
525,525,Number of pupils,NUM,1,,6812090 - LLANISHEN FACH PRIMARY SCHOOL,6812090,1351,,All pupils,all,3,,Total
15,15,Number of pupils,NUM,1,,6812092 - RHIWBEINA PRIMARY SCHOOL,6812092,1352,,Eligible for free school meals,fsm,1,,
25,25,Number of pupils,NUM,1,,6812092 - RHIWBEINA PRIMARY SCHOOL,6812092,1352,,Eligible for free school meals or transitionally protected,fsmtp,2,,
685,685,Number of pupils,NUM,1,,6812092 - RHIWBEINA PRIMARY SCHOOL,6812092,1352,,All pupils,all,3,,Total
85,85,Number of pupils,NUM,1,,6812094 - LLANEDEYRN PRIMARY SCHOOL,6812094,1353,,Eligible for free school meals,fsm,1,,
115,115,Number of pupils,NUM,1,,6812094 - LLANEDEYRN PRIMARY SCHOOL,6812094,1353,,Eligible for free school meals or transitionally protected,fsmtp,2,,
230,230,Number of pupils,NUM,1,,6812094 - LLANEDEYRN PRIMARY SCHOOL,6812094,1353,,All pupils,all,3,,Total
95,95,Number of pupils,NUM,1,,6812096 - SPRINGWOOD PRIMARY SCHOOL,6812096,1354,,Eligible for free school meals,fsm,1,,
120,120,Number of pupils,NUM,1,,6812096 - SPRINGWOOD PRIMARY SCHOOL,6812096,1354,,Eligible for free school meals or transitionally protected,fsmtp,2,,
300,300,Number of pupils,NUM,1,,6812096 - SPRINGWOOD PRIMARY SCHOOL,6812096,1354,,All pupils,all,3,,Total
145,145,Number of pupils,NUM,1,,6812101 - NINIAN PARK PRIMARY SCHOOL,6812101,1355,,Eligible for free school meals,fsm,1,,
200,200,Number of pupils,NUM,1,,6812101 - NINIAN PARK PRIMARY SCHOOL,6812101,1355,,Eligible for free school meals or transitionally protected,fsmtp,2,,
565,565,Number of pupils,NUM,1,,6812101 - NINIAN PARK PRIMARY SCHOOL,6812101,1355,,All pupils,all,3,,Total
40,40,Number of pupils,NUM,1,,6812104 - CORYTON PRIMARY,6812104,1356,,Eligible for free school meals,fsm,1,,
45,45,Number of pupils,NUM,1,,6812104 - CORYTON PRIMARY,6812104,1356,,Eligible for free school meals or transitionally protected,fsmtp,2,,
170,170,Number of pupils,NUM,1,,6812104 - CORYTON PRIMARY,6812104,1356,,All pupils,all,3,,Total
115,115,Number of pupils,NUM,1,,6812107 - BRYN CELYN PRIMARY SCHOOL,6812107,1357,,Eligible for free school meals,fsm,1,,
135,135,Number of pupils,NUM,1,,6812107 - BRYN CELYN PRIMARY SCHOOL,6812107,1357,,Eligible for free school meals or transitionally protected,fsmtp,2,,
190,190,Number of pupils,NUM,1,,6812107 - BRYN CELYN PRIMARY SCHOOL,6812107,1357,,All pupils,all,3,,Total
10,10,Number of pupils,NUM,1,,6812111 - Y G G Gwaelod y Garth,6812111,1358,,Eligible for free school meals,fsm,1,,
20,20,Number of pupils,NUM,1,,6812111 - Y G G Gwaelod y Garth,6812111,1358,,Eligible for free school meals or transitionally protected,fsmtp,2,,
235,235,Number of pupils,NUM,1,,6812111 - Y G G Gwaelod y Garth,6812111,1358,,All pupils,all,3,,Total
15,15,Number of pupils,NUM,1,,6812132 - RADYR PRIMARY SCHOOL,6812132,1359,,Eligible for free school meals,fsm,1,,
20,20,Number of pupils,NUM,1,,6812132 - RADYR PRIMARY SCHOOL,6812132,1359,,Eligible for free school meals or transitionally protected,fsmtp,2,,
450,450,Number of pupils,NUM,1,,6812132 - RADYR PRIMARY SCHOOL,6812132,1359,,All pupils,all,3,,Total
35,35,Number of pupils,NUM,1,,6812137 - Tongwynlais Primary School,6812137,1360,,Eligible for free school meals,fsm,1,,
45,45,Number of pupils,NUM,1,,6812137 - Tongwynlais Primary School,6812137,1360,,Eligible for free school meals or transitionally protected,fsmtp,2,,
190,190,Number of pupils,NUM,1,,6812137 - Tongwynlais Primary School,6812137,1360,,All pupils,all,3,,Total
,,Number of pupils,NUM,1,,6812147 - LLYSFAEN PRIMARY SCHOOL,6812147,1361,,Eligible for free school meals,fsm,1,,Confidential
5,5,Number of pupils,NUM,1,,6812147 - LLYSFAEN PRIMARY SCHOOL,6812147,1361,,Eligible for free school meals or transitionally protected,fsmtp,2,,
465,465,Number of pupils,NUM,1,,6812147 - LLYSFAEN PRIMARY SCHOOL,6812147,1361,,All pupils,all,3,,Total
20,20,Number of pupils,NUM,1,,6812153 - BRYN DERI PRIMARY,6812153,1362,,Eligible for free school meals,fsm,1,,
20,20,Number of pupils,NUM,1,,6812153 - BRYN DERI PRIMARY,6812153,1362,,Eligible for free school meals or transitionally protected,fsmtp,2,,
225,225,Number of pupils,NUM,1,,6812153 - BRYN DERI PRIMARY,6812153,1362,,All pupils,all,3,,Total
180,180,Number of pupils,NUM,1,,6812164 - OAKFIELD PRIMARY SCHOOL,6812164,1363,,Eligible for free school meals,fsm,1,,
220,220,Number of pupils,NUM,1,,6812164 - OAKFIELD PRIMARY SCHOOL,6812164,1363,,Eligible for free school meals or transitionally protected,fsmtp,2,,
460,460,Number of pupils,NUM,1,,6812164 - OAKFIELD PRIMARY SCHOOL,6812164,1363,,All pupils,all,3,,Total
10,10,Number of pupils,NUM,1,,6812166 - YSGOL GYMRAEG MELIN GRUFFYDD,6812166,1364,,Eligible for free school meals,fsm,1,,
15,15,Number of pupils,NUM,1,,6812166 - YSGOL GYMRAEG MELIN GRUFFYDD,6812166,1364,,Eligible for free school meals or transitionally protected,fsmtp,2,,
455,455,Number of pupils,NUM,1,,6812166 - YSGOL GYMRAEG MELIN GRUFFYDD,6812166,1364,,All pupils,all,3,,Total
15,15,Number of pupils,NUM,1,,6812169 - Ysgol Y Wern,6812169,1365,,Eligible for free school meals,fsm,1,,
25,25,Number of pupils,NUM,1,,6812169 - Ysgol Y Wern,6812169,1365,,Eligible for free school meals or transitionally protected,fsmtp,2,,
675,675,Number of pupils,NUM,1,,6812169 - Ysgol Y Wern,6812169,1365,,All pupils,all,3,,Total
65,65,Number of pupils,NUM,1,,6812170 - YSGOL GYMRAEG COED Y GOF,6812170,1366,,Eligible for free school meals,fsm,1,,
85,85,Number of pupils,NUM,1,,6812170 - YSGOL GYMRAEG COED Y GOF,6812170,1366,,Eligible for free school meals or transitionally protected,fsmtp,2,,
190,190,Number of pupils,NUM,1,,6812170 - YSGOL GYMRAEG COED Y GOF,6812170,1366,,All pupils,all,3,,Total
60,60,Number of pupils,NUM,1,,6812171 - YSGOL BRO EIRWG,6812171,1367,,Eligible for free school meals,fsm,1,,
85,85,Number of pupils,NUM,1,,6812171 - YSGOL BRO EIRWG,6812171,1367,,Eligible for free school meals or transitionally protected,fsmtp,2,,
365,365,Number of pupils,NUM,1,,6812171 - YSGOL BRO EIRWG,6812171,1367,,All pupils,all,3,,Total
25,25,Number of pupils,NUM,1,,6812173 - YSGOL TREGANNA,6812173,1368,,Eligible for free school meals,fsm,1,,
35,35,Number of pupils,NUM,1,,6812173 - YSGOL TREGANNA,6812173,1368,,Eligible for free school meals or transitionally protected,fsmtp,2,,
660,660,Number of pupils,NUM,1,,6812173 - YSGOL TREGANNA,6812173,1368,,All pupils,all,3,,Total
110,110,Number of pupils,NUM,1,,6812174 - WILLOWBROOK PRIMARY SCHOOL,6812174,1369,,Eligible for free school meals,fsm,1,,
150,150,Number of pupils,NUM,1,,6812174 - WILLOWBROOK PRIMARY SCHOOL,6812174,1369,,Eligible for free school meals or transitionally protected,fsmtp,2,,
420,420,Number of pupils,NUM,1,,6812174 - WILLOWBROOK PRIMARY SCHOOL,6812174,1369,,All pupils,all,3,,Total
30,30,Number of pupils,NUM,1,,6812175 - PENTYRCH PRIMARY,6812175,1370,,Eligible for free school meals,fsm,1,,
30,30,Number of pupils,NUM,1,,6812175 - PENTYRCH PRIMARY,6812175,1370,,Eligible for free school meals or transitionally protected,fsmtp,2,,
175,175,Number of pupils,NUM,1,,6812175 - PENTYRCH PRIMARY,6812175,1370,,All pupils,all,3,,Total
45,45,Number of pupils,NUM,1,,6812176 - THORNHILL PRIMARY SCHOOL,6812176,1371,,Eligible for free school meals,fsm,1,,
60,60,Number of pupils,NUM,1,,6812176 - THORNHILL PRIMARY SCHOOL,6812176,1371,,Eligible for free school meals or transitionally protected,fsmtp,2,,
435,435,Number of pupils,NUM,1,,6812176 - THORNHILL PRIMARY SCHOOL,6812176,1371,,All pupils,all,3,,Total
5,5,Number of pupils,NUM,1,,6812177 - YSGOL PENCAE,6812177,1372,,Eligible for free school meals,fsm,1,,
10,10,Number of pupils,NUM,1,,6812177 - YSGOL PENCAE,6812177,1372,,Eligible for free school meals or transitionally protected,fsmtp,2,,
205,205,Number of pupils,NUM,1,,6812177 - YSGOL PENCAE,6812177,1372,,All pupils,all,3,,Total
160,160,Number of pupils,NUM,1,,6812179 - Meadowlane Primary School,6812179,1373,,Eligible for free school meals,fsm,1,,
195,195,Number of pupils,NUM,1,,6812179 - Meadowlane Primary School,6812179,1373,,Eligible for free school meals or transitionally protected,fsmtp,2,,
320,320,Number of pupils,NUM,1,,6812179 - Meadowlane Primary School,6812179,1373,,All pupils,all,3,,Total
5,5,Number of pupils,NUM,1,,6812180 - YSGOL MYNYDD BYCHAN,6812180,1374,,Eligible for free school meals,fsm,1,,
5,5,Number of pupils,NUM,1,,6812180 - YSGOL MYNYDD BYCHAN,6812180,1374,,Eligible for free school meals or transitionally protected,fsmtp,2,,
260,260,Number of pupils,NUM,1,,6812180 - YSGOL MYNYDD BYCHAN,6812180,1374,,All pupils,all,3,,Total
25,25,Number of pupils,NUM,1,,6812305 - CREIGIAU PRIMARY SCHOOL,6812305,1375,,Eligible for free school meals,fsm,1,,
30,30,Number of pupils,NUM,1,,6812305 - CREIGIAU PRIMARY SCHOOL,6812305,1375,,Eligible for free school meals or transitionally protected,fsmtp,2,,
365,365,Number of pupils,NUM,1,,6812305 - CREIGIAU PRIMARY SCHOOL,6812305,1375,,All pupils,all,3,,Total
25,25,Number of pupils,NUM,1,,6812306 - YSGOL GYMRAEG PWLL COCH,6812306,1376,,Eligible for free school meals,fsm,1,,
40,40,Number of pupils,NUM,1,,6812306 - YSGOL GYMRAEG PWLL COCH,6812306,1376,,Eligible for free school meals or transitionally protected,fsmtp,2,,
315,315,Number of pupils,NUM,1,,6812306 - YSGOL GYMRAEG PWLL COCH,6812306,1376,,All pupils,all,3,,Total
15,15,Number of pupils,NUM,1,,6812308 - Ysgol Y Berllan Deg,6812308,1377,,Eligible for free school meals,fsm,1,,
25,25,Number of pupils,NUM,1,,6812308 - Ysgol Y Berllan Deg,6812308,1377,,Eligible for free school meals or transitionally protected,fsmtp,2,,
395,395,Number of pupils,NUM,1,,6812308 - Ysgol Y Berllan Deg,6812308,1377,,All pupils,all,3,,Total
50,50,Number of pupils,NUM,1,,6812309 - GLADSTONE PRIMARY SCHOOL,6812309,1378,,Eligible for free school meals,fsm,1,,
60,60,Number of pupils,NUM,1,,6812309 - GLADSTONE PRIMARY SCHOOL,6812309,1378,,Eligible for free school meals or transitionally protected,fsmtp,2,,
240,240,Number of pupils,NUM,1,,6812309 - GLADSTONE PRIMARY SCHOOL,6812309,1378,,All pupils,all,3,,Total
75,75,Number of pupils,NUM,1,,6812310 - GLAN YR AFON PRIMARY SCHOOL,6812310,1379,,Eligible for free school meals,fsm,1,,
85,85,Number of pupils,NUM,1,,6812310 - GLAN YR AFON PRIMARY SCHOOL,6812310,1379,,Eligible for free school meals or transitionally protected,fsmtp,2,,
135,135,Number of pupils,NUM,1,,6812310 - GLAN YR AFON PRIMARY SCHOOL,6812310,1379,,All pupils,all,3,,Total
125,125,Number of pupils,NUM,1,,6812311 - Grangetown Primary School,6812311,1380,,Eligible for free school meals,fsm,1,,
160,160,Number of pupils,NUM,1,,6812311 - Grangetown Primary School,6812311,1380,,Eligible for free school meals or transitionally protected,fsmtp,2,,
375,375,Number of pupils,NUM,1,,6812311 - Grangetown Primary School,6812311,1380,,All pupils,all,3,,Total
210,210,Number of pupils,NUM,1,,6812312 - Herbert Thompson Primary,6812312,1381,,Eligible for free school meals,fsm,1,,
230,230,Number of pupils,NUM,1,,6812312 - Herbert Thompson Primary,6812312,1381,,Eligible for free school meals or transitionally protected,fsmtp,2,,
465,465,Number of pupils,NUM,1,,6812312 - Herbert Thompson Primary,6812312,1381,,All pupils,all,3,,Total
50,50,Number of pupils,NUM,1,,6812313 - Ysgol Glan Morfa,6812313,1382,,Eligible for free school meals,fsm,1,,
75,75,Number of pupils,NUM,1,,6812313 - Ysgol Glan Morfa,6812313,1382,,Eligible for free school meals or transitionally protected,fsmtp,2,,
255,255,Number of pupils,NUM,1,,6812313 - Ysgol Glan Morfa,6812313,1382,,All pupils,all,3,,Total
50,50,Number of pupils,NUM,1,,6812314 - Ysgol Pen Y Pil,6812314,1383,,Eligible for free school meals,fsm,1,,
60,60,Number of pupils,NUM,1,,6812314 - Ysgol Pen Y Pil,6812314,1383,,Eligible for free school meals or transitionally protected,fsmtp,2,,
175,175,Number of pupils,NUM,1,,6812314 - Ysgol Pen Y Pil,6812314,1383,,All pupils,all,3,,Total
70,70,Number of pupils,NUM,1,,6812315 - Ysgol Gymraeg Nant Caerau,6812315,1384,,Eligible for free school meals,fsm,1,,
100,100,Number of pupils,NUM,1,,6812315 - Ysgol Gymraeg Nant Caerau,6812315,1384,,Eligible for free school meals or transitionally protected,fsmtp,2,,
230,230,Number of pupils,NUM,1,,6812315 - Ysgol Gymraeg Nant Caerau,6812315,1384,,All pupils,all,3,,Total
70,70,Number of pupils,NUM,1,,6812317 - Rumney Primary,6812317,1385,,Eligible for free school meals,fsm,1,,
95,95,Number of pupils,NUM,1,,6812317 - Rumney Primary,6812317,1385,,Eligible for free school meals or transitionally protected,fsmtp,2,,
455,455,Number of pupils,NUM,1,,6812317 - Rumney Primary,6812317,1385,,All pupils,all,3,,Total
250,250,Number of pupils,NUM,1,,6812318 - Windsor Clive Primary,6812318,1386,,Eligible for free school meals,fsm,1,,
295,295,Number of pupils,NUM,1,,6812318 - Windsor Clive Primary,6812318,1386,,Eligible for free school meals or transitionally protected,fsmtp,2,,
470,470,Number of pupils,NUM,1,,6812318 - Windsor Clive Primary,6812318,1386,,All pupils,all,3,,Total
105,105,Number of pupils,NUM,1,,6812319 - Severn Primary,6812319,1387,,Eligible for free school meals,fsm,1,,
130,130,Number of pupils,NUM,1,,6812319 - Severn Primary,6812319,1387,,Eligible for free school meals or transitionally protected,fsmtp,2,,
440,440,Number of pupils,NUM,1,,6812319 - Severn Primary,6812319,1387,,All pupils,all,3,,Total
35,35,Number of pupils,NUM,1,,6812320 - Hawthorn Primary,6812320,1388,,Eligible for free school meals,fsm,1,,
45,45,Number of pupils,NUM,1,,6812320 - Hawthorn Primary,6812320,1388,,Eligible for free school meals or transitionally protected,fsmtp,2,,
210,210,Number of pupils,NUM,1,,6812320 - Hawthorn Primary,6812320,1388,,All pupils,all,3,,Total
40,40,Number of pupils,NUM,1,,6812321 - Danescourt Primary,6812321,1389,,Eligible for free school meals,fsm,1,,
50,50,Number of pupils,NUM,1,,6812321 - Danescourt Primary,6812321,1389,,Eligible for free school meals or transitionally protected,fsmtp,2,,
435,435,Number of pupils,NUM,1,,6812321 - Danescourt Primary,6812321,1389,,All pupils,all,3,,Total
195,195,Number of pupils,NUM,1,,6812322 - Hywel Dda Primary School,6812322,1390,,Eligible for free school meals,fsm,1,,
225,225,Number of pupils,NUM,1,,6812322 - Hywel Dda Primary School,6812322,1390,,Eligible for free school meals or transitionally protected,fsmtp,2,,
415,415,Number of pupils,NUM,1,,6812322 - Hywel Dda Primary School,6812322,1390,,All pupils,all,3,,Total
15,15,Number of pupils,NUM,1,,6812323 - Ysgol Gynradd Gymraeg Pen-Y-Groes,6812323,1391,,Eligible for free school meals,fsm,1,,
20,20,Number of pupils,NUM,1,,6812323 - Ysgol Gynradd Gymraeg Pen-Y-Groes,6812323,1391,,Eligible for free school meals or transitionally protected,fsmtp,2,,
105,105,Number of pupils,NUM,1,,6812323 - Ysgol Gynradd Gymraeg Pen-Y-Groes,6812323,1391,,All pupils,all,3,,Total
100,100,Number of pupils,NUM,1,,6812324 - Trowbridge Primary,6812324,1392,,Eligible for free school meals,fsm,1,,
115,115,Number of pupils,NUM,1,,6812324 - Trowbridge Primary,6812324,1392,,Eligible for free school meals or transitionally protected,fsmtp,2,,
190,190,Number of pupils,NUM,1,,6812324 - Trowbridge Primary,6812324,1392,,All pupils,all,3,,Total
30,30,Number of pupils,NUM,1,,6812325 - Ysgol Glan Ceubal,6812325,1393,,Eligible for free school meals,fsm,1,,
35,35,Number of pupils,NUM,1,,6812325 - Ysgol Glan Ceubal,6812325,1393,,Eligible for free school meals or transitionally protected,fsmtp,2,,
205,205,Number of pupils,NUM,1,,6812325 - Ysgol Glan Ceubal,6812325,1393,,All pupils,all,3,,Total
40,40,Number of pupils,NUM,1,,6812326 - Marlborough Primary,6812326,1394,,Eligible for free school meals,fsm,1,,
50,50,Number of pupils,NUM,1,,6812326 - Marlborough Primary,6812326,1394,,Eligible for free school meals or transitionally protected,fsmtp,2,,
490,490,Number of pupils,NUM,1,,6812326 - Marlborough Primary,6812326,1394,,All pupils,all,3,,Total
90,90,Number of pupils,NUM,1,,6812327 - Pencaerau Primary,6812327,1395,,Eligible for free school meals,fsm,1,,
120,120,Number of pupils,NUM,1,,6812327 - Pencaerau Primary,6812327,1395,,Eligible for free school meals or transitionally protected,fsmtp,2,,
230,230,Number of pupils,NUM,1,,6812327 - Pencaerau Primary,6812327,1395,,All pupils,all,3,,Total
65,65,Number of pupils,NUM,1,,6812328 - Glyncoed Primary,6812328,1396,,Eligible for free school meals,fsm,1,,
90,90,Number of pupils,NUM,1,,6812328 - Glyncoed Primary,6812328,1396,,Eligible for free school meals or transitionally protected,fsmtp,2,,
285,285,Number of pupils,NUM,1,,6812328 - Glyncoed Primary,6812328,1396,,All pupils,all,3,,Total
50,50,Number of pupils,NUM,1,,6812329 - Whitchurch Primary,6812329,1397,,Eligible for free school meals,fsm,1,,
70,70,Number of pupils,NUM,1,,6812329 - Whitchurch Primary,6812329,1397,,Eligible for free school meals or transitionally protected,fsmtp,2,,
675,675,Number of pupils,NUM,1,,6812329 - Whitchurch Primary,6812329,1397,,All pupils,all,3,,Total
55,55,Number of pupils,NUM,1,,6812330 - Pontprennau,6812330,1398,,Eligible for free school meals,fsm,1,,
65,65,Number of pupils,NUM,1,,6812330 - Pontprennau,6812330,1398,,Eligible for free school meals or transitionally protected,fsmtp,2,,
485,485,Number of pupils,NUM,1,,6812330 - Pontprennau,6812330,1398,,All pupils,all,3,,Total
55,55,Number of pupils,NUM,1,,6812331 - Howardian Primary School,6812331,1399,,Eligible for free school meals,fsm,1,,
70,70,Number of pupils,NUM,1,,6812331 - Howardian Primary School,6812331,1399,,Eligible for free school meals or transitionally protected,fsmtp,2,,
450,450,Number of pupils,NUM,1,,6812331 - Howardian Primary School,6812331,1399,,All pupils,all,3,,Total
25,25,Number of pupils,NUM,1,,6812332 - Ysgol Gynradd Gymraeg Hamadryad,6812332,1400,,Eligible for free school meals,fsm,1,,
40,40,Number of pupils,NUM,1,,6812332 - Ysgol Gynradd Gymraeg Hamadryad,6812332,1400,,Eligible for free school meals or transitionally protected,fsmtp,2,,
365,365,Number of pupils,NUM,1,,6812332 - Ysgol Gynradd Gymraeg Hamadryad,6812332,1400,,All pupils,all,3,,Total
10,10,Number of pupils,NUM,1,,6812333 - Ysgol Gynradd Groes Wen,6812333,1401,,Eligible for free school meals,fsm,1,,
10,10,Number of pupils,NUM,1,,6812333 - Ysgol Gynradd Groes Wen,6812333,1401,,Eligible for free school meals or transitionally protected,fsmtp,2,,
125,125,Number of pupils,NUM,1,,6812333 - Ysgol Gynradd Groes Wen,6812333,1401,,All pupils,all,3,,Total
35,35,Number of pupils,NUM,1,,6813000 - ST. MELLONS CHURCH IN WALES PRIMARY,6813000,1402,,Eligible for free school meals,fsm,1,,
40,40,Number of pupils,NUM,1,,6813000 - ST. MELLONS CHURCH IN WALES PRIMARY,6813000,1402,,Eligible for free school meals or transitionally protected,fsmtp,2,,
230,230,Number of pupils,NUM,1,,6813000 - ST. MELLONS CHURCH IN WALES PRIMARY,6813000,1402,,All pupils,all,3,,Total
90,90,Number of pupils,NUM,1,,6813321 - ST ALBAN'S RC PRIMARY SCHOOL,6813321,1403,,Eligible for free school meals,fsm,1,,
110,110,Number of pupils,NUM,1,,6813321 - ST ALBAN'S RC PRIMARY SCHOOL,6813321,1403,,Eligible for free school meals or transitionally protected,fsmtp,2,,
170,170,Number of pupils,NUM,1,,6813321 - ST ALBAN'S RC PRIMARY SCHOOL,6813321,1403,,All pupils,all,3,,Total
40,40,Number of pupils,NUM,1,,6813323 - ST CUTHBERT'S RC PRIMARY,6813323,1404,,Eligible for free school meals,fsm,1,,
55,55,Number of pupils,NUM,1,,6813323 - ST CUTHBERT'S RC PRIMARY,6813323,1404,,Eligible for free school meals or transitionally protected,fsmtp,2,,
120,120,Number of pupils,NUM,1,,6813323 - ST CUTHBERT'S RC PRIMARY,6813323,1404,,All pupils,all,3,,Total
40,40,Number of pupils,NUM,1,,6813328 - St. Joseph's RC School,6813328,1405,,Eligible for free school meals,fsm,1,,
50,50,Number of pupils,NUM,1,,6813328 - St. Joseph's RC School,6813328,1405,,Eligible for free school meals or transitionally protected,fsmtp,2,,
225,225,Number of pupils,NUM,1,,6813328 - St. Joseph's RC School,6813328,1405,,All pupils,all,3,,Total
35,35,Number of pupils,NUM,1,,6813330 - ST. MARY'S R.C. PRIMARY SCHOOL,6813330,1406,,Eligible for free school meals,fsm,1,,
60,60,Number of pupils,NUM,1,,6813330 - ST. MARY'S R.C. PRIMARY SCHOOL,6813330,1406,,Eligible for free school meals or transitionally protected,fsmtp,2,,
205,205,Number of pupils,NUM,1,,6813330 - ST. MARY'S R.C. PRIMARY SCHOOL,6813330,1406,,All pupils,all,3,,Total
95,95,Number of pupils,NUM,1,,6813332 - ST PATRICK'S R C SCHOOL,6813332,1407,,Eligible for free school meals,fsm,1,,
115,115,Number of pupils,NUM,1,,6813332 - ST PATRICK'S R C SCHOOL,6813332,1407,,Eligible for free school meals or transitionally protected,fsmtp,2,,
300,300,Number of pupils,NUM,1,,6813332 - ST PATRICK'S R C SCHOOL,6813332,1407,,All pupils,all,3,,Total
90,90,Number of pupils,NUM,1,,6813334 - ST. PETER'S PRIMARY SCHOOL,6813334,1408,,Eligible for free school meals,fsm,1,,
115,115,Number of pupils,NUM,1,,6813334 - ST. PETER'S PRIMARY SCHOOL,6813334,1408,,Eligible for free school meals or transitionally protected,fsmtp,2,,
440,440,Number of pupils,NUM,1,,6813334 - ST. PETER'S PRIMARY SCHOOL,6813334,1408,,All pupils,all,3,,Total
105,105,Number of pupils,NUM,1,,6813336 - St Cadoc's Catholic Primary,6813336,1409,,Eligible for free school meals,fsm,1,,
135,135,Number of pupils,NUM,1,,6813336 - St Cadoc's Catholic Primary,6813336,1409,,Eligible for free school meals or transitionally protected,fsmtp,2,,
330,330,Number of pupils,NUM,1,,6813336 - St Cadoc's Catholic Primary,6813336,1409,,All pupils,all,3,,Total
25,25,Number of pupils,NUM,1,,6813341 - ST MONICAS C/W PRIMARY SCHOOL,6813341,1410,,Eligible for free school meals,fsm,1,,
35,35,Number of pupils,NUM,1,,6813341 - ST MONICAS C/W PRIMARY SCHOOL,6813341,1410,,Eligible for free school meals or transitionally protected,fsmtp,2,,
150,150,Number of pupils,NUM,1,,6813341 - ST MONICAS C/W PRIMARY SCHOOL,6813341,1410,,All pupils,all,3,,Total
55,55,Number of pupils,NUM,1,,6813343 - ST.PAUL'S C/W PRIMARY SCHOOL,6813343,1411,,Eligible for free school meals,fsm,1,,
75,75,Number of pupils,NUM,1,,6813343 - ST.PAUL'S C/W PRIMARY SCHOOL,6813343,1411,,Eligible for free school meals or transitionally protected,fsmtp,2,,
225,225,Number of pupils,NUM,1,,6813343 - ST.PAUL'S C/W PRIMARY SCHOOL,6813343,1411,,All pupils,all,3,,Total
85,85,Number of pupils,NUM,1,,6813344 - TREDEGARVILLE C/W PRIMARY,6813344,1412,,Eligible for free school meals,fsm,1,,
115,115,Number of pupils,NUM,1,,6813344 - TREDEGARVILLE C/W PRIMARY,6813344,1412,,Eligible for free school meals or transitionally protected,fsmtp,2,,
235,235,Number of pupils,NUM,1,,6813344 - TREDEGARVILLE C/W PRIMARY,6813344,1412,,All pupils,all,3,,Total
10,10,Number of pupils,NUM,1,,6813346 - LLANDAFF CITY PRIMARY SCHOOL,6813346,1413,,Eligible for free school meals,fsm,1,,
15,15,Number of pupils,NUM,1,,6813346 - LLANDAFF CITY PRIMARY SCHOOL,6813346,1413,,Eligible for free school meals or transitionally protected,fsmtp,2,,
400,400,Number of pupils,NUM,1,,6813346 - LLANDAFF CITY PRIMARY SCHOOL,6813346,1413,,All pupils,all,3,,Total
5,5,Number of pupils,NUM,1,,6813351 - CHRIST THE KING PRIMARY SCHOOL,6813351,1414,,Eligible for free school meals,fsm,1,,
15,15,Number of pupils,NUM,1,,6813351 - CHRIST THE KING PRIMARY SCHOOL,6813351,1414,,Eligible for free school meals or transitionally protected,fsmtp,2,,
235,235,Number of pupils,NUM,1,,6813351 - CHRIST THE KING PRIMARY SCHOOL,6813351,1414,,All pupils,all,3,,Total
115,115,Number of pupils,NUM,1,,6813353 - St John Lloyd,6813353,1415,,Eligible for free school meals,fsm,1,,
140,140,Number of pupils,NUM,1,,6813353 - St John Lloyd,6813353,1415,,Eligible for free school meals or transitionally protected,fsmtp,2,,
335,335,Number of pupils,NUM,1,,6813353 - St John Lloyd,6813353,1415,,All pupils,all,3,,Total
45,45,Number of pupils,NUM,1,,6813354 - HOLY FAMILY R.C. PRIMARY,6813354,1416,,Eligible for free school meals,fsm,1,,
65,65,Number of pupils,NUM,1,,6813354 - HOLY FAMILY R.C. PRIMARY,6813354,1416,,Eligible for free school meals or transitionally protected,fsmtp,2,,
155,155,Number of pupils,NUM,1,,6813354 - HOLY FAMILY R.C. PRIMARY,6813354,1416,,All pupils,all,3,,Total
70,70,Number of pupils,NUM,1,,6813355 - ST MARY THE VIRGIN C/W PRIMARY SCHOOL,6813355,1417,,Eligible for free school meals,fsm,1,,
95,95,Number of pupils,NUM,1,,6813355 - ST MARY THE VIRGIN C/W PRIMARY SCHOOL,6813355,1417,,Eligible for free school meals or transitionally protected,fsmtp,2,,
210,210,Number of pupils,NUM,1,,6813355 - ST MARY THE VIRGIN C/W PRIMARY SCHOOL,6813355,1417,,All pupils,all,3,,Total
20,20,Number of pupils,NUM,1,,6813357 - ALL SAINTS C/W PRIMARY,6813357,1418,,Eligible for free school meals,fsm,1,,
30,30,Number of pupils,NUM,1,,6813357 - ALL SAINTS C/W PRIMARY,6813357,1418,,Eligible for free school meals or transitionally protected,fsmtp,2,,
140,140,Number of pupils,NUM,1,,6813357 - ALL SAINTS C/W PRIMARY,6813357,1418,,All pupils,all,3,,Total
25,25,Number of pupils,NUM,1,,6813366 - ST FAGANS CHURCH IN WALES,6813366,1419,,Eligible for free school meals,fsm,1,,
35,35,Number of pupils,NUM,1,,6813366 - ST FAGANS CHURCH IN WALES,6813366,1419,,Eligible for free school meals or transitionally protected,fsmtp,2,,
200,200,Number of pupils,NUM,1,,6813366 - ST FAGANS CHURCH IN WALES,6813366,1419,,All pupils,all,3,,Total
25,25,Number of pupils,NUM,1,,6813370 - ST BERNADETTES PRIMARY SCHOOL,6813370,1420,,Eligible for free school meals,fsm,1,,
35,35,Number of pupils,NUM,1,,6813370 - ST BERNADETTES PRIMARY SCHOOL,6813370,1420,,Eligible for free school meals or transitionally protected,fsmtp,2,,
245,245,Number of pupils,NUM,1,,6813370 - ST BERNADETTES PRIMARY SCHOOL,6813370,1420,,All pupils,all,3,,Total
45,45,Number of pupils,NUM,1,,6813371 - ST DAVID'S C/W PRIMARY SCHOOL,6813371,1421,,Eligible for free school meals,fsm,1,,
55,55,Number of pupils,NUM,1,,6813371 - ST DAVID'S C/W PRIMARY SCHOOL,6813371,1421,,Eligible for free school meals or transitionally protected,fsmtp,2,,
215,215,Number of pupils,NUM,1,,6813371 - ST DAVID'S C/W PRIMARY SCHOOL,6813371,1421,,All pupils,all,3,,Total
30,30,Number of pupils,NUM,1,,6813373 - BISHOP CHILDS C/W PRIMARY,6813373,1422,,Eligible for free school meals,fsm,1,,
40,40,Number of pupils,NUM,1,,6813373 - BISHOP CHILDS C/W PRIMARY,6813373,1422,,Eligible for free school meals or transitionally protected,fsmtp,2,,
200,200,Number of pupils,NUM,1,,6813373 - BISHOP CHILDS C/W PRIMARY,6813373,1422,,All pupils,all,3,,Total
80,80,Number of pupils,NUM,1,,6813374 - ST PHILIP EVANS PRIMARY SCHOOL,6813374,1423,,Eligible for free school meals,fsm,1,,
110,110,Number of pupils,NUM,1,,6813374 - ST PHILIP EVANS PRIMARY SCHOOL,6813374,1423,,Eligible for free school meals or transitionally protected,fsmtp,2,,
370,370,Number of pupils,NUM,1,,6813374 - ST PHILIP EVANS PRIMARY SCHOOL,6813374,1423,,All pupils,all,3,,Total
150,150,Number of pupils,NUM,1,,6813375 - St. Francis R. C. Primary Sch.,6813375,1424,,Eligible for free school meals,fsm,1,,
190,190,Number of pupils,NUM,1,,6813375 - St. Francis R. C. Primary Sch.,6813375,1424,,Eligible for free school meals or transitionally protected,fsmtp,2,,
330,330,Number of pupils,NUM,1,,6813375 - St. Francis R. C. Primary Sch.,6813375,1424,,All pupils,all,3,,Total
120,120,Number of pupils,NUM,1,,6814039 - CARDIFF HIGH SCHOOL,6814039,1425,,Eligible for free school meals,fsm,1,,
175,175,Number of pupils,NUM,1,,6814039 - CARDIFF HIGH SCHOOL,6814039,1425,,Eligible for free school meals or transitionally protected,fsmtp,2,,
"1,795",1795,Number of pupils,NUM,1,,6814039 - CARDIFF HIGH SCHOOL,6814039,1425,,All pupils,all,3,,Total
405,405,Number of pupils,NUM,1,,6814041 - Willows High School,6814041,1426,,Eligible for free school meals,fsm,1,,
465,465,Number of pupils,NUM,1,,6814041 - Willows High School,6814041,1426,,Eligible for free school meals or transitionally protected,fsmtp,2,,
810,810,Number of pupils,NUM,1,,6814041 - Willows High School,6814041,1426,,All pupils,all,3,,Total
565,565,Number of pupils,NUM,1,,6814042 - Fitzalan High School,6814042,1427,,Eligible for free school meals,fsm,1,,
720,720,Number of pupils,NUM,1,,6814042 - Fitzalan High School,6814042,1427,,Eligible for free school meals or transitionally protected,fsmtp,2,,
"1,835",1835,Number of pupils,NUM,1,,6814042 - Fitzalan High School,6814042,1427,,All pupils,all,3,,Total
355,355,Number of pupils,NUM,1,,6814049 - Cantonian High School,6814049,1428,,Eligible for free school meals,fsm,1,,
450,450,Number of pupils,NUM,1,,6814049 - Cantonian High School,6814049,1428,,Eligible for free school meals or transitionally protected,fsmtp,2,,
945,945,Number of pupils,NUM,1,,6814049 - Cantonian High School,6814049,1428,,All pupils,all,3,,Total
330,330,Number of pupils,NUM,1,,6814051 - Llanishen High School,6814051,1429,,Eligible for free school meals,fsm,1,,
445,445,Number of pupils,NUM,1,,6814051 - Llanishen High School,6814051,1429,,Eligible for free school meals or transitionally protected,fsmtp,2,,
"1,715",1715,Number of pupils,NUM,1,,6814051 - Llanishen High School,6814051,1429,,All pupils,all,3,,Total
445,445,Number of pupils,NUM,1,,6814054 - Cathays High School,6814054,1430,,Eligible for free school meals,fsm,1,,
520,520,Number of pupils,NUM,1,,6814054 - Cathays High School,6814054,1430,,Eligible for free school meals or transitionally protected,fsmtp,2,,
"1,245",1245,Number of pupils,NUM,1,,6814054 - Cathays High School,6814054,1430,,All pupils,all,3,,Total
150,150,Number of pupils,NUM,1,,6814070 - Radyr Comprehensive School,6814070,1431,,Eligible for free school meals,fsm,1,,
215,215,Number of pupils,NUM,1,,6814070 - Radyr Comprehensive School,6814070,1431,,Eligible for free school meals or transitionally protected,fsmtp,2,,
"1,425",1425,Number of pupils,NUM,1,,6814070 - Radyr Comprehensive School,6814070,1431,,All pupils,all,3,,Total
95,95,Number of pupils,NUM,1,,6814071 - Ysgol Gyfun Gymraeg Glantaf,6814071,1432,,Eligible for free school meals,fsm,1,,
125,125,Number of pupils,NUM,1,,6814071 - Ysgol Gyfun Gymraeg Glantaf,6814071,1432,,Eligible for free school meals or transitionally protected,fsmtp,2,,
"1,500",1500,Number of pupils,NUM,1,,6814071 - Ysgol Gyfun Gymraeg Glantaf,6814071,1432,,All pupils,all,3,,Total
150,150,Number of pupils,NUM,1,,6814072 - Ysgol Gyfun Gymraeg Plasmawr,6814072,1433,,Eligible for free school meals,fsm,1,,
175,175,Number of pupils,NUM,1,,6814072 - Ysgol Gyfun Gymraeg Plasmawr,6814072,1433,,Eligible for free school meals or transitionally protected,fsmtp,2,,
"1,180",1180,Number of pupils,NUM,1,,6814072 - Ysgol Gyfun Gymraeg Plasmawr,6814072,1433,,All pupils,all,3,,Total
150,150,Number of pupils,NUM,1,,6814074 - Ysgol Gyfun Gymraeg Bro Edern,6814074,1434,,Eligible for free school meals,fsm,1,,
210,210,Number of pupils,NUM,1,,6814074 - Ysgol Gyfun Gymraeg Bro Edern,6814074,1434,,Eligible for free school meals or transitionally protected,fsmtp,2,,
935,935,Number of pupils,NUM,1,,6814074 - Ysgol Gyfun Gymraeg Bro Edern,6814074,1434,,All pupils,all,3,,Total
585,585,Number of pupils,NUM,1,,6814075 - Cardiff West Community High School,6814075,1435,,Eligible for free school meals,fsm,1,,
710,710,Number of pupils,NUM,1,,6814075 - Cardiff West Community High School,6814075,1435,,Eligible for free school meals or transitionally protected,fsmtp,2,,
"1,060",1060,Number of pupils,NUM,1,,6814075 - Cardiff West Community High School,6814075,1435,,All pupils,all,3,,Total
500,500,Number of pupils,NUM,1,,6814076 - Eastern High,6814076,1436,,Eligible for free school meals,fsm,1,,
635,635,Number of pupils,NUM,1,,6814076 - Eastern High,6814076,1436,,Eligible for free school meals or transitionally protected,fsmtp,2,,
"1,185",1185,Number of pupils,NUM,1,,6814076 - Eastern High,6814076,1436,,All pupils,all,3,,Total
355,355,Number of pupils,NUM,1,,6814600 - St. Illtyd's Catholic High School,6814600,1437,,Eligible for free school meals,fsm,1,,
465,465,Number of pupils,NUM,1,,6814600 - St. Illtyd's Catholic High School,6814600,1437,,Eligible for free school meals or transitionally protected,fsmtp,2,,
990,990,Number of pupils,NUM,1,,6814600 - St. Illtyd's Catholic High School,6814600,1437,,All pupils,all,3,,Total
310,310,Number of pupils,NUM,1,,6814607 - Mary Immaculate High School,6814607,1438,,Eligible for free school meals,fsm,1,,
385,385,Number of pupils,NUM,1,,6814607 - Mary Immaculate High School,6814607,1438,,Eligible for free school meals or transitionally protected,fsmtp,2,,
870,870,Number of pupils,NUM,1,,6814607 - Mary Immaculate High School,6814607,1438,,All pupils,all,3,,Total
105,105,Number of pupils,NUM,1,,6814608 - Bishop of Llandaff Church in Wales High School,6814608,1439,,Eligible for free school meals,fsm,1,,
170,170,Number of pupils,NUM,1,,6814608 - Bishop of Llandaff Church in Wales High School,6814608,1439,,Eligible for free school meals or transitionally protected,fsmtp,2,,
"1,265",1265,Number of pupils,NUM,1,,6814608 - Bishop of Llandaff Church in Wales High School,6814608,1439,,All pupils,all,3,,Total
355,355,Number of pupils,NUM,1,,6814609 - St Teilo's C-in-W High School,6814609,1440,,Eligible for free school meals,fsm,1,,
475,475,Number of pupils,NUM,1,,6814609 - St Teilo's C-in-W High School,6814609,1440,,Eligible for free school meals or transitionally protected,fsmtp,2,,
"1,375",1375,Number of pupils,NUM,1,,6814609 - St Teilo's C-in-W High School,6814609,1440,,All pupils,all,3,,Total
225,225,Number of pupils,NUM,1,,6814611 - CORPUS CHRISTI CATHOLIC HIGH SCHOOL,6814611,1441,,Eligible for free school meals,fsm,1,,
255,255,Number of pupils,NUM,1,,6814611 - CORPUS CHRISTI CATHOLIC HIGH SCHOOL,6814611,1441,,Eligible for free school meals or transitionally protected,fsmtp,2,,
"1,130",1130,Number of pupils,NUM,1,,6814611 - CORPUS CHRISTI CATHOLIC HIGH SCHOOL,6814611,1441,,All pupils,all,3,,Total
320,320,Number of pupils,NUM,1,,6815403 - Whitchurch High School,6815403,1442,,Eligible for free school meals,fsm,1,,
405,405,Number of pupils,NUM,1,,6815403 - Whitchurch High School,6815403,1442,,Eligible for free school meals or transitionally protected,fsmtp,2,,
"2,460",2460,Number of pupils,NUM,1,,6815403 - Whitchurch High School,6815403,1442,,All pupils,all,3,,Total
60,60,Number of pupils,NUM,1,,6817001 - GREENHILL SPECIAL SCHOOL,6817001,1443,,Eligible for free school meals,fsm,1,,
60,60,Number of pupils,NUM,1,,6817001 - GREENHILL SPECIAL SCHOOL,6817001,1443,,Eligible for free school meals or transitionally protected,fsmtp,2,,
75,75,Number of pupils,NUM,1,,6817001 - GREENHILL SPECIAL SCHOOL,6817001,1443,,All pupils,all,3,,Total
35,35,Number of pupils,NUM,1,,6817005 - THE COURT SCHOOL,6817005,1444,,Eligible for free school meals,fsm,1,,
35,35,Number of pupils,NUM,1,,6817005 - THE COURT SCHOOL,6817005,1444,,Eligible for free school meals or transitionally protected,fsmtp,2,,
40,40,Number of pupils,NUM,1,,6817005 - THE COURT SCHOOL,6817005,1444,,All pupils,all,3,,Total
100,100,Number of pupils,NUM,1,,6817006 - WOODLANDS HIGH SCHOOL,6817006,1445,,Eligible for free school meals,fsm,1,,
115,115,Number of pupils,NUM,1,,6817006 - WOODLANDS HIGH SCHOOL,6817006,1445,,Eligible for free school meals or transitionally protected,fsmtp,2,,
180,180,Number of pupils,NUM,1,,6817006 - WOODLANDS HIGH SCHOOL,6817006,1445,,All pupils,all,3,,Total
50,50,Number of pupils,NUM,1,,6817008 - RIVERBANK SCHOOL,6817008,1446,,Eligible for free school meals,fsm,1,,
55,55,Number of pupils,NUM,1,,6817008 - RIVERBANK SCHOOL,6817008,1446,,Eligible for free school meals or transitionally protected,fsmtp,2,,
80,80,Number of pupils,NUM,1,,6817008 - RIVERBANK SCHOOL,6817008,1446,,All pupils,all,3,,Total
115,115,Number of pupils,NUM,1,,6817011 - TY-GWYN SPECIAL SCHOOL,6817011,1447,,Eligible for free school meals,fsm,1,,
125,125,Number of pupils,NUM,1,,6817011 - TY-GWYN SPECIAL SCHOOL,6817011,1447,,Eligible for free school meals or transitionally protected,fsmtp,2,,
250,250,Number of pupils,NUM,1,,6817011 - TY-GWYN SPECIAL SCHOOL,6817011,1447,,All pupils,all,3,,Total
65,65,Number of pupils,NUM,1,,6817019 - THE HOLLIES SCHOOL,6817019,1448,,Eligible for free school meals,fsm,1,,
70,70,Number of pupils,NUM,1,,6817019 - THE HOLLIES SCHOOL,6817019,1448,,Eligible for free school meals or transitionally protected,fsmtp,2,,
135,135,Number of pupils,NUM,1,,6817019 - THE HOLLIES SCHOOL,6817019,1448,,All pupils,all,3,,Total
45,45,Number of pupils,NUM,1,,6817021 - MEADOWBANK SPECIAL SCHOOL,6817021,1449,,Eligible for free school meals,fsm,1,,
45,45,Number of pupils,NUM,1,,6817021 - MEADOWBANK SPECIAL SCHOOL,6817021,1449,,Eligible for free school meals or transitionally protected,fsmtp,2,,
100,100,Number of pupils,NUM,1,,6817021 - MEADOWBANK SPECIAL SCHOOL,6817021,1449,,All pupils,all,3,,Total
13.6,13.6,Percentage of pupils,PCT,2,,6602130 - Ysgol Gynradd Amlwch,6602130,1,,Eligible for free school meals,fsm,1,,
23.3,23.3,Percentage of pupils,PCT,2,,6602130 - Ysgol Gynradd Amlwch,6602130,1,,Eligible for free school meals or transitionally protected,fsmtp,2,,
31.3,31.3,Percentage of pupils,PCT,2,,6602131 - Ysgol Gynradd Beaumaris,6602131,2,,Eligible for free school meals,fsm,1,,
37.5,37.5,Percentage of pupils,PCT,2,,6602131 - Ysgol Gynradd Beaumaris,6602131,2,,Eligible for free school meals or transitionally protected,fsmtp,2,,
8.2,8.2,Percentage of pupils,PCT,2,,6602132 - Ysgol Gynradd Bodedern,6602132,3,,Eligible for free school meals,fsm,1,,
17.6,17.6,Percentage of pupils,PCT,2,,6602132 - Ysgol Gynradd Bodedern,6602132,3,,Eligible for free school meals or transitionally protected,fsmtp,2,,
6.6,6.6,Percentage of pupils,PCT,2,,6602133 - Ysgol Gymuned Bodffordd,6602133,4,,Eligible for free school meals,fsm,1,,
7.9,7.9,Percentage of pupils,PCT,2,,6602133 - Ysgol Gymuned Bodffordd,6602133,4,,Eligible for free school meals or transitionally protected,fsmtp,2,,
10.2,10.2,Percentage of pupils,PCT,2,,6602135 - Ysgol Gymuned Bryngwran,6602135,5,,Eligible for free school meals,fsm,1,,
14.3,14.3,Percentage of pupils,PCT,2,,6602135 - Ysgol Gymuned Bryngwran,6602135,5,,Eligible for free school meals or transitionally protected,fsmtp,2,,
,,Percentage of pupils,PCT,2,,6602136 - Ysgol Gynradd Brynsiencyn,6602136,6,,Eligible for free school meals,fsm,1,,Confidential
17.1,17.1,Percentage of pupils,PCT,2,,6602136 - Ysgol Gynradd Brynsiencyn,6602136,6,,Eligible for free school meals or transitionally protected,fsmtp,2,,
27,27,Percentage of pupils,PCT,2,,6602138 - Ysgol Cemaes,6602138,7,,Eligible for free school meals,fsm,1,,
31.7,31.7,Percentage of pupils,PCT,2,,6602138 - Ysgol Cemaes,6602138,7,,Eligible for free school meals or transitionally protected,fsmtp,2,,
11.6,11.6,Percentage of pupils,PCT,2,,6602140 - Ysgol Esceifiog,6602140,8,,Eligible for free school meals,fsm,1,,
14.7,14.7,Percentage of pupils,PCT,2,,6602140 - Ysgol Esceifiog,6602140,8,,Eligible for free school meals or transitionally protected,fsmtp,2,,
22,22,Percentage of pupils,PCT,2,,6602142 - Ysgol Gymuned y Ffridd,6602142,9,,Eligible for free school meals,fsm,1,,
30.5,30.5,Percentage of pupils,PCT,2,,6602142 - Ysgol Gymuned y Ffridd,6602142,9,,Eligible for free school meals or transitionally protected,fsmtp,2,,
21.6,21.6,Percentage of pupils,PCT,2,,6602145 - Ysgol Gymuned Moelfre,6602145,10,,Eligible for free school meals,fsm,1,,
39.2,39.2,Percentage of pupils,PCT,2,,6602145 - Ysgol Gymuned Moelfre,6602145,10,,Eligible for free school meals or transitionally protected,fsmtp,2,,
,,Percentage of pupils,PCT,2,,6602146 - Ysgol Gynradd Llanbedrgoch,6602146,11,,Eligible for free school meals,fsm,1,,Confidential
27.3,27.3,Percentage of pupils,PCT,2,,6602146 - Ysgol Gynradd Llanbedrgoch,6602146,11,,Eligible for free school meals or transitionally protected,fsmtp,2,,
1.8,1.8,Percentage of pupils,PCT,2,,6602152 - Ysgol Gynradd Llanfairpwll,6602152,12,,Eligible for free school meals,fsm,1,,
3.3,3.3,Percentage of pupils,PCT,2,,6602152 - Ysgol Gynradd Llanfairpwll,6602152,12,,Eligible for free school meals or transitionally protected,fsmtp,2,,
13.6,13.6,Percentage of pupils,PCT,2,,6602153 - Ysgol Gymuned Llanfechell,6602153,13,,Eligible for free school meals,fsm,1,,
16,16,Percentage of pupils,PCT,2,,6602153 - Ysgol Gymuned Llanfechell,6602153,13,,Eligible for free school meals or transitionally protected,fsmtp,2,,
23.2,23.2,Percentage of pupils,PCT,2,,6602154 - Ysgol Y Graig,6602154,14,,Eligible for free school meals,fsm,1,,
37.9,37.9,Percentage of pupils,PCT,2,,6602154 - Ysgol Y Graig,6602154,14,,Eligible for free school meals or transitionally protected,fsmtp,2,,
18.8,18.8,Percentage of pupils,PCT,2,,6602155 - YSGOL GYNRADD LLANGOED,6602155,15,,Eligible for free school meals,fsm,1,,
24.7,24.7,Percentage of pupils,PCT,2,,6602155 - YSGOL GYNRADD LLANGOED,6602155,15,,Eligible for free school meals or transitionally protected,fsmtp,2,,
8.9,8.9,Percentage of pupils,PCT,2,,6602156 - Ysgol Henblas,6602156,16,,Eligible for free school meals,fsm,1,,
12.2,12.2,Percentage of pupils,PCT,2,,6602156 - Ysgol Henblas,6602156,16,,Eligible for free school meals or transitionally protected,fsmtp,2,,
15.4,15.4,Percentage of pupils,PCT,2,,6602157 - Ysgol Gymuned Llannerch-y-medd,6602157,17,,Eligible for free school meals,fsm,1,,
21.1,21.1,Percentage of pupils,PCT,2,,6602157 - Ysgol Gymuned Llannerch-y-medd,6602157,17,,Eligible for free school meals or transitionally protected,fsmtp,2,,
0,0,Percentage of pupils,PCT,2,,6602160 - Ysgol Pencarnisiog,6602160,18,,Eligible for free school meals,fsm,1,,
,,Percentage of pupils,PCT,2,,6602160 - Ysgol Pencarnisiog,6602160,18,,Eligible for free school meals or transitionally protected,fsmtp,2,,Confidential
6.5,6.5,Percentage of pupils,PCT,2,,6602161 - Ysgol Gymuned Pentraeth,6602161,19,,Eligible for free school meals,fsm,1,,
15.6,15.6,Percentage of pupils,PCT,2,,6602161 - Ysgol Gymuned Pentraeth,6602161,19,,Eligible for free school meals or transitionally protected,fsmtp,2,,
7.8,7.8,Percentage of pupils,PCT,2,,6602162 - Ysgol Penysarn,6602162,20,,Eligible for free school meals,fsm,1,,
18.8,18.8,Percentage of pupils,PCT,2,,6602162 - Ysgol Penysarn,6602162,20,,Eligible for free school meals or transitionally protected,fsmtp,2,,
4.7,4.7,Percentage of pupils,PCT,2,,6602163 - Ysgol Santes Gwenfaen,6602163,21,,Eligible for free school meals,fsm,1,,
9.4,9.4,Percentage of pupils,PCT,2,,6602163 - Ysgol Santes Gwenfaen,6602163,21,,Eligible for free school meals or transitionally protected,fsmtp,2,,
6.7,6.7,Percentage of pupils,PCT,2,,6602164 - Ysgol Gynradd Rhosneigr,6602164,22,,Eligible for free school meals,fsm,1,,
14.7,14.7,Percentage of pupils,PCT,2,,6602164 - Ysgol Gynradd Rhosneigr,6602164,22,,Eligible for free school meals or transitionally protected,fsmtp,2,,
,,Percentage of pupils,PCT,2,,6602165 - Ysgol Gynradd Rhosybol,6602165,23,,Eligible for free school meals,fsm,1,,Confidential
12,12,Percentage of pupils,PCT,2,,6602165 - Ysgol Gynradd Rhosybol,6602165,23,,Eligible for free school meals or transitionally protected,fsmtp,2,,
23.7,23.7,Percentage of pupils,PCT,2,,6602168 - Ysgol Gymuned y Fali,6602168,24,,Eligible for free school meals,fsm,1,,
31.4,31.4,Percentage of pupils,PCT,2,,6602168 - Ysgol Gymuned y Fali,6602168,24,,Eligible for free school meals or transitionally protected,fsmtp,2,,
33.6,33.6,Percentage of pupils,PCT,2,,6602169 - Ysgol Llanfawr,6602169,25,,Eligible for free school meals,fsm,1,,
47.7,47.7,Percentage of pupils,PCT,2,,6602169 - Ysgol Llanfawr,6602169,25,,Eligible for free school meals or transitionally protected,fsmtp,2,,
5.1,5.1,Percentage of pupils,PCT,2,,6602170 - Ysgol Goronwy Owen,6602170,26,,Eligible for free school meals,fsm,1,,
11.6,11.6,Percentage of pupils,PCT,2,,6602170 - Ysgol Goronwy Owen,6602170,26,,Eligible for free school meals or transitionally protected,fsmtp,2,,
21,21,Percentage of pupils,PCT,2,,6602173 - Ysgol Gynradd Y Tywyn,6602173,27,,Eligible for free school meals,fsm,1,,
30,30,Percentage of pupils,PCT,2,,6602173 - Ysgol Gynradd Y Tywyn,6602173,27,,Eligible for free school meals or transitionally protected,fsmtp,2,,
6.9,6.9,Percentage of pupils,PCT,2,,6602174 - Ysgol Gynradd Llandegfan,6602174,28,,Eligible for free school meals,fsm,1,,
13.8,13.8,Percentage of pupils,PCT,2,,6602174 - Ysgol Gynradd Llandegfan,6602174,28,,Eligible for free school meals or transitionally protected,fsmtp,2,,
10.9,10.9,Percentage of pupils,PCT,2,,6602175 - Ysgol Gynradd y Borth,6602175,29,,Eligible for free school meals,fsm,1,,
14.6,14.6,Percentage of pupils,PCT,2,,6602175 - Ysgol Gynradd y Borth,6602175,29,,Eligible for free school meals or transitionally protected,fsmtp,2,,
22.9,22.9,Percentage of pupils,PCT,2,,6602176 - Ysgol Gynradd Kingsland,6602176,30,,Eligible for free school meals,fsm,1,,
31.9,31.9,Percentage of pupils,PCT,2,,6602176 - Ysgol Gynradd Kingsland,6602176,30,,Eligible for free school meals or transitionally protected,fsmtp,2,,
10.7,10.7,Percentage of pupils,PCT,2,,6602177 - Ysgol Gymraeg Morswyn,6602177,31,,Eligible for free school meals,fsm,1,,
15.2,15.2,Percentage of pupils,PCT,2,,6602177 - Ysgol Gymraeg Morswyn,6602177,31,,Eligible for free school meals or transitionally protected,fsmtp,2,,
8.3,8.3,Percentage of pupils,PCT,2,,6602226 - Ysgol Gynradd Corn Hir,6602226,32,,Eligible for free school meals,fsm,1,,
11.8,11.8,Percentage of pupils,PCT,2,,6602226 - Ysgol Gynradd Corn Hir,6602226,32,,Eligible for free school meals or transitionally protected,fsmtp,2,,
9.3,9.3,Percentage of pupils,PCT,2,,6602227 - Rhyd y Llan,6602227,33,,Eligible for free school meals,fsm,1,,
18.6,18.6,Percentage of pupils,PCT,2,,6602227 - Rhyd y Llan,6602227,33,,Eligible for free school meals or transitionally protected,fsmtp,2,,
5.3,5.3,Percentage of pupils,PCT,2,,6602228 - Ysgol Parc y Bont,6602228,34,,Eligible for free school meals,fsm,1,,
7.1,7.1,Percentage of pupils,PCT,2,,6602228 - Ysgol Parc y Bont,6602228,34,,Eligible for free school meals or transitionally protected,fsmtp,2,,
24,24,Percentage of pupils,PCT,2,,6603036 - Cybi,6603036,35,,Eligible for free school meals,fsm,1,,
32.5,32.5,Percentage of pupils,PCT,2,,6603036 - Cybi,6603036,35,,Eligible for free school meals or transitionally protected,fsmtp,2,,
22.6,22.6,Percentage of pupils,PCT,2,,6603037 - Ysgol Santes Dwynwen,6603037,36,,Eligible for free school meals,fsm,1,,
30.2,30.2,Percentage of pupils,PCT,2,,6603037 - Ysgol Santes Dwynwen,6603037,36,,Eligible for free school meals or transitionally protected,fsmtp,2,,
22.2,22.2,Percentage of pupils,PCT,2,,6603304 - Ysgol Santes Fair,6603304,37,,Eligible for free school meals,fsm,1,,
29.3,29.3,Percentage of pupils,PCT,2,,6603304 - Ysgol Santes Fair,6603304,37,,Eligible for free school meals or transitionally protected,fsmtp,2,,
15.5,15.5,Percentage of pupils,PCT,2,,6604025 - Ysgol Syr Thomas Jones,6604025,38,,Eligible for free school meals,fsm,1,,
22.9,22.9,Percentage of pupils,PCT,2,,6604025 - Ysgol Syr Thomas Jones,6604025,38,,Eligible for free school meals or transitionally protected,fsmtp,2,,
24.9,24.9,Percentage of pupils,PCT,2,,6604026 - Ysgol Uwchradd Caergybi,6604026,39,,Eligible for free school meals,fsm,1,,
33.7,33.7,Percentage of pupils,PCT,2,,6604026 - Ysgol Uwchradd Caergybi,6604026,39,,Eligible for free school meals or transitionally protected,fsmtp,2,,
15.1,15.1,Percentage of pupils,PCT,2,,6604027 - Ysgol Gyfun Llangefni,6604027,40,,Eligible for free school meals,fsm,1,,
18.5,18.5,Percentage of pupils,PCT,2,,6604027 - Ysgol Gyfun Llangefni,6604027,40,,Eligible for free school meals or transitionally protected,fsmtp,2,,
9.3,9.3,Percentage of pupils,PCT,2,,6604028 - Ysgol David Hughes,6604028,41,,Eligible for free school meals,fsm,1,,
15.3,15.3,Percentage of pupils,PCT,2,,6604028 - Ysgol David Hughes,6604028,41,,Eligible for free school meals or transitionally protected,fsmtp,2,,
17.7,17.7,Percentage of pupils,PCT,2,,6604029 - Ysgol Uwchradd Bodedern,6604029,42,,Eligible for free school meals,fsm,1,,
19.6,19.6,Percentage of pupils,PCT,2,,6604029 - Ysgol Uwchradd Bodedern,6604029,42,,Eligible for free school meals or transitionally protected,fsmtp,2,,
10,10,Percentage of pupils,PCT,2,,6605200 - Ysgol Caergeiliog,6605200,43,,Eligible for free school meals,fsm,1,,
14.2,14.2,Percentage of pupils,PCT,2,,6605200 - Ysgol Caergeiliog,6605200,43,,Eligible for free school meals or transitionally protected,fsmtp,2,,
48.8,48.8,Percentage of pupils,PCT,2,,6607011 - Canolfan Addysg y Bont,6607011,44,,Eligible for free school meals,fsm,1,,
50.4,50.4,Percentage of pupils,PCT,2,,6607011 - Canolfan Addysg y Bont,6607011,44,,Eligible for free school meals or transitionally protected,fsmtp,2,,
20.6,20.6,Percentage of pupils,PCT,2,,6612000 - Ysgol Gwaun Gyfni,6612000,45,,Eligible for free school meals,fsm,1,,
32.1,32.1,Percentage of pupils,PCT,2,,6612000 - Ysgol Gwaun Gyfni,6612000,45,,Eligible for free school meals or transitionally protected,fsmtp,2,,
11.5,11.5,Percentage of pupils,PCT,2,,6612004 - YSGOL GYNRADD NEFYN,6612004,46,,Eligible for free school meals,fsm,1,,
15.3,15.3,Percentage of pupils,PCT,2,,6612004 - YSGOL GYNRADD NEFYN,6612004,46,,Eligible for free school meals or transitionally protected,fsmtp,2,,
3.8,3.8,Percentage of pupils,PCT,2,,6612006 - Ysgol Llanrug,6612006,47,,Eligible for free school meals,fsm,1,,
7.9,7.9,Percentage of pupils,PCT,2,,6612006 - Ysgol Llanrug,6612006,47,,Eligible for free school meals or transitionally protected,fsmtp,2,,
8.5,8.5,Percentage of pupils,PCT,2,,6612008 - Ysgol Gynradd Abererch,6612008,48,,Eligible for free school meals,fsm,1,,
8.5,8.5,Percentage of pupils,PCT,2,,6612008 - Ysgol Gynradd Abererch,6612008,48,,Eligible for free school meals or transitionally protected,fsmtp,2,,
,,Percentage of pupils,PCT,2,,6612010 - YSGOL BEDDGELERT,6612010,49,,Eligible for free school meals,fsm,1,,Confidential
19.4,19.4,Percentage of pupils,PCT,2,,6612010 - YSGOL BEDDGELERT,6612010,49,,Eligible for free school meals or transitionally protected,fsmtp,2,,
4.8,4.8,Percentage of pupils,PCT,2,,6612011 - Ysgol Bethel,6612011,50,,Eligible for free school meals,fsm,1,,
10.2,10.2,Percentage of pupils,PCT,2,,6612011 - Ysgol Bethel,6612011,50,,Eligible for free school meals or transitionally protected,fsmtp,2,,
,,Percentage of pupils,PCT,2,,6612013 - Ysgol Bodfeurig,6612013,51,,Eligible for free school meals,fsm,1,,Confidential
9.1,9.1,Percentage of pupils,PCT,2,,6612013 - Ysgol Bodfeurig,6612013,51,,Eligible for free school meals or transitionally protected,fsmtp,2,,
0,0,Percentage of pupils,PCT,2,,6612015 - YSGOL GYNRADD BORTH-Y-GEST,6612015,52,,Eligible for free school meals,fsm,1,,
,,Percentage of pupils,PCT,2,,6612015 - YSGOL GYNRADD BORTH-Y-GEST,6612015,52,,Eligible for free school meals or transitionally protected,fsmtp,2,,Confidential
14,14,Percentage of pupils,PCT,2,,6612017 - Ysgol Brynaerau,6612017,53,,Eligible for free school meals,fsm,1,,
21.1,21.1,Percentage of pupils,PCT,2,,6612017 - Ysgol Brynaerau,6612017,53,,Eligible for free school meals or transitionally protected,fsmtp,2,,
4.5,4.5,Percentage of pupils,PCT,2,,6612026 - Ysgol Y Gelli,6612026,54,,Eligible for free school meals,fsm,1,,
5.4,5.4,Percentage of pupils,PCT,2,,6612026 - Ysgol Y Gelli,6612026,54,,Eligible for free school meals or transitionally protected,fsmtp,2,,
20.8,20.8,Percentage of pupils,PCT,2,,6612028 - Ysgol Penybryn,6612028,55,,Eligible for free school meals,fsm,1,,
29.2,29.2,Percentage of pupils,PCT,2,,6612028 - Ysgol Penybryn,6612028,55,,Eligible for free school meals or transitionally protected,fsmtp,2,,
6.8,6.8,Percentage of pupils,PCT,2,,6612033 - Ysgol Treferthyr,6612033,56,,Eligible for free school meals,fsm,1,,
11,11,Percentage of pupils,PCT,2,,6612033 - Ysgol Treferthyr,6612033,56,,Eligible for free school meals or transitionally protected,fsmtp,2,,
,,Percentage of pupils,PCT,2,,6612036 - Ysgol Gynradd Chwilog,6612036,57,,Eligible for free school meals,fsm,1,,Confidential
5.5,5.5,Percentage of pupils,PCT,2,,6612036 - Ysgol Gynradd Chwilog,6612036,57,,Eligible for free school meals or transitionally protected,fsmtp,2,,
,,Percentage of pupils,PCT,2,,6612039 - YSGOL CRUD-Y-WERIN,6612039,58,,Eligible for free school meals,fsm,1,,Confidential
,,Percentage of pupils,PCT,2,,6612039 - YSGOL CRUD-Y-WERIN,6612039,58,,Eligible for free school meals or transitionally protected,fsmtp,2,,Confidential
6.1,6.1,Percentage of pupils,PCT,2,,6612042 - Ysgol Dolbadarn,6612042,59,,Eligible for free school meals,fsm,1,,
8.3,8.3,Percentage of pupils,PCT,2,,6612042 - Ysgol Dolbadarn,6612042,59,,Eligible for free school meals or transitionally protected,fsmtp,2,,
7.7,7.7,Percentage of pupils,PCT,2,,6612046 - Ysgol Gynradd Edern,6612046,60,,Eligible for free school meals,fsm,1,,
11.5,11.5,Percentage of pupils,PCT,2,,6612046 - Ysgol Gynradd Edern,6612046,60,,Eligible for free school meals or transitionally protected,fsmtp,2,,
6.6,6.6,Percentage of pupils,PCT,2,,6612048 - Ysgol Bro Plenydd,6612048,61,,Eligible for free school meals,fsm,1,,
11,11,Percentage of pupils,PCT,2,,6612048 - Ysgol Bro Plenydd,6612048,61,,Eligible for free school meals or transitionally protected,fsmtp,2,,
,,Percentage of pupils,PCT,2,,6612049 - Ysgol Gynradd Garndolbenmaen,6612049,62,,Eligible for free school meals,fsm,1,,Confidential
33.3,33.3,Percentage of pupils,PCT,2,,6612049 - Ysgol Gynradd Garndolbenmaen,6612049,62,,Eligible for free school meals or transitionally protected,fsmtp,2,,
,,Percentage of pupils,PCT,2,,6612060 - Ysgol Gynradd Llanbedrog,6612060,63,,Eligible for free school meals,fsm,1,,Confidential
7.2,7.2,Percentage of pupils,PCT,2,,6612060 - Ysgol Gynradd Llanbedrog,6612060,63,,Eligible for free school meals or transitionally protected,fsmtp,2,,
26.1,26.1,Percentage of pupils,PCT,2,,6612066 - Ysgol Gynradd Llangybi,6612066,64,,Eligible for free school meals,fsm,1,,
26.1,26.1,Percentage of pupils,PCT,2,,6612066 - Ysgol Gynradd Llangybi,6612066,64,,Eligible for free school meals or transitionally protected,fsmtp,2,,
12.3,12.3,Percentage of pupils,PCT,2,,6612069 - Ysgol Llanllechid,6612069,65,,Eligible for free school meals,fsm,1,,
18.1,18.1,Percentage of pupils,PCT,2,,6612069 - Ysgol Llanllechid,6612069,65,,Eligible for free school meals or transitionally protected,fsmtp,2,,
13,13,Percentage of pupils,PCT,2,,6612070 - Ysgol Gynradd Llanllyfni,6612070,66,,Eligible for free school meals,fsm,1,,
20.8,20.8,Percentage of pupils,PCT,2,,6612070 - Ysgol Gynradd Llanllyfni,6612070,66,,Eligible for free school meals or transitionally protected,fsmtp,2,,
,,Percentage of pupils,PCT,2,,6612075 - YSGOL BABANOD MORFA NEFYN,6612075,67,,Eligible for free school meals,fsm,1,,Confidential
,,Percentage of pupils,PCT,2,,6612075 - YSGOL BABANOD MORFA NEFYN,6612075,67,,Eligible for free school meals or transitionally protected,fsmtp,2,,Confidential
46.2,46.2,Percentage of pupils,PCT,2,,6612078 - Ysgol Baladeulyn,6612078,68,,Eligible for free school meals,fsm,1,,
46.2,46.2,Percentage of pupils,PCT,2,,6612078 - Ysgol Baladeulyn,6612078,68,,Eligible for free school meals or transitionally protected,fsmtp,2,,
50,50,Percentage of pupils,PCT,2,,6612081 - Ysgol Gynradd Nebo,6612081,69,,Eligible for free school meals,fsm,1,,
50,50,Percentage of pupils,PCT,2,,6612081 - Ysgol Gynradd Nebo,6612081,69,,Eligible for free school meals or transitionally protected,fsmtp,2,,
,,Percentage of pupils,PCT,2,,6612085 - Ysgol Gymuned Penisarwaun,6612085,70,,Eligible for free school meals,fsm,1,,Confidential
12.8,12.8,Percentage of pupils,PCT,2,,6612085 - Ysgol Gymuned Penisarwaun,6612085,70,,Eligible for free school meals or transitionally protected,fsmtp,2,,
13.2,13.2,Percentage of pupils,PCT,2,,6612089 - Ysgol Bro Lleu,6612089,71,,Eligible for free school meals,fsm,1,,
21.1,21.1,Percentage of pupils,PCT,2,,6612089 - Ysgol Bro Lleu,6612089,71,,Eligible for free school meals or transitionally protected,fsmtp,2,,
6.5,6.5,Percentage of pupils,PCT,2,,6612093 - YSGOL GYNRADD  PENTREUCHAF,6612093,72,,Eligible for free school meals,fsm,1,,
8.6,8.6,Percentage of pupils,PCT,2,,6612093 - YSGOL GYNRADD  PENTREUCHAF,6612093,72,,Eligible for free school meals or transitionally protected,fsmtp,2,,
13.9,13.9,Percentage of pupils,PCT,2,,6612097 - Ysgol Rhiwlas,6612097,73,,Eligible for free school meals,fsm,1,,
16.7,16.7,Percentage of pupils,PCT,2,,6612097 - Ysgol Rhiwlas,6612097,73,,Eligible for free school meals or transitionally protected,fsmtp,2,,
33.3,33.3,Percentage of pupils,PCT,2,,6612098 - Ysgol Gynradd Rhosgadfan,6612098,74,,Eligible for free school meals,fsm,1,,
38.5,38.5,Percentage of pupils,PCT,2,,6612098 - Ysgol Gynradd Rhosgadfan,6612098,74,,Eligible for free school meals or transitionally protected,fsmtp,2,,
14.1,14.1,Percentage of pupils,PCT,2,,6612099 - Ysgol Gynradd Rhostryfan,6612099,75,,Eligible for free school meals,fsm,1,,
17.9,17.9,Percentage of pupils,PCT,2,,6612099 - Ysgol Gynradd Rhostryfan,6612099,75,,Eligible for free school meals or transitionally protected,fsmtp,2,,
,,Percentage of pupils,PCT,2,,6612103 - YSGOL SARN BACH,6612103,76,,Eligible for free school meals,fsm,1,,Confidential
,,Percentage of pupils,PCT,2,,6612103 - YSGOL SARN BACH,6612103,76,,Eligible for free school meals or transitionally protected,fsmtp,2,,Confidential
8.5,8.5,Percentage of pupils,PCT,2,,6612104 - Ysgol Eifion Wyn,6612104,77,,Eligible for free school meals,fsm,1,,
13.2,13.2,Percentage of pupils,PCT,2,,6612104 - Ysgol Eifion Wyn,6612104,77,,Eligible for free school meals or transitionally protected,fsmtp,2,,
19.8,19.8,Percentage of pupils,PCT,2,,6612108 - Ysgol Gynradd Talysarn,6612108,78,,Eligible for free school meals,fsm,1,,
28.1,28.1,Percentage of pupils,PCT,2,,6612108 - Ysgol Gynradd Talysarn,6612108,78,,Eligible for free school meals or transitionally protected,fsmtp,2,,
5.5,5.5,Percentage of pupils,PCT,2,,6612110 - YSGOL Y GORLAN,6612110,79,,Eligible for free school meals,fsm,1,,
16.5,16.5,Percentage of pupils,PCT,2,,6612110 - YSGOL Y GORLAN,6612110,79,,Eligible for free school meals or transitionally protected,fsmtp,2,,
22.7,22.7,Percentage of pupils,PCT,2,,6612111 - Ysgol yr Eifl,6612111,80,,Eligible for free school meals,fsm,1,,
22.7,22.7,Percentage of pupils,PCT,2,,6612111 - Ysgol yr Eifl,6612111,80,,Eligible for free school meals or transitionally protected,fsmtp,2,,
,,Percentage of pupils,PCT,2,,6612112 - YSGOL GYNRADD TUDWEILIOG,6612112,81,,Eligible for free school meals,fsm,1,,Confidential
,,Percentage of pupils,PCT,2,,6612112 - YSGOL GYNRADD TUDWEILIOG,6612112,81,,Eligible for free school meals or transitionally protected,fsmtp,2,,Confidential
9.5,9.5,Percentage of pupils,PCT,2,,6612113 - Ysgol Waunfawr,6612113,82,,Eligible for free school meals,fsm,1,,
16.4,16.4,Percentage of pupils,PCT,2,,6612113 - Ysgol Waunfawr,6612113,82,,Eligible for free school meals or transitionally protected,fsmtp,2,,
40.2,40.2,Percentage of pupils,PCT,2,,6612116 - Ysgol Glancegin,6612116,83,,Eligible for free school meals,fsm,1,,
53,53,Percentage of pupils,PCT,2,,6612116 - Ysgol Glancegin,6612116,83,,Eligible for free school meals or transitionally protected,fsmtp,2,,
22.5,22.5,Percentage of pupils,PCT,2,,6612119 - Ysgol Yr Hendre,6612119,84,,Eligible for free school meals,fsm,1,,
32.3,32.3,Percentage of pupils,PCT,2,,6612119 - Ysgol Yr Hendre,6612119,84,,Eligible for free school meals or transitionally protected,fsmtp,2,,
2.8,2.8,Percentage of pupils,PCT,2,,6612122 - Ysgol Bontnewydd,6612122,85,,Eligible for free school meals,fsm,1,,
4.7,4.7,Percentage of pupils,PCT,2,,6612122 - Ysgol Bontnewydd,6612122,85,,Eligible for free school meals or transitionally protected,fsmtp,2,,
12.2,12.2,Percentage of pupils,PCT,2,,6612123 - Ysgol Gymraeg y Garnedd,6612123,86,,Eligible for free school meals,fsm,1,,
18.3,18.3,Percentage of pupils,PCT,2,,6612123 - Ysgol Gymraeg y Garnedd,6612123,86,,Eligible for free school meals or transitionally protected,fsmtp,2,,
12.3,12.3,Percentage of pupils,PCT,2,,6612125 - Ysgol Cymerau,6612125,87,,Eligible for free school meals,fsm,1,,
16.6,16.6,Percentage of pupils,PCT,2,,6612125 - Ysgol Cymerau,6612125,87,,Eligible for free school meals or transitionally protected,fsmtp,2,,
21.1,21.1,Percentage of pupils,PCT,2,,6612126 - Ysgol Abercaseg (Babanod),6612126,88,,Eligible for free school meals,fsm,1,,
21.1,21.1,Percentage of pupils,PCT,2,,6612126 - Ysgol Abercaseg (Babanod),6612126,88,,Eligible for free school meals or transitionally protected,fsmtp,2,,
4.5,4.5,Percentage of pupils,PCT,2,,6612127 - Ysgol y Felinheli,6612127,89,,Eligible for free school meals,fsm,1,,
7,7,Percentage of pupils,PCT,2,,6612127 - Ysgol y Felinheli,6612127,89,,Eligible for free school meals or transitionally protected,fsmtp,2,,
16.2,16.2,Percentage of pupils,PCT,2,,6612181 - Ysgol y Traeth,6612181,90,,Eligible for free school meals,fsm,1,,
26.5,26.5,Percentage of pupils,PCT,2,,6612181 - Ysgol y Traeth,6612181,90,,Eligible for free school meals or transitionally protected,fsmtp,2,,
,,Percentage of pupils,PCT,2,,6612185 - Ysgol Gynradd Dyffryn Dulas,6612185,91,,Eligible for free school meals,fsm,1,,Confidential
15.2,15.2,Percentage of pupils,PCT,2,,6612185 - Ysgol Gynradd Dyffryn Dulas,6612185,91,,Eligible for free school meals or transitionally protected,fsmtp,2,,
13.2,13.2,Percentage of pupils,PCT,2,,6612189 - Ysgol Gynradd Dyffryn Ardudwy,6612189,92,,Eligible for free school meals,fsm,1,,
14.7,14.7,Percentage of pupils,PCT,2,,6612189 - Ysgol Gynradd Dyffryn Ardudwy,6612189,92,,Eligible for free school meals or transitionally protected,fsmtp,2,,
0,0,Percentage of pupils,PCT,2,,6612190 - Ysgol Bro Cynfal,6612190,93,,Eligible for free school meals,fsm,1,,
20,20,Percentage of pupils,PCT,2,,6612190 - Ysgol Bro Cynfal,6612190,93,,Eligible for free school meals or transitionally protected,fsmtp,2,,
33.3,33.3,Percentage of pupils,PCT,2,,6612192 - Ysgol Edmwnd Prys,6612192,94,,Eligible for free school meals,fsm,1,,
33.3,33.3,Percentage of pupils,PCT,2,,6612192 - Ysgol Edmwnd Prys,6612192,94,,Eligible for free school meals or transitionally protected,fsmtp,2,,
,,Percentage of pupils,PCT,2,,6612194 - Ysgol Gynradd Llanbedr,6612194,95,,Eligible for free school meals,fsm,1,,Confidential
,,Percentage of pupils,PCT,2,,6612194 - Ysgol Gynradd Llanbedr,6612194,95,,Eligible for free school meals or transitionally protected,fsmtp,2,,Confidential
,,Percentage of pupils,PCT,2,,6612198 - YSGOL Y GARREG,6612198,96,,Eligible for free school meals,fsm,1,,Confidential
,,Percentage of pupils,PCT,2,,6612198 - YSGOL Y GARREG,6612198,96,,Eligible for free school meals or transitionally protected,fsmtp,2,,Confidential
0,0,Percentage of pupils,PCT,2,,6612199 - Ysgol O M Edwards,6612199,97,,Eligible for free school meals,fsm,1,,
,,Percentage of pupils,PCT,2,,6612199 - Ysgol O M Edwards,6612199,97,,Eligible for free school meals or transitionally protected,fsmtp,2,,Confidential
12.8,12.8,Percentage of pupils,PCT,2,,6612205 - Ysgol Manod,6612205,98,,Eligible for free school meals,fsm,1,,
20.9,20.9,Percentage of pupils,PCT,2,,6612205 - Ysgol Manod,6612205,98,,Eligible for free school meals or transitionally protected,fsmtp,2,,
,,Percentage of pupils,PCT,2,,6612207 - Ysgol Gynradd Pennal,6612207,99,,Eligible for free school meals,fsm,1,,Confidential
,,Percentage of pupils,PCT,2,,6612207 - Ysgol Gynradd Pennal,6612207,99,,Eligible for free school meals or transitionally protected,fsmtp,2,,Confidential
6.4,6.4,Percentage of pupils,PCT,2,,6612208 - Ysgol Cefn Coch,6612208,100,,Eligible for free school meals,fsm,1,,
12.7,12.7,Percentage of pupils,PCT,2,,6612208 - Ysgol Cefn Coch,6612208,100,,Eligible for free school meals or transitionally protected,fsmtp,2,,
,,Percentage of pupils,PCT,2,,6612210 - Ysgol Talsarnau,6612210,101,,Eligible for free school meals,fsm,1,,Confidential
,,Percentage of pupils,PCT,2,,6612210 - Ysgol Talsarnau,6612210,101,,Eligible for free school meals or transitionally protected,fsmtp,2,,Confidential
25,25,Percentage of pupils,PCT,2,,6612211 - Ysgol Gynradd Tanygrisiau,6612211,102,,Eligible for free school meals,fsm,1,,
25,25,Percentage of pupils,PCT,2,,6612211 - Ysgol Gynradd Tanygrisiau,6612211,102,,Eligible for free school meals or transitionally protected,fsmtp,2,,
10,10,Percentage of pupils,PCT,2,,6612212 - Ysgol Gynradd Penybryn,6612212,103,,Eligible for free school meals,fsm,1,,
15.4,15.4,Percentage of pupils,PCT,2,,6612212 - Ysgol Gynradd Penybryn,6612212,103,,Eligible for free school meals or transitionally protected,fsmtp,2,,
7.8,7.8,Percentage of pupils,PCT,2,,6612213 - Ysgol Bro Hedd Wyn,6612213,104,,Eligible for free school meals,fsm,1,,
12.5,12.5,Percentage of pupils,PCT,2,,6612213 - Ysgol Bro Hedd Wyn,6612213,104,,Eligible for free school meals or transitionally protected,fsmtp,2,,
,,Percentage of pupils,PCT,2,,6612214 - Ysgol Bro Tryweryn,6612214,105,,Eligible for free school meals,fsm,1,,Confidential
,,Percentage of pupils,PCT,2,,6612214 - Ysgol Bro Tryweryn,6612214,105,,Eligible for free school meals or transitionally protected,fsmtp,2,,Confidential
9.1,9.1,Percentage of pupils,PCT,2,,6612219 - Ysgol Tanycastell,6612219,106,,Eligible for free school meals,fsm,1,,
13,13,Percentage of pupils,PCT,2,,6612219 - Ysgol Tanycastell,6612219,106,,Eligible for free school meals or transitionally protected,fsmtp,2,,
13.3,13.3,Percentage of pupils,PCT,2,,6612220 - Ysgol Ffridd y LLyn,6612220,107,,Eligible for free school meals,fsm,1,,
28.9,28.9,Percentage of pupils,PCT,2,,6612220 - Ysgol Ffridd y LLyn,6612220,107,,Eligible for free school meals or transitionally protected,fsmtp,2,,
15.4,15.4,Percentage of pupils,PCT,2,,6612221 - Ysgol Maenofferen,6612221,108,,Eligible for free school meals,fsm,1,,
25.2,25.2,Percentage of pupils,PCT,2,,6612221 - Ysgol Maenofferen,6612221,108,,Eligible for free school meals or transitionally protected,fsmtp,2,,
20.4,20.4,Percentage of pupils,PCT,2,,6612227 - Ysgol Hirael,6612227,109,,Eligible for free school meals,fsm,1,,
30.9,30.9,Percentage of pupils,PCT,2,,6612227 - Ysgol Hirael,6612227,109,,Eligible for free school meals or transitionally protected,fsmtp,2,,
5.3,5.3,Percentage of pupils,PCT,2,,6612228 - Ysgol Craig y Deryn,6612228,110,,Eligible for free school meals,fsm,1,,
5.3,5.3,Percentage of pupils,PCT,2,,6612228 - Ysgol Craig y Deryn,6612228,110,,Eligible for free school meals or transitionally protected,fsmtp,2,,
4.7,4.7,Percentage of pupils,PCT,2,,6612229 - Ysgol Bro Llifon,6612229,111,,Eligible for free school meals,fsm,1,,
7.3,7.3,Percentage of pupils,PCT,2,,6612229 - Ysgol Bro Llifon,6612229,111,,Eligible for free school meals or transitionally protected,fsmtp,2,,
7.9,7.9,Percentage of pupils,PCT,2,,6613004 - YSGOL PONT Y GOF,6613004,112,,Eligible for free school meals,fsm,1,,
9.9,9.9,Percentage of pupils,PCT,2,,6613004 - YSGOL PONT Y GOF,6613004,112,,Eligible for free school meals or transitionally protected,fsmtp,2,,
32.3,32.3,Percentage of pupils,PCT,2,,6613005 - Ysgol Gynradd Maesincla,6613005,113,,Eligible for free school meals,fsm,1,,
41,41,Percentage of pupils,PCT,2,,6613005 - Ysgol Gynradd Maesincla,6613005,113,,Eligible for free school meals or transitionally protected,fsmtp,2,,
8.9,8.9,Percentage of pupils,PCT,2,,6613009 - Ysgol Y Faenol,6613009,114,,Eligible for free school meals,fsm,1,,
10.7,10.7,Percentage of pupils,PCT,2,,6613009 - Ysgol Y Faenol,6613009,114,,Eligible for free school meals or transitionally protected,fsmtp,2,,
,,Percentage of pupils,PCT,2,,6613010 - YSGOL FOEL GRON,6613010,115,,Eligible for free school meals,fsm,1,,Confidential
20.7,20.7,Percentage of pupils,PCT,2,,6613010 - YSGOL FOEL GRON,6613010,115,,Eligible for free school meals or transitionally protected,fsmtp,2,,
17.5,17.5,Percentage of pupils,PCT,2,,6613013 - Ysgol Llandygai,6613013,116,,Eligible for free school meals,fsm,1,,
27.5,27.5,Percentage of pupils,PCT,2,,6613013 - Ysgol Llandygai,6613013,116,,Eligible for free school meals or transitionally protected,fsmtp,2,,
0,0,Percentage of pupils,PCT,2,,6613018 - Ysgol Gynradd Llandwrog,6613018,117,,Eligible for free school meals,fsm,1,,
,,Percentage of pupils,PCT,2,,6613018 - Ysgol Gynradd Llandwrog,6613018,117,,Eligible for free school meals or transitionally protected,fsmtp,2,,Confidential
0,0,Percentage of pupils,PCT,2,,6613023 - Ysgol Gynradd Llanystumdwy,6613023,118,,Eligible for free school meals,fsm,1,,
20,20,Percentage of pupils,PCT,2,,6613023 - Ysgol Gynradd Llanystumdwy,6613023,118,,Eligible for free school meals or transitionally protected,fsmtp,2,,
9.6,9.6,Percentage of pupils,PCT,2,,6613029 - Ysgol Tregarth,6613029,119,,Eligible for free school meals,fsm,1,,
14,14,Percentage of pupils,PCT,2,,6613029 - Ysgol Tregarth,6613029,119,,Eligible for free school meals or transitionally protected,fsmtp,2,,
12.7,12.7,Percentage of pupils,PCT,2,,6613030 - Ysgol Cae Top,6613030,120,,Eligible for free school meals,fsm,1,,
17.8,17.8,Percentage of pupils,PCT,2,,6613030 - Ysgol Cae Top,6613030,120,,Eligible for free school meals or transitionally protected,fsmtp,2,,
25,25,Percentage of pupils,PCT,2,,6613300 - Ysgol Santes Helen,6613300,121,,Eligible for free school meals,fsm,1,,
35,35,Percentage of pupils,PCT,2,,6613300 - Ysgol Santes Helen,6613300,121,,Eligible for free school meals or transitionally protected,fsmtp,2,,
9.9,9.9,Percentage of pupils,PCT,2,,6613301 - Ysgol Ein Harglwyddes,6613301,122,,Eligible for free school meals,fsm,1,,
16.4,16.4,Percentage of pupils,PCT,2,,6613301 - Ysgol Ein Harglwyddes,6613301,122,,Eligible for free school meals or transitionally protected,fsmtp,2,,
15.3,15.3,Percentage of pupils,PCT,2,,6614002 - Ysgol Dyffryn Ogwen Bethesda,6614002,123,,Eligible for free school meals,fsm,1,,
20.6,20.6,Percentage of pupils,PCT,2,,6614002 - Ysgol Dyffryn Ogwen Bethesda,6614002,123,,Eligible for free school meals or transitionally protected,fsmtp,2,,
10.7,10.7,Percentage of pupils,PCT,2,,6614003 - Ysgol Botwnnog,6614003,124,,Eligible for free school meals,fsm,1,,
17.3,17.3,Percentage of pupils,PCT,2,,6614003 - Ysgol Botwnnog,6614003,124,,Eligible for free school meals or transitionally protected,fsmtp,2,,
8.1,8.1,Percentage of pupils,PCT,2,,6614004 - Ysgol Brynrefail,6614004,125,,Eligible for free school meals,fsm,1,,
13.1,13.1,Percentage of pupils,PCT,2,,6614004 - Ysgol Brynrefail,6614004,125,,Eligible for free school meals or transitionally protected,fsmtp,2,,
12.1,12.1,Percentage of pupils,PCT,2,,6614007 - Ysgol Dyffryn Nantlle,6614007,126,,Eligible for free school meals,fsm,1,,
18.6,18.6,Percentage of pupils,PCT,2,,6614007 - Ysgol Dyffryn Nantlle,6614007,126,,Eligible for free school meals or transitionally protected,fsmtp,2,,
9.1,9.1,Percentage of pupils,PCT,2,,6614009 - YSGOL EIFIONYDD,6614009,127,,Eligible for free school meals,fsm,1,,
18,18,Percentage of pupils,PCT,2,,6614009 - YSGOL EIFIONYDD,6614009,127,,Eligible for free school meals or transitionally protected,fsmtp,2,,
16.1,16.1,Percentage of pupils,PCT,2,,6614031 - Ysgol Y Moelwyn,6614031,128,,Eligible for free school meals,fsm,1,,
17.2,17.2,Percentage of pupils,PCT,2,,6614031 - Ysgol Y Moelwyn,6614031,128,,Eligible for free school meals or transitionally protected,fsmtp,2,,
13,13,Percentage of pupils,PCT,2,,6614032 - YSGOL UWCHRADD TYWYN,6614032,129,,Eligible for free school meals,fsm,1,,
17.8,17.8,Percentage of pupils,PCT,2,,6614032 - YSGOL UWCHRADD TYWYN,6614032,129,,Eligible for free school meals or transitionally protected,fsmtp,2,,
12.1,12.1,Percentage of pupils,PCT,2,,6614034 - Ysgol Ardudwy,6614034,130,,Eligible for free school meals,fsm,1,,
19,19,Percentage of pupils,PCT,2,,6614034 - Ysgol Ardudwy,6614034,130,,Eligible for free school meals or transitionally protected,fsmtp,2,,
10.8,10.8,Percentage of pupils,PCT,2,,6614036 - Ysgol Friars,6614036,131,,Eligible for free school meals,fsm,1,,
16.7,16.7,Percentage of pupils,PCT,2,,6614036 - Ysgol Friars,6614036,131,,Eligible for free school meals or transitionally protected,fsmtp,2,,
10.3,10.3,Percentage of pupils,PCT,2,,6614037 - Ysgol Tryfan,6614037,132,,Eligible for free school meals,fsm,1,,
15,15,Percentage of pupils,PCT,2,,6614037 - Ysgol Tryfan,6614037,132,,Eligible for free school meals or transitionally protected,fsmtp,2,,
13.2,13.2,Percentage of pupils,PCT,2,,6614039 - Ysgol Syr Hugh Owen,6614039,133,,Eligible for free school meals,fsm,1,,
21.4,21.4,Percentage of pupils,PCT,2,,6614039 - Ysgol Syr Hugh Owen,6614039,133,,Eligible for free school meals or transitionally protected,fsmtp,2,,
11.8,11.8,Percentage of pupils,PCT,2,,6614040 - Ysgol Glan y Mor,6614040,134,,Eligible for free school meals,fsm,1,,
20.7,20.7,Percentage of pupils,PCT,2,,6614040 - Ysgol Glan y Mor,6614040,134,,Eligible for free school meals or transitionally protected,fsmtp,2,,
8.3,8.3,Percentage of pupils,PCT,2,,6615500 - Bro Idris,6615500,135,,Eligible for free school meals,fsm,1,,
14.8,14.8,Percentage of pupils,PCT,2,,6615500 - Bro Idris,6615500,135,,Eligible for free school meals or transitionally protected,fsmtp,2,,
6.3,6.3,Percentage of pupils,PCT,2,,6615501 - YSGOL Godre'r Berwyn,6615501,136,,Eligible for free school meals,fsm,1,,
23.1,23.1,Percentage of pupils,PCT,2,,6615501 - YSGOL Godre'r Berwyn,6615501,136,,Eligible for free school meals or transitionally protected,fsmtp,2,,
52.2,52.2,Percentage of pupils,PCT,2,,6617002 - Ysgol Pendalar,6617002,137,,Eligible for free school meals,fsm,1,,
56.5,56.5,Percentage of pupils,PCT,2,,6617002 - Ysgol Pendalar,6617002,137,,Eligible for free school meals or transitionally protected,fsmtp,2,,
28.4,28.4,Percentage of pupils,PCT,2,,6617010 - Ysgol Hafod Lon,6617010,138,,Eligible for free school meals,fsm,1,,
29.3,29.3,Percentage of pupils,PCT,2,,6617010 - Ysgol Hafod Lon,6617010,138,,Eligible for free school meals or transitionally protected,fsmtp,2,,
0,0,Percentage of pupils,PCT,2,,6622012 - Ysgol Betws y Coed,6622012,139,,Eligible for free school meals,fsm,1,,
,,Percentage of pupils,PCT,2,,6622012 - Ysgol Betws y Coed,6622012,139,,Eligible for free school meals or transitionally protected,fsmtp,2,,Confidential
8.8,8.8,Percentage of pupils,PCT,2,,6622023 - Ysgol Capelulo,6622023,140,,Eligible for free school meals,fsm,1,,
16.2,16.2,Percentage of pupils,PCT,2,,6622023 - Ysgol Capelulo,6622023,140,,Eligible for free school meals or transitionally protected,fsmtp,2,,
11.3,11.3,Percentage of pupils,PCT,2,,6622038 - Ysgol Deganwy,6622038,141,,Eligible for free school meals,fsm,1,,
16.2,16.2,Percentage of pupils,PCT,2,,6622038 - Ysgol Deganwy,6622038,141,,Eligible for free school meals or transitionally protected,fsmtp,2,,
,,Percentage of pupils,PCT,2,,6622043 - Ysgol Dolwyddelan,6622043,142,,Eligible for free school meals,fsm,1,,Confidential
,,Percentage of pupils,PCT,2,,6622043 - Ysgol Dolwyddelan,6622043,142,,Eligible for free school meals or transitionally protected,fsmtp,2,,Confidential
31,31,Percentage of pupils,PCT,2,,6622044 - Ysgol Ffordd Dyffryn,6622044,143,,Eligible for free school meals,fsm,1,,
44.3,44.3,Percentage of pupils,PCT,2,,6622044 - Ysgol Ffordd Dyffryn,6622044,143,,Eligible for free school meals or transitionally protected,fsmtp,2,,
3.4,3.4,Percentage of pupils,PCT,2,,6622053 - Ysgol Glanwydden,6622053,144,,Eligible for free school meals,fsm,1,,
7.1,7.1,Percentage of pupils,PCT,2,,6622053 - Ysgol Glanwydden,6622053,144,,Eligible for free school meals or transitionally protected,fsmtp,2,,
20.1,20.1,Percentage of pupils,PCT,2,,6622061 - Ysgol Tudno,6622061,145,,Eligible for free school meals,fsm,1,,
27.7,27.7,Percentage of pupils,PCT,2,,6622061 - Ysgol Tudno,6622061,145,,Eligible for free school meals or transitionally protected,fsmtp,2,,
29.4,29.4,Percentage of pupils,PCT,2,,6622063 - Ysgol Morfa Rhianedd,6622063,146,,Eligible for free school meals,fsm,1,,
45.1,45.1,Percentage of pupils,PCT,2,,6622063 - Ysgol Morfa Rhianedd,6622063,146,,Eligible for free school meals or transitionally protected,fsmtp,2,,
,,Percentage of pupils,PCT,2,,6622086 - Ysgol Penmachno,6622086,147,,Eligible for free school meals,fsm,1,,Confidential
,,Percentage of pupils,PCT,2,,6622086 - Ysgol Penmachno,6622086,147,,Eligible for free school meals or transitionally protected,fsmtp,2,,Confidential
10.5,10.5,Percentage of pupils,PCT,2,,6622103 - Ysgol Llandrillo yn Rhos,6622103,148,,Eligible for free school meals,fsm,1,,
17.1,17.1,Percentage of pupils,PCT,2,,6622103 - Ysgol Llandrillo yn Rhos,6622103,148,,Eligible for free school meals or transitionally protected,fsmtp,2,,
35.6,35.6,Percentage of pupils,PCT,2,,6622104 - Ysgol Talhaiarn,6622104,149,,Eligible for free school meals,fsm,1,,
46.7,46.7,Percentage of pupils,PCT,2,,6622104 - Ysgol Talhaiarn,6622104,149,,Eligible for free school meals or transitionally protected,fsmtp,2,,
23.8,23.8,Percentage of pupils,PCT,2,,6622106 - Ysgol Babanod Mochdre,6622106,150,,Eligible for free school meals,fsm,1,,
35.7,35.7,Percentage of pupils,PCT,2,,6622106 - Ysgol Babanod Mochdre,6622106,150,,Eligible for free school meals or transitionally protected,fsmtp,2,,
18.2,18.2,Percentage of pupils,PCT,2,,6622108 - Ysgol  T. Gwynn Jones,6622108,151,,Eligible for free school meals,fsm,1,,
20.3,20.3,Percentage of pupils,PCT,2,,6622108 - Ysgol  T. Gwynn Jones,6622108,151,,Eligible for free school meals or transitionally protected,fsmtp,2,,
28.9,28.9,Percentage of pupils,PCT,2,,6622110 - Ysgol Maes Owen,6622110,152,,Eligible for free school meals,fsm,1,,
44.6,44.6,Percentage of pupils,PCT,2,,6622110 - Ysgol Maes Owen,6622110,152,,Eligible for free school meals or transitionally protected,fsmtp,2,,
19.3,19.3,Percentage of pupils,PCT,2,,6622111 - Ysgol Glan Gele,6622111,153,,Eligible for free school meals,fsm,1,,
23.2,23.2,Percentage of pupils,PCT,2,,6622111 - Ysgol Glan Gele,6622111,153,,Eligible for free school meals or transitionally protected,fsmtp,2,,
14.6,14.6,Percentage of pupils,PCT,2,,6622112 - Ysgol Glan Morfa,6622112,154,,Eligible for free school meals,fsm,1,,
21.1,21.1,Percentage of pupils,PCT,2,,6622112 - Ysgol Glan Morfa,6622112,154,,Eligible for free school meals or transitionally protected,fsmtp,2,,
8.5,8.5,Percentage of pupils,PCT,2,,6622114 - Ysgol Bod Alaw,6622114,155,,Eligible for free school meals,fsm,1,,
12.4,12.4,Percentage of pupils,PCT,2,,6622114 - Ysgol Bod Alaw,6622114,155,,Eligible for free school meals or transitionally protected,fsmtp,2,,
14.8,14.8,Percentage of pupils,PCT,2,,6622115 - Ysgol Pant y Rhedyn,6622115,156,,Eligible for free school meals,fsm,1,,
24.1,24.1,Percentage of pupils,PCT,2,,6622115 - Ysgol Pant y Rhedyn,6622115,156,,Eligible for free school meals or transitionally protected,fsmtp,2,,
25.9,25.9,Percentage of pupils,PCT,2,,6622118 - Ysgol Y Foryd,6622118,157,,Eligible for free school meals,fsm,1,,
29,29,Percentage of pupils,PCT,2,,6622118 - Ysgol Y Foryd,6622118,157,,Eligible for free school meals or transitionally protected,fsmtp,2,,
14.8,14.8,Percentage of pupils,PCT,2,,6622121 - Ysgol Craig y Don,6622121,158,,Eligible for free school meals,fsm,1,,
25.5,25.5,Percentage of pupils,PCT,2,,6622121 - Ysgol Craig y Don,6622121,158,,Eligible for free school meals or transitionally protected,fsmtp,2,,
6.6,6.6,Percentage of pupils,PCT,2,,6622123 - Ysgol Cerrigydrudion,6622123,159,,Eligible for free school meals,fsm,1,,
9.9,9.9,Percentage of pupils,PCT,2,,6622123 - Ysgol Cerrigydrudion,6622123,159,,Eligible for free school meals or transitionally protected,fsmtp,2,,
7.8,7.8,Percentage of pupils,PCT,2,,"6622132 - Ysgol Bro Aled, Llansannan",6622132,160,,Eligible for free school meals,fsm,1,,
9.4,9.4,Percentage of pupils,PCT,2,,"6622132 - Ysgol Bro Aled, Llansannan",6622132,160,,Eligible for free school meals or transitionally protected,fsmtp,2,,
4.9,4.9,Percentage of pupils,PCT,2,,6622148 - Ysgol Gynradd Bro Cernyw,6622148,161,,Eligible for free school meals,fsm,1,,
6.8,6.8,Percentage of pupils,PCT,2,,6622148 - Ysgol Gynradd Bro Cernyw,6622148,161,,Eligible for free school meals or transitionally protected,fsmtp,2,,
21,21,Percentage of pupils,PCT,2,,6622221 - Ysgol Sant Elfod,6622221,162,,Eligible for free school meals,fsm,1,,
35.4,35.4,Percentage of pupils,PCT,2,,6622221 - Ysgol Sant Elfod,6622221,162,,Eligible for free school meals or transitionally protected,fsmtp,2,,
0,0,Percentage of pupils,PCT,2,,6622222 - Ysgol Capel Garmon,6622222,163,,Eligible for free school meals,fsm,1,,
,,Percentage of pupils,PCT,2,,6622222 - Ysgol Capel Garmon,6622222,163,,Eligible for free school meals or transitionally protected,fsmtp,2,,Confidential
9.9,9.9,Percentage of pupils,PCT,2,,6622225 - Ysgol Glan Conwy,6622225,164,,Eligible for free school meals,fsm,1,,
15.3,15.3,Percentage of pupils,PCT,2,,6622225 - Ysgol Glan Conwy,6622225,164,,Eligible for free school meals or transitionally protected,fsmtp,2,,
25.6,25.6,Percentage of pupils,PCT,2,,6622264 - Ysgol Cynfran,6622264,165,,Eligible for free school meals,fsm,1,,
38.5,38.5,Percentage of pupils,PCT,2,,6622264 - Ysgol Cynfran,6622264,165,,Eligible for free school meals or transitionally protected,fsmtp,2,,
24.9,24.9,Percentage of pupils,PCT,2,,6622267 - Ysgol Iau Hen Golwyn,6622267,166,,Eligible for free school meals,fsm,1,,
38.8,38.8,Percentage of pupils,PCT,2,,6622267 - Ysgol Iau Hen Golwyn,6622267,166,,Eligible for free school meals or transitionally protected,fsmtp,2,,
47.6,47.6,Percentage of pupils,PCT,2,,6622269 - Ysgol Cystennin,6622269,167,,Eligible for free school meals,fsm,1,,
71.4,71.4,Percentage of pupils,PCT,2,,6622269 - Ysgol Cystennin,6622269,167,,Eligible for free school meals or transitionally protected,fsmtp,2,,
,,Percentage of pupils,PCT,2,,6622270 - Ysgol Pentrefoelas,6622270,168,,Eligible for free school meals,fsm,1,,Confidential
,,Percentage of pupils,PCT,2,,6622270 - Ysgol Pentrefoelas,6622270,168,,Eligible for free school meals or transitionally protected,fsmtp,2,,Confidential
13.8,13.8,Percentage of pupils,PCT,2,,6622271 - Ysgol Bro Gwydir,6622271,169,,Eligible for free school meals,fsm,1,,
20.6,20.6,Percentage of pupils,PCT,2,,6622271 - Ysgol Bro Gwydir,6622271,169,,Eligible for free school meals or transitionally protected,fsmtp,2,,
38.5,38.5,Percentage of pupils,PCT,2,,6622272 - Ysgol Nant Y Groes,6622272,170,,Eligible for free school meals,fsm,1,,
51.3,51.3,Percentage of pupils,PCT,2,,6622272 - Ysgol Nant Y Groes,6622272,170,,Eligible for free school meals or transitionally protected,fsmtp,2,,
58.5,58.5,Percentage of pupils,PCT,2,,6622273 - Ysgol Swn Y Don,6622273,171,,Eligible for free school meals,fsm,1,,
75.4,75.4,Percentage of pupils,PCT,2,,6622273 - Ysgol Swn Y Don,6622273,171,,Eligible for free school meals or transitionally protected,fsmtp,2,,
17.4,17.4,Percentage of pupils,PCT,2,,6622274 - Ysgol Awel y Mynydd,6622274,172,,Eligible for free school meals,fsm,1,,
27.6,27.6,Percentage of pupils,PCT,2,,6622274 - Ysgol Awel y Mynydd,6622274,172,,Eligible for free school meals or transitionally protected,fsmtp,2,,
14,14,Percentage of pupils,PCT,2,,6622275 - Ysgol Dyffryn Yr Enfys,6622275,173,,Eligible for free school meals,fsm,1,,
28,28,Percentage of pupils,PCT,2,,6622275 - Ysgol Dyffryn Yr Enfys,6622275,173,,Eligible for free school meals or transitionally protected,fsmtp,2,,
19.3,19.3,Percentage of pupils,PCT,2,,6623020 - Ysgol Babanod Llanfairfechan,6623020,174,,Eligible for free school meals,fsm,1,,
24.8,24.8,Percentage of pupils,PCT,2,,6623020 - Ysgol Babanod Llanfairfechan,6623020,174,,Eligible for free school meals or transitionally protected,fsmtp,2,,
,,Percentage of pupils,PCT,2,,6623021 - Ysgol Llangelynnin,6623021,175,,Eligible for free school meals,fsm,1,,Confidential
11.3,11.3,Percentage of pupils,PCT,2,,6623021 - Ysgol Llangelynnin,6623021,175,,Eligible for free school meals or transitionally protected,fsmtp,2,,
18.7,18.7,Percentage of pupils,PCT,2,,6623024 - Ysgol Pencae,6623024,176,,Eligible for free school meals,fsm,1,,
24.5,24.5,Percentage of pupils,PCT,2,,6623024 - Ysgol Pencae,6623024,176,,Eligible for free school meals or transitionally protected,fsmtp,2,,
0,0,Percentage of pupils,PCT,2,,6623032 - Ysgol Ysbyty Ifan,6623032,177,,Eligible for free school meals,fsm,1,,
,,Percentage of pupils,PCT,2,,6623032 - Ysgol Ysbyty Ifan,6623032,177,,Eligible for free school meals or transitionally protected,fsmtp,2,,Confidential
16.4,16.4,Percentage of pupils,PCT,2,,6623038 - Ysgol St. George,6623038,178,,Eligible for free school meals,fsm,1,,
23.3,23.3,Percentage of pupils,PCT,2,,6623038 - Ysgol St. George,6623038,178,,Eligible for free school meals or transitionally protected,fsmtp,2,,
16.2,16.2,Percentage of pupils,PCT,2,,6623039 - Ysgol Llanddoged,6623039,179,,Eligible for free school meals,fsm,1,,
16.2,16.2,Percentage of pupils,PCT,2,,6623039 - Ysgol Llanddoged,6623039,179,,Eligible for free school meals or transitionally protected,fsmtp,2,,
,,Percentage of pupils,PCT,2,,6623040 - Ysgol Eglwysbach,6623040,180,,Eligible for free school meals,fsm,1,,Confidential
10.3,10.3,Percentage of pupils,PCT,2,,6623040 - Ysgol Eglwysbach,6623040,180,,Eligible for free school meals or transitionally protected,fsmtp,2,,
14.4,14.4,Percentage of pupils,PCT,2,,6623043 - Ysgol Porth Y Felin,6623043,181,,Eligible for free school meals,fsm,1,,
22.9,22.9,Percentage of pupils,PCT,2,,6623043 - Ysgol Porth Y Felin,6623043,181,,Eligible for free school meals or transitionally protected,fsmtp,2,,
15.2,15.2,Percentage of pupils,PCT,2,,6623059 - Ysgol Llanddulas,6623059,182,,Eligible for free school meals,fsm,1,,
24.6,24.6,Percentage of pupils,PCT,2,,6623059 - Ysgol Llanddulas,6623059,182,,Eligible for free school meals or transitionally protected,fsmtp,2,,
,,Percentage of pupils,PCT,2,,6623062 - Ysgol Betws yn Rhos,6623062,183,,Eligible for free school meals,fsm,1,,Confidential
9.5,9.5,Percentage of pupils,PCT,2,,6623062 - Ysgol Betws yn Rhos,6623062,183,,Eligible for free school meals or transitionally protected,fsmtp,2,,
,,Percentage of pupils,PCT,2,,6623302 - Ysgol Bodafon,6623302,184,,Eligible for free school meals,fsm,1,,Confidential
16.3,16.3,Percentage of pupils,PCT,2,,6623302 - Ysgol Bodafon,6623302,184,,Eligible for free school meals or transitionally protected,fsmtp,2,,
14.2,14.2,Percentage of pupils,PCT,2,,6623303 - Ysgol Bendigaid William Davies,6623303,185,,Eligible for free school meals,fsm,1,,
20,20,Percentage of pupils,PCT,2,,6623303 - Ysgol Bendigaid William Davies,6623303,185,,Eligible for free school meals or transitionally protected,fsmtp,2,,
6.6,6.6,Percentage of pupils,PCT,2,,6623307 - Ysgol  San Sior,6623307,186,,Eligible for free school meals,fsm,1,,
11.1,11.1,Percentage of pupils,PCT,2,,6623307 - Ysgol  San Sior,6623307,186,,Eligible for free school meals or transitionally protected,fsmtp,2,,
22.1,22.1,Percentage of pupils,PCT,2,,6623333 - Ysgol Sant Joseph,6623333,187,,Eligible for free school meals,fsm,1,,
30.7,30.7,Percentage of pupils,PCT,2,,6623333 - Ysgol Sant Joseph,6623333,187,,Eligible for free school meals or transitionally protected,fsmtp,2,,
16.2,16.2,Percentage of pupils,PCT,2,,6623340 - Ysgol y Plas,6623340,188,,Eligible for free school meals,fsm,1,,
23,23,Percentage of pupils,PCT,2,,6623340 - Ysgol y Plas,6623340,188,,Eligible for free school meals or transitionally protected,fsmtp,2,,
16.4,16.4,Percentage of pupils,PCT,2,,6624022 - Ysgol John Bright,6624022,189,,Eligible for free school meals,fsm,1,,
27.7,27.7,Percentage of pupils,PCT,2,,6624022 - Ysgol John Bright,6624022,189,,Eligible for free school meals or transitionally protected,fsmtp,2,,
16.1,16.1,Percentage of pupils,PCT,2,,6624023 - Ysgol Aberconwy,6624023,190,,Eligible for free school meals,fsm,1,,
27.7,27.7,Percentage of pupils,PCT,2,,6624023 - Ysgol Aberconwy,6624023,190,,Eligible for free school meals or transitionally protected,fsmtp,2,,
11.2,11.2,Percentage of pupils,PCT,2,,6624035 - YSGOL DYFFRYN CONWY,6624035,191,,Eligible for free school meals,fsm,1,,
16.9,16.9,Percentage of pupils,PCT,2,,6624035 - YSGOL DYFFRYN CONWY,6624035,191,,Eligible for free school meals or transitionally protected,fsmtp,2,,
8.2,8.2,Percentage of pupils,PCT,2,,6624038 - YSGOL Y CREUDDYN,6624038,192,,Eligible for free school meals,fsm,1,,
16,16,Percentage of pupils,PCT,2,,6624038 - YSGOL Y CREUDDYN,6624038,192,,Eligible for free school meals or transitionally protected,fsmtp,2,,
7.2,7.2,Percentage of pupils,PCT,2,,6625201 - Ysgol Pen Y Bryn,6625201,193,,Eligible for free school meals,fsm,1,,
12.6,12.6,Percentage of pupils,PCT,2,,6625201 - Ysgol Pen Y Bryn,6625201,193,,Eligible for free school meals or transitionally protected,fsmtp,2,,
25.6,25.6,Percentage of pupils,PCT,2,,6625400 - Ysgol Emrys ap Iwan,6625400,194,,Eligible for free school meals,fsm,1,,
37.5,37.5,Percentage of pupils,PCT,2,,6625400 - Ysgol Emrys ap Iwan,6625400,194,,Eligible for free school meals or transitionally protected,fsmtp,2,,
14.5,14.5,Percentage of pupils,PCT,2,,6625402 - Eirias High School,6625402,195,,Eligible for free school meals,fsm,1,,
25,25,Percentage of pupils,PCT,2,,6625402 - Eirias High School,6625402,195,,Eligible for free school meals or transitionally protected,fsmtp,2,,
18.3,18.3,Percentage of pupils,PCT,2,,6625403 - Ysgol Bryn Elian,6625403,196,,Eligible for free school meals,fsm,1,,
31.8,31.8,Percentage of pupils,PCT,2,,6625403 - Ysgol Bryn Elian,6625403,196,,Eligible for free school meals or transitionally protected,fsmtp,2,,
38.6,38.6,Percentage of pupils,PCT,2,,6627007 - Ysgol Y Gogarth,6627007,197,,Eligible for free school meals,fsm,1,,
48.2,48.2,Percentage of pupils,PCT,2,,6627007 - Ysgol Y Gogarth,6627007,197,,Eligible for free school meals or transitionally protected,fsmtp,2,,
13,13,Percentage of pupils,PCT,2,,6632011 - Ysgol Hiraddug,6632011,198,,Eligible for free school meals,fsm,1,,
19.3,19.3,Percentage of pupils,PCT,2,,6632011 - Ysgol Hiraddug,6632011,198,,Eligible for free school meals or transitionally protected,fsmtp,2,,
15.2,15.2,Percentage of pupils,PCT,2,,6632037 - Ysgol Y Castell CP,6632037,199,,Eligible for free school meals,fsm,1,,
19.5,19.5,Percentage of pupils,PCT,2,,6632037 - Ysgol Y Castell CP,6632037,199,,Eligible for free school meals or transitionally protected,fsmtp,2,,
46.9,46.9,Percentage of pupils,PCT,2,,6632038 - Christ Church Primary School,6632038,200,,Eligible for free school meals,fsm,1,,
56.4,56.4,Percentage of pupils,PCT,2,,6632038 - Christ Church Primary School,6632038,200,,Eligible for free school meals or transitionally protected,fsmtp,2,,
23.4,23.4,Percentage of pupils,PCT,2,,6632039 - Ysgol Llywelyn,6632039,201,,Eligible for free school meals,fsm,1,,
31.1,31.1,Percentage of pupils,PCT,2,,6632039 - Ysgol Llywelyn,6632039,201,,Eligible for free school meals or transitionally protected,fsmtp,2,,
19.6,19.6,Percentage of pupils,PCT,2,,6632057 - Ysgol y Faenol,6632057,202,,Eligible for free school meals,fsm,1,,
29,29,Percentage of pupils,PCT,2,,6632057 - Ysgol y Faenol,6632057,202,,Eligible for free school meals or transitionally protected,fsmtp,2,,
23.8,23.8,Percentage of pupils,PCT,2,,6632059 - Ysgol Penmorfa CP,6632059,203,,Eligible for free school meals,fsm,1,,
33,33,Percentage of pupils,PCT,2,,6632059 - Ysgol Penmorfa CP,6632059,203,,Eligible for free school meals or transitionally protected,fsmtp,2,,
42.2,42.2,Percentage of pupils,PCT,2,,6632060 - Ysgol Emmanuel,6632060,204,,Eligible for free school meals,fsm,1,,
54.3,54.3,Percentage of pupils,PCT,2,,6632060 - Ysgol Emmanuel,6632060,204,,Eligible for free school meals or transitionally protected,fsmtp,2,,
10.8,10.8,Percentage of pupils,PCT,2,,6632066 - Ysgol Dewi Sant,6632066,205,,Eligible for free school meals,fsm,1,,
18.3,18.3,Percentage of pupils,PCT,2,,6632066 - Ysgol Dewi Sant,6632066,205,,Eligible for free school meals or transitionally protected,fsmtp,2,,
20.7,20.7,Percentage of pupils,PCT,2,,6632067 - Ysgol Melyd,6632067,206,,Eligible for free school meals,fsm,1,,
31.4,31.4,Percentage of pupils,PCT,2,,6632067 - Ysgol Melyd,6632067,206,,Eligible for free school meals or transitionally protected,fsmtp,2,,
,,Percentage of pupils,PCT,2,,6632070 - Ysgol Bodfari,6632070,207,,Eligible for free school meals,fsm,1,,Confidential
12.8,12.8,Percentage of pupils,PCT,2,,6632070 - Ysgol Bodfari,6632070,207,,Eligible for free school meals or transitionally protected,fsmtp,2,,
15.6,15.6,Percentage of pupils,PCT,2,,6632072 - Ysgol Bryn Hedydd,6632072,208,,Eligible for free school meals,fsm,1,,
20.1,20.1,Percentage of pupils,PCT,2,,6632072 - Ysgol Bryn Hedydd,6632072,208,,Eligible for free school meals or transitionally protected,fsmtp,2,,
15,15,Percentage of pupils,PCT,2,,6632124 - Ysgol Cefn Meiriadog,6632124,209,,Eligible for free school meals,fsm,1,,
16.7,16.7,Percentage of pupils,PCT,2,,6632124 - Ysgol Cefn Meiriadog,6632124,209,,Eligible for free school meals or transitionally protected,fsmtp,2,,
12.4,12.4,Percentage of pupils,PCT,2,,6632125 - Frongoch Juniors,6632125,210,,Eligible for free school meals,fsm,1,,
22.5,22.5,Percentage of pupils,PCT,2,,6632125 - Frongoch Juniors,6632125,210,,Eligible for free school meals or transitionally protected,fsmtp,2,,
19.1,19.1,Percentage of pupils,PCT,2,,6632127 - Ysgol Henllan,6632127,211,,Eligible for free school meals,fsm,1,,
25,25,Percentage of pupils,PCT,2,,6632127 - Ysgol Henllan,6632127,211,,Eligible for free school meals or transitionally protected,fsmtp,2,,
4.5,4.5,Percentage of pupils,PCT,2,,6632134 - Ysgol Twm o'r Nant,6632134,212,,Eligible for free school meals,fsm,1,,
8.3,8.3,Percentage of pupils,PCT,2,,6632134 - Ysgol Twm o'r Nant,6632134,212,,Eligible for free school meals or transitionally protected,fsmtp,2,,
15.5,15.5,Percentage of pupils,PCT,2,,6632135 - Ysgol Bryn Clwyd,6632135,213,,Eligible for free school meals,fsm,1,,
25.9,25.9,Percentage of pupils,PCT,2,,6632135 - Ysgol Bryn Clwyd,6632135,213,,Eligible for free school meals or transitionally protected,fsmtp,2,,
11.6,11.6,Percentage of pupils,PCT,2,,6632136 - Ysgol Y Parc,6632136,214,,Eligible for free school meals,fsm,1,,
16.8,16.8,Percentage of pupils,PCT,2,,6632136 - Ysgol Y Parc,6632136,214,,Eligible for free school meals or transitionally protected,fsmtp,2,,
,,Percentage of pupils,PCT,2,,6632164 - Ysgol Gellifor,6632164,215,,Eligible for free school meals,fsm,1,,Confidential
10.9,10.9,Percentage of pupils,PCT,2,,6632164 - Ysgol Gellifor,6632164,215,,Eligible for free school meals or transitionally protected,fsmtp,2,,
,,Percentage of pupils,PCT,2,,6632168 - Ysgol Pentrecelyn,6632168,216,,Eligible for free school meals,fsm,1,,Confidential
,,Percentage of pupils,PCT,2,,6632168 - Ysgol Pentrecelyn,6632168,216,,Eligible for free school meals or transitionally protected,fsmtp,2,,Confidential
,,Percentage of pupils,PCT,2,,6632214 - Ysgol Betws Gwerful Goch,6632214,217,,Eligible for free school meals,fsm,1,,Confidential
,,Percentage of pupils,PCT,2,,6632214 - Ysgol Betws Gwerful Goch,6632214,217,,Eligible for free school meals or transitionally protected,fsmtp,2,,Confidential
,,Percentage of pupils,PCT,2,,6632215 - Ysgol Carrog,6632215,218,,Eligible for free school meals,fsm,1,,Confidential
,,Percentage of pupils,PCT,2,,6632215 - Ysgol Carrog,6632215,218,,Eligible for free school meals or transitionally protected,fsmtp,2,,Confidential
30.3,30.3,Percentage of pupils,PCT,2,,6632216 - Ysgol Caer Drewyn,6632216,219,,Eligible for free school meals,fsm,1,,
44.9,44.9,Percentage of pupils,PCT,2,,6632216 - Ysgol Caer Drewyn,6632216,219,,Eligible for free school meals or transitionally protected,fsmtp,2,,
,,Percentage of pupils,PCT,2,,6632219 - Ysgol Bro Elwern,6632219,220,,Eligible for free school meals,fsm,1,,Confidential
8.8,8.8,Percentage of pupils,PCT,2,,6632219 - Ysgol Bro Elwern,6632219,220,,Eligible for free school meals or transitionally protected,fsmtp,2,,
10.5,10.5,Percentage of pupils,PCT,2,,6632227 - Ysgol Y Llys,6632227,221,,Eligible for free school meals,fsm,1,,
16.9,16.9,Percentage of pupils,PCT,2,,6632227 - Ysgol Y Llys,6632227,221,,Eligible for free school meals or transitionally protected,fsmtp,2,,
7.8,7.8,Percentage of pupils,PCT,2,,6632234 - Ysgol Bryn Collen,6632234,222,,Eligible for free school meals,fsm,1,,
15.7,15.7,Percentage of pupils,PCT,2,,6632234 - Ysgol Bryn Collen,6632234,222,,Eligible for free school meals or transitionally protected,fsmtp,2,,
11.7,11.7,Percentage of pupils,PCT,2,,6632255 - Rhos Street CP School,6632255,223,,Eligible for free school meals,fsm,1,,
17.9,17.9,Percentage of pupils,PCT,2,,6632255 - Rhos Street CP School,6632255,223,,Eligible for free school meals or transitionally protected,fsmtp,2,,
3.4,3.4,Percentage of pupils,PCT,2,,6632256 - Ysgol Pen Barras,6632256,224,,Eligible for free school meals,fsm,1,,
5.8,5.8,Percentage of pupils,PCT,2,,6632256 - Ysgol Pen Barras,6632256,224,,Eligible for free school meals or transitionally protected,fsmtp,2,,
,,Percentage of pupils,PCT,2,,6632261 - Ysgol Bro Cinmeirch,6632261,225,,Eligible for free school meals,fsm,1,,Confidential
6.1,6.1,Percentage of pupils,PCT,2,,6632261 - Ysgol Bro Cinmeirch,6632261,225,,Eligible for free school meals or transitionally protected,fsmtp,2,,
,,Percentage of pupils,PCT,2,,6632262 - Ysgol Bro Famau,6632262,226,,Eligible for free school meals,fsm,1,,Confidential
9.8,9.8,Percentage of pupils,PCT,2,,6632262 - Ysgol Bro Famau,6632262,226,,Eligible for free school meals or transitionally protected,fsmtp,2,,
6.5,6.5,Percentage of pupils,PCT,2,,6632263 - Ysgol Gymraeg y Gwernant,6632263,227,,Eligible for free school meals,fsm,1,,
13.4,13.4,Percentage of pupils,PCT,2,,6632263 - Ysgol Gymraeg y Gwernant,6632263,227,,Eligible for free school meals or transitionally protected,fsmtp,2,,
30.3,30.3,Percentage of pupils,PCT,2,,6632264 - Ysgol Clawdd Offa,6632264,228,,Eligible for free school meals,fsm,1,,
39.1,39.1,Percentage of pupils,PCT,2,,6632264 - Ysgol Clawdd Offa,6632264,228,,Eligible for free school meals or transitionally protected,fsmtp,2,,
13.9,13.9,Percentage of pupils,PCT,2,,6632265 - Bodnant Community Primary School,6632265,229,,Eligible for free school meals,fsm,1,,
20.2,20.2,Percentage of pupils,PCT,2,,6632265 - Bodnant Community Primary School,6632265,229,,Eligible for free school meals or transitionally protected,fsmtp,2,,
48.5,48.5,Percentage of pupils,PCT,2,,6632266 - Ysgol Pendref,6632266,230,,Eligible for free school meals,fsm,1,,
59.2,59.2,Percentage of pupils,PCT,2,,6632266 - Ysgol Pendref,6632266,230,,Eligible for free school meals or transitionally protected,fsmtp,2,,
5.9,5.9,Percentage of pupils,PCT,2,,6632267 - Ysgol_Bro_Dyfrdwy,6632267,231,,Eligible for free school meals,fsm,1,,
8.4,8.4,Percentage of pupils,PCT,2,,6632267 - Ysgol_Bro_Dyfrdwy,6632267,231,,Eligible for free school meals or transitionally protected,fsmtp,2,,
,,Percentage of pupils,PCT,2,,6632268 - Ysgol Carreg Emlyn,6632268,232,,Eligible for free school meals,fsm,1,,Confidential
,,Percentage of pupils,PCT,2,,6632268 - Ysgol Carreg Emlyn,6632268,232,,Eligible for free school meals or transitionally protected,fsmtp,2,,Confidential
,,Percentage of pupils,PCT,2,,6633020 - Ysgol Tremeirchion,6633020,233,,Eligible for free school meals,fsm,1,,Confidential
,,Percentage of pupils,PCT,2,,6633020 - Ysgol Tremeirchion,6633020,233,,Eligible for free school meals or transitionally protected,fsmtp,2,,Confidential
20.9,20.9,Percentage of pupils,PCT,2,,6633024 - St Asaph Infants School,6633024,234,,Eligible for free school meals,fsm,1,,
22,22,Percentage of pupils,PCT,2,,6633024 - St Asaph Infants School,6633024,234,,Eligible for free school meals or transitionally protected,fsmtp,2,,
,,Percentage of pupils,PCT,2,,6633044 - Ysgol Llanbedr,6633044,235,,Eligible for free school meals,fsm,1,,Confidential
,,Percentage of pupils,PCT,2,,6633044 - Ysgol Llanbedr,6633044,235,,Eligible for free school meals or transitionally protected,fsmtp,2,,Confidential
0,0,Percentage of pupils,PCT,2,,6633045 - Ysgol Llanfair Dyffryn Clwyd,6633045,236,,Eligible for free school meals,fsm,1,,
8.2,8.2,Percentage of pupils,PCT,2,,6633045 - Ysgol Llanfair Dyffryn Clwyd,6633045,236,,Eligible for free school meals or transitionally protected,fsmtp,2,,
19.8,19.8,Percentage of pupils,PCT,2,,6633050 - Ysgol Borthyn,6633050,237,,Eligible for free school meals,fsm,1,,
28.7,28.7,Percentage of pupils,PCT,2,,6633050 - Ysgol Borthyn,6633050,237,,Eligible for free school meals or transitionally protected,fsmtp,2,,
,,Percentage of pupils,PCT,2,,6633057 - Ysgol Pant Pastynog,6633057,238,,Eligible for free school meals,fsm,1,,Confidential
,,Percentage of pupils,PCT,2,,6633057 - Ysgol Pant Pastynog,6633057,238,,Eligible for free school meals or transitionally protected,fsmtp,2,,Confidential
,,Percentage of pupils,PCT,2,,6633061 - Ysgol Dyffryn Ial,6633061,239,,Eligible for free school meals,fsm,1,,Confidential
,,Percentage of pupils,PCT,2,,6633061 - Ysgol Dyffryn Ial,6633061,239,,Eligible for free school meals or transitionally protected,fsmtp,2,,Confidential
20.7,20.7,Percentage of pupils,PCT,2,,6633062 - Ysgol Esgob Morgan,6633062,240,,Eligible for free school meals,fsm,1,,
33.3,33.3,Percentage of pupils,PCT,2,,6633062 - Ysgol Esgob Morgan,6633062,240,,Eligible for free school meals or transitionally protected,fsmtp,2,,
,,Percentage of pupils,PCT,2,,6633316 - Ysgol Trefnant,6633316,241,,Eligible for free school meals,fsm,1,,Confidential
6.4,6.4,Percentage of pupils,PCT,2,,6633316 - Ysgol Trefnant,6633316,241,,Eligible for free school meals or transitionally protected,fsmtp,2,,
30.8,30.8,Percentage of pupils,PCT,2,,6634003 - Rhyl High School,6634003,242,,Eligible for free school meals,fsm,1,,
41.3,41.3,Percentage of pupils,PCT,2,,6634003 - Rhyl High School,6634003,242,,Eligible for free school meals or transitionally protected,fsmtp,2,,
20.1,20.1,Percentage of pupils,PCT,2,,6634014 - Prestatyn High School,6634014,243,,Eligible for free school meals,fsm,1,,
29,29,Percentage of pupils,PCT,2,,6634014 - Prestatyn High School,6634014,243,,Eligible for free school meals or transitionally protected,fsmtp,2,,
7.7,7.7,Percentage of pupils,PCT,2,,6634020 - Ysgol Uwchradd Glan Clwyd,6634020,244,,Eligible for free school meals,fsm,1,,
11.5,11.5,Percentage of pupils,PCT,2,,6634020 - Ysgol Uwchradd Glan Clwyd,6634020,244,,Eligible for free school meals or transitionally protected,fsmtp,2,,
18.7,18.7,Percentage of pupils,PCT,2,,6634026 - Denbigh High School,6634026,245,,Eligible for free school meals,fsm,1,,
25.2,25.2,Percentage of pupils,PCT,2,,6634026 - Denbigh High School,6634026,245,,Eligible for free school meals or transitionally protected,fsmtp,2,,
13.9,13.9,Percentage of pupils,PCT,2,,6634027 - Ysgol Dinas Bran,6634027,246,,Eligible for free school meals,fsm,1,,
23.7,23.7,Percentage of pupils,PCT,2,,6634027 - Ysgol Dinas Bran,6634027,246,,Eligible for free school meals or transitionally protected,fsmtp,2,,
8.1,8.1,Percentage of pupils,PCT,2,,6634031 - Ysgol Brynhyfryd,6634031,247,,Eligible for free school meals,fsm,1,,
12.9,12.9,Percentage of pupils,PCT,2,,6634031 - Ysgol Brynhyfryd,6634031,247,,Eligible for free school meals or transitionally protected,fsmtp,2,,
8.7,8.7,Percentage of pupils,PCT,2,,6635901 - St Brigid's School,6635901,248,,Eligible for free school meals,fsm,1,,
14.7,14.7,Percentage of pupils,PCT,2,,6635901 - St Brigid's School,6635901,248,,Eligible for free school meals or transitionally protected,fsmtp,2,,
37.5,37.5,Percentage of pupils,PCT,2,,6635902 - Christ the Word,6635902,249,,Eligible for free school meals,fsm,1,,
48.3,48.3,Percentage of pupils,PCT,2,,6635902 - Christ the Word,6635902,249,,Eligible for free school meals or transitionally protected,fsmtp,2,,
40.4,40.4,Percentage of pupils,PCT,2,,6637000 - YSGOL TIR MORFA,6637000,250,,Eligible for free school meals,fsm,1,,
50,50,Percentage of pupils,PCT,2,,6637000 - YSGOL TIR MORFA,6637000,250,,Eligible for free school meals or transitionally protected,fsmtp,2,,
35.3,35.3,Percentage of pupils,PCT,2,,6637010 - Ysgol Plas Brondyffryn,6637010,251,,Eligible for free school meals,fsm,1,,
42.9,42.9,Percentage of pupils,PCT,2,,6637010 - Ysgol Plas Brondyffryn,6637010,251,,Eligible for free school meals or transitionally protected,fsmtp,2,,
46.3,46.3,Percentage of pupils,PCT,2,,6642002 - Ysgol Glan Aber,6642002,252,,Eligible for free school meals,fsm,1,,
47.8,47.8,Percentage of pupils,PCT,2,,6642002 - Ysgol Glan Aber,6642002,252,,Eligible for free school meals or transitionally protected,fsmtp,2,,
26.6,26.6,Percentage of pupils,PCT,2,,6642003 - Ysgol Merllyn,6642003,253,,Eligible for free school meals,fsm,1,,
28.7,28.7,Percentage of pupils,PCT,2,,6642003 - Ysgol Merllyn,6642003,253,,Eligible for free school meals or transitionally protected,fsmtp,2,,
38.9,38.9,Percentage of pupils,PCT,2,,6642004 - Westwood CP,6642004,254,,Eligible for free school meals,fsm,1,,
45.5,45.5,Percentage of pupils,PCT,2,,6642004 - Westwood CP,6642004,254,,Eligible for free school meals or transitionally protected,fsmtp,2,,
8.7,8.7,Percentage of pupils,PCT,2,,6642012 - Ewloe Green,6642012,255,,Eligible for free school meals,fsm,1,,
9.2,9.2,Percentage of pupils,PCT,2,,6642012 - Ewloe Green,6642012,255,,Eligible for free school meals or transitionally protected,fsmtp,2,,
37.6,37.6,Percentage of pupils,PCT,2,,6642013 - Bryn Garth CP,6642013,256,,Eligible for free school meals,fsm,1,,
41.2,41.2,Percentage of pupils,PCT,2,,6642013 - Bryn Garth CP,6642013,256,,Eligible for free school meals or transitionally protected,fsmtp,2,,
30.2,30.2,Percentage of pupils,PCT,2,,6642015 - Ysgol Gwynedd CP,6642015,257,,Eligible for free school meals,fsm,1,,
34.2,34.2,Percentage of pupils,PCT,2,,6642015 - Ysgol Gwynedd CP,6642015,257,,Eligible for free school meals or transitionally protected,fsmtp,2,,
35.9,35.9,Percentage of pupils,PCT,2,,6642018 - Ysgol Maesglas,6642018,258,,Eligible for free school meals,fsm,1,,
43.1,43.1,Percentage of pupils,PCT,2,,6642018 - Ysgol Maesglas,6642018,258,,Eligible for free school meals or transitionally protected,fsmtp,2,,
10.3,10.3,Percentage of pupils,PCT,2,,6642021 - Ysgol Gymraeg Mornant,6642021,259,,Eligible for free school meals,fsm,1,,
13.2,13.2,Percentage of pupils,PCT,2,,6642021 - Ysgol Gymraeg Mornant,6642021,259,,Eligible for free school meals or transitionally protected,fsmtp,2,,
11.1,11.1,Percentage of pupils,PCT,2,,6642024 - Ysgol Estyn Community School,6642024,260,,Eligible for free school meals,fsm,1,,
13.3,13.3,Percentage of pupils,PCT,2,,6642024 - Ysgol Estyn Community School,6642024,260,,Eligible for free school meals or transitionally protected,fsmtp,2,,
5.2,5.2,Percentage of pupils,PCT,2,,6642028 - Ysgol Glanrafon,6642028,261,,Eligible for free school meals,fsm,1,,
6.1,6.1,Percentage of pupils,PCT,2,,6642028 - Ysgol Glanrafon,6642028,261,,Eligible for free school meals or transitionally protected,fsmtp,2,,
9.4,9.4,Percentage of pupils,PCT,2,,6642032 - Northop Hall,6642032,262,,Eligible for free school meals,fsm,1,,
12.1,12.1,Percentage of pupils,PCT,2,,6642032 - Northop Hall,6642032,262,,Eligible for free school meals or transitionally protected,fsmtp,2,,
32.5,32.5,Percentage of pupils,PCT,2,,6642040 - Wood Memorial Primary School,6642040,263,,Eligible for free school meals,fsm,1,,
34.9,34.9,Percentage of pupils,PCT,2,,6642040 - Wood Memorial Primary School,6642040,263,,Eligible for free school meals or transitionally protected,fsmtp,2,,
44,44,Percentage of pupils,PCT,2,,6642041 - Sealand CP School,6642041,264,,Eligible for free school meals,fsm,1,,
48.8,48.8,Percentage of pupils,PCT,2,,6642041 - Sealand CP School,6642041,264,,Eligible for free school meals or transitionally protected,fsmtp,2,,
9.4,9.4,Percentage of pupils,PCT,2,,6642043 - Sychdyn CP,6642043,265,,Eligible for free school meals,fsm,1,,
9.4,9.4,Percentage of pupils,PCT,2,,6642043 - Sychdyn CP,6642043,265,,Eligible for free school meals or transitionally protected,fsmtp,2,,
15.7,15.7,Percentage of pupils,PCT,2,,6642044 - Trelogan Primary,6642044,266,,Eligible for free school meals,fsm,1,,
21.6,21.6,Percentage of pupils,PCT,2,,6642044 - Trelogan Primary,6642044,266,,Eligible for free school meals or transitionally protected,fsmtp,2,,
53.1,53.1,Percentage of pupils,PCT,2,,6642046 - Bryn Pennant CP,6642046,267,,Eligible for free school meals,fsm,1,,
58.4,58.4,Percentage of pupils,PCT,2,,6642046 - Bryn Pennant CP,6642046,267,,Eligible for free school meals or transitionally protected,fsmtp,2,,
6.3,6.3,Percentage of pupils,PCT,2,,6642049 - Ysgol Bro Carmel,6642049,268,,Eligible for free school meals,fsm,1,,
8.2,8.2,Percentage of pupils,PCT,2,,6642049 - Ysgol Bro Carmel,6642049,268,,Eligible for free school meals or transitionally protected,fsmtp,2,,
5.6,5.6,Percentage of pupils,PCT,2,,6642050 - Rhos Helyg School,6642050,269,,Eligible for free school meals,fsm,1,,
9,9,Percentage of pupils,PCT,2,,6642050 - Rhos Helyg School,6642050,269,,Eligible for free school meals or transitionally protected,fsmtp,2,,
6.2,6.2,Percentage of pupils,PCT,2,,6642051 - Ysgol Terrig,6642051,270,,Eligible for free school meals,fsm,1,,
8.2,8.2,Percentage of pupils,PCT,2,,6642051 - Ysgol Terrig,6642051,270,,Eligible for free school meals or transitionally protected,fsmtp,2,,
32.2,32.2,Percentage of pupils,PCT,2,,6642052 - Ysgol Bryn Deva,6642052,271,,Eligible for free school meals,fsm,1,,
38.8,38.8,Percentage of pupils,PCT,2,,6642052 - Ysgol Bryn Deva,6642052,271,,Eligible for free school meals or transitionally protected,fsmtp,2,,
23,23,Percentage of pupils,PCT,2,,6642053 - Sandycroft CP,6642053,272,,Eligible for free school meals,fsm,1,,
27.3,27.3,Percentage of pupils,PCT,2,,6642053 - Sandycroft CP,6642053,272,,Eligible for free school meals or transitionally protected,fsmtp,2,,
12.9,12.9,Percentage of pupils,PCT,2,,6642056 - Gwernymynydd CP School,6642056,273,,Eligible for free school meals,fsm,1,,
14.5,14.5,Percentage of pupils,PCT,2,,6642056 - Gwernymynydd CP School,6642056,273,,Eligible for free school meals or transitionally protected,fsmtp,2,,
41.4,41.4,Percentage of pupils,PCT,2,,6642061 - Queensferry Community Primary School,6642061,274,,Eligible for free school meals,fsm,1,,
51.4,51.4,Percentage of pupils,PCT,2,,6642061 - Queensferry Community Primary School,6642061,274,,Eligible for free school meals or transitionally protected,fsmtp,2,,
18.6,18.6,Percentage of pupils,PCT,2,,6642062 - Ysgol Bryn Coch,6642062,275,,Eligible for free school meals,fsm,1,,
22.8,22.8,Percentage of pupils,PCT,2,,6642062 - Ysgol Bryn Coch,6642062,275,,Eligible for free school meals or transitionally protected,fsmtp,2,,
6.9,6.9,Percentage of pupils,PCT,2,,6642063 - Mountain Lane Primary School,6642063,276,,Eligible for free school meals,fsm,1,,
9.1,9.1,Percentage of pupils,PCT,2,,6642063 - Mountain Lane Primary School,6642063,276,,Eligible for free school meals or transitionally protected,fsmtp,2,,
,,Percentage of pupils,PCT,2,,"6642064 - Ysgol y Foel, Cilcain",6642064,277,,Eligible for free school meals,fsm,1,,Confidential
,,Percentage of pupils,PCT,2,,"6642064 - Ysgol y Foel, Cilcain",6642064,277,,Eligible for free school meals or transitionally protected,fsmtp,2,,Confidential
9.4,9.4,Percentage of pupils,PCT,2,,6642065 - Brynford CP,6642065,278,,Eligible for free school meals,fsm,1,,
10.6,10.6,Percentage of pupils,PCT,2,,6642065 - Brynford CP,6642065,278,,Eligible for free school meals or transitionally protected,fsmtp,2,,
50,50,Percentage of pupils,PCT,2,,6642068 - Ysgol Bryn Gwalia,6642068,279,,Eligible for free school meals,fsm,1,,
54.3,54.3,Percentage of pupils,PCT,2,,6642068 - Ysgol Bryn Gwalia,6642068,279,,Eligible for free school meals or transitionally protected,fsmtp,2,,
16.8,16.8,Percentage of pupils,PCT,2,,6642077 - Golftyn CP School,6642077,280,,Eligible for free school meals,fsm,1,,
22.1,22.1,Percentage of pupils,PCT,2,,6642077 - Golftyn CP School,6642077,280,,Eligible for free school meals or transitionally protected,fsmtp,2,,
42.3,42.3,Percentage of pupils,PCT,2,,6642078 - Saltney Ferry CP,6642078,281,,Eligible for free school meals,fsm,1,,
44.5,44.5,Percentage of pupils,PCT,2,,6642078 - Saltney Ferry CP,6642078,281,,Eligible for free school meals or transitionally protected,fsmtp,2,,
14.5,14.5,Percentage of pupils,PCT,2,,6642081 - Y Waun,6642081,282,,Eligible for free school meals,fsm,1,,
14.5,14.5,Percentage of pupils,PCT,2,,6642081 - Y Waun,6642081,282,,Eligible for free school meals or transitionally protected,fsmtp,2,,
12.9,12.9,Percentage of pupils,PCT,2,,6642082 - Ysgol Gwenffrwd,6642082,283,,Eligible for free school meals,fsm,1,,
14.7,14.7,Percentage of pupils,PCT,2,,6642082 - Ysgol Gwenffrwd,6642082,283,,Eligible for free school meals or transitionally protected,fsmtp,2,,
6.4,6.4,Percentage of pupils,PCT,2,,6642084 - Abermorddu CP School,6642084,284,,Eligible for free school meals,fsm,1,,
8.1,8.1,Percentage of pupils,PCT,2,,6642084 - Abermorddu CP School,6642084,284,,Eligible for free school meals or transitionally protected,fsmtp,2,,
20.8,20.8,Percentage of pupils,PCT,2,,6642085 - Southdown CP,6642085,285,,Eligible for free school meals,fsm,1,,
24.3,24.3,Percentage of pupils,PCT,2,,6642085 - Southdown CP,6642085,285,,Eligible for free school meals or transitionally protected,fsmtp,2,,
8,8,Percentage of pupils,PCT,2,,6642086 - Wepre Community School,6642086,286,,Eligible for free school meals,fsm,1,,
11.5,11.5,Percentage of pupils,PCT,2,,6642086 - Wepre Community School,6642086,286,,Eligible for free school meals or transitionally protected,fsmtp,2,,
10.1,10.1,Percentage of pupils,PCT,2,,6642089 - Drury Primary School,6642089,287,,Eligible for free school meals,fsm,1,,
16.5,16.5,Percentage of pupils,PCT,2,,6642089 - Drury Primary School,6642089,287,,Eligible for free school meals or transitionally protected,fsmtp,2,,
19.4,19.4,Percentage of pupils,PCT,2,,6642091 - Cornist Park CP,6642091,288,,Eligible for free school meals,fsm,1,,
23.4,23.4,Percentage of pupils,PCT,2,,6642091 - Cornist Park CP,6642091,288,,Eligible for free school meals or transitionally protected,fsmtp,2,,
38,38,Percentage of pupils,PCT,2,,6642092 - Ysgol Derwenfa CP,6642092,289,,Eligible for free school meals,fsm,1,,
43,43,Percentage of pupils,PCT,2,,6642092 - Ysgol Derwenfa CP,6642092,289,,Eligible for free school meals or transitionally protected,fsmtp,2,,
15.1,15.1,Percentage of pupils,PCT,2,,6642093 - Penarlag CP,6642093,290,,Eligible for free school meals,fsm,1,,
17.8,17.8,Percentage of pupils,PCT,2,,6642093 - Penarlag CP,6642093,290,,Eligible for free school meals or transitionally protected,fsmtp,2,,
5.2,5.2,Percentage of pupils,PCT,2,,6642094 - Owen Jones CP,6642094,291,,Eligible for free school meals,fsm,1,,
9.6,9.6,Percentage of pupils,PCT,2,,6642094 - Owen Jones CP,6642094,291,,Eligible for free school meals or transitionally protected,fsmtp,2,,
38.9,38.9,Percentage of pupils,PCT,2,,6642237 - Gronant Primary School,6642237,292,,Eligible for free school meals,fsm,1,,
44.4,44.4,Percentage of pupils,PCT,2,,6642237 - Gronant Primary School,6642237,292,,Eligible for free school meals or transitionally protected,fsmtp,2,,
26.3,26.3,Percentage of pupils,PCT,2,,6642257 - Ysgol Gymraeg Croes Atti,6642257,293,,Eligible for free school meals,fsm,1,,
30.7,30.7,Percentage of pupils,PCT,2,,6642257 - Ysgol Gymraeg Croes Atti,6642257,293,,Eligible for free school meals or transitionally protected,fsmtp,2,,
26,26,Percentage of pupils,PCT,2,,6642266 - Ysgol Parc y Llan,6642266,294,,Eligible for free school meals,fsm,1,,
29.9,29.9,Percentage of pupils,PCT,2,,6642266 - Ysgol Parc y Llan,6642266,294,,Eligible for free school meals or transitionally protected,fsmtp,2,,
9.5,9.5,Percentage of pupils,PCT,2,,6642267 - Ysgol Mynydd Isa,6642267,295,,Eligible for free school meals,fsm,1,,
11.6,11.6,Percentage of pupils,PCT,2,,6642267 - Ysgol Mynydd Isa,6642267,295,,Eligible for free school meals or transitionally protected,fsmtp,2,,
10.6,10.6,Percentage of pupils,PCT,2,,6642268 - Broughton Primary School,6642268,296,,Eligible for free school meals,fsm,1,,
12.8,12.8,Percentage of pupils,PCT,2,,6642268 - Broughton Primary School,6642268,296,,Eligible for free school meals or transitionally protected,fsmtp,2,,
16.1,16.1,Percentage of pupils,PCT,2,,6642269 - Ysgol Cae'r Nant,6642269,297,,Eligible for free school meals,fsm,1,,
23.6,23.6,Percentage of pupils,PCT,2,,6642269 - Ysgol Cae'r Nant,6642269,297,,Eligible for free school meals or transitionally protected,fsmtp,2,,
3.8,3.8,Percentage of pupils,PCT,2,,6642270 - Ysgol Penyffordd,6642270,298,,Eligible for free school meals,fsm,1,,
4.9,4.9,Percentage of pupils,PCT,2,,6642270 - Ysgol Penyffordd,6642270,298,,Eligible for free school meals or transitionally protected,fsmtp,2,,
17.8,17.8,Percentage of pupils,PCT,2,,6642271 - Ysgol Ty Ffynnon,6642271,299,,Eligible for free school meals,fsm,1,,
23.8,23.8,Percentage of pupils,PCT,2,,6642271 - Ysgol Ty Ffynnon,6642271,299,,Eligible for free school meals or transitionally protected,fsmtp,2,,
49.8,49.8,Percentage of pupils,PCT,2,,6642272 - Ysgol Maes Y Felin,6642272,300,,Eligible for free school meals,fsm,1,,
52.7,52.7,Percentage of pupils,PCT,2,,6642272 - Ysgol Maes Y Felin,6642272,300,,Eligible for free school meals or transitionally protected,fsmtp,2,,
,,Percentage of pupils,PCT,2,,6643002 - Nannerch V.C.P. School,6643002,301,,Eligible for free school meals,fsm,1,,Confidential
,,Percentage of pupils,PCT,2,,6643002 - Nannerch V.C.P. School,6643002,301,,Eligible for free school meals or transitionally protected,fsmtp,2,,Confidential
12.7,12.7,Percentage of pupils,PCT,2,,6643303 - Ysgol Yr Esgob C in W,6643303,302,,Eligible for free school meals,fsm,1,,
15.9,15.9,Percentage of pupils,PCT,2,,6643303 - Ysgol Yr Esgob C in W,6643303,302,,Eligible for free school meals or transitionally protected,fsmtp,2,,
22.3,22.3,Percentage of pupils,PCT,2,,6643306 - St Mary's,6643306,303,,Eligible for free school meals,fsm,1,,
23.7,23.7,Percentage of pupils,PCT,2,,6643306 - St Mary's,6643306,303,,Eligible for free school meals or transitionally protected,fsmtp,2,,
31.8,31.8,Percentage of pupils,PCT,2,,6643307 - St Winefrides,6643307,304,,Eligible for free school meals,fsm,1,,
37.1,37.1,Percentage of pupils,PCT,2,,6643307 - St Winefrides,6643307,304,,Eligible for free school meals or transitionally protected,fsmtp,2,,
24,24,Percentage of pupils,PCT,2,,6643308 - St David's Catholic Primary School,6643308,305,,Eligible for free school meals,fsm,1,,
25.3,25.3,Percentage of pupils,PCT,2,,6643308 - St David's Catholic Primary School,6643308,305,,Eligible for free school meals or transitionally protected,fsmtp,2,,
32.4,32.4,Percentage of pupils,PCT,2,,6643311 - St Anthony's Catholic Primary,6643311,306,,Eligible for free school meals,fsm,1,,
32.4,32.4,Percentage of pupils,PCT,2,,6643311 - St Anthony's Catholic Primary,6643311,306,,Eligible for free school meals or transitionally protected,fsmtp,2,,
18.8,18.8,Percentage of pupils,PCT,2,,6643312 - Venerable Edward Morgan RC,6643312,307,,Eligible for free school meals,fsm,1,,
22,22,Percentage of pupils,PCT,2,,6643312 - Venerable Edward Morgan RC,6643312,307,,Eligible for free school meals or transitionally protected,fsmtp,2,,
15.2,15.2,Percentage of pupils,PCT,2,,6643316 - Trelawnyd,6643316,308,,Eligible for free school meals,fsm,1,,
16.7,16.7,Percentage of pupils,PCT,2,,6643316 - Trelawnyd,6643316,308,,Eligible for free school meals or transitionally protected,fsmtp,2,,
7.1,7.1,Percentage of pupils,PCT,2,,6643320 - Ysgol y Llan VA Primary School Whitford,6643320,309,,Eligible for free school meals,fsm,1,,
7.1,7.1,Percentage of pupils,PCT,2,,6643320 - Ysgol y Llan VA Primary School Whitford,6643320,309,,Eligible for free school meals or transitionally protected,fsmtp,2,,
30.1,30.1,Percentage of pupils,PCT,2,,6643330 - St. Ethelwolds,6643330,310,,Eligible for free school meals,fsm,1,,
36.1,36.1,Percentage of pupils,PCT,2,,6643330 - St. Ethelwolds,6643330,310,,Eligible for free school meals or transitionally protected,fsmtp,2,,
4.6,4.6,Percentage of pupils,PCT,2,,6643331 - St John the Baptist VA School,6643331,311,,Eligible for free school meals,fsm,1,,
5.5,5.5,Percentage of pupils,PCT,2,,6643331 - St John the Baptist VA School,6643331,311,,Eligible for free school meals or transitionally protected,fsmtp,2,,
,,Percentage of pupils,PCT,2,,6643332 - Nercwys VA,6643332,312,,Eligible for free school meals,fsm,1,,Confidential
,,Percentage of pupils,PCT,2,,6643332 - Nercwys VA,6643332,312,,Eligible for free school meals or transitionally protected,fsmtp,2,,Confidential
3.9,3.9,Percentage of pupils,PCT,2,,6643333 - Hawarden Village VA,6643333,313,,Eligible for free school meals,fsm,1,,
6.7,6.7,Percentage of pupils,PCT,2,,6643333 - Hawarden Village VA,6643333,313,,Eligible for free school meals or transitionally protected,fsmtp,2,,
,,Percentage of pupils,PCT,2,,6643334 - Lixwm VA Church in Wales Primary School,6643334,314,,Eligible for free school meals,fsm,1,,Confidential
,,Percentage of pupils,PCT,2,,6643334 - Lixwm VA Church in Wales Primary School,6643334,314,,Eligible for free school meals or transitionally protected,fsmtp,2,,Confidential
12.7,12.7,Percentage of pupils,PCT,2,,6644000 - Hawarden High School,6644000,315,,Eligible for free school meals,fsm,1,,
16.7,16.7,Percentage of pupils,PCT,2,,6644000 - Hawarden High School,6644000,315,,Eligible for free school meals or transitionally protected,fsmtp,2,,
12.1,12.1,Percentage of pupils,PCT,2,,6644006 - Alun School,6644006,316,,Eligible for free school meals,fsm,1,,
15.1,15.1,Percentage of pupils,PCT,2,,6644006 - Alun School,6644006,316,,Eligible for free school meals or transitionally protected,fsmtp,2,,
21.2,21.2,Percentage of pupils,PCT,2,,6644011 - Elfed High School,6644011,317,,Eligible for free school meals,fsm,1,,
26.1,26.1,Percentage of pupils,PCT,2,,6644011 - Elfed High School,6644011,317,,Eligible for free school meals or transitionally protected,fsmtp,2,,
32.2,32.2,Percentage of pupils,PCT,2,,6644012 - Ysgol Treffynnon,6644012,318,,Eligible for free school meals,fsm,1,,
37.8,37.8,Percentage of pupils,PCT,2,,6644012 - Ysgol Treffynnon,6644012,318,,Eligible for free school meals or transitionally protected,fsmtp,2,,
36.8,36.8,Percentage of pupils,PCT,2,,6644013 - St. David's High School,6644013,319,,Eligible for free school meals,fsm,1,,
42.7,42.7,Percentage of pupils,PCT,2,,6644013 - St. David's High School,6644013,319,,Eligible for free school meals or transitionally protected,fsmtp,2,,
9.7,9.7,Percentage of pupils,PCT,2,,6644017 - Castell Alun High School,6644017,320,,Eligible for free school meals,fsm,1,,
12.3,12.3,Percentage of pupils,PCT,2,,6644017 - Castell Alun High School,6644017,320,,Eligible for free school meals or transitionally protected,fsmtp,2,,
12.3,12.3,Percentage of pupils,PCT,2,,6644018 - Maes Garmon,6644018,321,,Eligible for free school meals,fsm,1,,
18,18,Percentage of pupils,PCT,2,,6644018 - Maes Garmon,6644018,321,,Eligible for free school meals or transitionally protected,fsmtp,2,,
23.8,23.8,Percentage of pupils,PCT,2,,6644021 - Flint High School,6644021,322,,Eligible for free school meals,fsm,1,,
29.2,29.2,Percentage of pupils,PCT,2,,6644021 - Flint High School,6644021,322,,Eligible for free school meals or transitionally protected,fsmtp,2,,
20.8,20.8,Percentage of pupils,PCT,2,,"6644022 - Connah's Quay High School,",6644022,323,,Eligible for free school meals,fsm,1,,
25.6,25.6,Percentage of pupils,PCT,2,,"6644022 - Connah's Quay High School,",6644022,323,,Eligible for free school meals or transitionally protected,fsmtp,2,,
15,15,Percentage of pupils,PCT,2,,6644042 - Argoed School,6644042,324,,Eligible for free school meals,fsm,1,,
19.2,19.2,Percentage of pupils,PCT,2,,6644042 - Argoed School,6644042,324,,Eligible for free school meals or transitionally protected,fsmtp,2,,
19.4,19.4,Percentage of pupils,PCT,2,,6644600 - St. Richard Gwyn Catholic High School,6644600,325,,Eligible for free school meals,fsm,1,,
25.1,25.1,Percentage of pupils,PCT,2,,6644600 - St. Richard Gwyn Catholic High School,6644600,325,,Eligible for free school meals or transitionally protected,fsmtp,2,,
4.8,4.8,Percentage of pupils,PCT,2,,6645200 - Derwen Foundation School,6645200,326,,Eligible for free school meals,fsm,1,,
6.4,6.4,Percentage of pupils,PCT,2,,6645200 - Derwen Foundation School,6645200,326,,Eligible for free school meals or transitionally protected,fsmtp,2,,
37,37,Percentage of pupils,PCT,2,,6647020 - Pen Coch,6647020,327,,Eligible for free school meals,fsm,1,,
42,42,Percentage of pupils,PCT,2,,6647020 - Pen Coch,6647020,327,,Eligible for free school meals or transitionally protected,fsmtp,2,,
42.7,42.7,Percentage of pupils,PCT,2,,6647021 - Ysgol Maes Hyfryd,6647021,328,,Eligible for free school meals,fsm,1,,
48.1,48.1,Percentage of pupils,PCT,2,,6647021 - Ysgol Maes Hyfryd,6647021,328,,Eligible for free school meals or transitionally protected,fsmtp,2,,
33.3,33.3,Percentage of pupils,PCT,2,,6651007 - Ysgol Cae'r Gwenyn,6651007,329,,Eligible for free school meals,fsm,1,,
33.3,33.3,Percentage of pupils,PCT,2,,6651007 - Ysgol Cae'r Gwenyn,6651007,329,,Eligible for free school meals or transitionally protected,fsmtp,2,,
6,6,Percentage of pupils,PCT,2,,6652076 - The Rofft CP School,6652076,330,,Eligible for free school meals,fsm,1,,
7.4,7.4,Percentage of pupils,PCT,2,,6652076 - The Rofft CP School,6652076,330,,Eligible for free school meals or transitionally protected,fsmtp,2,,
63.6,63.6,Percentage of pupils,PCT,2,,6652137 - Froncysyllte,6652137,331,,Eligible for free school meals,fsm,1,,
63.6,63.6,Percentage of pupils,PCT,2,,6652137 - Froncysyllte,6652137,331,,Eligible for free school meals or transitionally protected,fsmtp,2,,
,,Percentage of pupils,PCT,2,,6652138 - Garth CP,6652138,332,,Eligible for free school meals,fsm,1,,Confidential
,,Percentage of pupils,PCT,2,,6652138 - Garth CP,6652138,332,,Eligible for free school meals or transitionally protected,fsmtp,2,,Confidential
24.1,24.1,Percentage of pupils,PCT,2,,6652139 - Ysgol Cynddelw,6652139,333,,Eligible for free school meals,fsm,1,,
30.1,30.1,Percentage of pupils,PCT,2,,6652139 - Ysgol Cynddelw,6652139,333,,Eligible for free school meals or transitionally protected,fsmtp,2,,
0,0,Percentage of pupils,PCT,2,,6652140 - Llanarmon DC School,6652140,334,,Eligible for free school meals,fsm,1,,
22.7,22.7,Percentage of pupils,PCT,2,,6652140 - Llanarmon DC School,6652140,334,,Eligible for free school meals or transitionally protected,fsmtp,2,,
12.7,12.7,Percentage of pupils,PCT,2,,6652149 - Ysgol Acrefair,6652149,335,,Eligible for free school meals,fsm,1,,
17.6,17.6,Percentage of pupils,PCT,2,,6652149 - Ysgol Acrefair,6652149,335,,Eligible for free school meals or transitionally protected,fsmtp,2,,
21.9,21.9,Percentage of pupils,PCT,2,,6652151 - Cefn Mawr C P School,6652151,336,,Eligible for free school meals,fsm,1,,
26,26,Percentage of pupils,PCT,2,,6652151 - Cefn Mawr C P School,6652151,336,,Eligible for free school meals or transitionally protected,fsmtp,2,,
12.3,12.3,Percentage of pupils,PCT,2,,6652160 - Ysgol Maes-y-Llan,6652160,337,,Eligible for free school meals,fsm,1,,
26.8,26.8,Percentage of pupils,PCT,2,,6652160 - Ysgol Maes-y-Llan,6652160,337,,Eligible for free school meals or transitionally protected,fsmtp,2,,
21,21,Percentage of pupils,PCT,2,,6652162 - Ysgol Min y Ddol,6652162,338,,Eligible for free school meals,fsm,1,,
23.4,23.4,Percentage of pupils,PCT,2,,6652162 - Ysgol Min y Ddol,6652162,338,,Eligible for free school meals or transitionally protected,fsmtp,2,,
33.8,33.8,Percentage of pupils,PCT,2,,6652173 - Alexandra C P School,6652173,339,,Eligible for free school meals,fsm,1,,
43.9,43.9,Percentage of pupils,PCT,2,,6652173 - Alexandra C P School,6652173,339,,Eligible for free school meals or transitionally protected,fsmtp,2,,
41.6,41.6,Percentage of pupils,PCT,2,,6652176 - Brynteg C P School,6652176,340,,Eligible for free school meals,fsm,1,,
54.8,54.8,Percentage of pupils,PCT,2,,6652176 - Brynteg C P School,6652176,340,,Eligible for free school meals or transitionally protected,fsmtp,2,,
11.3,11.3,Percentage of pupils,PCT,2,,6652178 - BWLCHGWYN SCHOOL,6652178,341,,Eligible for free school meals,fsm,1,,
14.2,14.2,Percentage of pupils,PCT,2,,6652178 - BWLCHGWYN SCHOOL,6652178,341,,Eligible for free school meals or transitionally protected,fsmtp,2,,
8.6,8.6,Percentage of pupils,PCT,2,,6652179 - Ysgol Tan-y-Fron,6652179,342,,Eligible for free school meals,fsm,1,,
10.8,10.8,Percentage of pupils,PCT,2,,6652179 - Ysgol Tan-y-Fron,6652179,342,,Eligible for free school meals or transitionally protected,fsmtp,2,,
13.9,13.9,Percentage of pupils,PCT,2,,6652187 - Black Lane C P School,6652187,343,,Eligible for free school meals,fsm,1,,
18.5,18.5,Percentage of pupils,PCT,2,,6652187 - Black Lane C P School,6652187,343,,Eligible for free school meals or transitionally protected,fsmtp,2,,
21.2,21.2,Percentage of pupils,PCT,2,,6652191 - Rhosddu County Primary,6652191,344,,Eligible for free school meals,fsm,1,,
30.7,30.7,Percentage of pupils,PCT,2,,6652191 - Rhosddu County Primary,6652191,344,,Eligible for free school meals or transitionally protected,fsmtp,2,,
14.1,14.1,Percentage of pupils,PCT,2,,6652200 - Rhostyllen CP School,6652200,345,,Eligible for free school meals,fsm,1,,
20,20,Percentage of pupils,PCT,2,,6652200 - Rhostyllen CP School,6652200,345,,Eligible for free school meals or transitionally protected,fsmtp,2,,
9.5,9.5,Percentage of pupils,PCT,2,,6652204 - Ysgol Deiniol C P,6652204,346,,Eligible for free school meals,fsm,1,,
19,19,Percentage of pupils,PCT,2,,6652204 - Ysgol Deiniol C P,6652204,346,,Eligible for free school meals or transitionally protected,fsmtp,2,,
2.5,2.5,Percentage of pupils,PCT,2,,6652208 - Barker's Lane CP,6652208,347,,Eligible for free school meals,fsm,1,,
5.4,5.4,Percentage of pupils,PCT,2,,6652208 - Barker's Lane CP,6652208,347,,Eligible for free school meals or transitionally protected,fsmtp,2,,
4.3,4.3,Percentage of pupils,PCT,2,,6652209 - Wat's Dyke County Primary,6652209,348,,Eligible for free school meals,fsm,1,,
6.7,6.7,Percentage of pupils,PCT,2,,6652209 - Wat's Dyke County Primary,6652209,348,,Eligible for free school meals or transitionally protected,fsmtp,2,,
7.5,7.5,Percentage of pupils,PCT,2,,6652224 - Ysgol Bryn Tabor,6652224,349,,Eligible for free school meals,fsm,1,,
14.5,14.5,Percentage of pupils,PCT,2,,6652224 - Ysgol Bryn Tabor,6652224,349,,Eligible for free school meals or transitionally protected,fsmtp,2,,
,,Percentage of pupils,PCT,2,,6652232 - Ysgol Sant Dunawd,6652232,350,,Eligible for free school meals,fsm,1,,Confidential
10.8,10.8,Percentage of pupils,PCT,2,,6652232 - Ysgol Sant Dunawd,6652232,350,,Eligible for free school meals or transitionally protected,fsmtp,2,,
16.2,16.2,Percentage of pupils,PCT,2,,6652235 - Holt C.P. School,6652235,351,,Eligible for free school meals,fsm,1,,
20.6,20.6,Percentage of pupils,PCT,2,,6652235 - Holt C.P. School,6652235,351,,Eligible for free school meals or transitionally protected,fsmtp,2,,
22.1,22.1,Percentage of pupils,PCT,2,,6652238 - Ysgol Bodhyfryd,6652238,352,,Eligible for free school meals,fsm,1,,
30.4,30.4,Percentage of pupils,PCT,2,,6652238 - Ysgol Bodhyfryd,6652238,352,,Eligible for free school meals or transitionally protected,fsmtp,2,,
13.6,13.6,Percentage of pupils,PCT,2,,6652259 - Ysgol I.D. Hooson,6652259,353,,Eligible for free school meals,fsm,1,,
20.6,20.6,Percentage of pupils,PCT,2,,6652259 - Ysgol I.D. Hooson,6652259,353,,Eligible for free school meals or transitionally protected,fsmtp,2,,
10.7,10.7,Percentage of pupils,PCT,2,,6652263 - Ysgol Plas Coch,6652263,354,,Eligible for free school meals,fsm,1,,
17.6,17.6,Percentage of pupils,PCT,2,,6652263 - Ysgol Plas Coch,6652263,354,,Eligible for free school meals or transitionally protected,fsmtp,2,,
29.4,29.4,Percentage of pupils,PCT,2,,6652266 - Penygelli C P School,6652266,355,,Eligible for free school meals,fsm,1,,
34.9,34.9,Percentage of pupils,PCT,2,,6652266 - Penygelli C P School,6652266,355,,Eligible for free school meals or transitionally protected,fsmtp,2,,
16.5,16.5,Percentage of pupils,PCT,2,,6652267 - Ysgol Penrhyn New Broughton CP,6652267,356,,Eligible for free school meals,fsm,1,,
27.5,27.5,Percentage of pupils,PCT,2,,6652267 - Ysgol Penrhyn New Broughton CP,6652267,356,,Eligible for free school meals or transitionally protected,fsmtp,2,,
29.3,29.3,Percentage of pupils,PCT,2,,6652268 - Ysgol Heulfan,6652268,357,,Eligible for free school meals,fsm,1,,
37.8,37.8,Percentage of pupils,PCT,2,,6652268 - Ysgol Heulfan,6652268,357,,Eligible for free school meals or transitionally protected,fsmtp,2,,
50.6,50.6,Percentage of pupils,PCT,2,,6652269 - Hafod y Wern Community Primary School,6652269,358,,Eligible for free school meals,fsm,1,,
61.4,61.4,Percentage of pupils,PCT,2,,6652269 - Hafod y Wern Community Primary School,6652269,358,,Eligible for free school meals or transitionally protected,fsmtp,2,,
51,51,Percentage of pupils,PCT,2,,6652270 - Gwenfro Community Primary,6652270,359,,Eligible for free school meals,fsm,1,,
61.4,61.4,Percentage of pupils,PCT,2,,6652270 - Gwenfro Community Primary,6652270,359,,Eligible for free school meals or transitionally protected,fsmtp,2,,
22,22,Percentage of pupils,PCT,2,,6652271 - Park Community Primary School Llay,6652271,360,,Eligible for free school meals,fsm,1,,
28.5,28.5,Percentage of pupils,PCT,2,,6652271 - Park Community Primary School Llay,6652271,360,,Eligible for free school meals or transitionally protected,fsmtp,2,,
47.9,47.9,Percentage of pupils,PCT,2,,6652272 - Rhosymedre Community Primary,6652272,361,,Eligible for free school meals,fsm,1,,
57.7,57.7,Percentage of pupils,PCT,2,,6652272 - Rhosymedre Community Primary,6652272,361,,Eligible for free school meals or transitionally protected,fsmtp,2,,
33.2,33.2,Percentage of pupils,PCT,2,,6652273 - Ysgol Maes y Mynydd,6652273,362,,Eligible for free school meals,fsm,1,,
41.1,41.1,Percentage of pupils,PCT,2,,6652273 - Ysgol Maes y Mynydd,6652273,362,,Eligible for free school meals or transitionally protected,fsmtp,2,,
15.1,15.1,Percentage of pupils,PCT,2,,6652274 - Gwersyllt Community Primary School,6652274,363,,Eligible for free school meals,fsm,1,,
18.9,18.9,Percentage of pupils,PCT,2,,6652274 - Gwersyllt Community Primary School,6652274,363,,Eligible for free school meals or transitionally protected,fsmtp,2,,
29.3,29.3,Percentage of pupils,PCT,2,,6652275 - Penycae Community Primary School,6652275,364,,Eligible for free school meals,fsm,1,,
41.4,41.4,Percentage of pupils,PCT,2,,6652275 - Penycae Community Primary School,6652275,364,,Eligible for free school meals or transitionally protected,fsmtp,2,,
20.9,20.9,Percentage of pupils,PCT,2,,6652276 - Acton Primary,6652276,365,,Eligible for free school meals,fsm,1,,
26.7,26.7,Percentage of pupils,PCT,2,,6652276 - Acton Primary,6652276,365,,Eligible for free school meals or transitionally protected,fsmtp,2,,
12.5,12.5,Percentage of pupils,PCT,2,,6652277 - Victoria Community Primary,6652277,366,,Eligible for free school meals,fsm,1,,
18.4,18.4,Percentage of pupils,PCT,2,,6652277 - Victoria Community Primary,6652277,366,,Eligible for free school meals or transitionally protected,fsmtp,2,,
16.6,16.6,Percentage of pupils,PCT,2,,6652278 - Ysgol Y Waun,6652278,367,,Eligible for free school meals,fsm,1,,
20.3,20.3,Percentage of pupils,PCT,2,,6652278 - Ysgol Y Waun,6652278,367,,Eligible for free school meals or transitionally protected,fsmtp,2,,
9.3,9.3,Percentage of pupils,PCT,2,,6652279 - Ysgol Bro Alun,6652279,368,,Eligible for free school meals,fsm,1,,
13.2,13.2,Percentage of pupils,PCT,2,,6652279 - Ysgol Bro Alun,6652279,368,,Eligible for free school meals or transitionally protected,fsmtp,2,,
19.4,19.4,Percentage of pupils,PCT,2,,"6652280 - Ysgol Yr Hafod, Johnstown",6652280,369,,Eligible for free school meals,fsm,1,,
27.2,27.2,Percentage of pupils,PCT,2,,"6652280 - Ysgol Yr Hafod, Johnstown",6652280,369,,Eligible for free school meals or transitionally protected,fsmtp,2,,
12.5,12.5,Percentage of pupils,PCT,2,,6652281 - Borras Park Community Primary,6652281,370,,Eligible for free school meals,fsm,1,,
16.7,16.7,Percentage of pupils,PCT,2,,6652281 - Borras Park Community Primary,6652281,370,,Eligible for free school meals or transitionally protected,fsmtp,2,,
,,Percentage of pupils,PCT,2,,6652282 - Ysgol Llan y pwll,6652282,371,,Eligible for free school meals,fsm,1,,Confidential
,,Percentage of pupils,PCT,2,,6652282 - Ysgol Llan y pwll,6652282,371,,Eligible for free school meals or transitionally protected,fsmtp,2,,Confidential
6.8,6.8,Percentage of pupils,PCT,2,,6653028 - St Peter's School,6653028,372,,Eligible for free school meals,fsm,1,,
9.3,9.3,Percentage of pupils,PCT,2,,6653028 - St Peter's School,6653028,372,,Eligible for free school meals or transitionally protected,fsmtp,2,,
,,Percentage of pupils,PCT,2,,6653036 - Pentre CIW Voluntary Controlled,6653036,373,,Eligible for free school meals,fsm,1,,Confidential
,,Percentage of pupils,PCT,2,,6653036 - Pentre CIW Voluntary Controlled,6653036,373,,Eligible for free school meals or transitionally protected,fsmtp,2,,Confidential
,,Percentage of pupils,PCT,2,,6653042 - Eyton Primary School,6653042,374,,Eligible for free school meals,fsm,1,,Confidential
10.4,10.4,Percentage of pupils,PCT,2,,6653042 - Eyton Primary School,6653042,374,,Eligible for free school meals or transitionally protected,fsmtp,2,,
,,Percentage of pupils,PCT,2,,6653054 - BORDERBROOK SCHOOL,6653054,375,,Eligible for free school meals,fsm,1,,Confidential
,,Percentage of pupils,PCT,2,,6653054 - BORDERBROOK SCHOOL,6653054,375,,Eligible for free school meals or transitionally protected,fsmtp,2,,Confidential
19.4,19.4,Percentage of pupils,PCT,2,,6653055 - St Giles Controlled Primary School,6653055,376,,Eligible for free school meals,fsm,1,,
24.7,24.7,Percentage of pupils,PCT,2,,6653055 - St Giles Controlled Primary School,6653055,376,,Eligible for free school meals or transitionally protected,fsmtp,2,,
,,Percentage of pupils,PCT,2,,6653301 - BRONINGTON CHURCH IN WALES V.A,6653301,377,,Eligible for free school meals,fsm,1,,Confidential
,,Percentage of pupils,PCT,2,,6653301 - BRONINGTON CHURCH IN WALES V.A,6653301,377,,Eligible for free school meals or transitionally protected,fsmtp,2,,Confidential
9.1,9.1,Percentage of pupils,PCT,2,,6653305 - Madras VA School,6653305,378,,Eligible for free school meals,fsm,1,,
14,14,Percentage of pupils,PCT,2,,6653305 - Madras VA School,6653305,378,,Eligible for free school meals or transitionally protected,fsmtp,2,,
11.2,11.2,Percentage of pupils,PCT,2,,6653326 - St Chad's Church in Wales Aided School,6653326,379,,Eligible for free school meals,fsm,1,,
14,14,Percentage of pupils,PCT,2,,6653326 - St Chad's Church in Wales Aided School,6653326,379,,Eligible for free school meals or transitionally protected,fsmtp,2,,
5,5,Percentage of pupils,PCT,2,,6653334 - St Mary's RC Primary,6653334,380,,Eligible for free school meals,fsm,1,,
10.5,10.5,Percentage of pupils,PCT,2,,6653334 - St Mary's RC Primary,6653334,380,,Eligible for free school meals or transitionally protected,fsmtp,2,,
14.3,14.3,Percentage of pupils,PCT,2,,6653337 - Minera,6653337,381,,Eligible for free school meals,fsm,1,,
22,22,Percentage of pupils,PCT,2,,6653337 - Minera,6653337,381,,Eligible for free school meals or transitionally protected,fsmtp,2,,
5.7,5.7,Percentage of pupils,PCT,2,,6653338 - All Saints Voluntary Aided Sch,6653338,382,,Eligible for free school meals,fsm,1,,
9,9,Percentage of pupils,PCT,2,,6653338 - All Saints Voluntary Aided Sch,6653338,382,,Eligible for free school meals or transitionally protected,fsmtp,2,,
11.7,11.7,Percentage of pupils,PCT,2,,6653341 - St Mary's Church in Wales,6653341,383,,Eligible for free school meals,fsm,1,,
17.8,17.8,Percentage of pupils,PCT,2,,6653341 - St Mary's Church in Wales,6653341,383,,Eligible for free school meals or transitionally protected,fsmtp,2,,
28.9,28.9,Percentage of pupils,PCT,2,,6653342 - Brymbo Aided (St. Mary's),6653342,384,,Eligible for free school meals,fsm,1,,
38.5,38.5,Percentage of pupils,PCT,2,,6653342 - Brymbo Aided (St. Mary's),6653342,384,,Eligible for free school meals or transitionally protected,fsmtp,2,,
31.4,31.4,Percentage of pupils,PCT,2,,6653343 - St Anne's Catholic Primary,6653343,385,,Eligible for free school meals,fsm,1,,
40.2,40.2,Percentage of pupils,PCT,2,,6653343 - St Anne's Catholic Primary,6653343,385,,Eligible for free school meals or transitionally protected,fsmtp,2,,
4.8,4.8,Percentage of pupils,PCT,2,,6653346 - St Mary's Overton,6653346,386,,Eligible for free school meals,fsm,1,,
10.9,10.9,Percentage of pupils,PCT,2,,6653346 - St Mary's Overton,6653346,386,,Eligible for free school meals or transitionally protected,fsmtp,2,,
,,Percentage of pupils,PCT,2,,6653347 - St Paul's Voluntary Aided,6653347,387,,Eligible for free school meals,fsm,1,,Confidential
,,Percentage of pupils,PCT,2,,6653347 - St Paul's Voluntary Aided,6653347,387,,Eligible for free school meals or transitionally protected,fsmtp,2,,Confidential
24.1,24.1,Percentage of pupils,PCT,2,,6654029 - Grango,6654029,388,,Eligible for free school meals,fsm,1,,
32.8,32.8,Percentage of pupils,PCT,2,,6654029 - Grango,6654029,388,,Eligible for free school meals or transitionally protected,fsmtp,2,,
12,12,Percentage of pupils,PCT,2,,6654032 - YSGOL MORGAN LLWYD,6654032,389,,Eligible for free school meals,fsm,1,,
19.8,19.8,Percentage of pupils,PCT,2,,6654032 - YSGOL MORGAN LLWYD,6654032,389,,Eligible for free school meals or transitionally protected,fsmtp,2,,
26.7,26.7,Percentage of pupils,PCT,2,,6654033 - Ysgol Bryn Alyn,6654033,390,,Eligible for free school meals,fsm,1,,
35.9,35.9,Percentage of pupils,PCT,2,,6654033 - Ysgol Bryn Alyn,6654033,390,,Eligible for free school meals or transitionally protected,fsmtp,2,,
12.3,12.3,Percentage of pupils,PCT,2,,6654034 - Darland High School,6654034,391,,Eligible for free school meals,fsm,1,,
20.8,20.8,Percentage of pupils,PCT,2,,6654034 - Darland High School,6654034,391,,Eligible for free school meals or transitionally protected,fsmtp,2,,
27.3,27.3,Percentage of pupils,PCT,2,,6654044 - Ysgol Rhiwabon,6654044,392,,Eligible for free school meals,fsm,1,,
39.7,39.7,Percentage of pupils,PCT,2,,6654044 - Ysgol Rhiwabon,6654044,392,,Eligible for free school meals or transitionally protected,fsmtp,2,,
23.5,23.5,Percentage of pupils,PCT,2,,6654048 - Rhosnesni High School,6654048,393,,Eligible for free school meals,fsm,1,,
33.1,33.1,Percentage of pupils,PCT,2,,6654048 - Rhosnesni High School,6654048,393,,Eligible for free school meals or transitionally protected,fsmtp,2,,
31.1,31.1,Percentage of pupils,PCT,2,,6654049 - Ysgol Clywedog,6654049,394,,Eligible for free school meals,fsm,1,,
43.3,43.3,Percentage of pupils,PCT,2,,6654049 - Ysgol Clywedog,6654049,394,,Eligible for free school meals or transitionally protected,fsmtp,2,,
7.6,7.6,Percentage of pupils,PCT,2,,6654603 - St Joseph's Catholic and Anglican High,6654603,395,,Eligible for free school meals,fsm,1,,
14.4,14.4,Percentage of pupils,PCT,2,,6654603 - St Joseph's Catholic and Anglican High,6654603,395,,Eligible for free school meals or transitionally protected,fsmtp,2,,
8.3,8.3,Percentage of pupils,PCT,2,,6655401 - THE MAELOR SCHOOL,6655401,396,,Eligible for free school meals,fsm,1,,
13.7,13.7,Percentage of pupils,PCT,2,,6655401 - THE MAELOR SCHOOL,6655401,396,,Eligible for free school meals or transitionally protected,fsmtp,2,,
41.4,41.4,Percentage of pupils,PCT,2,,6657005 - St Christophers School,6657005,397,,Eligible for free school meals,fsm,1,,
50.3,50.3,Percentage of pupils,PCT,2,,6657005 - St Christophers School,6657005,397,,Eligible for free school meals or transitionally protected,fsmtp,2,,
7.6,7.6,Percentage of pupils,PCT,2,,6662002 - ABERMULE PRIMARY SCHOOL,6662002,398,,Eligible for free school meals,fsm,1,,
7.6,7.6,Percentage of pupils,PCT,2,,6662002 - ABERMULE PRIMARY SCHOOL,6662002,398,,Eligible for free school meals or transitionally protected,fsmtp,2,,
,,Percentage of pupils,PCT,2,,6662003 - ARDDLEEN C.P. SCHOOL,6662003,399,,Eligible for free school meals,fsm,1,,Confidential
6.3,6.3,Percentage of pupils,PCT,2,,6662003 - ARDDLEEN C.P. SCHOOL,6662003,399,,Eligible for free school meals or transitionally protected,fsmtp,2,,
,,Percentage of pupils,PCT,2,,6662005 - BERRIEW C.P. SCHOOL,6662005,400,,Eligible for free school meals,fsm,1,,Confidential
7.6,7.6,Percentage of pupils,PCT,2,,6662005 - BERRIEW C.P. SCHOOL,6662005,400,,Eligible for free school meals or transitionally protected,fsmtp,2,,
9.5,9.5,Percentage of pupils,PCT,2,,6662008 - CAERSWS C.P. SCHOOL,6662008,401,,Eligible for free school meals,fsm,1,,
17.9,17.9,Percentage of pupils,PCT,2,,6662008 - CAERSWS C.P. SCHOOL,6662008,401,,Eligible for free school meals or transitionally protected,fsmtp,2,,
,,Percentage of pupils,PCT,2,,6662009 - CARNO C.P. SCHOOL,6662009,402,,Eligible for free school meals,fsm,1,,Confidential
,,Percentage of pupils,PCT,2,,6662009 - CARNO C.P. SCHOOL,6662009,402,,Eligible for free school meals or transitionally protected,fsmtp,2,,Confidential
7.1,7.1,Percentage of pupils,PCT,2,,6662010 - CARREGHOFA C.P. SCHOOL,6662010,403,,Eligible for free school meals,fsm,1,,
12.1,12.1,Percentage of pupils,PCT,2,,6662010 - CARREGHOFA C.P. SCHOOL,6662010,403,,Eligible for free school meals or transitionally protected,fsmtp,2,,
20,20,Percentage of pupils,PCT,2,,6662018 - LEIGHTON C.P. SCHOOL,6662018,404,,Eligible for free school meals,fsm,1,,
36,36,Percentage of pupils,PCT,2,,6662018 - LEIGHTON C.P. SCHOOL,6662018,404,,Eligible for free school meals or transitionally protected,fsmtp,2,,
20,20,Percentage of pupils,PCT,2,,6662019 - YSGOL LLANBRYNMAIR,6662019,405,,Eligible for free school meals,fsm,1,,
31.4,31.4,Percentage of pupils,PCT,2,,6662019 - YSGOL LLANBRYNMAIR,6662019,405,,Eligible for free school meals or transitionally protected,fsmtp,2,,
18.2,18.2,Percentage of pupils,PCT,2,,6662020 - LLANDINAM C.P. SCHOOL,6662020,406,,Eligible for free school meals,fsm,1,,
18.2,18.2,Percentage of pupils,PCT,2,,6662020 - LLANDINAM C.P. SCHOOL,6662020,406,,Eligible for free school meals or transitionally protected,fsmtp,2,,
8.1,8.1,Percentage of pupils,PCT,2,,6662033 - MEIFOD C.P. SCHOOL,6662033,407,,Eligible for free school meals,fsm,1,,
19.4,19.4,Percentage of pupils,PCT,2,,6662033 - MEIFOD C.P. SCHOOL,6662033,407,,Eligible for free school meals or transitionally protected,fsmtp,2,,
11.1,11.1,Percentage of pupils,PCT,2,,6662040 - PENYGLODDFA C.P. SCHOOL,6662040,408,,Eligible for free school meals,fsm,1,,
17.4,17.4,Percentage of pupils,PCT,2,,6662040 - PENYGLODDFA C.P. SCHOOL,6662040,408,,Eligible for free school meals or transitionally protected,fsmtp,2,,
,,Percentage of pupils,PCT,2,,6662041 - PONTROBERT C.P. SCHOOL,6662041,409,,Eligible for free school meals,fsm,1,,Confidential
,,Percentage of pupils,PCT,2,,6662041 - PONTROBERT C.P. SCHOOL,6662041,409,,Eligible for free school meals or transitionally protected,fsmtp,2,,Confidential
,,Percentage of pupils,PCT,2,,6662044 - YSGOL DYFFRYN TRANNON,6662044,410,,Eligible for free school meals,fsm,1,,Confidential
,,Percentage of pupils,PCT,2,,6662044 - YSGOL DYFFRYN TRANNON,6662044,410,,Eligible for free school meals or transitionally protected,fsmtp,2,,Confidential
3.4,3.4,Percentage of pupils,PCT,2,,6662049 - GUILSFIELD C.P. SCHOOL,6662049,411,,Eligible for free school meals,fsm,1,,
7.6,7.6,Percentage of pupils,PCT,2,,6662049 - GUILSFIELD C.P. SCHOOL,6662049,411,,Eligible for free school meals or transitionally protected,fsmtp,2,,
7.9,7.9,Percentage of pupils,PCT,2,,6662050 - LLANIDLOES C.P. SCHOOL,6662050,412,,Eligible for free school meals,fsm,1,,
18.4,18.4,Percentage of pupils,PCT,2,,6662050 - LLANIDLOES C.P. SCHOOL,6662050,412,,Eligible for free school meals or transitionally protected,fsmtp,2,,
6,6,Percentage of pupils,PCT,2,,6662051 - BUTTINGTON TREWERN C.P. SCHOOL,6662051,413,,Eligible for free school meals,fsm,1,,
11.3,11.3,Percentage of pupils,PCT,2,,6662051 - BUTTINGTON TREWERN C.P. SCHOOL,6662051,413,,Eligible for free school meals or transitionally protected,fsmtp,2,,
,,Percentage of pupils,PCT,2,,6662053 - BRYNHAFREN C.P. SCHOOL,6662053,414,,Eligible for free school meals,fsm,1,,Confidential
26.5,26.5,Percentage of pupils,PCT,2,,6662053 - BRYNHAFREN C.P. SCHOOL,6662053,414,,Eligible for free school meals or transitionally protected,fsmtp,2,,
,,Percentage of pupils,PCT,2,,6662054 - CHURCHSTOKE C.P. SCHOOL,6662054,415,,Eligible for free school meals,fsm,1,,Confidential
23.7,23.7,Percentage of pupils,PCT,2,,6662054 - CHURCHSTOKE C.P. SCHOOL,6662054,415,,Eligible for free school meals or transitionally protected,fsmtp,2,,
0,0,Percentage of pupils,PCT,2,,6662058 - YSGOL GYNRADD GLANTWYMYN,6662058,416,,Eligible for free school meals,fsm,1,,
,,Percentage of pupils,PCT,2,,6662058 - YSGOL GYNRADD GLANTWYMYN,6662058,416,,Eligible for free school meals or transitionally protected,fsmtp,2,,Confidential
,,Percentage of pupils,PCT,2,,6662059 - YSGOL PENNANT,6662059,417,,Eligible for free school meals,fsm,1,,Confidential
,,Percentage of pupils,PCT,2,,6662059 - YSGOL PENNANT,6662059,417,,Eligible for free school meals or transitionally protected,fsmtp,2,,Confidential
46,46,Percentage of pupils,PCT,2,,6662060 - MAESYRHANDIR C.P. SCHOOL,6662060,418,,Eligible for free school meals,fsm,1,,
63,63,Percentage of pupils,PCT,2,,6662060 - MAESYRHANDIR C.P. SCHOOL,6662060,418,,Eligible for free school meals or transitionally protected,fsmtp,2,,
18.7,18.7,Percentage of pupils,PCT,2,,6662062 - TREOWEN C.P. SCHOOL,6662062,419,,Eligible for free school meals,fsm,1,,
39.6,39.6,Percentage of pupils,PCT,2,,6662062 - TREOWEN C.P. SCHOOL,6662062,419,,Eligible for free school meals or transitionally protected,fsmtp,2,,
13.5,13.5,Percentage of pupils,PCT,2,,6662066 - FRANKSBRIDGE C.P. SCHOOL,6662066,420,,Eligible for free school meals,fsm,1,,
16.2,16.2,Percentage of pupils,PCT,2,,6662066 - FRANKSBRIDGE C.P. SCHOOL,6662066,420,,Eligible for free school meals or transitionally protected,fsmtp,2,,
,,Percentage of pupils,PCT,2,,6662068 - LLANBISTER C.P. SCHOOL,6662068,421,,Eligible for free school meals,fsm,1,,Confidential
,,Percentage of pupils,PCT,2,,6662068 - LLANBISTER C.P. SCHOOL,6662068,421,,Eligible for free school meals or transitionally protected,fsmtp,2,,Confidential
19.2,19.2,Percentage of pupils,PCT,2,,6662070 - YSGOL CEFNLLYS,6662070,422,,Eligible for free school meals,fsm,1,,
31.8,31.8,Percentage of pupils,PCT,2,,6662070 - YSGOL CEFNLLYS,6662070,422,,Eligible for free school meals or transitionally protected,fsmtp,2,,
5.8,5.8,Percentage of pupils,PCT,2,,6662075 - PRESTEIGNE C.P. SCHOOL,6662075,423,,Eligible for free school meals,fsm,1,,
13.3,13.3,Percentage of pupils,PCT,2,,6662075 - PRESTEIGNE C.P. SCHOOL,6662075,423,,Eligible for free school meals or transitionally protected,fsmtp,2,,
0,0,Percentage of pupils,PCT,2,,6662076 - RADNOR VALLEY C.P. SCHOOL,6662076,424,,Eligible for free school meals,fsm,1,,
,,Percentage of pupils,PCT,2,,6662076 - RADNOR VALLEY C.P. SCHOOL,6662076,424,,Eligible for free school meals or transitionally protected,fsmtp,2,,Confidential
9.7,9.7,Percentage of pupils,PCT,2,,6662077 - CROSSGATES C.P. SCHOOL,6662077,425,,Eligible for free school meals,fsm,1,,
14.5,14.5,Percentage of pupils,PCT,2,,6662077 - CROSSGATES C.P. SCHOOL,6662077,425,,Eligible for free school meals or transitionally protected,fsmtp,2,,
,,Percentage of pupils,PCT,2,,6662084 - YSGOL DOLAFON,6662084,426,,Eligible for free school meals,fsm,1,,Confidential
17.1,17.1,Percentage of pupils,PCT,2,,6662084 - YSGOL DOLAFON,6662084,426,,Eligible for free school meals or transitionally protected,fsmtp,2,,
11.3,11.3,Percentage of pupils,PCT,2,,6662089 - BUILTH WELLS C.P. SCHOOL,6662089,427,,Eligible for free school meals,fsm,1,,
17.6,17.6,Percentage of pupils,PCT,2,,6662089 - BUILTH WELLS C.P. SCHOOL,6662089,427,,Eligible for free school meals or transitionally protected,fsmtp,2,,
0,0,Percentage of pupils,PCT,2,,6662092 - SENNYBRIDGE C.P. SCHOOL,6662092,428,,Eligible for free school meals,fsm,1,,
5.8,5.8,Percentage of pupils,PCT,2,,6662092 - SENNYBRIDGE C.P. SCHOOL,6662092,428,,Eligible for free school meals or transitionally protected,fsmtp,2,,
,,Percentage of pupils,PCT,2,,6662113 - CRICKHOWELL C.P. SCHOOL,6662113,429,,Eligible for free school meals,fsm,1,,Confidential
5.7,5.7,Percentage of pupils,PCT,2,,6662113 - CRICKHOWELL C.P. SCHOOL,6662113,429,,Eligible for free school meals or transitionally protected,fsmtp,2,,
6.5,6.5,Percentage of pupils,PCT,2,,6662116 - HAY-ON-WYE C.P. SCHOOL,6662116,430,,Eligible for free school meals,fsm,1,,
11.4,11.4,Percentage of pupils,PCT,2,,6662116 - HAY-ON-WYE C.P. SCHOOL,6662116,430,,Eligible for free school meals or transitionally protected,fsmtp,2,,
,,Percentage of pupils,PCT,2,,6662117 - LLANGYNIDR C.P. SCHOOL,6662117,431,,Eligible for free school meals,fsm,1,,Confidential
8.9,8.9,Percentage of pupils,PCT,2,,6662117 - LLANGYNIDR C.P. SCHOOL,6662117,431,,Eligible for free school meals or transitionally protected,fsmtp,2,,
11.9,11.9,Percentage of pupils,PCT,2,,6662125 - LLANFAES C.P. SCHOOL,6662125,432,,Eligible for free school meals,fsm,1,,
19.7,19.7,Percentage of pupils,PCT,2,,6662125 - LLANFAES C.P. SCHOOL,6662125,432,,Eligible for free school meals or transitionally protected,fsmtp,2,,
,,Percentage of pupils,PCT,2,,6662127 - YSGOL Y BANNAU,6662127,433,,Eligible for free school meals,fsm,1,,Confidential
9.6,9.6,Percentage of pupils,PCT,2,,6662127 - YSGOL Y BANNAU,6662127,433,,Eligible for free school meals or transitionally protected,fsmtp,2,,
5,5,Percentage of pupils,PCT,2,,6662129 - YSGOL RHIW BECHAN,6662129,434,,Eligible for free school meals,fsm,1,,
9.4,9.4,Percentage of pupils,PCT,2,,6662129 - YSGOL RHIW BECHAN,6662129,434,,Eligible for free school meals or transitionally protected,fsmtp,2,,
14.3,14.3,Percentage of pupils,PCT,2,,6662146 - LLANRHAEADR YM MOCHNANT C.P. SCHOOL,6662146,435,,Eligible for free school meals,fsm,1,,
17.9,17.9,Percentage of pupils,PCT,2,,6662146 - LLANRHAEADR YM MOCHNANT C.P. SCHOOL,6662146,435,,Eligible for free school meals or transitionally protected,fsmtp,2,,
0,0,Percentage of pupils,PCT,2,,6662147 - YSGOL BRO CYNLLAITH,6662147,436,,Eligible for free school meals,fsm,1,,
,,Percentage of pupils,PCT,2,,6662147 - YSGOL BRO CYNLLAITH,6662147,436,,Eligible for free school meals or transitionally protected,fsmtp,2,,Confidential
8.1,8.1,Percentage of pupils,PCT,2,,6662148 - YSGOL DAFYDD LLWYD,6662148,437,,Eligible for free school meals,fsm,1,,
16.1,16.1,Percentage of pupils,PCT,2,,6662148 - YSGOL DAFYDD LLWYD,6662148,437,,Eligible for free school meals or transitionally protected,fsmtp,2,,
19.8,19.8,Percentage of pupils,PCT,2,,6662149 - YSGOL Y CRIBARTH,6662149,438,,Eligible for free school meals,fsm,1,,
25.9,25.9,Percentage of pupils,PCT,2,,6662149 - YSGOL Y CRIBARTH,6662149,438,,Eligible for free school meals or transitionally protected,fsmtp,2,,
31.4,31.4,Percentage of pupils,PCT,2,,6662150 - YSGOL GOLWG Y CWM,6662150,439,,Eligible for free school meals,fsm,1,,
36.2,36.2,Percentage of pupils,PCT,2,,6662150 - YSGOL GOLWG Y CWM,6662150,439,,Eligible for free school meals or transitionally protected,fsmtp,2,,
14.6,14.6,Percentage of pupils,PCT,2,,6662151 - YSGOL BRO TAWE,6662151,440,,Eligible for free school meals,fsm,1,,
18.4,18.4,Percentage of pupils,PCT,2,,6662151 - YSGOL BRO TAWE,6662151,440,,Eligible for free school meals or transitionally protected,fsmtp,2,,
9.8,9.8,Percentage of pupils,PCT,2,,6662152 - YSGOL GYMRAEG DYFFRYN Y GLOWYR,6662152,441,,Eligible for free school meals,fsm,1,,
17.2,17.2,Percentage of pupils,PCT,2,,6662152 - YSGOL GYMRAEG DYFFRYN Y GLOWYR,6662152,441,,Eligible for free school meals or transitionally protected,fsmtp,2,,
14.3,14.3,Percentage of pupils,PCT,2,,6662153 - YSGOL Y MYNYDD DU ,6662153,442,,Eligible for free school meals,fsm,1,,
24.2,24.2,Percentage of pupils,PCT,2,,6662153 - YSGOL Y MYNYDD DU ,6662153,442,,Eligible for free school meals or transitionally protected,fsmtp,2,,
12.3,12.3,Percentage of pupils,PCT,2,,6662154 - YSGOL GYMRAEG Y TRALLWNG,6662154,443,,Eligible for free school meals,fsm,1,,
13.2,13.2,Percentage of pupils,PCT,2,,6662154 - YSGOL GYMRAEG Y TRALLWNG,6662154,443,,Eligible for free school meals or transitionally protected,fsmtp,2,,
23.6,23.6,Percentage of pupils,PCT,2,,6662155 - YSGOL CALON Y DDERWEN,6662155,444,,Eligible for free school meals,fsm,1,,
34,34,Percentage of pupils,PCT,2,,6662155 - YSGOL CALON Y DDERWEN,6662155,444,,Eligible for free school meals or transitionally protected,fsmtp,2,,
17,17,Percentage of pupils,PCT,2,,6662156 - YSGOL GOLWG PEN Y FAN,6662156,445,,Eligible for free school meals,fsm,1,,
19.7,19.7,Percentage of pupils,PCT,2,,6662156 - YSGOL GOLWG PEN Y FAN,6662156,445,,Eligible for free school meals or transitionally protected,fsmtp,2,,
11.1,11.1,Percentage of pupils,PCT,2,,6663000 - LLANFECHAIN C.I.W. SCHOOL,6663000,446,,Eligible for free school meals,fsm,1,,
22.2,22.2,Percentage of pupils,PCT,2,,6663000 - LLANFECHAIN C.I.W. SCHOOL,6663000,446,,Eligible for free school meals or transitionally protected,fsmtp,2,,
9.3,9.3,Percentage of pupils,PCT,2,,6663002 - MONTGOMERY C.I.W. SCHOOL,6663002,447,,Eligible for free school meals,fsm,1,,
16.7,16.7,Percentage of pupils,PCT,2,,6663002 - MONTGOMERY C.I.W. SCHOOL,6663002,447,,Eligible for free school meals or transitionally protected,fsmtp,2,,
,,Percentage of pupils,PCT,2,,6663016 - FORDEN C.I.W. SCHOOL,6663016,448,,Eligible for free school meals,fsm,1,,Confidential
14.3,14.3,Percentage of pupils,PCT,2,,6663016 - FORDEN C.I.W. SCHOOL,6663016,448,,Eligible for free school meals or transitionally protected,fsmtp,2,,
10.9,10.9,Percentage of pupils,PCT,2,,6663021 - LLANDYSILIO C.I.W. SCHOOL,6663021,449,,Eligible for free school meals,fsm,1,,
23.6,23.6,Percentage of pupils,PCT,2,,6663021 - LLANDYSILIO C.I.W. SCHOOL,6663021,449,,Eligible for free school meals or transitionally protected,fsmtp,2,,
,,Percentage of pupils,PCT,2,,6663026 - GLADESTRY C.I.W. SCHOOL,6663026,450,,Eligible for free school meals,fsm,1,,Confidential
,,Percentage of pupils,PCT,2,,6663026 - GLADESTRY C.I.W. SCHOOL,6663026,450,,Eligible for free school meals or transitionally protected,fsmtp,2,,Confidential
20.7,20.7,Percentage of pupils,PCT,2,,6663030 - YSGOL TREFONNEN CHURCH IN WALES COMMUNITY PRIMARY,6663030,451,,Eligible for free school meals,fsm,1,,
31.5,31.5,Percentage of pupils,PCT,2,,6663030 - YSGOL TREFONNEN CHURCH IN WALES COMMUNITY PRIMARY,6663030,451,,Eligible for free school meals or transitionally protected,fsmtp,2,,
,,Percentage of pupils,PCT,2,,6663031 - NEWBRIDGE-ON-WYE CHURCH IN WALES SCHOOL,6663031,452,,Eligible for free school meals,fsm,1,,Confidential
,,Percentage of pupils,PCT,2,,6663031 - NEWBRIDGE-ON-WYE CHURCH IN WALES SCHOOL,6663031,452,,Eligible for free school meals or transitionally protected,fsmtp,2,,Confidential
7,7,Percentage of pupils,PCT,2,,6663033 - CLYRO C.I.W. SCHOOL,6663033,453,,Eligible for free school meals,fsm,1,,
11.3,11.3,Percentage of pupils,PCT,2,,6663033 - CLYRO C.I.W. SCHOOL,6663033,453,,Eligible for free school meals or transitionally protected,fsmtp,2,,
13.7,13.7,Percentage of pupils,PCT,2,,6663035 - KNIGHTON CHURCH IN WALES PRIMARY SCHOOL,6663035,454,,Eligible for free school meals,fsm,1,,
19.6,19.6,Percentage of pupils,PCT,2,,6663035 - KNIGHTON CHURCH IN WALES PRIMARY SCHOOL,6663035,454,,Eligible for free school meals or transitionally protected,fsmtp,2,,
7.2,7.2,Percentage of pupils,PCT,2,,6663036 - RHAYADER C.I.W. SCHOOL,6663036,455,,Eligible for free school meals,fsm,1,,
19.5,19.5,Percentage of pupils,PCT,2,,6663036 - RHAYADER C.I.W. SCHOOL,6663036,455,,Eligible for free school meals or transitionally protected,fsmtp,2,,
8.5,8.5,Percentage of pupils,PCT,2,,6663037 - LLANELWEDD CHURCH IN WALES PRIMARY SCHOOL,6663037,456,,Eligible for free school meals,fsm,1,,
12.8,12.8,Percentage of pupils,PCT,2,,6663037 - LLANELWEDD CHURCH IN WALES PRIMARY SCHOOL,6663037,456,,Eligible for free school meals or transitionally protected,fsmtp,2,,
6.4,6.4,Percentage of pupils,PCT,2,,6663050 - LLANGORS C.I.W. SCHOOL,6663050,457,,Eligible for free school meals,fsm,1,,
13.5,13.5,Percentage of pupils,PCT,2,,6663050 - LLANGORS C.I.W. SCHOOL,6663050,457,,Eligible for free school meals or transitionally protected,fsmtp,2,,
28.8,28.8,Percentage of pupils,PCT,2,,6663051 - WELSHPOOL CHURCH IN WALES PRIMARY SCHOOL,6663051,458,,Eligible for free school meals,fsm,1,,
37.9,37.9,Percentage of pupils,PCT,2,,6663051 - WELSHPOOL CHURCH IN WALES PRIMARY SCHOOL,6663051,458,,Eligible for free school meals or transitionally protected,fsmtp,2,,
,,Percentage of pupils,PCT,2,,6663301 - ST. MICHAEL'S C.I.W. SCHOOL,6663301,459,,Eligible for free school meals,fsm,1,,Confidential
7.6,7.6,Percentage of pupils,PCT,2,,6663301 - ST. MICHAEL'S C.I.W. SCHOOL,6663301,459,,Eligible for free school meals or transitionally protected,fsmtp,2,,
10.9,10.9,Percentage of pupils,PCT,2,,6663303 - LLANSANTFFRAID C.I.W.A.,6663303,460,,Eligible for free school meals,fsm,1,,
12.7,12.7,Percentage of pupils,PCT,2,,6663303 - LLANSANTFFRAID C.I.W.A.,6663303,460,,Eligible for free school meals or transitionally protected,fsmtp,2,,
5.2,5.2,Percentage of pupils,PCT,2,,6663317 - ARCHDEACON GRIFFITHS C.I.W. PRIMARY SCHOOL,6663317,461,,Eligible for free school meals,fsm,1,,
7.4,7.4,Percentage of pupils,PCT,2,,6663317 - ARCHDEACON GRIFFITHS C.I.W. PRIMARY SCHOOL,6663317,461,,Eligible for free school meals or transitionally protected,fsmtp,2,,
25.2,25.2,Percentage of pupils,PCT,2,,6663318 - PRIORY CHURCH IN WALES SCHOOL,6663318,462,,Eligible for free school meals,fsm,1,,
38.5,38.5,Percentage of pupils,PCT,2,,6663318 - PRIORY CHURCH IN WALES SCHOOL,6663318,462,,Eligible for free school meals or transitionally protected,fsmtp,2,,
29.5,29.5,Percentage of pupils,PCT,2,,6663320 - ST MARY`S R.C. (A) SCHOOL,6663320,463,,Eligible for free school meals,fsm,1,,
39.3,39.3,Percentage of pupils,PCT,2,,6663320 - ST MARY`S R.C. (A) SCHOOL,6663320,463,,Eligible for free school meals or transitionally protected,fsmtp,2,,
6.3,6.3,Percentage of pupils,PCT,2,,6663322 - LLANGATTOCK C.I.W. SCHOOL,6663322,464,,Eligible for free school meals,fsm,1,,
10.8,10.8,Percentage of pupils,PCT,2,,6663322 - LLANGATTOCK C.I.W. SCHOOL,6663322,464,,Eligible for free school meals or transitionally protected,fsmtp,2,,
10.9,10.9,Percentage of pupils,PCT,2,,6663323 - YSGOL CWM BANWY,6663323,465,,Eligible for free school meals,fsm,1,,
13,13,Percentage of pupils,PCT,2,,6663323 - YSGOL CWM BANWY,6663323,465,,Eligible for free school meals or transitionally protected,fsmtp,2,,
6.5,6.5,Percentage of pupils,PCT,2,,6664002 - LLANIDLOES HIGH SCHOOL,6664002,466,,Eligible for free school meals,fsm,1,,
16.4,16.4,Percentage of pupils,PCT,2,,6664002 - LLANIDLOES HIGH SCHOOL,6664002,466,,Eligible for free school meals or transitionally protected,fsmtp,2,,
15.7,15.7,Percentage of pupils,PCT,2,,6664011 - Newtown High School,6664011,467,,Eligible for free school meals,fsm,1,,
25,25,Percentage of pupils,PCT,2,,6664011 - Newtown High School,6664011,467,,Eligible for free school meals or transitionally protected,fsmtp,2,,
10.3,10.3,Percentage of pupils,PCT,2,,6664013 - WELSHPOOL HIGH SCHOOL,6664013,468,,Eligible for free school meals,fsm,1,,
15.4,15.4,Percentage of pupils,PCT,2,,6664013 - WELSHPOOL HIGH SCHOOL,6664013,468,,Eligible for free school meals or transitionally protected,fsmtp,2,,
19.7,19.7,Percentage of pupils,PCT,2,,6664021 - Ysgol Maesydderwen,6664021,469,,Eligible for free school meals,fsm,1,,
29.8,29.8,Percentage of pupils,PCT,2,,6664021 - Ysgol Maesydderwen,6664021,469,,Eligible for free school meals or transitionally protected,fsmtp,2,,
10.2,10.2,Percentage of pupils,PCT,2,,6664022 - BRECON HIGH SCHOOL,6664022,470,,Eligible for free school meals,fsm,1,,
18.9,18.9,Percentage of pupils,PCT,2,,6664022 - BRECON HIGH SCHOOL,6664022,470,,Eligible for free school meals or transitionally protected,fsmtp,2,,
8.5,8.5,Percentage of pupils,PCT,2,,6664023 - Gwernyfed High School,6664023,471,,Eligible for free school meals,fsm,1,,
15,15,Percentage of pupils,PCT,2,,6664023 - Gwernyfed High School,6664023,471,,Eligible for free school meals or transitionally protected,fsmtp,2,,
4.5,4.5,Percentage of pupils,PCT,2,,6664024 - Crickhowell High School,6664024,472,,Eligible for free school meals,fsm,1,,
9.4,9.4,Percentage of pupils,PCT,2,,6664024 - Crickhowell High School,6664024,472,,Eligible for free school meals or transitionally protected,fsmtp,2,,
13.8,13.8,Percentage of pupils,PCT,2,,6664025 - Ysgol Calon Cymru,6664025,473,,Eligible for free school meals,fsm,1,,
19.9,19.9,Percentage of pupils,PCT,2,,6664025 - Ysgol Calon Cymru,6664025,473,,Eligible for free school meals or transitionally protected,fsmtp,2,,
7.5,7.5,Percentage of pupils,PCT,2,,6665500 - Ysgol Bro Hyddgen,6665500,474,,Eligible for free school meals,fsm,1,,
16.8,16.8,Percentage of pupils,PCT,2,,6665500 - Ysgol Bro Hyddgen,6665500,474,,Eligible for free school meals or transitionally protected,fsmtp,2,,
8.8,8.8,Percentage of pupils,PCT,2,,6665501 - Ysgol Llanfyllin,6665501,475,,Eligible for free school meals,fsm,1,,
15.1,15.1,Percentage of pupils,PCT,2,,6665501 - Ysgol Llanfyllin,6665501,475,,Eligible for free school meals or transitionally protected,fsmtp,2,,
5.3,5.3,Percentage of pupils,PCT,2,,6665502 - Ysgol Bro Caereinion,6665502,476,,Eligible for free school meals,fsm,1,,
11.7,11.7,Percentage of pupils,PCT,2,,6665502 - Ysgol Bro Caereinion,6665502,476,,Eligible for free school meals or transitionally protected,fsmtp,2,,
36.8,36.8,Percentage of pupils,PCT,2,,6667001 - BRYNLLYWARCH HALL SCHOOL,6667001,477,,Eligible for free school meals,fsm,1,,
50.6,50.6,Percentage of pupils,PCT,2,,6667001 - BRYNLLYWARCH HALL SCHOOL,6667001,477,,Eligible for free school meals or transitionally protected,fsmtp,2,,
33.9,33.9,Percentage of pupils,PCT,2,,6667002 - YSGOL ROBERT OWEN,6667002,478,,Eligible for free school meals,fsm,1,,
46.4,46.4,Percentage of pupils,PCT,2,,6667002 - YSGOL ROBERT OWEN,6667002,478,,Eligible for free school meals or transitionally protected,fsmtp,2,,
35.7,35.7,Percentage of pupils,PCT,2,,6667004 - YSGOL PENMAES,6667004,479,,Eligible for free school meals,fsm,1,,
42.6,42.6,Percentage of pupils,PCT,2,,6667004 - YSGOL PENMAES,6667004,479,,Eligible for free school meals or transitionally protected,fsmtp,2,,
6.6,6.6,Percentage of pupils,PCT,2,,6672281 - YSGOL GYMUNEDOL GYNRADD ABERAERON,6672281,480,,Eligible for free school meals,fsm,1,,
8.7,8.7,Percentage of pupils,PCT,2,,6672281 - YSGOL GYMUNEDOL GYNRADD ABERAERON,6672281,480,,Eligible for free school meals or transitionally protected,fsmtp,2,,
19.7,19.7,Percentage of pupils,PCT,2,,6672291 - YSGOL GYMUNEDOL LLANARTH,6672291,481,,Eligible for free school meals,fsm,1,,
28.8,28.8,Percentage of pupils,PCT,2,,6672291 - YSGOL GYMUNEDOL LLANARTH,6672291,481,,Eligible for free school meals or transitionally protected,fsmtp,2,,
,,Percentage of pupils,PCT,2,,6672293 - YSGOL GYMUNEDOL LLANNON,6672293,482,,Eligible for free school meals,fsm,1,,Confidential
14.6,14.6,Percentage of pupils,PCT,2,,6672293 - YSGOL GYMUNEDOL LLANNON,6672293,482,,Eligible for free school meals or transitionally protected,fsmtp,2,,
22.2,22.2,Percentage of pupils,PCT,2,,6672295 - YSGOL GYMUNEDOL CEI NEWYDD,6672295,483,,Eligible for free school meals,fsm,1,,
40.3,40.3,Percentage of pupils,PCT,2,,6672295 - YSGOL GYMUNEDOL CEI NEWYDD,6672295,483,,Eligible for free school meals or transitionally protected,fsmtp,2,,
,,Percentage of pupils,PCT,2,,6672298 - YSGOL GYMUNEDOL TALGARREG,6672298,484,,Eligible for free school meals,fsm,1,,Confidential
,,Percentage of pupils,PCT,2,,6672298 - YSGOL GYMUNEDOL TALGARREG,6672298,484,,Eligible for free school meals or transitionally protected,fsmtp,2,,Confidential
5.4,5.4,Percentage of pupils,PCT,2,,6672299 - YSGOL GYMRAEG ABERYSTWYTH,6672299,485,,Eligible for free school meals,fsm,1,,
7.6,7.6,Percentage of pupils,PCT,2,,6672299 - YSGOL GYMRAEG ABERYSTWYTH,6672299,485,,Eligible for free school meals or transitionally protected,fsmtp,2,,
10.5,10.5,Percentage of pupils,PCT,2,,6672303 - YSGOL GYMUNEDOL COMINS COCH,6672303,486,,Eligible for free school meals,fsm,1,,
17.3,17.3,Percentage of pupils,PCT,2,,6672303 - YSGOL GYMUNEDOL COMINS COCH,6672303,486,,Eligible for free school meals or transitionally protected,fsmtp,2,,
,,Percentage of pupils,PCT,2,,6672308 - YSGOL GYMUNEDOL LLANFARIAN,6672308,487,,Eligible for free school meals,fsm,1,,Confidential
,,Percentage of pupils,PCT,2,,6672308 - YSGOL GYMUNEDOL LLANFARIAN,6672308,487,,Eligible for free school meals or transitionally protected,fsmtp,2,,Confidential
0,0,Percentage of pupils,PCT,2,,6672309 - YSGOL GYMUNEDOL LLANFIHANGEL-Y-CREUDDYN,6672309,488,,Eligible for free school meals,fsm,1,,
0,0,Percentage of pupils,PCT,2,,6672309 - YSGOL GYMUNEDOL LLANFIHANGEL-Y-CREUDDYN,6672309,488,,Eligible for free school meals or transitionally protected,fsmtp,2,,
,,Percentage of pupils,PCT,2,,6672310 - YSGOL GYMUNEDOL LLANGWYRYFON,6672310,489,,Eligible for free school meals,fsm,1,,Confidential
,,Percentage of pupils,PCT,2,,6672310 - YSGOL GYMUNEDOL LLANGWYRYFON,6672310,489,,Eligible for free school meals or transitionally protected,fsmtp,2,,Confidential
5.7,5.7,Percentage of pupils,PCT,2,,6672311 - YSGOL LLANILAR,6672311,490,,Eligible for free school meals,fsm,1,,
14.2,14.2,Percentage of pupils,PCT,2,,6672311 - YSGOL LLANILAR,6672311,490,,Eligible for free school meals or transitionally protected,fsmtp,2,,
11.1,11.1,Percentage of pupils,PCT,2,,6672312 - YSGOL GYMUNEDOL MYNACH,6672312,491,,Eligible for free school meals,fsm,1,,
20,20,Percentage of pupils,PCT,2,,6672312 - YSGOL GYMUNEDOL MYNACH,6672312,491,,Eligible for free school meals or transitionally protected,fsmtp,2,,
11.9,11.9,Percentage of pupils,PCT,2,,6672313 - YSGOL PENLLWYN,6672313,492,,Eligible for free school meals,fsm,1,,
11.9,11.9,Percentage of pupils,PCT,2,,6672313 - YSGOL PENLLWYN,6672313,492,,Eligible for free school meals or transitionally protected,fsmtp,2,,
35.5,35.5,Percentage of pupils,PCT,2,,6672314 - YSGOL GYMUNEDOL LLWYN YR EOS,6672314,493,,Eligible for free school meals,fsm,1,,
45.9,45.9,Percentage of pupils,PCT,2,,6672314 - YSGOL GYMUNEDOL LLWYN YR EOS,6672314,493,,Eligible for free school meals or transitionally protected,fsmtp,2,,
53.3,53.3,Percentage of pupils,PCT,2,,6672315 - YSGOL GYMUNEDOL SYR JOHN RHYS,6672315,494,,Eligible for free school meals,fsm,1,,
53.3,53.3,Percentage of pupils,PCT,2,,6672315 - YSGOL GYMUNEDOL SYR JOHN RHYS,6672315,494,,Eligible for free school meals or transitionally protected,fsmtp,2,,
7.2,7.2,Percentage of pupils,PCT,2,,6672316 - YSGOL GYMUNEDOL RHYDYPENNAU,6672316,495,,Eligible for free school meals,fsm,1,,
11.3,11.3,Percentage of pupils,PCT,2,,6672316 - YSGOL GYMUNEDOL RHYDYPENNAU,6672316,495,,Eligible for free school meals or transitionally protected,fsmtp,2,,
,,Percentage of pupils,PCT,2,,6672317 - YSGOL GYMUNEDOL TALYBONT,6672317,496,,Eligible for free school meals,fsm,1,,Confidential
10.5,10.5,Percentage of pupils,PCT,2,,6672317 - YSGOL GYMUNEDOL TALYBONT,6672317,496,,Eligible for free school meals or transitionally protected,fsmtp,2,,
8.6,8.6,Percentage of pupils,PCT,2,,6672319 - YSGOL GYMUNEDOL ABERPORTH,6672319,497,,Eligible for free school meals,fsm,1,,
16.7,16.7,Percentage of pupils,PCT,2,,6672319 - YSGOL GYMUNEDOL ABERPORTH,6672319,497,,Eligible for free school meals or transitionally protected,fsmtp,2,,
35.2,35.2,Percentage of pupils,PCT,2,,6672323 - YSGOL GYMUNEDOL LLECHRYD,6672323,498,,Eligible for free school meals,fsm,1,,
48.1,48.1,Percentage of pupils,PCT,2,,6672323 - YSGOL GYMUNEDOL LLECHRYD,6672323,498,,Eligible for free school meals or transitionally protected,fsmtp,2,,
,,Percentage of pupils,PCT,2,,6672324 - YSGOL GYMUNEDOL PENPARC,6672324,499,,Eligible for free school meals,fsm,1,,Confidential
8.7,8.7,Percentage of pupils,PCT,2,,6672324 - YSGOL GYMUNEDOL PENPARC,6672324,499,,Eligible for free school meals or transitionally protected,fsmtp,2,,
18.9,18.9,Percentage of pupils,PCT,2,,6672353 - YSGOL GYMUNEDOL PONTRHYDFENDIGAID,6672353,500,,Eligible for free school meals,fsm,1,,
20.8,20.8,Percentage of pupils,PCT,2,,6672353 - YSGOL GYMUNEDOL PONTRHYDFENDIGAID,6672353,500,,Eligible for free school meals or transitionally protected,fsmtp,2,,
12.7,12.7,Percentage of pupils,PCT,2,,6672361 - YSGOL GYMUNEDOL PLASCRUG,6672361,501,,Eligible for free school meals,fsm,1,,
19,19,Percentage of pupils,PCT,2,,6672361 - YSGOL GYMUNEDOL PLASCRUG,6672361,501,,Eligible for free school meals or transitionally protected,fsmtp,2,,
41.7,41.7,Percentage of pupils,PCT,2,,6672362 - YSGOL CRAIG YR WYLFA,6672362,502,,Eligible for free school meals,fsm,1,,
54.2,54.2,Percentage of pupils,PCT,2,,6672362 - YSGOL CRAIG YR WYLFA,6672362,502,,Eligible for free school meals or transitionally protected,fsmtp,2,,
14.8,14.8,Percentage of pupils,PCT,2,,6672363 - YSGOL PENRHYNCOCH,6672363,503,,Eligible for free school meals,fsm,1,,
19.1,19.1,Percentage of pupils,PCT,2,,6672363 - YSGOL PENRHYNCOCH,6672363,503,,Eligible for free school meals or transitionally protected,fsmtp,2,,
16.2,16.2,Percentage of pupils,PCT,2,,6672366 - YSGOL GYMUNEDOL Y DDERI,6672366,504,,Eligible for free school meals,fsm,1,,
17.2,17.2,Percentage of pupils,PCT,2,,6672366 - YSGOL GYMUNEDOL Y DDERI,6672366,504,,Eligible for free school meals or transitionally protected,fsmtp,2,,
19.1,19.1,Percentage of pupils,PCT,2,,6672367 - YSGOL GYMUNEDOL CENARTH,6672367,505,,Eligible for free school meals,fsm,1,,
25.8,25.8,Percentage of pupils,PCT,2,,6672367 - YSGOL GYMUNEDOL CENARTH,6672367,505,,Eligible for free school meals or transitionally protected,fsmtp,2,,
21.9,21.9,Percentage of pupils,PCT,2,,6672368 - YSGOL GYNRADD ABERTEIFI,6672368,506,,Eligible for free school meals,fsm,1,,
32.7,32.7,Percentage of pupils,PCT,2,,6672368 - YSGOL GYNRADD ABERTEIFI,6672368,506,,Eligible for free school meals or transitionally protected,fsmtp,2,,
10,10,Percentage of pupils,PCT,2,,6672369 - YSGOL BRO SION CWILT,6672369,507,,Eligible for free school meals,fsm,1,,
11.7,11.7,Percentage of pupils,PCT,2,,6672369 - YSGOL BRO SION CWILT,6672369,507,,Eligible for free school meals or transitionally protected,fsmtp,2,,
9.6,9.6,Percentage of pupils,PCT,2,,6672371 - YSGOL GYNRADD T LLEW JONES,6672371,508,,Eligible for free school meals,fsm,1,,
17.5,17.5,Percentage of pupils,PCT,2,,6672371 - YSGOL GYNRADD T LLEW JONES,6672371,508,,Eligible for free school meals or transitionally protected,fsmtp,2,,
30.9,30.9,Percentage of pupils,PCT,2,,6672372 - YSGOL RHOS HELYG,6672372,509,,Eligible for free school meals,fsm,1,,
38.2,38.2,Percentage of pupils,PCT,2,,6672372 - YSGOL RHOS HELYG,6672372,509,,Eligible for free school meals or transitionally protected,fsmtp,2,,
11.1,11.1,Percentage of pupils,PCT,2,,6672374 - YSGOL DYFFRYN AERON,6672374,510,,Eligible for free school meals,fsm,1,,
17.2,17.2,Percentage of pupils,PCT,2,,6672374 - YSGOL DYFFRYN AERON,6672374,510,,Eligible for free school meals or transitionally protected,fsmtp,2,,
14.3,14.3,Percentage of pupils,PCT,2,,6673058 - YSGOL WIRFODDOL MYFENYDD,6673058,511,,Eligible for free school meals,fsm,1,,
20.2,20.2,Percentage of pupils,PCT,2,,6673058 - YSGOL WIRFODDOL MYFENYDD,6673058,511,,Eligible for free school meals or transitionally protected,fsmtp,2,,
7.5,7.5,Percentage of pupils,PCT,2,,6673061 - YSGOL GYNRADD DYFFRYN CLEDLYN,6673061,512,,Eligible for free school meals,fsm,1,,
8.4,8.4,Percentage of pupils,PCT,2,,6673061 - YSGOL GYNRADD DYFFRYN CLEDLYN,6673061,512,,Eligible for free school meals or transitionally protected,fsmtp,2,,
13,13,Percentage of pupils,PCT,2,,6673318 - ST PADARN'S ROMAN CATHOLIC PRIMARY SCHOOL,6673318,513,,Eligible for free school meals,fsm,1,,
21.2,21.2,Percentage of pupils,PCT,2,,6673318 - ST PADARN'S ROMAN CATHOLIC PRIMARY SCHOOL,6673318,513,,Eligible for free school meals or transitionally protected,fsmtp,2,,
14.3,14.3,Percentage of pupils,PCT,2,,6674042 - GYFUN ABERAERON COMPREHENSIVE,6674042,514,,Eligible for free school meals,fsm,1,,
22.5,22.5,Percentage of pupils,PCT,2,,6674042 - GYFUN ABERAERON COMPREHENSIVE,6674042,514,,Eligible for free school meals or transitionally protected,fsmtp,2,,
18.6,18.6,Percentage of pupils,PCT,2,,6674044 - Ysgol Uwchradd Aberteifi,6674044,515,,Eligible for free school meals,fsm,1,,
27.2,27.2,Percentage of pupils,PCT,2,,6674044 - Ysgol Uwchradd Aberteifi,6674044,515,,Eligible for free school meals or transitionally protected,fsmtp,2,,
11.8,11.8,Percentage of pupils,PCT,2,,6674047 - Penglais School,6674047,516,,Eligible for free school meals,fsm,1,,
19.1,19.1,Percentage of pupils,PCT,2,,6674047 - Penglais School,6674047,516,,Eligible for free school meals or transitionally protected,fsmtp,2,,
4.9,4.9,Percentage of pupils,PCT,2,,6674048 - YSGOL GYFUN PENWEDDIG,6674048,517,,Eligible for free school meals,fsm,1,,
7,7,Percentage of pupils,PCT,2,,6674048 - YSGOL GYFUN PENWEDDIG,6674048,517,,Eligible for free school meals or transitionally protected,fsmtp,2,,
16.3,16.3,Percentage of pupils,PCT,2,,6675500 - Ysgol Bro Pedr,6675500,518,,Eligible for free school meals,fsm,1,,
25.7,25.7,Percentage of pupils,PCT,2,,6675500 - Ysgol Bro Pedr,6675500,518,,Eligible for free school meals or transitionally protected,fsmtp,2,,
14.2,14.2,Percentage of pupils,PCT,2,,6675501 - Ysgol Henry Richard,6675501,519,,Eligible for free school meals,fsm,1,,
19.1,19.1,Percentage of pupils,PCT,2,,6675501 - Ysgol Henry Richard,6675501,519,,Eligible for free school meals or transitionally protected,fsmtp,2,,
9.8,9.8,Percentage of pupils,PCT,2,,6675502 - Ysgol Bro Teifi,6675502,520,,Eligible for free school meals,fsm,1,,
15.1,15.1,Percentage of pupils,PCT,2,,6675502 - Ysgol Bro Teifi,6675502,520,,Eligible for free school meals or transitionally protected,fsmtp,2,,
6,6,Percentage of pupils,PCT,2,,6682203 - Sageston Community Primary School,6682203,521,,Eligible for free school meals,fsm,1,,
8.6,8.6,Percentage of pupils,PCT,2,,6682203 - Sageston Community Primary School,6682203,521,,Eligible for free school meals or transitionally protected,fsmtp,2,,
,,Percentage of pupils,PCT,2,,6682209 - Ysgol Gynradd Gymunedol Eglwyswrw,6682209,522,,Eligible for free school meals,fsm,1,,Confidential
,,Percentage of pupils,PCT,2,,6682209 - Ysgol Gynradd Gymunedol Eglwyswrw,6682209,522,,Eligible for free school meals or transitionally protected,fsmtp,2,,Confidential
14.5,14.5,Percentage of pupils,PCT,2,,6682212 - Ysgol Gymunedol Wdig / Goodwick Community School,6682212,523,,Eligible for free school meals,fsm,1,,
23.6,23.6,Percentage of pupils,PCT,2,,6682212 - Ysgol Gymunedol Wdig / Goodwick Community School,6682212,523,,Eligible for free school meals or transitionally protected,fsmtp,2,,
30.6,30.6,Percentage of pupils,PCT,2,,6682214 - Fenton Community Primary School,6682214,524,,Eligible for free school meals,fsm,1,,
37.9,37.9,Percentage of pupils,PCT,2,,6682214 - Fenton Community Primary School,6682214,524,,Eligible for free school meals or transitionally protected,fsmtp,2,,
18,18,Percentage of pupils,PCT,2,,6682220 - Johnston Community Primary School,6682220,525,,Eligible for free school meals,fsm,1,,
22.7,22.7,Percentage of pupils,PCT,2,,6682220 - Johnston Community Primary School,6682220,525,,Eligible for free school meals or transitionally protected,fsmtp,2,,
5.5,5.5,Percentage of pupils,PCT,2,,6682222 - Lamphey CP School,6682222,526,,Eligible for free school meals,fsm,1,,
10.5,10.5,Percentage of pupils,PCT,2,,6682222 - Lamphey CP School,6682222,526,,Eligible for free school meals or transitionally protected,fsmtp,2,,
16.9,16.9,Percentage of pupils,PCT,2,,6682223 - Ysgol Gymunedol Brynconin,6682223,527,,Eligible for free school meals,fsm,1,,
21.1,21.1,Percentage of pupils,PCT,2,,6682223 - Ysgol Gymunedol Brynconin,6682223,527,,Eligible for free school meals or transitionally protected,fsmtp,2,,
7,7,Percentage of pupils,PCT,2,,6682228 - Hook CP School,6682228,528,,Eligible for free school meals,fsm,1,,
9.9,9.9,Percentage of pupils,PCT,2,,6682228 - Hook CP School,6682228,528,,Eligible for free school meals or transitionally protected,fsmtp,2,,
0,0,Percentage of pupils,PCT,2,,6682231 - Ysgol Llanychllwydog,6682231,529,,Eligible for free school meals,fsm,1,,
,,Percentage of pupils,PCT,2,,6682231 - Ysgol Llanychllwydog,6682231,529,,Eligible for free school meals or transitionally protected,fsmtp,2,,Confidential
9.2,9.2,Percentage of pupils,PCT,2,,6682233 - Ysgol Gymunedol Maenclochog,6682233,530,,Eligible for free school meals,fsm,1,,
16.3,16.3,Percentage of pupils,PCT,2,,6682233 - Ysgol Gymunedol Maenclochog,6682233,530,,Eligible for free school meals or transitionally protected,fsmtp,2,,
7.5,7.5,Percentage of pupils,PCT,2,,6682242 - Narberth Community Primary School,6682242,531,,Eligible for free school meals,fsm,1,,
12.5,12.5,Percentage of pupils,PCT,2,,6682242 - Narberth Community Primary School,6682242,531,,Eligible for free school meals or transitionally protected,fsmtp,2,,
25,25,Percentage of pupils,PCT,2,,6682243 - Ysgol Bro Ingli,6682243,532,,Eligible for free school meals,fsm,1,,
28.8,28.8,Percentage of pupils,PCT,2,,6682243 - Ysgol Bro Ingli,6682243,532,,Eligible for free school meals or transitionally protected,fsmtp,2,,
13.2,13.2,Percentage of pupils,PCT,2,,6682250 - Puncheston Community Primary School,6682250,533,,Eligible for free school meals,fsm,1,,
14.5,14.5,Percentage of pupils,PCT,2,,6682250 - Puncheston Community Primary School,6682250,533,,Eligible for free school meals or transitionally protected,fsmtp,2,,
6.5,6.5,Percentage of pupils,PCT,2,,6682253 - Ysgol Llandudoch,6682253,534,,Eligible for free school meals,fsm,1,,
7.8,7.8,Percentage of pupils,PCT,2,,6682253 - Ysgol Llandudoch,6682253,534,,Eligible for free school meals or transitionally protected,fsmtp,2,,
0,0,Percentage of pupils,PCT,2,,6682254 - Wolfscastle Communty Primary School,6682254,535,,Eligible for free school meals,fsm,1,,
0,0,Percentage of pupils,PCT,2,,6682254 - Wolfscastle Communty Primary School,6682254,535,,Eligible for free school meals or transitionally protected,fsmtp,2,,
8.1,8.1,Percentage of pupils,PCT,2,,6682258 - Saundersfoot Community Primary School,6682258,536,,Eligible for free school meals,fsm,1,,
12.2,12.2,Percentage of pupils,PCT,2,,6682258 - Saundersfoot Community Primary School,6682258,536,,Eligible for free school meals or transitionally protected,fsmtp,2,,
28.6,28.6,Percentage of pupils,PCT,2,,6682260 - Stepaside Community Primary School,6682260,537,,Eligible for free school meals,fsm,1,,
30.3,30.3,Percentage of pupils,PCT,2,,6682260 - Stepaside Community Primary School,6682260,537,,Eligible for free school meals or transitionally protected,fsmtp,2,,
4.8,4.8,Percentage of pupils,PCT,2,,6682261 - Templeton Community Primary School,6682261,538,,Eligible for free school meals,fsm,1,,
4.8,4.8,Percentage of pupils,PCT,2,,6682261 - Templeton Community Primary School,6682261,538,,Eligible for free school meals or transitionally protected,fsmtp,2,,
5.3,5.3,Percentage of pupils,PCT,2,,6682266 - Tavernspite Community Primary School,6682266,539,,Eligible for free school meals,fsm,1,,
10.1,10.1,Percentage of pupils,PCT,2,,6682266 - Tavernspite Community Primary School,6682266,539,,Eligible for free school meals or transitionally protected,fsmtp,2,,
6.5,6.5,Percentage of pupils,PCT,2,,6682270 - Ysgol Gymunedol Croesgoch,6682270,540,,Eligible for free school meals,fsm,1,,
10.2,10.2,Percentage of pupils,PCT,2,,6682270 - Ysgol Gymunedol Croesgoch,6682270,540,,Eligible for free school meals or transitionally protected,fsmtp,2,,
4.8,4.8,Percentage of pupils,PCT,2,,6682271 - Broad Haven CP School,6682271,541,,Eligible for free school meals,fsm,1,,
9.5,9.5,Percentage of pupils,PCT,2,,6682271 - Broad Haven CP School,6682271,541,,Eligible for free school meals or transitionally protected,fsmtp,2,,
5.6,5.6,Percentage of pupils,PCT,2,,6682273 - Roch Community School,6682273,542,,Eligible for free school meals,fsm,1,,
8.7,8.7,Percentage of pupils,PCT,2,,6682273 - Roch Community School,6682273,542,,Eligible for free school meals or transitionally protected,fsmtp,2,,
6.7,6.7,Percentage of pupils,PCT,2,,6682384 - Coastlands CP School,6682384,543,,Eligible for free school meals,fsm,1,,
9.5,9.5,Percentage of pupils,PCT,2,,6682384 - Coastlands CP School,6682384,543,,Eligible for free school meals or transitionally protected,fsmtp,2,,
,,Percentage of pupils,PCT,2,,6682385 - Ysgol Clydau,6682385,544,,Eligible for free school meals,fsm,1,,Confidential
,,Percentage of pupils,PCT,2,,6682385 - Ysgol Clydau,6682385,544,,Eligible for free school meals or transitionally protected,fsmtp,2,,Confidential
20.4,20.4,Percentage of pupils,PCT,2,,6682386 - Pembroke Dock Community School,6682386,545,,Eligible for free school meals,fsm,1,,
27.3,27.3,Percentage of pupils,PCT,2,,6682386 - Pembroke Dock Community School,6682386,545,,Eligible for free school meals or transitionally protected,fsmtp,2,,
42,42,Percentage of pupils,PCT,2,,6682387 - Monkton Priory Community Primary  School,6682387,546,,Eligible for free school meals,fsm,1,,
52,52,Percentage of pupils,PCT,2,,6682387 - Monkton Priory Community Primary  School,6682387,546,,Eligible for free school meals or transitionally protected,fsmtp,2,,
16.9,16.9,Percentage of pupils,PCT,2,,6682388 - Golden Grove CP School,6682388,547,,Eligible for free school meals,fsm,1,,
21.8,21.8,Percentage of pupils,PCT,2,,6682388 - Golden Grove CP School,6682388,547,,Eligible for free school meals or transitionally protected,fsmtp,2,,
27.2,27.2,Percentage of pupils,PCT,2,,6682389 - Ysgol Glannau Gwaun,6682389,548,,Eligible for free school meals,fsm,1,,
30.3,30.3,Percentage of pupils,PCT,2,,6682389 - Ysgol Glannau Gwaun,6682389,548,,Eligible for free school meals or transitionally protected,fsmtp,2,,
16.6,16.6,Percentage of pupils,PCT,2,,6682391 - Prendergast Community Primary School,6682391,549,,Eligible for free school meals,fsm,1,,
20.2,20.2,Percentage of pupils,PCT,2,,6682391 - Prendergast Community Primary School,6682391,549,,Eligible for free school meals or transitionally protected,fsmtp,2,,
19.6,19.6,Percentage of pupils,PCT,2,,6682392 - Pennar CP,6682392,550,,Eligible for free school meals,fsm,1,,
25.7,25.7,Percentage of pupils,PCT,2,,6682392 - Pennar CP,6682392,550,,Eligible for free school meals or transitionally protected,fsmtp,2,,
16.5,16.5,Percentage of pupils,PCT,2,,6682393 - Neyland Community School,6682393,551,,Eligible for free school meals,fsm,1,,
21,21,Percentage of pupils,PCT,2,,6682393 - Neyland Community School,6682393,551,,Eligible for free school meals or transitionally protected,fsmtp,2,,
8.1,8.1,Percentage of pupils,PCT,2,,6682395 - Ysgol Hafan Y Mor,6682395,552,,Eligible for free school meals,fsm,1,,
9.7,9.7,Percentage of pupils,PCT,2,,6682395 - Ysgol Hafan Y Mor,6682395,552,,Eligible for free school meals or transitionally protected,fsmtp,2,,
29.2,29.2,Percentage of pupils,PCT,2,,6682396 - Milford Haven Community Primary School,6682396,553,,Eligible for free school meals,fsm,1,,
34.9,34.9,Percentage of pupils,PCT,2,,6682396 - Milford Haven Community Primary School,6682396,553,,Eligible for free school meals or transitionally protected,fsmtp,2,,
20.2,20.2,Percentage of pupils,PCT,2,,6682397 - Waldo Williams Primary School,6682397,554,,Eligible for free school meals,fsm,1,,
25.9,25.9,Percentage of pupils,PCT,2,,6682397 - Waldo Williams Primary School,6682397,554,,Eligible for free school meals or transitionally protected,fsmtp,2,,
13.4,13.4,Percentage of pupils,PCT,2,,6682398 - Ysgol Bro Penfro,6682398,555,,Eligible for free school meals,fsm,1,,
16.8,16.8,Percentage of pupils,PCT,2,,6682398 - Ysgol Bro Penfro,6682398,555,,Eligible for free school meals or transitionally protected,fsmtp,2,,
7,7,Percentage of pupils,PCT,2,,6683035 - Cilgerran Church in Wales VC School,6683035,556,,Eligible for free school meals,fsm,1,,
13.2,13.2,Percentage of pupils,PCT,2,,6683035 - Cilgerran Church in Wales VC School,6683035,556,,Eligible for free school meals or transitionally protected,fsmtp,2,,
12.7,12.7,Percentage of pupils,PCT,2,,6683036 - Cosheston VC School,6683036,557,,Eligible for free school meals,fsm,1,,
15.9,15.9,Percentage of pupils,PCT,2,,6683036 - Cosheston VC School,6683036,557,,Eligible for free school meals or transitionally protected,fsmtp,2,,
4.8,4.8,Percentage of pupils,PCT,2,,6683040 - Cleddau Reach VC School,6683040,558,,Eligible for free school meals,fsm,1,,
8.2,8.2,Percentage of pupils,PCT,2,,6683040 - Cleddau Reach VC School,6683040,558,,Eligible for free school meals or transitionally protected,fsmtp,2,,
24,24,Percentage of pupils,PCT,2,,6683042 - Manorbier Church in Wales VC School,6683042,559,,Eligible for free school meals,fsm,1,,
32,32,Percentage of pupils,PCT,2,,6683042 - Manorbier Church in Wales VC School,6683042,559,,Eligible for free school meals or transitionally protected,fsmtp,2,,
8.2,8.2,Percentage of pupils,PCT,2,,6683050 - Spittal Church in Wales VC School,6683050,560,,Eligible for free school meals,fsm,1,,
15.5,15.5,Percentage of pupils,PCT,2,,6683050 - Spittal Church in Wales VC School,6683050,560,,Eligible for free school meals or transitionally protected,fsmtp,2,,
12.5,12.5,Percentage of pupils,PCT,2,,6683055 - St Florence Church in Wales VC School,6683055,561,,Eligible for free school meals,fsm,1,,
15.3,15.3,Percentage of pupils,PCT,2,,6683055 - St Florence Church in Wales VC School,6683055,561,,Eligible for free school meals or transitionally protected,fsmtp,2,,
11.9,11.9,Percentage of pupils,PCT,2,,6683058 - Ysgol Ger y Llan,6683058,562,,Eligible for free school meals,fsm,1,,
16.8,16.8,Percentage of pupils,PCT,2,,6683058 - Ysgol Ger y Llan,6683058,562,,Eligible for free school meals or transitionally protected,fsmtp,2,,
11.9,11.9,Percentage of pupils,PCT,2,,6683059 - Tenby VC,6683059,563,,Eligible for free school meals,fsm,1,,
16.1,16.1,Percentage of pupils,PCT,2,,6683059 - Tenby VC,6683059,563,,Eligible for free school meals or transitionally protected,fsmtp,2,,
,,Percentage of pupils,PCT,2,,6683060 - Penrhyn Church in Wales VC School,6683060,564,,Eligible for free school meals,fsm,1,,Confidential
,,Percentage of pupils,PCT,2,,6683060 - Penrhyn Church in Wales VC School,6683060,564,,Eligible for free school meals or transitionally protected,fsmtp,2,,Confidential
22.9,22.9,Percentage of pupils,PCT,2,,6683061 - Gelliswick VC School,6683061,565,,Eligible for free school meals,fsm,1,,
29.3,29.3,Percentage of pupils,PCT,2,,6683061 - Gelliswick VC School,6683061,565,,Eligible for free school meals or transitionally protected,fsmtp,2,,
4.8,4.8,Percentage of pupils,PCT,2,,6683311 - Holy Name RC School,6683311,566,,Eligible for free school meals,fsm,1,,
12.7,12.7,Percentage of pupils,PCT,2,,6683311 - Holy Name RC School,6683311,566,,Eligible for free school meals or transitionally protected,fsmtp,2,,
9.9,9.9,Percentage of pupils,PCT,2,,6683313 - Mary Immaculate Catholic School,6683313,567,,Eligible for free school meals,fsm,1,,
17.4,17.4,Percentage of pupils,PCT,2,,6683313 - Mary Immaculate Catholic School,6683313,567,,Eligible for free school meals or transitionally protected,fsmtp,2,,
16.3,16.3,Percentage of pupils,PCT,2,,6683314 - St Francis Catholic School,6683314,568,,Eligible for free school meals,fsm,1,,
22,22,Percentage of pupils,PCT,2,,6683314 - St Francis Catholic School,6683314,568,,Eligible for free school meals or transitionally protected,fsmtp,2,,
,,Percentage of pupils,PCT,2,,6683315 - St Aidans Church in Wales VA School,6683315,569,,Eligible for free school meals,fsm,1,,Confidential
8,8,Percentage of pupils,PCT,2,,6683315 - St Aidans Church in Wales VA School,6683315,569,,Eligible for free school meals or transitionally protected,fsmtp,2,,
17.6,17.6,Percentage of pupils,PCT,2,,6683319 - St Teilos RC School,6683319,570,,Eligible for free school meals,fsm,1,,
17.6,17.6,Percentage of pupils,PCT,2,,6683319 - St Teilos RC School,6683319,570,,Eligible for free school meals or transitionally protected,fsmtp,2,,
34.2,34.2,Percentage of pupils,PCT,2,,6683320 - St Marks Church in Wales VA School,6683320,571,,Eligible for free school meals,fsm,1,,
37.7,37.7,Percentage of pupils,PCT,2,,6683320 - St Marks Church in Wales VA School,6683320,571,,Eligible for free school meals or transitionally protected,fsmtp,2,,
,,Percentage of pupils,PCT,2,,6683321 - St Oswalds Church in Wales VA School,6683321,572,,Eligible for free school meals,fsm,1,,Confidential
,,Percentage of pupils,PCT,2,,6683321 - St Oswalds Church in Wales VA School,6683321,572,,Eligible for free school meals or transitionally protected,fsmtp,2,,Confidential
15.7,15.7,Percentage of pupils,PCT,2,,6684031 - Ysgol Bro Gwaun,6684031,573,,Eligible for free school meals,fsm,1,,
22.6,22.6,Percentage of pupils,PCT,2,,6684031 - Ysgol Bro Gwaun,6684031,573,,Eligible for free school meals or transitionally protected,fsmtp,2,,
10.9,10.9,Percentage of pupils,PCT,2,,6684035 - Ysgol Greenhill School,6684035,574,,Eligible for free school meals,fsm,1,,
14.9,14.9,Percentage of pupils,PCT,2,,6684035 - Ysgol Greenhill School,6684035,574,,Eligible for free school meals or transitionally protected,fsmtp,2,,
22.2,22.2,Percentage of pupils,PCT,2,,6684038 - Ysgol Harri Tudur / Henry Tudor School,6684038,575,,Eligible for free school meals,fsm,1,,
31,31,Percentage of pupils,PCT,2,,6684038 - Ysgol Harri Tudur / Henry Tudor School,6684038,575,,Eligible for free school meals or transitionally protected,fsmtp,2,,
22.2,22.2,Percentage of pupils,PCT,2,,6684063 - Milford Haven School,6684063,576,,Eligible for free school meals,fsm,1,,
31.2,31.2,Percentage of pupils,PCT,2,,6684063 - Milford Haven School,6684063,576,,Eligible for free school meals or transitionally protected,fsmtp,2,,
14.5,14.5,Percentage of pupils,PCT,2,,6684512 - Haverfordwest High VC School,6684512,577,,Eligible for free school meals,fsm,1,,
21,21,Percentage of pupils,PCT,2,,6684512 - Haverfordwest High VC School,6684512,577,,Eligible for free school meals or transitionally protected,fsmtp,2,,
8.9,8.9,Percentage of pupils,PCT,2,,6685500 - Ysgol Caer Elen,6685500,578,,Eligible for free school meals,fsm,1,,
13.8,13.8,Percentage of pupils,PCT,2,,6685500 - Ysgol Caer Elen,6685500,578,,Eligible for free school meals or transitionally protected,fsmtp,2,,
6.2,6.2,Percentage of pupils,PCT,2,,6685501 - Ysgol Bro Preseli,6685501,579,,Eligible for free school meals,fsm,1,,
10.7,10.7,Percentage of pupils,PCT,2,,6685501 - Ysgol Bro Preseli,6685501,579,,Eligible for free school meals or transitionally protected,fsmtp,2,,
11.9,11.9,Percentage of pupils,PCT,2,,6685900 - Ysgol Penrhyn Dewi,6685900,580,,Eligible for free school meals,fsm,1,,
19.3,19.3,Percentage of pupils,PCT,2,,6685900 - Ysgol Penrhyn Dewi,6685900,580,,Eligible for free school meals or transitionally protected,fsmtp,2,,
43.3,43.3,Percentage of pupils,PCT,2,,6687001 - Portfield Special School,6687001,581,,Eligible for free school meals,fsm,1,,
51.3,51.3,Percentage of pupils,PCT,2,,6687001 - Portfield Special School,6687001,581,,Eligible for free school meals or transitionally protected,fsmtp,2,,
,,Percentage of pupils,PCT,2,,6691000 - AMMANFORD NURSERY,6691000,582,,Eligible for free school meals,fsm,1,,Confidential
,,Percentage of pupils,PCT,2,,6691000 - AMMANFORD NURSERY,6691000,582,,Eligible for free school meals or transitionally protected,fsmtp,2,,Confidential
4.8,4.8,Percentage of pupils,PCT,2,,6692000 - CEFNEITHIN,6692000,583,,Eligible for free school meals,fsm,1,,
7.6,7.6,Percentage of pupils,PCT,2,,6692000 - CEFNEITHIN,6692000,583,,Eligible for free school meals or transitionally protected,fsmtp,2,,
13.3,13.3,Percentage of pupils,PCT,2,,6692001 - DREFACH,6692001,584,,Eligible for free school meals,fsm,1,,
22.2,22.2,Percentage of pupils,PCT,2,,6692001 - DREFACH,6692001,584,,Eligible for free school meals or transitionally protected,fsmtp,2,,
14.9,14.9,Percentage of pupils,PCT,2,,6692003 - LLECHYFEDACH,6692003,585,,Eligible for free school meals,fsm,1,,
19.8,19.8,Percentage of pupils,PCT,2,,6692003 - LLECHYFEDACH,6692003,585,,Eligible for free school meals or transitionally protected,fsmtp,2,,
17.9,17.9,Percentage of pupils,PCT,2,,6692006 - Y TYMBL,6692006,586,,Eligible for free school meals,fsm,1,,
26.8,26.8,Percentage of pupils,PCT,2,,6692006 - Y TYMBL,6692006,586,,Eligible for free school meals or transitionally protected,fsmtp,2,,
8.7,8.7,Percentage of pupils,PCT,2,,6692007 - GORSLAS,6692007,587,,Eligible for free school meals,fsm,1,,
14.6,14.6,Percentage of pupils,PCT,2,,6692007 - GORSLAS,6692007,587,,Eligible for free school meals or transitionally protected,fsmtp,2,,
6.3,6.3,Percentage of pupils,PCT,2,,6692008 - CROSS HANDS,6692008,588,,Eligible for free school meals,fsm,1,,
14.2,14.2,Percentage of pupils,PCT,2,,6692008 - CROSS HANDS,6692008,588,,Eligible for free school meals or transitionally protected,fsmtp,2,,
13.2,13.2,Percentage of pupils,PCT,2,,6692009 - LLANGAIN,6692009,589,,Eligible for free school meals,fsm,1,,
17,17,Percentage of pupils,PCT,2,,6692009 - LLANGAIN,6692009,589,,Eligible for free school meals or transitionally protected,fsmtp,2,,
,,Percentage of pupils,PCT,2,,6692014 - PENIEL,6692014,590,,Eligible for free school meals,fsm,1,,Confidential
,,Percentage of pupils,PCT,2,,6692014 - PENIEL,6692014,590,,Eligible for free school meals or transitionally protected,fsmtp,2,,Confidential
,,Percentage of pupils,PCT,2,,6692018 - BANCFFOSFELEN,6692018,591,,Eligible for free school meals,fsm,1,,Confidential
9.3,9.3,Percentage of pupils,PCT,2,,6692018 - BANCFFOSFELEN,6692018,591,,Eligible for free school meals or transitionally protected,fsmtp,2,,
10.7,10.7,Percentage of pupils,PCT,2,,6692019 - GWYNFRYN,6692019,592,,Eligible for free school meals,fsm,1,,
16.1,16.1,Percentage of pupils,PCT,2,,6692019 - GWYNFRYN,6692019,592,,Eligible for free school meals or transitionally protected,fsmtp,2,,
16.9,16.9,Percentage of pupils,PCT,2,,6692020 - CARWAY,6692020,593,,Eligible for free school meals,fsm,1,,
25.4,25.4,Percentage of pupils,PCT,2,,6692020 - CARWAY,6692020,593,,Eligible for free school meals or transitionally protected,fsmtp,2,,
45.8,45.8,Percentage of pupils,PCT,2,,6692023 - PONTIETS,6692023,594,,Eligible for free school meals,fsm,1,,
54.2,54.2,Percentage of pupils,PCT,2,,6692023 - PONTIETS,6692023,594,,Eligible for free school meals or transitionally protected,fsmtp,2,,
17.2,17.2,Percentage of pupils,PCT,2,,6692024 - PONTHENRI,6692024,595,,Eligible for free school meals,fsm,1,,
20.3,20.3,Percentage of pupils,PCT,2,,6692024 - PONTHENRI,6692024,595,,Eligible for free school meals or transitionally protected,fsmtp,2,,
,,Percentage of pupils,PCT,2,,6692034 - BANCYFELIN,6692034,596,,Eligible for free school meals,fsm,1,,Confidential
,,Percentage of pupils,PCT,2,,6692034 - BANCYFELIN,6692034,596,,Eligible for free school meals or transitionally protected,fsmtp,2,,Confidential
0,0,Percentage of pupils,PCT,2,,6692037 - MEIDRIM,6692037,597,,Eligible for free school meals,fsm,1,,
,,Percentage of pupils,PCT,2,,6692037 - MEIDRIM,6692037,597,,Eligible for free school meals or transitionally protected,fsmtp,2,,Confidential
7.7,7.7,Percentage of pupils,PCT,2,,6692042 - SARON,6692042,598,,Eligible for free school meals,fsm,1,,
12.3,12.3,Percentage of pupils,PCT,2,,6692042 - SARON,6692042,598,,Eligible for free school meals or transitionally protected,fsmtp,2,,
31.3,31.3,Percentage of pupils,PCT,2,,6692043 - BETWS,6692043,599,,Eligible for free school meals,fsm,1,,
47,47,Percentage of pupils,PCT,2,,6692043 - BETWS,6692043,599,,Eligible for free school meals or transitionally protected,fsmtp,2,,
19.1,19.1,Percentage of pupils,PCT,2,,6692044 - TY-CROES,6692044,600,,Eligible for free school meals,fsm,1,,
26.6,26.6,Percentage of pupils,PCT,2,,6692044 - TY-CROES,6692044,600,,Eligible for free school meals or transitionally protected,fsmtp,2,,
16.1,16.1,Percentage of pupils,PCT,2,,6692050 - PARCYRHUN,6692050,601,,Eligible for free school meals,fsm,1,,
25.1,25.1,Percentage of pupils,PCT,2,,6692050 - PARCYRHUN,6692050,601,,Eligible for free school meals or transitionally protected,fsmtp,2,,
30.8,30.8,Percentage of pupils,PCT,2,,6692052 - BLAENAU,6692052,602,,Eligible for free school meals,fsm,1,,
38.5,38.5,Percentage of pupils,PCT,2,,6692052 - BLAENAU,6692052,602,,Eligible for free school meals or transitionally protected,fsmtp,2,,
23.8,23.8,Percentage of pupils,PCT,2,,6692057 - LLANEDI,6692057,603,,Eligible for free school meals,fsm,1,,
33.3,33.3,Percentage of pupils,PCT,2,,6692057 - LLANEDI,6692057,603,,Eligible for free school meals or transitionally protected,fsmtp,2,,
8.7,8.7,Percentage of pupils,PCT,2,,6692061 - FFAIRFACH,6692061,604,,Eligible for free school meals,fsm,1,,
11.6,11.6,Percentage of pupils,PCT,2,,6692061 - FFAIRFACH,6692061,604,,Eligible for free school meals or transitionally protected,fsmtp,2,,
13.6,13.6,Percentage of pupils,PCT,2,,6692065 - TALLEY,6692065,605,,Eligible for free school meals,fsm,1,,
28.8,28.8,Percentage of pupils,PCT,2,,6692065 - TALLEY,6692065,605,,Eligible for free school meals or transitionally protected,fsmtp,2,,
,,Percentage of pupils,PCT,2,,6692067 - CWRT HENRI,6692067,606,,Eligible for free school meals,fsm,1,,Confidential
17.1,17.1,Percentage of pupils,PCT,2,,6692067 - CWRT HENRI,6692067,606,,Eligible for free school meals or transitionally protected,fsmtp,2,,
14.6,14.6,Percentage of pupils,PCT,2,,6692080 - LLANGADOG,6692080,607,,Eligible for free school meals,fsm,1,,
19.4,19.4,Percentage of pupils,PCT,2,,6692080 - LLANGADOG,6692080,607,,Eligible for free school meals or transitionally protected,fsmtp,2,,
7.1,7.1,Percentage of pupils,PCT,2,,6692084 - RHYS PRICHARD,6692084,608,,Eligible for free school meals,fsm,1,,
13.2,13.2,Percentage of pupils,PCT,2,,6692084 - RHYS PRICHARD,6692084,608,,Eligible for free school meals or transitionally protected,fsmtp,2,,
11.1,11.1,Percentage of pupils,PCT,2,,6692098 - LLYS HYWEL,6692098,609,,Eligible for free school meals,fsm,1,,
20,20,Percentage of pupils,PCT,2,,6692098 - LLYS HYWEL,6692098,609,,Eligible for free school meals or transitionally protected,fsmtp,2,,
,,Percentage of pupils,PCT,2,,6692104 - BRYNSARON,6692104,610,,Eligible for free school meals,fsm,1,,Confidential
,,Percentage of pupils,PCT,2,,6692104 - BRYNSARON,6692104,610,,Eligible for free school meals or transitionally protected,fsmtp,2,,Confidential
,,Percentage of pupils,PCT,2,,6692109 - LLANPUMSAINT,6692109,611,,Eligible for free school meals,fsm,1,,Confidential
,,Percentage of pupils,PCT,2,,6692109 - LLANPUMSAINT,6692109,611,,Eligible for free school meals or transitionally protected,fsmtp,2,,Confidential
0,0,Percentage of pupils,PCT,2,,6692112 - MYNYDDYGARREG,6692112,612,,Eligible for free school meals,fsm,1,,
,,Percentage of pupils,PCT,2,,6692112 - MYNYDDYGARREG,6692112,612,,Eligible for free school meals or transitionally protected,fsmtp,2,,Confidential
9.3,9.3,Percentage of pupils,PCT,2,,6692114 - JOHNSTOWN,6692114,613,,Eligible for free school meals,fsm,1,,
16.5,16.5,Percentage of pupils,PCT,2,,6692114 - JOHNSTOWN,6692114,613,,Eligible for free school meals or transitionally protected,fsmtp,2,,
4.2,4.2,Percentage of pupils,PCT,2,,6692116 - Y DDERWEN,6692116,614,,Eligible for free school meals,fsm,1,,
6.1,6.1,Percentage of pupils,PCT,2,,6692116 - Y DDERWEN,6692116,614,,Eligible for free school meals or transitionally protected,fsmtp,2,,
10.2,10.2,Percentage of pupils,PCT,2,,6692119 - LLANMILOE,6692119,615,,Eligible for free school meals,fsm,1,,
18.6,18.6,Percentage of pupils,PCT,2,,6692119 - LLANMILOE,6692119,615,,Eligible for free school meals or transitionally protected,fsmtp,2,,
18,18,Percentage of pupils,PCT,2,,6692120 - BRYN,6692120,616,,Eligible for free school meals,fsm,1,,
24.8,24.8,Percentage of pupils,PCT,2,,6692120 - BRYN,6692120,616,,Eligible for free school meals or transitionally protected,fsmtp,2,,
12.4,12.4,Percentage of pupils,PCT,2,,6692121 - BYNEA,6692121,617,,Eligible for free school meals,fsm,1,,
15.3,15.3,Percentage of pupils,PCT,2,,6692121 - BYNEA,6692121,617,,Eligible for free school meals or transitionally protected,fsmtp,2,,
33.3,33.3,Percentage of pupils,PCT,2,,6692123 - DAFEN,6692123,618,,Eligible for free school meals,fsm,1,,
46.1,46.1,Percentage of pupils,PCT,2,,6692123 - DAFEN,6692123,618,,Eligible for free school meals or transitionally protected,fsmtp,2,,
6.5,6.5,Percentage of pupils,PCT,2,,6692128 - PUM HEOL,6692128,619,,Eligible for free school meals,fsm,1,,
16.9,16.9,Percentage of pupils,PCT,2,,6692128 - PUM HEOL,6692128,619,,Eligible for free school meals or transitionally protected,fsmtp,2,,
5.3,5.3,Percentage of pupils,PCT,2,,6692131 - HENDY,6692131,620,,Eligible for free school meals,fsm,1,,
13.4,13.4,Percentage of pupils,PCT,2,,6692131 - HENDY,6692131,620,,Eligible for free school meals or transitionally protected,fsmtp,2,,
6.8,6.8,Percentage of pupils,PCT,2,,6692135 - FFWRNES,6692135,621,,Eligible for free school meals,fsm,1,,
12.4,12.4,Percentage of pupils,PCT,2,,6692135 - FFWRNES,6692135,621,,Eligible for free school meals or transitionally protected,fsmtp,2,,
28.4,28.4,Percentage of pupils,PCT,2,,6692159 - OLD ROAD,6692159,622,,Eligible for free school meals,fsm,1,,
41.4,41.4,Percentage of pupils,PCT,2,,6692159 - OLD ROAD,6692159,622,,Eligible for free school meals or transitionally protected,fsmtp,2,,
,,Percentage of pupils,PCT,2,,6692166 - LLANSTEFFAN,6692166,623,,Eligible for free school meals,fsm,1,,Confidential
,,Percentage of pupils,PCT,2,,6692166 - LLANSTEFFAN,6692166,623,,Eligible for free school meals or transitionally protected,fsmtp,2,,Confidential
,,Percentage of pupils,PCT,2,,6692167 - LLANNON,6692167,624,,Eligible for free school meals,fsm,1,,Confidential
,,Percentage of pupils,PCT,2,,6692167 - LLANNON,6692167,624,,Eligible for free school meals or transitionally protected,fsmtp,2,,Confidential
15.5,15.5,Percentage of pupils,PCT,2,,6692168 - BRYNSIERFEL,6692168,625,,Eligible for free school meals,fsm,1,,
28.2,28.2,Percentage of pupils,PCT,2,,6692168 - BRYNSIERFEL,6692168,625,,Eligible for free school meals or transitionally protected,fsmtp,2,,
16,16,Percentage of pupils,PCT,2,,6692169 - BRYNAMAN,6692169,626,,Eligible for free school meals,fsm,1,,
22.7,22.7,Percentage of pupils,PCT,2,,6692169 - BRYNAMAN,6692169,626,,Eligible for free school meals or transitionally protected,fsmtp,2,,
24.5,24.5,Percentage of pupils,PCT,2,,6692171 - MYRDDIN COMMUNITY PRIMARY SCHOOL,6692171,627,,Eligible for free school meals,fsm,1,,
31.4,31.4,Percentage of pupils,PCT,2,,6692171 - MYRDDIN COMMUNITY PRIMARY SCHOOL,6692171,627,,Eligible for free school meals or transitionally protected,fsmtp,2,,
5.7,5.7,Percentage of pupils,PCT,2,,6692173 - LLANGUNNOR,6692173,628,,Eligible for free school meals,fsm,1,,
7.5,7.5,Percentage of pupils,PCT,2,,6692173 - LLANGUNNOR,6692173,628,,Eligible for free school meals or transitionally protected,fsmtp,2,,
32,32,Percentage of pupils,PCT,2,,6692175 - TRIMSARAN,6692175,629,,Eligible for free school meals,fsm,1,,
41.2,41.2,Percentage of pupils,PCT,2,,6692175 - TRIMSARAN,6692175,629,,Eligible for free school meals or transitionally protected,fsmtp,2,,
4.5,4.5,Percentage of pupils,PCT,2,,6692176 - SWISS VALLEY,6692176,630,,Eligible for free school meals,fsm,1,,
9.8,9.8,Percentage of pupils,PCT,2,,6692176 - SWISS VALLEY,6692176,630,,Eligible for free school meals or transitionally protected,fsmtp,2,,
9,9,Percentage of pupils,PCT,2,,6692177 - PARC Y TYWYN,6692177,631,,Eligible for free school meals,fsm,1,,
13.1,13.1,Percentage of pupils,PCT,2,,6692177 - PARC Y TYWYN,6692177,631,,Eligible for free school meals or transitionally protected,fsmtp,2,,
13.3,13.3,Percentage of pupils,PCT,2,,6692178 - PEMBREY,6692178,632,,Eligible for free school meals,fsm,1,,
22.4,22.4,Percentage of pupils,PCT,2,,6692178 - PEMBREY,6692178,632,,Eligible for free school meals or transitionally protected,fsmtp,2,,
4.9,4.9,Percentage of pupils,PCT,2,,6692179 - RHYDAMAN,6692179,633,,Eligible for free school meals,fsm,1,,
10.1,10.1,Percentage of pupils,PCT,2,,6692179 - RHYDAMAN,6692179,633,,Eligible for free school meals or transitionally protected,fsmtp,2,,
13,13,Percentage of pupils,PCT,2,,6692180 - BECA,6692180,634,,Eligible for free school meals,fsm,1,,
26.1,26.1,Percentage of pupils,PCT,2,,6692180 - BECA,6692180,634,,Eligible for free school meals or transitionally protected,fsmtp,2,,
15.4,15.4,Percentage of pupils,PCT,2,,6692181 - LLANDYBIE,6692181,635,,Eligible for free school meals,fsm,1,,
21.9,21.9,Percentage of pupils,PCT,2,,6692181 - LLANDYBIE,6692181,635,,Eligible for free school meals or transitionally protected,fsmtp,2,,
0,0,Percentage of pupils,PCT,2,,6692182 - HAFODWENOG,6692182,636,,Eligible for free school meals,fsm,1,,
0,0,Percentage of pupils,PCT,2,,6692182 - HAFODWENOG,6692182,636,,Eligible for free school meals or transitionally protected,fsmtp,2,,
,,Percentage of pupils,PCT,2,,6692183 - TEILO SANT,6692183,637,,Eligible for free school meals,fsm,1,,Confidential
4.3,4.3,Percentage of pupils,PCT,2,,6692183 - TEILO SANT,6692183,637,,Eligible for free school meals or transitionally protected,fsmtp,2,,
17.2,17.2,Percentage of pupils,PCT,2,,6692184 - LLANYBYDDER,6692184,638,,Eligible for free school meals,fsm,1,,
22.4,22.4,Percentage of pupils,PCT,2,,6692184 - LLANYBYDDER,6692184,638,,Eligible for free school meals or transitionally protected,fsmtp,2,,
13.7,13.7,Percentage of pupils,PCT,2,,6692185 - LLANDEILO,6692185,639,,Eligible for free school meals,fsm,1,,
20.3,20.3,Percentage of pupils,PCT,2,,6692185 - LLANDEILO,6692185,639,,Eligible for free school meals or transitionally protected,fsmtp,2,,
,,Percentage of pupils,PCT,2,,6692187 - CYNWYL ELFED,6692187,640,,Eligible for free school meals,fsm,1,,Confidential
,,Percentage of pupils,PCT,2,,6692187 - CYNWYL ELFED,6692187,640,,Eligible for free school meals or transitionally protected,fsmtp,2,,Confidential
12.2,12.2,Percentage of pupils,PCT,2,,6692188 - HALFWAY,6692188,641,,Eligible for free school meals,fsm,1,,
19.5,19.5,Percentage of pupils,PCT,2,,6692188 - HALFWAY,6692188,641,,Eligible for free school meals or transitionally protected,fsmtp,2,,
27.4,27.4,Percentage of pupils,PCT,2,,6692189 - PWLL,6692189,642,,Eligible for free school meals,fsm,1,,
37,37,Percentage of pupils,PCT,2,,6692189 - PWLL,6692189,642,,Eligible for free school meals or transitionally protected,fsmtp,2,,
26.5,26.5,Percentage of pupils,PCT,2,,6692190 - PENYGAER,6692190,643,,Eligible for free school meals,fsm,1,,
36.1,36.1,Percentage of pupils,PCT,2,,6692190 - PENYGAER,6692190,643,,Eligible for free school meals or transitionally protected,fsmtp,2,,
15.6,15.6,Percentage of pupils,PCT,2,,6692192 - Y CASTELL,6692192,644,,Eligible for free school meals,fsm,1,,
30.3,30.3,Percentage of pupils,PCT,2,,6692192 - Y CASTELL,6692192,644,,Eligible for free school meals or transitionally protected,fsmtp,2,,
9.6,9.6,Percentage of pupils,PCT,2,,6692193 - PENYGROES,6692193,645,,Eligible for free school meals,fsm,1,,
16.9,16.9,Percentage of pupils,PCT,2,,6692193 - PENYGROES,6692193,645,,Eligible for free school meals or transitionally protected,fsmtp,2,,
,,Percentage of pupils,PCT,2,,6692194 - NANTGAREDIG,6692194,646,,Eligible for free school meals,fsm,1,,Confidential
2.6,2.6,Percentage of pupils,PCT,2,,6692194 - NANTGAREDIG,6692194,646,,Eligible for free school meals or transitionally protected,fsmtp,2,,
4.1,4.1,Percentage of pupils,PCT,2,,6692370 - GWENLLIAN,6692370,647,,Eligible for free school meals,fsm,1,,
6.5,6.5,Percentage of pupils,PCT,2,,6692370 - GWENLLIAN,6692370,647,,Eligible for free school meals or transitionally protected,fsmtp,2,,
8.1,8.1,Percentage of pupils,PCT,2,,6692371 - DEWI SANT,6692371,648,,Eligible for free school meals,fsm,1,,
13.7,13.7,Percentage of pupils,PCT,2,,6692371 - DEWI SANT,6692371,648,,Eligible for free school meals or transitionally protected,fsmtp,2,,
17.6,17.6,Percentage of pupils,PCT,2,,6692373 - YSGOL GYNRADD PONTYBEREM,6692373,649,,Eligible for free school meals,fsm,1,,
21.1,21.1,Percentage of pupils,PCT,2,,6692373 - YSGOL GYNRADD PONTYBEREM,6692373,649,,Eligible for free school meals or transitionally protected,fsmtp,2,,
26.8,26.8,Percentage of pupils,PCT,2,,6692374 - BIGYN,6692374,650,,Eligible for free school meals,fsm,1,,
33.9,33.9,Percentage of pupils,PCT,2,,6692374 - BIGYN,6692374,650,,Eligible for free school meals or transitionally protected,fsmtp,2,,
27.5,27.5,Percentage of pupils,PCT,2,,6692375 - STEBONHEATH,6692375,651,,Eligible for free school meals,fsm,1,,
38,38,Percentage of pupils,PCT,2,,6692375 - STEBONHEATH,6692375,651,,Eligible for free school meals or transitionally protected,fsmtp,2,,
10.3,10.3,Percentage of pupils,PCT,2,,6692379 - Y DDWYLAN,6692379,652,,Eligible for free school meals,fsm,1,,
21.7,21.7,Percentage of pupils,PCT,2,,6692379 - Y DDWYLAN,6692379,652,,Eligible for free school meals or transitionally protected,fsmtp,2,,
24.4,24.4,Percentage of pupils,PCT,2,,6692380 - RICHMOND PARK,6692380,653,,Eligible for free school meals,fsm,1,,
33.2,33.2,Percentage of pupils,PCT,2,,6692380 - RICHMOND PARK,6692380,653,,Eligible for free school meals or transitionally protected,fsmtp,2,,
7.7,7.7,Percentage of pupils,PCT,2,,6692384 - GRIFFITH JONES,6692384,654,,Eligible for free school meals,fsm,1,,
13.1,13.1,Percentage of pupils,PCT,2,,6692384 - GRIFFITH JONES,6692384,654,,Eligible for free school meals or transitionally protected,fsmtp,2,,
,,Percentage of pupils,PCT,2,,6692385 - YSGOL Y FRO,6692385,655,,Eligible for free school meals,fsm,1,,Confidential
,,Percentage of pupils,PCT,2,,6692385 - YSGOL Y FRO,6692385,655,,Eligible for free school meals or transitionally protected,fsmtp,2,,Confidential
9.1,9.1,Percentage of pupils,PCT,2,,6692386 - CARREG HIRFAEN,6692386,656,,Eligible for free school meals,fsm,1,,
11,11,Percentage of pupils,PCT,2,,6692386 - CARREG HIRFAEN,6692386,656,,Eligible for free school meals or transitionally protected,fsmtp,2,,
13.5,13.5,Percentage of pupils,PCT,2,,6692387 - CAE'R FELIN,6692387,657,,Eligible for free school meals,fsm,1,,
23.1,23.1,Percentage of pupils,PCT,2,,6692387 - CAE'R FELIN,6692387,657,,Eligible for free school meals or transitionally protected,fsmtp,2,,
20.4,20.4,Percentage of pupils,PCT,2,,6692388 - Y BEDOL,6692388,658,,Eligible for free school meals,fsm,1,,
29.1,29.1,Percentage of pupils,PCT,2,,6692388 - Y BEDOL,6692388,658,,Eligible for free school meals or transitionally protected,fsmtp,2,,
0,0,Percentage of pupils,PCT,2,,6692389 - BRO BRYNACH,6692389,659,,Eligible for free school meals,fsm,1,,
6.7,6.7,Percentage of pupils,PCT,2,,6692389 - BRO BRYNACH,6692389,659,,Eligible for free school meals or transitionally protected,fsmtp,2,,
31.7,31.7,Percentage of pupils,PCT,2,,6692390 - BRYN TEG,6692390,660,,Eligible for free school meals,fsm,1,,
41,41,Percentage of pupils,PCT,2,,6692390 - BRYN TEG,6692390,660,,Eligible for free school meals or transitionally protected,fsmtp,2,,
29.4,29.4,Percentage of pupils,PCT,2,,6692391 - Y FELIN,6692391,661,,Eligible for free school meals,fsm,1,,
39.9,39.9,Percentage of pupils,PCT,2,,6692391 - Y FELIN,6692391,661,,Eligible for free school meals or transitionally protected,fsmtp,2,,
25.6,25.6,Percentage of pupils,PCT,2,,6692392 - BRO BANW,6692392,662,,Eligible for free school meals,fsm,1,,
34.9,34.9,Percentage of pupils,PCT,2,,6692392 - BRO BANW,6692392,662,,Eligible for free school meals or transitionally protected,fsmtp,2,,
37.2,37.2,Percentage of pupils,PCT,2,,6692393 - MAES Y MORFA,6692393,663,,Eligible for free school meals,fsm,1,,
44.7,44.7,Percentage of pupils,PCT,2,,6692393 - MAES Y MORFA,6692393,663,,Eligible for free school meals or transitionally protected,fsmtp,2,,
40.5,40.5,Percentage of pupils,PCT,2,,6692394 - BURRY PORT,6692394,664,,Eligible for free school meals,fsm,1,,
46.8,46.8,Percentage of pupils,PCT,2,,6692394 - BURRY PORT,6692394,664,,Eligible for free school meals or transitionally protected,fsmtp,2,,
34.5,34.5,Percentage of pupils,PCT,2,,6692395 - PEN RHOS,6692395,665,,Eligible for free school meals,fsm,1,,
43.8,43.8,Percentage of pupils,PCT,2,,6692395 - PEN RHOS,6692395,665,,Eligible for free school meals or transitionally protected,fsmtp,2,,
8.6,8.6,Percentage of pupils,PCT,2,,6692396 - YSGOL GYMRAEG LLANGENNECH,6692396,666,,Eligible for free school meals,fsm,1,,
11.8,11.8,Percentage of pupils,PCT,2,,6692396 - YSGOL GYMRAEG LLANGENNECH,6692396,666,,Eligible for free school meals or transitionally protected,fsmtp,2,,
,,Percentage of pupils,PCT,2,,6693000 - ABERGWILI,6693000,667,,Eligible for free school meals,fsm,1,,Confidential
,,Percentage of pupils,PCT,2,,6693000 - ABERGWILI,6693000,667,,Eligible for free school meals or transitionally protected,fsmtp,2,,Confidential
18.9,18.9,Percentage of pupils,PCT,2,,6693003 - LAUGHARNE VCP SCHOOL,6693003,668,,Eligible for free school meals,fsm,1,,
32.1,32.1,Percentage of pupils,PCT,2,,6693003 - LAUGHARNE VCP SCHOOL,6693003,668,,Eligible for free school meals or transitionally protected,fsmtp,2,,
,,Percentage of pupils,PCT,2,,6693004 - LLANDDAROG,6693004,669,,Eligible for free school meals,fsm,1,,Confidential
,,Percentage of pupils,PCT,2,,6693004 - LLANDDAROG,6693004,669,,Eligible for free school meals or transitionally protected,fsmtp,2,,Confidential
,,Percentage of pupils,PCT,2,,6693013 - FERRYSIDE,6693013,670,,Eligible for free school meals,fsm,1,,Confidential
,,Percentage of pupils,PCT,2,,6693013 - FERRYSIDE,6693013,670,,Eligible for free school meals or transitionally protected,fsmtp,2,,Confidential
,,Percentage of pupils,PCT,2,,6693026 - LLANLLWNI,6693026,671,,Eligible for free school meals,fsm,1,,Confidential
13.5,13.5,Percentage of pupils,PCT,2,,6693026 - LLANLLWNI,6693026,671,,Eligible for free school meals or transitionally protected,fsmtp,2,,
14.7,14.7,Percentage of pupils,PCT,2,,6693300 - ST MARY'S (LLANELLI),6693300,672,,Eligible for free school meals,fsm,1,,
21.2,21.2,Percentage of pupils,PCT,2,,6693300 - ST MARY'S (LLANELLI),6693300,672,,Eligible for free school meals or transitionally protected,fsmtp,2,,
15.6,15.6,Percentage of pupils,PCT,2,,6693301 - ST MARY'S (CARMARTHEN),6693301,673,,Eligible for free school meals,fsm,1,,
25,25,Percentage of pupils,PCT,2,,6693301 - ST MARY'S (CARMARTHEN),6693301,673,,Eligible for free school meals or transitionally protected,fsmtp,2,,
14.3,14.3,Percentage of pupils,PCT,2,,6693307 - PENBOYR,6693307,674,,Eligible for free school meals,fsm,1,,
19.5,19.5,Percentage of pupils,PCT,2,,6693307 - PENBOYR,6693307,674,,Eligible for free school meals or transitionally protected,fsmtp,2,,
23.7,23.7,Percentage of pupils,PCT,2,,6693321 - PENTIP,6693321,675,,Eligible for free school meals,fsm,1,,
30.9,30.9,Percentage of pupils,PCT,2,,6693321 - PENTIP,6693321,675,,Eligible for free school meals or transitionally protected,fsmtp,2,,
12.6,12.6,Percentage of pupils,PCT,2,,6693322 - MODEL,6693322,676,,Eligible for free school meals,fsm,1,,
21.4,21.4,Percentage of pupils,PCT,2,,6693322 - MODEL,6693322,676,,Eligible for free school meals or transitionally protected,fsmtp,2,,
18.9,18.9,Percentage of pupils,PCT,2,,6694029 - Ysgol Dyffryn Aman,6694029,677,,Eligible for free school meals,fsm,1,,
26.8,26.8,Percentage of pupils,PCT,2,,6694029 - Ysgol Dyffryn Aman,6694029,677,,Eligible for free school meals or transitionally protected,fsmtp,2,,
28.7,28.7,Percentage of pupils,PCT,2,,6694050 - Coedcae School,6694050,678,,Eligible for free school meals,fsm,1,,
39.2,39.2,Percentage of pupils,PCT,2,,6694050 - Coedcae School,6694050,678,,Eligible for free school meals or transitionally protected,fsmtp,2,,
9.8,9.8,Percentage of pupils,PCT,2,,6694052 - Ysgol Gyfun Y Strade,6694052,679,,Eligible for free school meals,fsm,1,,
14.7,14.7,Percentage of pupils,PCT,2,,6694052 - Ysgol Gyfun Y Strade,6694052,679,,Eligible for free school meals or transitionally protected,fsmtp,2,,
29.8,29.8,Percentage of pupils,PCT,2,,6694053 - Glan-y-Mor School,6694053,680,,Eligible for free school meals,fsm,1,,
38.8,38.8,Percentage of pupils,PCT,2,,6694053 - Glan-y-Mor School,6694053,680,,Eligible for free school meals or transitionally protected,fsmtp,2,,
22.2,22.2,Percentage of pupils,PCT,2,,6694054 - Bryngwyn School,6694054,681,,Eligible for free school meals,fsm,1,,
32.9,32.9,Percentage of pupils,PCT,2,,6694054 - Bryngwyn School,6694054,681,,Eligible for free school meals or transitionally protected,fsmtp,2,,
2.9,2.9,Percentage of pupils,PCT,2,,6694056 - Ysgol Gyfun Gymraeg Bro Myrddin,6694056,682,,Eligible for free school meals,fsm,1,,
5.8,5.8,Percentage of pupils,PCT,2,,6694056 - Ysgol Gyfun Gymraeg Bro Myrddin,6694056,682,,Eligible for free school meals or transitionally protected,fsmtp,2,,
15.9,15.9,Percentage of pupils,PCT,2,,6694060 - Ysgol Gyfun Emlyn,6694060,683,,Eligible for free school meals,fsm,1,,
25.1,25.1,Percentage of pupils,PCT,2,,6694060 - Ysgol Gyfun Emlyn,6694060,683,,Eligible for free school meals or transitionally protected,fsmtp,2,,
15.9,15.9,Percentage of pupils,PCT,2,,6694063 - Queen Elizabeth High School,6694063,684,,Eligible for free school meals,fsm,1,,
24.1,24.1,Percentage of pupils,PCT,2,,6694063 - Queen Elizabeth High School,6694063,684,,Eligible for free school meals or transitionally protected,fsmtp,2,,
9.3,9.3,Percentage of pupils,PCT,2,,6694064 - Ysgol Maes Y Gwendraeth,6694064,685,,Eligible for free school meals,fsm,1,,
12.8,12.8,Percentage of pupils,PCT,2,,6694064 - Ysgol Maes Y Gwendraeth,6694064,685,,Eligible for free school meals or transitionally protected,fsmtp,2,,
13.3,13.3,Percentage of pupils,PCT,2,,6694065 - Ysgol Bro Dinefwr,6694065,686,,Eligible for free school meals,fsm,1,,
19.8,19.8,Percentage of pupils,PCT,2,,6694065 - Ysgol Bro Dinefwr,6694065,686,,Eligible for free school meals or transitionally protected,fsmtp,2,,
9.6,9.6,Percentage of pupils,PCT,2,,6694512 - Dyffryn Taf,6694512,687,,Eligible for free school meals,fsm,1,,
16.2,16.2,Percentage of pupils,PCT,2,,6694512 - Dyffryn Taf,6694512,687,,Eligible for free school meals or transitionally protected,fsmtp,2,,
22.8,22.8,Percentage of pupils,PCT,2,,6694600 - St John Lloyd Catholic Comprehensive School,6694600,688,,Eligible for free school meals,fsm,1,,
31.4,31.4,Percentage of pupils,PCT,2,,6694600 - St John Lloyd Catholic Comprehensive School,6694600,688,,Eligible for free school meals or transitionally protected,fsmtp,2,,
47.2,47.2,Percentage of pupils,PCT,2,,6697000 - HEOL GOFFA,6697000,689,,Eligible for free school meals,fsm,1,,
54.3,54.3,Percentage of pupils,PCT,2,,6697000 - HEOL GOFFA,6697000,689,,Eligible for free school meals or transitionally protected,fsmtp,2,,
6.9,6.9,Percentage of pupils,PCT,2,,6702006 - BRYNMILL SCHOOL,6702006,690,,Eligible for free school meals,fsm,1,,
12,12,Percentage of pupils,PCT,2,,6702006 - BRYNMILL SCHOOL,6702006,690,,Eligible for free school meals or transitionally protected,fsmtp,2,,
43.4,43.4,Percentage of pupils,PCT,2,,6702008 - Cadle Primary School,6702008,691,,Eligible for free school meals,fsm,1,,
58.6,58.6,Percentage of pupils,PCT,2,,6702008 - Cadle Primary School,6702008,691,,Eligible for free school meals or transitionally protected,fsmtp,2,,
14.2,14.2,Percentage of pupils,PCT,2,,6702014 - Cwmrhydyceirw Primary School,6702014,692,,Eligible for free school meals,fsm,1,,
21.5,21.5,Percentage of pupils,PCT,2,,6702014 - Cwmrhydyceirw Primary School,6702014,692,,Eligible for free school meals or transitionally protected,fsmtp,2,,
31,31,Percentage of pupils,PCT,2,,6702017 - DANYGRAIG PRIMARY SCHOOL,6702017,693,,Eligible for free school meals,fsm,1,,
37.3,37.3,Percentage of pupils,PCT,2,,6702017 - DANYGRAIG PRIMARY SCHOOL,6702017,693,,Eligible for free school meals or transitionally protected,fsmtp,2,,
24.9,24.9,Percentage of pupils,PCT,2,,6702021 - GENDROS PRIMARY SCHOOL,6702021,694,,Eligible for free school meals,fsm,1,,
32.4,32.4,Percentage of pupils,PCT,2,,6702021 - GENDROS PRIMARY SCHOOL,6702021,694,,Eligible for free school meals or transitionally protected,fsmtp,2,,
6.4,6.4,Percentage of pupils,PCT,2,,6702023 - GLAIS PRIMARY SCHOOL,6702023,695,,Eligible for free school meals,fsm,1,,
12.7,12.7,Percentage of pupils,PCT,2,,6702023 - GLAIS PRIMARY SCHOOL,6702023,695,,Eligible for free school meals or transitionally protected,fsmtp,2,,
4.9,4.9,Percentage of pupils,PCT,2,,6702027 - GRANGE PRIMARY SCHOOL,6702027,696,,Eligible for free school meals,fsm,1,,
8.3,8.3,Percentage of pupils,PCT,2,,6702027 - GRANGE PRIMARY SCHOOL,6702027,696,,Eligible for free school meals or transitionally protected,fsmtp,2,,
21.7,21.7,Percentage of pupils,PCT,2,,6702032 - HAFOD PRIMARY SCHOOL,6702032,697,,Eligible for free school meals,fsm,1,,
30.7,30.7,Percentage of pupils,PCT,2,,6702032 - HAFOD PRIMARY SCHOOL,6702032,697,,Eligible for free school meals or transitionally protected,fsmtp,2,,
7.1,7.1,Percentage of pupils,PCT,2,,6702036 - Ysgol Gymraeg  Lon Las,6702036,698,,Eligible for free school meals,fsm,1,,
12.5,12.5,Percentage of pupils,PCT,2,,6702036 - Ysgol Gymraeg  Lon Las,6702036,698,,Eligible for free school meals or transitionally protected,fsmtp,2,,
36.8,36.8,Percentage of pupils,PCT,2,,6702040 - MORRISTON PRIMARY SCHOOL,6702040,699,,Eligible for free school meals,fsm,1,,
42.5,42.5,Percentage of pupils,PCT,2,,6702040 - MORRISTON PRIMARY SCHOOL,6702040,699,,Eligible for free school meals or transitionally protected,fsmtp,2,,
3.2,3.2,Percentage of pupils,PCT,2,,6702042 - OYSTERMOUTH PRIMARY SCHOOL,6702042,700,,Eligible for free school meals,fsm,1,,
4.1,4.1,Percentage of pupils,PCT,2,,6702042 - OYSTERMOUTH PRIMARY SCHOOL,6702042,700,,Eligible for free school meals or transitionally protected,fsmtp,2,,
35.8,35.8,Percentage of pupils,PCT,2,,6702048 - PENTRECHWYTH PRIMARY SCHOOL,6702048,701,,Eligible for free school meals,fsm,1,,
45,45,Percentage of pupils,PCT,2,,6702048 - PENTRECHWYTH PRIMARY SCHOOL,6702048,701,,Eligible for free school meals or transitionally protected,fsmtp,2,,
30.6,30.6,Percentage of pupils,PCT,2,,6702051 - PLASMARL PRIMARY SCHOOL,6702051,702,,Eligible for free school meals,fsm,1,,
43.1,43.1,Percentage of pupils,PCT,2,,6702051 - PLASMARL PRIMARY SCHOOL,6702051,702,,Eligible for free school meals or transitionally protected,fsmtp,2,,
4.5,4.5,Percentage of pupils,PCT,2,,6702054 - SKETTY PRIMARY SCHOOL,6702054,703,,Eligible for free school meals,fsm,1,,
9.2,9.2,Percentage of pupils,PCT,2,,6702054 - SKETTY PRIMARY SCHOOL,6702054,703,,Eligible for free school meals or transitionally protected,fsmtp,2,,
19.6,19.6,Percentage of pupils,PCT,2,,6702055 - ST HELEN'S PRIMARY SCHOOL,6702055,704,,Eligible for free school meals,fsm,1,,
28.5,28.5,Percentage of pupils,PCT,2,,6702055 - ST HELEN'S PRIMARY SCHOOL,6702055,704,,Eligible for free school meals or transitionally protected,fsmtp,2,,
26.6,26.6,Percentage of pupils,PCT,2,,6702059 - TERRACE ROAD PRIMARY SCHOOL,6702059,705,,Eligible for free school meals,fsm,1,,
35.9,35.9,Percentage of pupils,PCT,2,,6702059 - TERRACE ROAD PRIMARY SCHOOL,6702059,705,,Eligible for free school meals or transitionally protected,fsmtp,2,,
44.5,44.5,Percentage of pupils,PCT,2,,6702063 - TOWNHILL PRIMARY SCHOOL,6702063,706,,Eligible for free school meals,fsm,1,,
55.9,55.9,Percentage of pupils,PCT,2,,6702063 - TOWNHILL PRIMARY SCHOOL,6702063,706,,Eligible for free school meals or transitionally protected,fsmtp,2,,
22,22,Percentage of pupils,PCT,2,,6702065 - WAUNARLWYDD PRIMARY SCHOOL,6702065,707,,Eligible for free school meals,fsm,1,,
26.3,26.3,Percentage of pupils,PCT,2,,6702065 - WAUNARLWYDD PRIMARY SCHOOL,6702065,707,,Eligible for free school meals or transitionally protected,fsmtp,2,,
36.3,36.3,Percentage of pupils,PCT,2,,6702067 - WAUN WEN SCHOOL,6702067,708,,Eligible for free school meals,fsm,1,,
52.2,52.2,Percentage of pupils,PCT,2,,6702067 - WAUN WEN SCHOOL,6702067,708,,Eligible for free school meals or transitionally protected,fsmtp,2,,
40,40,Percentage of pupils,PCT,2,,6702069 - CLWYD PRIMARY SCHOOL,6702069,709,,Eligible for free school meals,fsm,1,,
52.9,52.9,Percentage of pupils,PCT,2,,6702069 - CLWYD PRIMARY SCHOOL,6702069,709,,Eligible for free school meals or transitionally protected,fsmtp,2,,
10.2,10.2,Percentage of pupils,PCT,2,,6702071 - YNYSTAWE PRIMARY SCHOOL,6702071,710,,Eligible for free school meals,fsm,1,,
12.2,12.2,Percentage of pupils,PCT,2,,6702071 - YNYSTAWE PRIMARY SCHOOL,6702071,710,,Eligible for free school meals or transitionally protected,fsmtp,2,,
48.3,48.3,Percentage of pupils,PCT,2,,6702073 - CLASE PRIMARY SCHOOL,6702073,711,,Eligible for free school meals,fsm,1,,
59.7,59.7,Percentage of pupils,PCT,2,,6702073 - CLASE PRIMARY SCHOOL,6702073,711,,Eligible for free school meals or transitionally protected,fsmtp,2,,
38.7,38.7,Percentage of pupils,PCT,2,,6702075 - PORTMEAD PRIMARY SCHOOL,6702075,712,,Eligible for free school meals,fsm,1,,
56.1,56.1,Percentage of pupils,PCT,2,,6702075 - PORTMEAD PRIMARY SCHOOL,6702075,712,,Eligible for free school meals or transitionally protected,fsmtp,2,,
8.4,8.4,Percentage of pupils,PCT,2,,6702076 - MAYALS PRIMARY,6702076,713,,Eligible for free school meals,fsm,1,,
13.8,13.8,Percentage of pupils,PCT,2,,6702076 - MAYALS PRIMARY,6702076,713,,Eligible for free school meals or transitionally protected,fsmtp,2,,
37,37,Percentage of pupils,PCT,2,,6702077 - CWMGLAS PRIMARY SCHOOL,6702077,714,,Eligible for free school meals,fsm,1,,
45.3,45.3,Percentage of pupils,PCT,2,,6702077 - CWMGLAS PRIMARY SCHOOL,6702077,714,,Eligible for free school meals or transitionally protected,fsmtp,2,,
57.4,57.4,Percentage of pupils,PCT,2,,6702082 - BLAENYMAES PRIMARY SCHOOL,6702082,715,,Eligible for free school meals,fsm,1,,
67,67,Percentage of pupils,PCT,2,,6702082 - BLAENYMAES PRIMARY SCHOOL,6702082,715,,Eligible for free school meals or transitionally protected,fsmtp,2,,
38.7,38.7,Percentage of pupils,PCT,2,,6702084 - Trallwn Primary School,6702084,716,,Eligible for free school meals,fsm,1,,
48,48,Percentage of pupils,PCT,2,,6702084 - Trallwn Primary School,6702084,716,,Eligible for free school meals or transitionally protected,fsmtp,2,,
9.4,9.4,Percentage of pupils,PCT,2,,6702086 - PARKLAND PRIMARY SCHOOL,6702086,717,,Eligible for free school meals,fsm,1,,
14.2,14.2,Percentage of pupils,PCT,2,,6702086 - PARKLAND PRIMARY SCHOOL,6702086,717,,Eligible for free school meals or transitionally protected,fsmtp,2,,
,,Percentage of pupils,PCT,2,,6702092 - Newton Primary School,6702092,718,,Eligible for free school meals,fsm,1,,Confidential
2.5,2.5,Percentage of pupils,PCT,2,,6702092 - Newton Primary School,6702092,718,,Eligible for free school meals or transitionally protected,fsmtp,2,,
18,18,Percentage of pupils,PCT,2,,6702095 - WHITESTONE PRIMARY,6702095,719,,Eligible for free school meals,fsm,1,,
27.9,27.9,Percentage of pupils,PCT,2,,6702095 - WHITESTONE PRIMARY,6702095,719,,Eligible for free school meals or transitionally protected,fsmtp,2,,
6.4,6.4,Percentage of pupils,PCT,2,,6702096 - HENDREFOILAN PRIMARY,6702096,720,,Eligible for free school meals,fsm,1,,
10,10,Percentage of pupils,PCT,2,,6702096 - HENDREFOILAN PRIMARY,6702096,720,,Eligible for free school meals or transitionally protected,fsmtp,2,,
3.3,3.3,Percentage of pupils,PCT,2,,6702098 - Y.G.G. BRYNYMOR,6702098,721,,Eligible for free school meals,fsm,1,,
7.4,7.4,Percentage of pupils,PCT,2,,6702098 - Y.G.G. BRYNYMOR,6702098,721,,Eligible for free school meals or transitionally protected,fsmtp,2,,
2.9,2.9,Percentage of pupils,PCT,2,,6702105 - Bishopston Primary School,6702105,722,,Eligible for free school meals,fsm,1,,
5.5,5.5,Percentage of pupils,PCT,2,,6702105 - Bishopston Primary School,6702105,722,,Eligible for free school meals or transitionally protected,fsmtp,2,,
9.1,9.1,Percentage of pupils,PCT,2,,6702108 - CASLLWCHWR PRIMARY SCHOOL,6702108,723,,Eligible for free school meals,fsm,1,,
15.7,15.7,Percentage of pupils,PCT,2,,6702108 - CASLLWCHWR PRIMARY SCHOOL,6702108,723,,Eligible for free school meals or transitionally protected,fsmtp,2,,
,,Percentage of pupils,PCT,2,,6702109 - CILA PRIMARY SCHOOL,6702109,724,,Eligible for free school meals,fsm,1,,Confidential
8.2,8.2,Percentage of pupils,PCT,2,,6702109 - CILA PRIMARY SCHOOL,6702109,724,,Eligible for free school meals or transitionally protected,fsmtp,2,,
,,Percentage of pupils,PCT,2,,6702120 - CRWYS PRIMARY SCHOOL,6702120,725,,Eligible for free school meals,fsm,1,,Confidential
8,8,Percentage of pupils,PCT,2,,6702120 - CRWYS PRIMARY SCHOOL,6702120,725,,Eligible for free school meals or transitionally protected,fsmtp,2,,
6.6,6.6,Percentage of pupils,PCT,2,,6702157 - LLANGYFELACH PRIMARY SCHOOL,6702157,726,,Eligible for free school meals,fsm,1,,
10.2,10.2,Percentage of pupils,PCT,2,,6702157 - LLANGYFELACH PRIMARY SCHOOL,6702157,726,,Eligible for free school meals or transitionally protected,fsmtp,2,,
5,5,Percentage of pupils,PCT,2,,6702159 - LLANRHIDIAN PRIMARY,6702159,727,,Eligible for free school meals,fsm,1,,
8.7,8.7,Percentage of pupils,PCT,2,,6702159 - LLANRHIDIAN PRIMARY,6702159,727,,Eligible for free school meals or transitionally protected,fsmtp,2,,
15.9,15.9,Percentage of pupils,PCT,2,,6702167 - PENCLAWDD PRIMARY SCHOOL,6702167,728,,Eligible for free school meals,fsm,1,,
18.9,18.9,Percentage of pupils,PCT,2,,6702167 - PENCLAWDD PRIMARY SCHOOL,6702167,728,,Eligible for free school meals or transitionally protected,fsmtp,2,,
11.8,11.8,Percentage of pupils,PCT,2,,6702172 - PENGELLI PRIMARY,6702172,729,,Eligible for free school meals,fsm,1,,
20,20,Percentage of pupils,PCT,2,,6702172 - PENGELLI PRIMARY,6702172,729,,Eligible for free school meals or transitionally protected,fsmtp,2,,
8,8,Percentage of pupils,PCT,2,,6702174 - PENLLERGAER PRIMARY SCHOOL,6702174,730,,Eligible for free school meals,fsm,1,,
10.9,10.9,Percentage of pupils,PCT,2,,6702174 - PENLLERGAER PRIMARY SCHOOL,6702174,730,,Eligible for free school meals or transitionally protected,fsmtp,2,,
24.9,24.9,Percentage of pupils,PCT,2,,6702176 - PENYRHEOL PRIMARY SCHOOL,6702176,731,,Eligible for free school meals,fsm,1,,
33.3,33.3,Percentage of pupils,PCT,2,,6702176 - PENYRHEOL PRIMARY SCHOOL,6702176,731,,Eligible for free school meals or transitionally protected,fsmtp,2,,
19.4,19.4,Percentage of pupils,PCT,2,,6702186 - PONTARDDULAIS PRIMARY SCHOOL,6702186,732,,Eligible for free school meals,fsm,1,,
26.1,26.1,Percentage of pupils,PCT,2,,6702186 - PONTARDDULAIS PRIMARY SCHOOL,6702186,732,,Eligible for free school meals or transitionally protected,fsmtp,2,,
6.6,6.6,Percentage of pupils,PCT,2,,6702189 - Y.G.G. BRYNIAGO,6702189,733,,Eligible for free school meals,fsm,1,,
10.1,10.1,Percentage of pupils,PCT,2,,6702189 - Y.G.G. BRYNIAGO,6702189,733,,Eligible for free school meals or transitionally protected,fsmtp,2,,
5.4,5.4,Percentage of pupils,PCT,2,,6702192 - PONTLLIW PRIMARY,6702192,734,,Eligible for free school meals,fsm,1,,
10.3,10.3,Percentage of pupils,PCT,2,,6702192 - PONTLLIW PRIMARY,6702192,734,,Eligible for free school meals or transitionally protected,fsmtp,2,,
19.2,19.2,Percentage of pupils,PCT,2,,6702211 - TRE UCHAF PRIMARY SCHOOL,6702211,735,,Eligible for free school meals,fsm,1,,
26.1,26.1,Percentage of pupils,PCT,2,,6702211 - TRE UCHAF PRIMARY SCHOOL,6702211,735,,Eligible for free school meals or transitionally protected,fsmtp,2,,
3.7,3.7,Percentage of pupils,PCT,2,,6702212 - Y.G.G. PONTYBRENIN,6702212,736,,Eligible for free school meals,fsm,1,,
8,8,Percentage of pupils,PCT,2,,6702212 - Y.G.G. PONTYBRENIN,6702212,736,,Eligible for free school meals or transitionally protected,fsmtp,2,,
41.5,41.5,Percentage of pupils,PCT,2,,6702215 - CRAIGFELEN PRIMARY SCHOOL,6702215,737,,Eligible for free school meals,fsm,1,,
55.7,55.7,Percentage of pupils,PCT,2,,6702215 - CRAIGFELEN PRIMARY SCHOOL,6702215,737,,Eligible for free school meals or transitionally protected,fsmtp,2,,
3,3,Percentage of pupils,PCT,2,,6702216 - PENNARD PRIMARY,6702216,738,,Eligible for free school meals,fsm,1,,
5.4,5.4,Percentage of pupils,PCT,2,,6702216 - PENNARD PRIMARY,6702216,738,,Eligible for free school meals or transitionally protected,fsmtp,2,,
6.7,6.7,Percentage of pupils,PCT,2,,6702217 - KNELSTON PRIMARY,6702217,739,,Eligible for free school meals,fsm,1,,
14.7,14.7,Percentage of pupils,PCT,2,,6702217 - KNELSTON PRIMARY,6702217,739,,Eligible for free school meals or transitionally protected,fsmtp,2,,
2.6,2.6,Percentage of pupils,PCT,2,,6702219 - PEN-Y-FRO,6702219,740,,Eligible for free school meals,fsm,1,,
7.4,7.4,Percentage of pupils,PCT,2,,6702219 - PEN-Y-FRO,6702219,740,,Eligible for free school meals or transitionally protected,fsmtp,2,,
7,7,Percentage of pupils,PCT,2,,6702223 - PONTYBRENIN PRIMARY SCHOOL,6702223,741,,Eligible for free school meals,fsm,1,,
12.7,12.7,Percentage of pupils,PCT,2,,6702223 - PONTYBRENIN PRIMARY SCHOOL,6702223,741,,Eligible for free school meals or transitionally protected,fsmtp,2,,
13.5,13.5,Percentage of pupils,PCT,2,,6702225 - TALYCOPA PRIMARY SCHOOL,6702225,742,,Eligible for free school meals,fsm,1,,
21.6,21.6,Percentage of pupils,PCT,2,,6702225 - TALYCOPA PRIMARY SCHOOL,6702225,742,,Eligible for free school meals or transitionally protected,fsmtp,2,,
9.1,9.1,Percentage of pupils,PCT,2,,6702226 - GLYNCOLLEN PRIMARY SCHOOL,6702226,743,,Eligible for free school meals,fsm,1,,
14.1,14.1,Percentage of pupils,PCT,2,,6702226 - GLYNCOLLEN PRIMARY SCHOOL,6702226,743,,Eligible for free school meals or transitionally protected,fsmtp,2,,
7.2,7.2,Percentage of pupils,PCT,2,,6702229 - YSGOL GYMRAEG Y LOGIN FACH,6702229,744,,Eligible for free school meals,fsm,1,,
16.2,16.2,Percentage of pupils,PCT,2,,6702229 - YSGOL GYMRAEG Y LOGIN FACH,6702229,744,,Eligible for free school meals or transitionally protected,fsmtp,2,,
20.3,20.3,Percentage of pupils,PCT,2,,6702231 - Y.G.G. TIRDEUNAW,6702231,745,,Eligible for free school meals,fsm,1,,
26.7,26.7,Percentage of pupils,PCT,2,,6702231 - Y.G.G. TIRDEUNAW,6702231,745,,Eligible for free school meals or transitionally protected,fsmtp,2,,
15,15,Percentage of pupils,PCT,2,,6702232 - Y.G.G. Gellionnen,6702232,746,,Eligible for free school meals,fsm,1,,
21.9,21.9,Percentage of pupils,PCT,2,,6702232 - Y.G.G. Gellionnen,6702232,746,,Eligible for free school meals or transitionally protected,fsmtp,2,,
40.7,40.7,Percentage of pupils,PCT,2,,6702233 - GORS COMMUNITY SCHOOL,6702233,747,,Eligible for free school meals,fsm,1,,
53,53,Percentage of pupils,PCT,2,,6702233 - GORS COMMUNITY SCHOOL,6702233,747,,Eligible for free school meals or transitionally protected,fsmtp,2,,
50.4,50.4,Percentage of pupils,PCT,2,,6702234 - SEA VIEW PRIMARY SCHOOL,6702234,748,,Eligible for free school meals,fsm,1,,
61,61,Percentage of pupils,PCT,2,,6702234 - SEA VIEW PRIMARY SCHOOL,6702234,748,,Eligible for free school meals or transitionally protected,fsmtp,2,,
2.2,2.2,Percentage of pupils,PCT,2,,6702235 - Y.G.G. Llwynderw,6702235,749,,Eligible for free school meals,fsm,1,,
3.5,3.5,Percentage of pupils,PCT,2,,6702235 - Y.G.G. Llwynderw,6702235,749,,Eligible for free school meals or transitionally protected,fsmtp,2,,
17.1,17.1,Percentage of pupils,PCT,2,,6702236 - Birchgrove Primary,6702236,750,,Eligible for free school meals,fsm,1,,
27.6,27.6,Percentage of pupils,PCT,2,,6702236 - Birchgrove Primary,6702236,750,,Eligible for free school meals or transitionally protected,fsmtp,2,,
3.1,3.1,Percentage of pupils,PCT,2,,6702237 - DUNVANT Primary SCHOOL,6702237,751,,Eligible for free school meals,fsm,1,,
6.3,6.3,Percentage of pupils,PCT,2,,6702237 - DUNVANT Primary SCHOOL,6702237,751,,Eligible for free school meals or transitionally protected,fsmtp,2,,
34.3,34.3,Percentage of pupils,PCT,2,,6702238 - GWYROSYDD PRIMARY SCHOOL,6702238,752,,Eligible for free school meals,fsm,1,,
45.7,45.7,Percentage of pupils,PCT,2,,6702238 - GWYROSYDD PRIMARY SCHOOL,6702238,752,,Eligible for free school meals or transitionally protected,fsmtp,2,,
24.5,24.5,Percentage of pupils,PCT,2,,6702239 - St Thomas Community Primary School,6702239,753,,Eligible for free school meals,fsm,1,,
36,36,Percentage of pupils,PCT,2,,6702239 - St Thomas Community Primary School,6702239,753,,Eligible for free school meals or transitionally protected,fsmtp,2,,
10.5,10.5,Percentage of pupils,PCT,2,,6702240 - GOWERTON PRIMARY SCHOOL,6702240,754,,Eligible for free school meals,fsm,1,,
15.8,15.8,Percentage of pupils,PCT,2,,6702240 - GOWERTON PRIMARY SCHOOL,6702240,754,,Eligible for free school meals or transitionally protected,fsmtp,2,,
25.3,25.3,Percentage of pupils,PCT,2,,6702241 - Pentre'r Graig Primary School,6702241,755,,Eligible for free school meals,fsm,1,,
34,34,Percentage of pupils,PCT,2,,6702241 - Pentre'r Graig Primary School,6702241,755,,Eligible for free school meals or transitionally protected,fsmtp,2,,
14.4,14.4,Percentage of pupils,PCT,2,,6702242 - YGG TANYLAN,6702242,756,,Eligible for free school meals,fsm,1,,
19.6,19.6,Percentage of pupils,PCT,2,,6702242 - YGG TANYLAN,6702242,756,,Eligible for free school meals or transitionally protected,fsmtp,2,,
30.6,30.6,Percentage of pupils,PCT,2,,6702243 - Burlais Primary School,6702243,757,,Eligible for free school meals,fsm,1,,
42.1,42.1,Percentage of pupils,PCT,2,,6702243 - Burlais Primary School,6702243,757,,Eligible for free school meals or transitionally protected,fsmtp,2,,
20,20,Percentage of pupils,PCT,2,,6702244 - Clydach Primary School,6702244,758,,Eligible for free school meals,fsm,1,,
32,32,Percentage of pupils,PCT,2,,6702244 - Clydach Primary School,6702244,758,,Eligible for free school meals or transitionally protected,fsmtp,2,,
16.1,16.1,Percentage of pupils,PCT,2,,6702245 - Ysgol Gymraeg Y Cwm,6702245,759,,Eligible for free school meals,fsm,1,,
20.2,20.2,Percentage of pupils,PCT,2,,6702245 - Ysgol Gymraeg Y Cwm,6702245,759,,Eligible for free school meals or transitionally protected,fsmtp,2,,
26,26,Percentage of pupils,PCT,2,,6702246 - Gorseinon Primary School,6702246,760,,Eligible for free school meals,fsm,1,,
34.7,34.7,Percentage of pupils,PCT,2,,6702246 - Gorseinon Primary School,6702246,760,,Eligible for free school meals or transitionally protected,fsmtp,2,,
20.2,20.2,Percentage of pupils,PCT,2,,6702247 - Brynhyfryd Primary School,6702247,761,,Eligible for free school meals,fsm,1,,
28,28,Percentage of pupils,PCT,2,,6702247 - Brynhyfryd Primary School,6702247,761,,Eligible for free school meals or transitionally protected,fsmtp,2,,
3,3,Percentage of pupils,PCT,2,,6703303 - ST. DAVID'S RC PRIMARY SCHOOL,6703303,762,,Eligible for free school meals,fsm,1,,
7.1,7.1,Percentage of pupils,PCT,2,,6703303 - ST. DAVID'S RC PRIMARY SCHOOL,6703303,762,,Eligible for free school meals or transitionally protected,fsmtp,2,,
24.6,24.6,Percentage of pupils,PCT,2,,6703305 - ST ILLTYDS PRIMARY,6703305,763,,Eligible for free school meals,fsm,1,,
37.4,37.4,Percentage of pupils,PCT,2,,6703305 - ST ILLTYDS PRIMARY,6703305,763,,Eligible for free school meals or transitionally protected,fsmtp,2,,
14.8,14.8,Percentage of pupils,PCT,2,,6703306 - CHRISTCHURCH CHURCH IN WALES,6703306,764,,Eligible for free school meals,fsm,1,,
26.5,26.5,Percentage of pupils,PCT,2,,6703306 - CHRISTCHURCH CHURCH IN WALES,6703306,764,,Eligible for free school meals or transitionally protected,fsmtp,2,,
5.3,5.3,Percentage of pupils,PCT,2,,6703308 - ST JOSEPH'S R.C. PRIMARY,6703308,765,,Eligible for free school meals,fsm,1,,
8.6,8.6,Percentage of pupils,PCT,2,,6703308 - ST JOSEPH'S R.C. PRIMARY,6703308,765,,Eligible for free school meals or transitionally protected,fsmtp,2,,
16.7,16.7,Percentage of pupils,PCT,2,,6703309 - St Josephs Cathedral Primary School,6703309,766,,Eligible for free school meals,fsm,1,,
25.6,25.6,Percentage of pupils,PCT,2,,6703309 - St Josephs Cathedral Primary School,6703309,766,,Eligible for free school meals or transitionally protected,fsmtp,2,,
30.2,30.2,Percentage of pupils,PCT,2,,6704031 - Cefn Hengoed,6704031,767,,Eligible for free school meals,fsm,1,,
43.6,43.6,Percentage of pupils,PCT,2,,6704031 - Cefn Hengoed,6704031,767,,Eligible for free school meals or transitionally protected,fsmtp,2,,
10.7,10.7,Percentage of pupils,PCT,2,,6704032 - OLCHFA SCHOOL,6704032,768,,Eligible for free school meals,fsm,1,,
18,18,Percentage of pupils,PCT,2,,6704032 - OLCHFA SCHOOL,6704032,768,,Eligible for free school meals or transitionally protected,fsmtp,2,,
22.3,22.3,Percentage of pupils,PCT,2,,6704033 - MORRISTON COMPREHENSIVE,6704033,769,,Eligible for free school meals,fsm,1,,
35,35,Percentage of pupils,PCT,2,,6704033 - MORRISTON COMPREHENSIVE,6704033,769,,Eligible for free school meals or transitionally protected,fsmtp,2,,
32.1,32.1,Percentage of pupils,PCT,2,,6704043 - PENTREHAFOD SCHOOL,6704043,770,,Eligible for free school meals,fsm,1,,
45.9,45.9,Percentage of pupils,PCT,2,,6704043 - PENTREHAFOD SCHOOL,6704043,770,,Eligible for free school meals or transitionally protected,fsmtp,2,,
25,25,Percentage of pupils,PCT,2,,6704044 - BISHOP GORE SCHOOL,6704044,771,,Eligible for free school meals,fsm,1,,
37,37,Percentage of pupils,PCT,2,,6704044 - BISHOP GORE SCHOOL,6704044,771,,Eligible for free school meals or transitionally protected,fsmtp,2,,
20.9,20.9,Percentage of pupils,PCT,2,,6704062 - Penyrheol Comprehensive School,6704062,772,,Eligible for free school meals,fsm,1,,
32.4,32.4,Percentage of pupils,PCT,2,,6704062 - Penyrheol Comprehensive School,6704062,772,,Eligible for free school meals or transitionally protected,fsmtp,2,,
16.5,16.5,Percentage of pupils,PCT,2,,6704063 - Gowerton Comprehensive School,6704063,773,,Eligible for free school meals,fsm,1,,
25,25,Percentage of pupils,PCT,2,,6704063 - Gowerton Comprehensive School,6704063,773,,Eligible for free school meals or transitionally protected,fsmtp,2,,
5.9,5.9,Percentage of pupils,PCT,2,,6704069 - BISHOPSTON COMPREHENSIVE,6704069,774,,Eligible for free school meals,fsm,1,,
11.3,11.3,Percentage of pupils,PCT,2,,6704069 - BISHOPSTON COMPREHENSIVE,6704069,774,,Eligible for free school meals or transitionally protected,fsmtp,2,,
15.7,15.7,Percentage of pupils,PCT,2,,6704072 - Pontarddulais Comprehensive School,6704072,775,,Eligible for free school meals,fsm,1,,
20.8,20.8,Percentage of pupils,PCT,2,,6704072 - Pontarddulais Comprehensive School,6704072,775,,Eligible for free school meals or transitionally protected,fsmtp,2,,
4.8,4.8,Percentage of pupils,PCT,2,,6704074 - Ysgol Gyfun Gwyr,6704074,776,,Eligible for free school meals,fsm,1,,
11,11,Percentage of pupils,PCT,2,,6704074 - Ysgol Gyfun Gwyr,6704074,776,,Eligible for free school meals or transitionally protected,fsmtp,2,,
25.8,25.8,Percentage of pupils,PCT,2,,6704075 - BIRCHGROVE,6704075,777,,Eligible for free school meals,fsm,1,,
39.1,39.1,Percentage of pupils,PCT,2,,6704075 - BIRCHGROVE,6704075,777,,Eligible for free school meals or transitionally protected,fsmtp,2,,
51.9,51.9,Percentage of pupils,PCT,2,,6704076 - Dylan Thomas Community School,6704076,778,,Eligible for free school meals,fsm,1,,
68.8,68.8,Percentage of pupils,PCT,2,,6704076 - Dylan Thomas Community School,6704076,778,,Eligible for free school meals or transitionally protected,fsmtp,2,,
11.9,11.9,Percentage of pupils,PCT,2,,6704078 - Ysgol Gyfun Gymraeg Bryn Tawe,6704078,779,,Eligible for free school meals,fsm,1,,
20.3,20.3,Percentage of pupils,PCT,2,,6704078 - Ysgol Gyfun Gymraeg Bryn Tawe,6704078,779,,Eligible for free school meals or transitionally protected,fsmtp,2,,
19.7,19.7,Percentage of pupils,PCT,2,,6704600 - Bishop Vaughan School,6704600,780,,Eligible for free school meals,fsm,1,,
30.3,30.3,Percentage of pupils,PCT,2,,6704600 - Bishop Vaughan School,6704600,780,,Eligible for free school meals or transitionally protected,fsmtp,2,,
44.1,44.1,Percentage of pupils,PCT,2,,6707000 - Ysgol Pen-Y-Bryn,6707000,781,,Eligible for free school meals,fsm,1,,
47.5,47.5,Percentage of pupils,PCT,2,,6707000 - Ysgol Pen-Y-Bryn,6707000,781,,Eligible for free school meals or transitionally protected,fsmtp,2,,
39.6,39.6,Percentage of pupils,PCT,2,,6707008 - Ysgol Crug Glas,6707008,782,,Eligible for free school meals,fsm,1,,
45.3,45.3,Percentage of pupils,PCT,2,,6707008 - Ysgol Crug Glas,6707008,782,,Eligible for free school meals or transitionally protected,fsmtp,2,,
13.6,13.6,Percentage of pupils,PCT,2,,6712100 - Alltwen Primary School,6712100,783,,Eligible for free school meals,fsm,1,,
16.4,16.4,Percentage of pupils,PCT,2,,6712100 - Alltwen Primary School,6712100,783,,Eligible for free school meals or transitionally protected,fsmtp,2,,
44.1,44.1,Percentage of pupils,PCT,2,,6712101 - Blaendulais Primary School,6712101,784,,Eligible for free school meals,fsm,1,,
52.7,52.7,Percentage of pupils,PCT,2,,6712101 - Blaendulais Primary School,6712101,784,,Eligible for free school meals or transitionally protected,fsmtp,2,,
12.9,12.9,Percentage of pupils,PCT,2,,6712106 - Blaengwrach Primary School,6712106,785,,Eligible for free school meals,fsm,1,,
19,19,Percentage of pupils,PCT,2,,6712106 - Blaengwrach Primary School,6712106,785,,Eligible for free school meals or transitionally protected,fsmtp,2,,
8.1,8.1,Percentage of pupils,PCT,2,,6712110 - Blaenhonddan Primary School,6712110,786,,Eligible for free school meals,fsm,1,,
9.6,9.6,Percentage of pupils,PCT,2,,6712110 - Blaenhonddan Primary School,6712110,786,,Eligible for free school meals or transitionally protected,fsmtp,2,,
13.3,13.3,Percentage of pupils,PCT,2,,6712119 - Baglan Primary School,6712119,787,,Eligible for free school meals,fsm,1,,
21.5,21.5,Percentage of pupils,PCT,2,,6712119 - Baglan Primary School,6712119,787,,Eligible for free school meals or transitionally protected,fsmtp,2,,
11.7,11.7,Percentage of pupils,PCT,2,,6712128 - YGG Cwmllynfell,6712128,788,,Eligible for free school meals,fsm,1,,
13.3,13.3,Percentage of pupils,PCT,2,,6712128 - YGG Cwmllynfell,6712128,788,,Eligible for free school meals or transitionally protected,fsmtp,2,,
4.8,4.8,Percentage of pupils,PCT,2,,6712129 - Creunant Primary School,6712129,789,,Eligible for free school meals,fsm,1,,
12.1,12.1,Percentage of pupils,PCT,2,,6712129 - Creunant Primary School,6712129,789,,Eligible for free school meals or transitionally protected,fsmtp,2,,
9.1,9.1,Percentage of pupils,PCT,2,,6712134 - Crymlyn Primary School,6712134,790,,Eligible for free school meals,fsm,1,,
13.6,13.6,Percentage of pupils,PCT,2,,6712134 - Crymlyn Primary School,6712134,790,,Eligible for free school meals or transitionally protected,fsmtp,2,,
36,36,Percentage of pupils,PCT,2,,6712137 - Cwmnedd Primary School,6712137,791,,Eligible for free school meals,fsm,1,,
47.7,47.7,Percentage of pupils,PCT,2,,6712137 - Cwmnedd Primary School,6712137,791,,Eligible for free school meals or transitionally protected,fsmtp,2,,
38,38,Percentage of pupils,PCT,2,,6712138 - Cymer Afan Primary School,6712138,792,,Eligible for free school meals,fsm,1,,
43.5,43.5,Percentage of pupils,PCT,2,,6712138 - Cymer Afan Primary School,6712138,792,,Eligible for free school meals or transitionally protected,fsmtp,2,,
27.5,27.5,Percentage of pupils,PCT,2,,6712140 - Godre'rgraig Primary School,6712140,793,,Eligible for free school meals,fsm,1,,
35.3,35.3,Percentage of pupils,PCT,2,,6712140 - Godre'rgraig Primary School,6712140,793,,Eligible for free school meals or transitionally protected,fsmtp,2,,
41.7,41.7,Percentage of pupils,PCT,2,,6712142 - Eastern Primary School,6712142,794,,Eligible for free school meals,fsm,1,,
54.5,54.5,Percentage of pupils,PCT,2,,6712142 - Eastern Primary School,6712142,794,,Eligible for free school meals or transitionally protected,fsmtp,2,,
27.6,27.6,Percentage of pupils,PCT,2,,6712144 - Gnoll Primary School,6712144,795,,Eligible for free school meals,fsm,1,,
35.2,35.2,Percentage of pupils,PCT,2,,6712144 - Gnoll Primary School,6712144,795,,Eligible for free school meals or transitionally protected,fsmtp,2,,
36.3,36.3,Percentage of pupils,PCT,2,,6712148 - Glyncorrwg Primary School,6712148,796,,Eligible for free school meals,fsm,1,,
47.3,47.3,Percentage of pupils,PCT,2,,6712148 - Glyncorrwg Primary School,6712148,796,,Eligible for free school meals or transitionally protected,fsmtp,2,,
25.6,25.6,Percentage of pupils,PCT,2,,6712149 - YGG Gwaun Cae Gurwen,6712149,797,,Eligible for free school meals,fsm,1,,
31.1,31.1,Percentage of pupils,PCT,2,,6712149 - YGG Gwaun Cae Gurwen,6712149,797,,Eligible for free school meals or transitionally protected,fsmtp,2,,
8.9,8.9,Percentage of pupils,PCT,2,,6712150 - Catwg Primary School,6712150,798,,Eligible for free school meals,fsm,1,,
15.3,15.3,Percentage of pupils,PCT,2,,6712150 - Catwg Primary School,6712150,798,,Eligible for free school meals or transitionally protected,fsmtp,2,,
28.9,28.9,Percentage of pupils,PCT,2,,6712155 - Maesmarchog Community Primary School,6712155,799,,Eligible for free school meals,fsm,1,,
37.3,37.3,Percentage of pupils,PCT,2,,6712155 - Maesmarchog Community Primary School,6712155,799,,Eligible for free school meals or transitionally protected,fsmtp,2,,
15.2,15.2,Percentage of pupils,PCT,2,,6712158 - YGG Rhosafan,6712158,800,,Eligible for free school meals,fsm,1,,
21.1,21.1,Percentage of pupils,PCT,2,,6712158 - YGG Rhosafan,6712158,800,,Eligible for free school meals or transitionally protected,fsmtp,2,,
47.8,47.8,Percentage of pupils,PCT,2,,6712161 - Sandfields Primary School,6712161,801,,Eligible for free school meals,fsm,1,,
59,59,Percentage of pupils,PCT,2,,6712161 - Sandfields Primary School,6712161,801,,Eligible for free school meals or transitionally protected,fsmtp,2,,
8.1,8.1,Percentage of pupils,PCT,2,,6712168 - YGG Castell-nedd,6712168,802,,Eligible for free school meals,fsm,1,,
11,11,Percentage of pupils,PCT,2,,6712168 - YGG Castell-nedd,6712168,802,,Eligible for free school meals or transitionally protected,fsmtp,2,,
55.5,55.5,Percentage of pupils,PCT,2,,6712173 - Croeserw Primary School,6712173,803,,Eligible for free school meals,fsm,1,,
62.8,62.8,Percentage of pupils,PCT,2,,6712173 - Croeserw Primary School,6712173,803,,Eligible for free school meals or transitionally protected,fsmtp,2,,
30.1,30.1,Percentage of pupils,PCT,2,,6712175 - Tywyn Primary School,6712175,804,,Eligible for free school meals,fsm,1,,
35.1,35.1,Percentage of pupils,PCT,2,,6712175 - Tywyn Primary School,6712175,804,,Eligible for free school meals or transitionally protected,fsmtp,2,,
29.6,29.6,Percentage of pupils,PCT,2,,6712178 - Llangiwg Primary School,6712178,805,,Eligible for free school meals,fsm,1,,
39.5,39.5,Percentage of pupils,PCT,2,,6712178 - Llangiwg Primary School,6712178,805,,Eligible for free school meals or transitionally protected,fsmtp,2,,
18,18,Percentage of pupils,PCT,2,,6712181 - Tonnau Primary Community School,6712181,806,,Eligible for free school meals,fsm,1,,
24.3,24.3,Percentage of pupils,PCT,2,,6712181 - Tonnau Primary Community School,6712181,806,,Eligible for free school meals or transitionally protected,fsmtp,2,,
20.1,20.1,Percentage of pupils,PCT,2,,6712187 - Ynysfach Primary School,6712187,807,,Eligible for free school meals,fsm,1,,
31.5,31.5,Percentage of pupils,PCT,2,,6712187 - Ynysfach Primary School,6712187,807,,Eligible for free school meals or transitionally protected,fsmtp,2,,
9,9,Percentage of pupils,PCT,2,,6712191 - Blaenbaglan Primary School,6712191,808,,Eligible for free school meals,fsm,1,,
13.5,13.5,Percentage of pupils,PCT,2,,6712191 - Blaenbaglan Primary School,6712191,808,,Eligible for free school meals or transitionally protected,fsmtp,2,,
15.6,15.6,Percentage of pupils,PCT,2,,6712200 - Rhos Primary School,6712200,809,,Eligible for free school meals,fsm,1,,
17,17,Percentage of pupils,PCT,2,,6712200 - Rhos Primary School,6712200,809,,Eligible for free school meals or transitionally protected,fsmtp,2,,
13.9,13.9,Percentage of pupils,PCT,2,,6712202 - YGG Blaendulais,6712202,810,,Eligible for free school meals,fsm,1,,
16.8,16.8,Percentage of pupils,PCT,2,,6712202 - YGG Blaendulais,6712202,810,,Eligible for free school meals or transitionally protected,fsmtp,2,,
26.5,26.5,Percentage of pupils,PCT,2,,6712203 - Rhydyfro Primary School,6712203,811,,Eligible for free school meals,fsm,1,,
38.8,38.8,Percentage of pupils,PCT,2,,6712203 - Rhydyfro Primary School,6712203,811,,Eligible for free school meals or transitionally protected,fsmtp,2,,
16.1,16.1,Percentage of pupils,PCT,2,,6712205 - YGG Cwm Nedd,6712205,812,,Eligible for free school meals,fsm,1,,
19.6,19.6,Percentage of pupils,PCT,2,,6712205 - YGG Cwm Nedd,6712205,812,,Eligible for free school meals or transitionally protected,fsmtp,2,,
30.3,30.3,Percentage of pupils,PCT,2,,6712206 - Tairgwaith Primary School,6712206,813,,Eligible for free school meals,fsm,1,,
39.3,39.3,Percentage of pupils,PCT,2,,6712206 - Tairgwaith Primary School,6712206,813,,Eligible for free school meals or transitionally protected,fsmtp,2,,
16.7,16.7,Percentage of pupils,PCT,2,,6712208 - YGG Trebannws,6712208,814,,Eligible for free school meals,fsm,1,,
18.9,18.9,Percentage of pupils,PCT,2,,6712208 - YGG Trebannws,6712208,814,,Eligible for free school meals or transitionally protected,fsmtp,2,,
11.7,11.7,Percentage of pupils,PCT,2,,6712218 - YGG Pontardawe,6712218,815,,Eligible for free school meals,fsm,1,,
15.8,15.8,Percentage of pupils,PCT,2,,6712218 - YGG Pontardawe,6712218,815,,Eligible for free school meals or transitionally protected,fsmtp,2,,
29.4,29.4,Percentage of pupils,PCT,2,,6712221 - Waunceirch Primary School,6712221,816,,Eligible for free school meals,fsm,1,,
40.6,40.6,Percentage of pupils,PCT,2,,6712221 - Waunceirch Primary School,6712221,816,,Eligible for free school meals or transitionally protected,fsmtp,2,,
31.5,31.5,Percentage of pupils,PCT,2,,6712230 - Cilffriw Primary School,6712230,817,,Eligible for free school meals,fsm,1,,
34.9,34.9,Percentage of pupils,PCT,2,,6712230 - Cilffriw Primary School,6712230,817,,Eligible for free school meals or transitionally protected,fsmtp,2,,
19.5,19.5,Percentage of pupils,PCT,2,,6712231 - YGG Tyle'r Ynn,6712231,818,,Eligible for free school meals,fsm,1,,
24.3,24.3,Percentage of pupils,PCT,2,,6712231 - YGG Tyle'r Ynn,6712231,818,,Eligible for free school meals or transitionally protected,fsmtp,2,,
16.1,16.1,Percentage of pupils,PCT,2,,6712232 - Coed Hirwaun Primary School,6712232,819,,Eligible for free school meals,fsm,1,,
18.7,18.7,Percentage of pupils,PCT,2,,6712232 - Coed Hirwaun Primary School,6712232,819,,Eligible for free school meals or transitionally protected,fsmtp,2,,
24.8,24.8,Percentage of pupils,PCT,2,,6712233 - Coedffranc Primary School,6712233,820,,Eligible for free school meals,fsm,1,,
32.4,32.4,Percentage of pupils,PCT,2,,6712233 - Coedffranc Primary School,6712233,820,,Eligible for free school meals or transitionally protected,fsmtp,2,,
28.4,28.4,Percentage of pupils,PCT,2,,6712234 - Pen Afan Primary School,6712234,821,,Eligible for free school meals,fsm,1,,
43.2,43.2,Percentage of pupils,PCT,2,,6712234 - Pen Afan Primary School,6712234,821,,Eligible for free school meals or transitionally protected,fsmtp,2,,
51.7,51.7,Percentage of pupils,PCT,2,,6712235 - Awel Y Mor Primary School,6712235,822,,Eligible for free school meals,fsm,1,,
60.5,60.5,Percentage of pupils,PCT,2,,6712235 - Awel Y Mor Primary School,6712235,822,,Eligible for free school meals or transitionally protected,fsmtp,2,,
26,26,Percentage of pupils,PCT,2,,6712236 - Crynallt Primary School,6712236,823,,Eligible for free school meals,fsm,1,,
32.6,32.6,Percentage of pupils,PCT,2,,6712236 - Crynallt Primary School,6712236,823,,Eligible for free school meals or transitionally protected,fsmtp,2,,
25.7,25.7,Percentage of pupils,PCT,2,,6712237 - Cwmafan Primary School,6712237,824,,Eligible for free school meals,fsm,1,,
30.1,30.1,Percentage of pupils,PCT,2,,6712237 - Cwmafan Primary School,6712237,824,,Eligible for free school meals or transitionally protected,fsmtp,2,,
21.6,21.6,Percentage of pupils,PCT,2,,6712238 - Central Primary School,6712238,825,,Eligible for free school meals,fsm,1,,
27.5,27.5,Percentage of pupils,PCT,2,,6712238 - Central Primary School,6712238,825,,Eligible for free school meals or transitionally protected,fsmtp,2,,
13.5,13.5,Percentage of pupils,PCT,2,,6712239 - Abbey Primary School,6712239,826,,Eligible for free school meals,fsm,1,,
19.6,19.6,Percentage of pupils,PCT,2,,6712239 - Abbey Primary School,6712239,826,,Eligible for free school meals or transitionally protected,fsmtp,2,,
33.3,33.3,Percentage of pupils,PCT,2,,6712240 - Melin Primary School,6712240,827,,Eligible for free school meals,fsm,1,,
44.8,44.8,Percentage of pupils,PCT,2,,6712240 - Melin Primary School,6712240,827,,Eligible for free school meals or transitionally protected,fsmtp,2,,
31,31,Percentage of pupils,PCT,2,,6712241 - Ysgol Carreg Hir,6712241,828,,Eligible for free school meals,fsm,1,,
37.7,37.7,Percentage of pupils,PCT,2,,6712241 - Ysgol Carreg Hir,6712241,828,,Eligible for free school meals or transitionally protected,fsmtp,2,,
,,Percentage of pupils,PCT,2,,6712242 - YGG Tregeles,6712242,829,,Eligible for free school meals,fsm,1,,Confidential
,,Percentage of pupils,PCT,2,,6712242 - YGG Tregeles,6712242,829,,Eligible for free school meals or transitionally protected,fsmtp,2,,Confidential
29.8,29.8,Percentage of pupils,PCT,2,,6713309 - St Joseph's Catholic Primary School (Neath),6713309,830,,Eligible for free school meals,fsm,1,,
38,38,Percentage of pupils,PCT,2,,6713309 - St Joseph's Catholic Primary School (Neath),6713309,830,,Eligible for free school meals or transitionally protected,fsmtp,2,,
12.7,12.7,Percentage of pupils,PCT,2,,6713310 - St Josephs Catholic Infant School,6713310,831,,Eligible for free school meals,fsm,1,,
13.6,13.6,Percentage of pupils,PCT,2,,6713310 - St Josephs Catholic Infant School,6713310,831,,Eligible for free school meals or transitionally protected,fsmtp,2,,
,,Percentage of pupils,PCT,2,,6713311 - Bryncoch CIW Primary School,6713311,832,,Eligible for free school meals,fsm,1,,Confidential
7.6,7.6,Percentage of pupils,PCT,2,,6713311 - Bryncoch CIW Primary School,6713311,832,,Eligible for free school meals or transitionally protected,fsmtp,2,,
21.5,21.5,Percentage of pupils,PCT,2,,6713313 - Alderman Davies CIW Primary School,6713313,833,,Eligible for free school meals,fsm,1,,
29.1,29.1,Percentage of pupils,PCT,2,,6713313 - Alderman Davies CIW Primary School,6713313,833,,Eligible for free school meals or transitionally protected,fsmtp,2,,
24.9,24.9,Percentage of pupils,PCT,2,,6713314 - St Therese's Catholic Primary School,6713314,834,,Eligible for free school meals,fsm,1,,
32,32,Percentage of pupils,PCT,2,,6713314 - St Therese's Catholic Primary School,6713314,834,,Eligible for free school meals or transitionally protected,fsmtp,2,,
25.9,25.9,Percentage of pupils,PCT,2,,6713316 - St Josephs Catholic Junior School,6713316,835,,Eligible for free school meals,fsm,1,,
42.8,42.8,Percentage of pupils,PCT,2,,6713316 - St Josephs Catholic Junior School,6713316,835,,Eligible for free school meals or transitionally protected,fsmtp,2,,
24.4,24.4,Percentage of pupils,PCT,2,,6714064 - Cefn Saeson Comprehensive School,6714064,836,,Eligible for free school meals,fsm,1,,
33.6,33.6,Percentage of pupils,PCT,2,,6714064 - Cefn Saeson Comprehensive School,6714064,836,,Eligible for free school meals or transitionally protected,fsmtp,2,,
17.9,17.9,Percentage of pupils,PCT,2,,6714065 - Cwmtawe Community School,6714065,837,,Eligible for free school meals,fsm,1,,
26.2,26.2,Percentage of pupils,PCT,2,,6714065 - Cwmtawe Community School,6714065,837,,Eligible for free school meals or transitionally protected,fsmtp,2,,
25.1,25.1,Percentage of pupils,PCT,2,,6714066 - Llangatwg Community School,6714066,838,,Eligible for free school meals,fsm,1,,
35.2,35.2,Percentage of pupils,PCT,2,,6714066 - Llangatwg Community School,6714066,838,,Eligible for free school meals or transitionally protected,fsmtp,2,,
15.7,15.7,Percentage of pupils,PCT,2,,6714067 - Dwr Y Felin Comprehensive School,6714067,839,,Eligible for free school meals,fsm,1,,
25,25,Percentage of pupils,PCT,2,,6714067 - Dwr Y Felin Comprehensive School,6714067,839,,Eligible for free school meals or transitionally protected,fsmtp,2,,
25.3,25.3,Percentage of pupils,PCT,2,,6714601 - St Joseph's RC School and 6th Form Centre,6714601,840,,Eligible for free school meals,fsm,1,,
34.3,34.3,Percentage of pupils,PCT,2,,6714601 - St Joseph's RC School and 6th Form Centre,6714601,840,,Eligible for free school meals or transitionally protected,fsmtp,2,,
29.6,29.6,Percentage of pupils,PCT,2,,6715500 - Ysgol Bae Baglan,6715500,841,,Eligible for free school meals,fsm,1,,
40,40,Percentage of pupils,PCT,2,,6715500 - Ysgol Bae Baglan,6715500,841,,Eligible for free school meals or transitionally protected,fsmtp,2,,
12.5,12.5,Percentage of pupils,PCT,2,,6715501 - Ysgol Gymraeg Ystalyfera Bro Dur,6715501,842,,Eligible for free school meals,fsm,1,,
19,19,Percentage of pupils,PCT,2,,6715501 - Ysgol Gymraeg Ystalyfera Bro Dur,6715501,842,,Eligible for free school meals or transitionally protected,fsmtp,2,,
23,23,Percentage of pupils,PCT,2,,6715502 - Ysgol Cwm Brombil,6715502,843,,Eligible for free school meals,fsm,1,,
33.2,33.2,Percentage of pupils,PCT,2,,6715502 - Ysgol Cwm Brombil,6715502,843,,Eligible for free school meals or transitionally protected,fsmtp,2,,
43.2,43.2,Percentage of pupils,PCT,2,,6717006 - Ysgol Maes y Coed,6717006,844,,Eligible for free school meals,fsm,1,,
49.6,49.6,Percentage of pupils,PCT,2,,6717006 - Ysgol Maes y Coed,6717006,844,,Eligible for free school meals or transitionally protected,fsmtp,2,,
53.7,53.7,Percentage of pupils,PCT,2,,6717008 - Ysgol Hendrefelin,6717008,845,,Eligible for free school meals,fsm,1,,
71.4,71.4,Percentage of pupils,PCT,2,,6717008 - Ysgol Hendrefelin,6717008,845,,Eligible for free school meals or transitionally protected,fsmtp,2,,
17.4,17.4,Percentage of pupils,PCT,2,,6722046 - Abercerdin Primary School,6722046,846,,Eligible for free school meals,fsm,1,,
19.4,19.4,Percentage of pupils,PCT,2,,6722046 - Abercerdin Primary School,6722046,846,,Eligible for free school meals or transitionally protected,fsmtp,2,,
39.1,39.1,Percentage of pupils,PCT,2,,6722051 - Betws Primary School,6722051,847,,Eligible for free school meals,fsm,1,,
45.4,45.4,Percentage of pupils,PCT,2,,6722051 - Betws Primary School,6722051,847,,Eligible for free school meals or transitionally protected,fsmtp,2,,
28.7,28.7,Percentage of pupils,PCT,2,,6722055 - Blaengarw Primary,6722055,848,,Eligible for free school meals,fsm,1,,
32.5,32.5,Percentage of pupils,PCT,2,,6722055 - Blaengarw Primary,6722055,848,,Eligible for free school meals or transitionally protected,fsmtp,2,,
25.8,25.8,Percentage of pupils,PCT,2,,6722086 - Brynmenyn Primary,6722086,849,,Eligible for free school meals,fsm,1,,
35,35,Percentage of pupils,PCT,2,,6722086 - Brynmenyn Primary,6722086,849,,Eligible for free school meals or transitionally protected,fsmtp,2,,
30.6,30.6,Percentage of pupils,PCT,2,,6722090 - Bryntirion Infants,6722090,850,,Eligible for free school meals,fsm,1,,
34,34,Percentage of pupils,PCT,2,,6722090 - Bryntirion Infants,6722090,850,,Eligible for free school meals or transitionally protected,fsmtp,2,,
22.4,22.4,Percentage of pupils,PCT,2,,6722103 - CEFN CRIBWR PRIMARY SCHOOL,6722103,851,,Eligible for free school meals,fsm,1,,
25.6,25.6,Percentage of pupils,PCT,2,,6722103 - CEFN CRIBWR PRIMARY SCHOOL,6722103,851,,Eligible for free school meals or transitionally protected,fsmtp,2,,
2.7,2.7,Percentage of pupils,PCT,2,,6722109 - Coety Primary,6722109,852,,Eligible for free school meals,fsm,1,,
4.1,4.1,Percentage of pupils,PCT,2,,6722109 - Coety Primary,6722109,852,,Eligible for free school meals or transitionally protected,fsmtp,2,,
10.5,10.5,Percentage of pupils,PCT,2,,6722117 - Cwmfelin Primary School,6722117,853,,Eligible for free school meals,fsm,1,,
14,14,Percentage of pupils,PCT,2,,6722117 - Cwmfelin Primary School,6722117,853,,Eligible for free school meals or transitionally protected,fsmtp,2,,
30.1,30.1,Percentage of pupils,PCT,2,,6722122 - FFALDAU,6722122,854,,Eligible for free school meals,fsm,1,,
36.1,36.1,Percentage of pupils,PCT,2,,6722122 - FFALDAU,6722122,854,,Eligible for free school meals or transitionally protected,fsmtp,2,,
39.3,39.3,Percentage of pupils,PCT,2,,6722129 - Garth Primary School,6722129,855,,Eligible for free school meals,fsm,1,,
42.9,42.9,Percentage of pupils,PCT,2,,6722129 - Garth Primary School,6722129,855,,Eligible for free school meals or transitionally protected,fsmtp,2,,
10.4,10.4,Percentage of pupils,PCT,2,,6722146 - Coychurch Llangrallo Primary,6722146,856,,Eligible for free school meals,fsm,1,,
14.2,14.2,Percentage of pupils,PCT,2,,6722146 - Coychurch Llangrallo Primary,6722146,856,,Eligible for free school meals or transitionally protected,fsmtp,2,,
31.5,31.5,Percentage of pupils,PCT,2,,6722149 - LLANGYNWYD PRIMARY SCHOOL,6722149,857,,Eligible for free school meals,fsm,1,,
43.5,43.5,Percentage of pupils,PCT,2,,6722149 - LLANGYNWYD PRIMARY SCHOOL,6722149,857,,Eligible for free school meals or transitionally protected,fsmtp,2,,
22.5,22.5,Percentage of pupils,PCT,2,,6722172 - NANTYFFYLLON PRIMARY SCHOOL,6722172,858,,Eligible for free school meals,fsm,1,,
30.4,30.4,Percentage of pupils,PCT,2,,6722172 - NANTYFFYLLON PRIMARY SCHOOL,6722172,858,,Eligible for free school meals or transitionally protected,fsmtp,2,,
31.5,31.5,Percentage of pupils,PCT,2,,6722178 - Nantymoel Primary School,6722178,859,,Eligible for free school meals,fsm,1,,
38.7,38.7,Percentage of pupils,PCT,2,,6722178 - Nantymoel Primary School,6722178,859,,Eligible for free school meals or transitionally protected,fsmtp,2,,
21.9,21.9,Percentage of pupils,PCT,2,,6722185 - Newton Primary,6722185,860,,Eligible for free school meals,fsm,1,,
23.1,23.1,Percentage of pupils,PCT,2,,6722185 - Newton Primary,6722185,860,,Eligible for free school meals or transitionally protected,fsmtp,2,,
11,11,Percentage of pupils,PCT,2,,6722194 - NOTTAGE COUNTY PRIMARY,6722194,861,,Eligible for free school meals,fsm,1,,
14.1,14.1,Percentage of pupils,PCT,2,,6722194 - NOTTAGE COUNTY PRIMARY,6722194,861,,Eligible for free school meals or transitionally protected,fsmtp,2,,
28.1,28.1,Percentage of pupils,PCT,2,,6722220 - Pen-y-Bont Primary,6722220,862,,Eligible for free school meals,fsm,1,,
37.1,37.1,Percentage of pupils,PCT,2,,6722220 - Pen-y-Bont Primary,6722220,862,,Eligible for free school meals or transitionally protected,fsmtp,2,,
37.9,37.9,Percentage of pupils,PCT,2,,6722227 - Pil Primary,6722227,863,,Eligible for free school meals,fsm,1,,
45.5,45.5,Percentage of pupils,PCT,2,,6722227 - Pil Primary,6722227,863,,Eligible for free school meals or transitionally protected,fsmtp,2,,
39.8,39.8,Percentage of pupils,PCT,2,,6722232 - Plasnewydd Primary School,6722232,864,,Eligible for free school meals,fsm,1,,
48.9,48.9,Percentage of pupils,PCT,2,,6722232 - Plasnewydd Primary School,6722232,864,,Eligible for free school meals or transitionally protected,fsmtp,2,,
3.3,3.3,Percentage of pupils,PCT,2,,6722256 - Trelales Primary School,6722256,865,,Eligible for free school meals,fsm,1,,
6.1,6.1,Percentage of pupils,PCT,2,,6722256 - Trelales Primary School,6722256,865,,Eligible for free school meals or transitionally protected,fsmtp,2,,
18.5,18.5,Percentage of pupils,PCT,2,,6722259 - Ysgol Cynwyd Sant,6722259,866,,Eligible for free school meals,fsm,1,,
23.6,23.6,Percentage of pupils,PCT,2,,6722259 - Ysgol Cynwyd Sant,6722259,866,,Eligible for free school meals or transitionally protected,fsmtp,2,,
36.7,36.7,Percentage of pupils,PCT,2,,6722275 - Tynyrheol Primary School,6722275,867,,Eligible for free school meals,fsm,1,,
48.3,48.3,Percentage of pupils,PCT,2,,6722275 - Tynyrheol Primary School,6722275,867,,Eligible for free school meals or transitionally protected,fsmtp,2,,
17.3,17.3,Percentage of pupils,PCT,2,,6722279 - CROESTY PRIMARY SCHOOL,6722279,868,,Eligible for free school meals,fsm,1,,
20.5,20.5,Percentage of pupils,PCT,2,,6722279 - CROESTY PRIMARY SCHOOL,6722279,868,,Eligible for free school meals or transitionally protected,fsmtp,2,,
39.8,39.8,Percentage of pupils,PCT,2,,6722288 - CORNELI PRIMARY,6722288,869,,Eligible for free school meals,fsm,1,,
45,45,Percentage of pupils,PCT,2,,6722288 - CORNELI PRIMARY,6722288,869,,Eligible for free school meals or transitionally protected,fsmtp,2,,
30.7,30.7,Percentage of pupils,PCT,2,,6722292 - LLANGEWYDD JUNIOR SCHOOL,6722292,870,,Eligible for free school meals,fsm,1,,
39.7,39.7,Percentage of pupils,PCT,2,,6722292 - LLANGEWYDD JUNIOR SCHOOL,6722292,870,,Eligible for free school meals or transitionally protected,fsmtp,2,,
11.5,11.5,Percentage of pupils,PCT,2,,6722296 - Porthcawl Primary School,6722296,871,,Eligible for free school meals,fsm,1,,
17.5,17.5,Percentage of pupils,PCT,2,,6722296 - Porthcawl Primary School,6722296,871,,Eligible for free school meals or transitionally protected,fsmtp,2,,
9.7,9.7,Percentage of pupils,PCT,2,,6722298 - YSGOL GYMRAEG BRO OGWR,6722298,872,,Eligible for free school meals,fsm,1,,
13.5,13.5,Percentage of pupils,PCT,2,,6722298 - YSGOL GYMRAEG BRO OGWR,6722298,872,,Eligible for free school meals or transitionally protected,fsmtp,2,,
18,18,Percentage of pupils,PCT,2,,6722300 - CEFN GLAS INFANTS,6722300,873,,Eligible for free school meals,fsm,1,,
21.5,21.5,Percentage of pupils,PCT,2,,6722300 - CEFN GLAS INFANTS,6722300,873,,Eligible for free school meals or transitionally protected,fsmtp,2,,
3.8,3.8,Percentage of pupils,PCT,2,,6722301 - WEST PARK PRIMARY,6722301,874,,Eligible for free school meals,fsm,1,,
6.8,6.8,Percentage of pupils,PCT,2,,6722301 - WEST PARK PRIMARY,6722301,874,,Eligible for free school meals or transitionally protected,fsmtp,2,,
49,49,Percentage of pupils,PCT,2,,6722304 - Afon y Felin Primary School,6722304,875,,Eligible for free school meals,fsm,1,,
63.6,63.6,Percentage of pupils,PCT,2,,6722304 - Afon y Felin Primary School,6722304,875,,Eligible for free school meals or transitionally protected,fsmtp,2,,
21.6,21.6,Percentage of pupils,PCT,2,,6722342 - Tondu Primary School,6722342,876,,Eligible for free school meals,fsm,1,,
29.6,29.6,Percentage of pupils,PCT,2,,6722342 - Tondu Primary School,6722342,876,,Eligible for free school meals or transitionally protected,fsmtp,2,,
15.8,15.8,Percentage of pupils,PCT,2,,6722358 - YSGOL Y FERCH O'R SGER,6722358,877,,Eligible for free school meals,fsm,1,,
17.8,17.8,Percentage of pupils,PCT,2,,6722358 - YSGOL Y FERCH O'R SGER,6722358,877,,Eligible for free school meals or transitionally protected,fsmtp,2,,
18.1,18.1,Percentage of pupils,PCT,2,,6722363 - Ysgol Gynradd Gymraeg Calon Y Cymoedd,6722363,878,,Eligible for free school meals,fsm,1,,
21.8,21.8,Percentage of pupils,PCT,2,,6722363 - Ysgol Gynradd Gymraeg Calon Y Cymoedd,6722363,878,,Eligible for free school meals or transitionally protected,fsmtp,2,,
8.5,8.5,Percentage of pupils,PCT,2,,6722367 - Maes Yr Haul Broadlands,6722367,879,,Eligible for free school meals,fsm,1,,
10.6,10.6,Percentage of pupils,PCT,2,,6722367 - Maes Yr Haul Broadlands,6722367,879,,Eligible for free school meals or transitionally protected,fsmtp,2,,
27.4,27.4,Percentage of pupils,PCT,2,,6722368 - BRYNCETHIN PRIMARY,6722368,880,,Eligible for free school meals,fsm,1,,
32.1,32.1,Percentage of pupils,PCT,2,,6722368 - BRYNCETHIN PRIMARY,6722368,880,,Eligible for free school meals or transitionally protected,fsmtp,2,,
36,36,Percentage of pupils,PCT,2,,6722369 - Ogmore Vale Primary School,6722369,881,,Eligible for free school meals,fsm,1,,
44.2,44.2,Percentage of pupils,PCT,2,,6722369 - Ogmore Vale Primary School,6722369,881,,Eligible for free school meals or transitionally protected,fsmtp,2,,
18.2,18.2,Percentage of pupils,PCT,2,,6722370 - Pencoed Primary School,6722370,882,,Eligible for free school meals,fsm,1,,
23.8,23.8,Percentage of pupils,PCT,2,,6722370 - Pencoed Primary School,6722370,882,,Eligible for free school meals or transitionally protected,fsmtp,2,,
6.3,6.3,Percentage of pupils,PCT,2,,6722371 - Oldcastle Primary School,6722371,883,,Eligible for free school meals,fsm,1,,
8.7,8.7,Percentage of pupils,PCT,2,,6722371 - Oldcastle Primary School,6722371,883,,Eligible for free school meals or transitionally protected,fsmtp,2,,
22.8,22.8,Percentage of pupils,PCT,2,,6722372 - Brackla Primary School,6722372,884,,Eligible for free school meals,fsm,1,,
28.2,28.2,Percentage of pupils,PCT,2,,6722372 - Brackla Primary School,6722372,884,,Eligible for free school meals or transitionally protected,fsmtp,2,,
48.3,48.3,Percentage of pupils,PCT,2,,6722373 - Caerau Primary School,6722373,885,,Eligible for free school meals,fsm,1,,
57.2,57.2,Percentage of pupils,PCT,2,,6722373 - Caerau Primary School,6722373,885,,Eligible for free school meals or transitionally protected,fsmtp,2,,
23.6,23.6,Percentage of pupils,PCT,2,,6722374 - Litchard Primary,6722374,886,,Eligible for free school meals,fsm,1,,
28.9,28.9,Percentage of pupils,PCT,2,,6722374 - Litchard Primary,6722374,886,,Eligible for free school meals or transitionally protected,fsmtp,2,,
13.2,13.2,Percentage of pupils,PCT,2,,6722375 - Tremains Primary School,6722375,887,,Eligible for free school meals,fsm,1,,
18.9,18.9,Percentage of pupils,PCT,2,,6722375 - Tremains Primary School,6722375,887,,Eligible for free school meals or transitionally protected,fsmtp,2,,
20.1,20.1,Percentage of pupils,PCT,2,,6722376 - Mynydd Cynffig Primary,6722376,888,,Eligible for free school meals,fsm,1,,
26.2,26.2,Percentage of pupils,PCT,2,,6722376 - Mynydd Cynffig Primary,6722376,888,,Eligible for free school meals or transitionally protected,fsmtp,2,,
4.2,4.2,Percentage of pupils,PCT,2,,6723013 - Penyfai Church in Wales,6723013,889,,Eligible for free school meals,fsm,1,,
4.6,4.6,Percentage of pupils,PCT,2,,6723013 - Penyfai Church in Wales,6723013,889,,Eligible for free school meals or transitionally protected,fsmtp,2,,
23.4,23.4,Percentage of pupils,PCT,2,,6723311 - ST. MARY`S & ST. PATRICK`S,6723311,890,,Eligible for free school meals,fsm,1,,
29.7,29.7,Percentage of pupils,PCT,2,,6723311 - ST. MARY`S & ST. PATRICK`S,6723311,890,,Eligible for free school meals or transitionally protected,fsmtp,2,,
7.6,7.6,Percentage of pupils,PCT,2,,6723315 - St. Robert's RC Primary,6723315,891,,Eligible for free school meals,fsm,1,,
12.3,12.3,Percentage of pupils,PCT,2,,6723315 - St. Robert's RC Primary,6723315,891,,Eligible for free school meals or transitionally protected,fsmtp,2,,
6.1,6.1,Percentage of pupils,PCT,2,,6723322 - St Mary's R C Primary School,6723322,892,,Eligible for free school meals,fsm,1,,
8.2,8.2,Percentage of pupils,PCT,2,,6723322 - St Mary's R C Primary School,6723322,892,,Eligible for free school meals or transitionally protected,fsmtp,2,,
22.1,22.1,Percentage of pupils,PCT,2,,6723323 - Archdeacon John Lewis C in W,6723323,893,,Eligible for free school meals,fsm,1,,
26.2,26.2,Percentage of pupils,PCT,2,,6723323 - Archdeacon John Lewis C in W,6723323,893,,Eligible for free school meals or transitionally protected,fsmtp,2,,
31,31,Percentage of pupils,PCT,2,,6724059 - Cynffig Comprehensive,6724059,894,,Eligible for free school meals,fsm,1,,
40,40,Percentage of pupils,PCT,2,,6724059 - Cynffig Comprehensive,6724059,894,,Eligible for free school meals or transitionally protected,fsmtp,2,,
16.4,16.4,Percentage of pupils,PCT,2,,6724068 - Bryntirion Comprehensive.,6724068,895,,Eligible for free school meals,fsm,1,,
20.3,20.3,Percentage of pupils,PCT,2,,6724068 - Bryntirion Comprehensive.,6724068,895,,Eligible for free school meals or transitionally protected,fsmtp,2,,
31.7,31.7,Percentage of pupils,PCT,2,,6724071 - Maesteg Comprehensive School,6724071,896,,Eligible for free school meals,fsm,1,,
38.3,38.3,Percentage of pupils,PCT,2,,6724071 - Maesteg Comprehensive School,6724071,896,,Eligible for free school meals or transitionally protected,fsmtp,2,,
19.2,19.2,Percentage of pupils,PCT,2,,6724076 - PENCOED COMPREHENSIVE,6724076,897,,Eligible for free school meals,fsm,1,,
24.4,24.4,Percentage of pupils,PCT,2,,6724076 - PENCOED COMPREHENSIVE,6724076,897,,Eligible for free school meals or transitionally protected,fsmtp,2,,
15.8,15.8,Percentage of pupils,PCT,2,,6724078 - Brynteg  School,6724078,898,,Eligible for free school meals,fsm,1,,
21.2,21.2,Percentage of pupils,PCT,2,,6724078 - Brynteg  School,6724078,898,,Eligible for free school meals or transitionally protected,fsmtp,2,,
10.7,10.7,Percentage of pupils,PCT,2,,6724080 - PORTHCAWL COMPREHENSIVE SCHOOL,6724080,899,,Eligible for free school meals,fsm,1,,
15,15,Percentage of pupils,PCT,2,,6724080 - PORTHCAWL COMPREHENSIVE SCHOOL,6724080,899,,Eligible for free school meals or transitionally protected,fsmtp,2,,
15.1,15.1,Percentage of pupils,PCT,2,,6724085 - Ysgol Gyfun Gymraeg Llangynwyd,6724085,900,,Eligible for free school meals,fsm,1,,
18.9,18.9,Percentage of pupils,PCT,2,,6724085 - Ysgol Gyfun Gymraeg Llangynwyd,6724085,900,,Eligible for free school meals or transitionally protected,fsmtp,2,,
25.4,25.4,Percentage of pupils,PCT,2,,6724086 - Coleg Cymunedol Y Dderwen,6724086,901,,Eligible for free school meals,fsm,1,,
36.4,36.4,Percentage of pupils,PCT,2,,6724086 - Coleg Cymunedol Y Dderwen,6724086,901,,Eligible for free school meals or transitionally protected,fsmtp,2,,
13.8,13.8,Percentage of pupils,PCT,2,,6724601 - Archbishop McGrath Catholic High School,6724601,902,,Eligible for free school meals,fsm,1,,
18.1,18.1,Percentage of pupils,PCT,2,,6724601 - Archbishop McGrath Catholic High School,6724601,902,,Eligible for free school meals or transitionally protected,fsmtp,2,,
41.3,41.3,Percentage of pupils,PCT,2,,6727003 - Heronsbridge Special School,6727003,903,,Eligible for free school meals,fsm,1,,
45.7,45.7,Percentage of pupils,PCT,2,,6727003 - Heronsbridge Special School,6727003,903,,Eligible for free school meals or transitionally protected,fsmtp,2,,
59.1,59.1,Percentage of pupils,PCT,2,,6727012 - Ysgol Bryn Castell,6727012,904,,Eligible for free school meals,fsm,1,,
69.6,69.6,Percentage of pupils,PCT,2,,6727012 - Ysgol Bryn Castell,6727012,904,,Eligible for free school meals or transitionally protected,fsmtp,2,,
4.6,4.6,Percentage of pupils,PCT,2,,6732109 - ALBERT PRIMARY SCHOOL,6732109,905,,Eligible for free school meals,fsm,1,,
6.8,6.8,Percentage of pupils,PCT,2,,6732109 - ALBERT PRIMARY SCHOOL,6732109,905,,Eligible for free school meals or transitionally protected,fsmtp,2,,
15.7,15.7,Percentage of pupils,PCT,2,,6732111 - BARRY ISLAND PRIMARY SCHOOL,6732111,906,,Eligible for free school meals,fsm,1,,
19.6,19.6,Percentage of pupils,PCT,2,,6732111 - BARRY ISLAND PRIMARY SCHOOL,6732111,906,,Eligible for free school meals or transitionally protected,fsmtp,2,,
18.6,18.6,Percentage of pupils,PCT,2,,6732114 - COGAN PRIMARY SCHOOL,6732114,907,,Eligible for free school meals,fsm,1,,
26.2,26.2,Percentage of pupils,PCT,2,,6732114 - COGAN PRIMARY SCHOOL,6732114,907,,Eligible for free school meals or transitionally protected,fsmtp,2,,
29,29,Percentage of pupils,PCT,2,,6732115 - COLCOT PRIMARY SCHOOL,6732115,908,,Eligible for free school meals,fsm,1,,
39.9,39.9,Percentage of pupils,PCT,2,,6732115 - COLCOT PRIMARY SCHOOL,6732115,908,,Eligible for free school meals or transitionally protected,fsmtp,2,,
17.7,17.7,Percentage of pupils,PCT,2,,6732117 - FAIRFIELD PRIMARY SCHOOL,6732117,909,,Eligible for free school meals,fsm,1,,
21.4,21.4,Percentage of pupils,PCT,2,,6732117 - FAIRFIELD PRIMARY SCHOOL,6732117,909,,Eligible for free school meals or transitionally protected,fsmtp,2,,
25.3,25.3,Percentage of pupils,PCT,2,,6732118 - GLADSTONE PRIMARY SCHOOL,6732118,910,,Eligible for free school meals,fsm,1,,
32.3,32.3,Percentage of pupils,PCT,2,,6732118 - GLADSTONE PRIMARY SCHOOL,6732118,910,,Eligible for free school meals or transitionally protected,fsmtp,2,,
24.6,24.6,Percentage of pupils,PCT,2,,6732120 - High Street Primary School,6732120,911,,Eligible for free school meals,fsm,1,,
29.3,29.3,Percentage of pupils,PCT,2,,6732120 - High Street Primary School,6732120,911,,Eligible for free school meals or transitionally protected,fsmtp,2,,
26.9,26.9,Percentage of pupils,PCT,2,,6732122 - HOLTON PRIMARY SCHOOL,6732122,912,,Eligible for free school meals,fsm,1,,
39.7,39.7,Percentage of pupils,PCT,2,,6732122 - HOLTON PRIMARY SCHOOL,6732122,912,,Eligible for free school meals or transitionally protected,fsmtp,2,,
43.4,43.4,Percentage of pupils,PCT,2,,6732124 - JENNER PARK PRIMARY SCHOOL,6732124,913,,Eligible for free school meals,fsm,1,,
47.8,47.8,Percentage of pupils,PCT,2,,6732124 - JENNER PARK PRIMARY SCHOOL,6732124,913,,Eligible for free school meals or transitionally protected,fsmtp,2,,
17.1,17.1,Percentage of pupils,PCT,2,,6732126 - SOUTH POINT PRIMARY SCHOOL,6732126,914,,Eligible for free school meals,fsm,1,,
23.9,23.9,Percentage of pupils,PCT,2,,6732126 - SOUTH POINT PRIMARY SCHOOL,6732126,914,,Eligible for free school meals or transitionally protected,fsmtp,2,,
5.6,5.6,Percentage of pupils,PCT,2,,6732127 - LLANFAIR PRIMARY SCHOOL,6732127,915,,Eligible for free school meals,fsm,1,,
7.7,7.7,Percentage of pupils,PCT,2,,6732127 - LLANFAIR PRIMARY SCHOOL,6732127,915,,Eligible for free school meals or transitionally protected,fsmtp,2,,
5.7,5.7,Percentage of pupils,PCT,2,,6732128 - LLANGAN PRIMARY SCHOOL,6732128,916,,Eligible for free school meals,fsm,1,,
8.1,8.1,Percentage of pupils,PCT,2,,6732128 - LLANGAN PRIMARY SCHOOL,6732128,916,,Eligible for free school meals or transitionally protected,fsmtp,2,,
25.2,25.2,Percentage of pupils,PCT,2,,6732131 - PALMERSTON PRIMARY SCHOOL,6732131,917,,Eligible for free school meals,fsm,1,,
28.4,28.4,Percentage of pupils,PCT,2,,6732131 - PALMERSTON PRIMARY SCHOOL,6732131,917,,Eligible for free school meals or transitionally protected,fsmtp,2,,
12,12,Percentage of pupils,PCT,2,,6732133 - RHWS COUNTY PRIMARY SCHOOL,6732133,918,,Eligible for free school meals,fsm,1,,
15.8,15.8,Percentage of pupils,PCT,2,,6732133 - RHWS COUNTY PRIMARY SCHOOL,6732133,918,,Eligible for free school meals or transitionally protected,fsmtp,2,,
10.5,10.5,Percentage of pupils,PCT,2,,6732136 - SULLY PRIMARY SCHOOL,6732136,919,,Eligible for free school meals,fsm,1,,
13.4,13.4,Percentage of pupils,PCT,2,,6732136 - SULLY PRIMARY SCHOOL,6732136,919,,Eligible for free school meals or transitionally protected,fsmtp,2,,
6.6,6.6,Percentage of pupils,PCT,2,,6732138 - VICTORIA PRIMARY SCHOOL,6732138,920,,Eligible for free school meals,fsm,1,,
8.6,8.6,Percentage of pupils,PCT,2,,6732138 - VICTORIA PRIMARY SCHOOL,6732138,920,,Eligible for free school meals or transitionally protected,fsmtp,2,,
27.4,27.4,Percentage of pupils,PCT,2,,6732144 - ST ATHAN PRIMARY SCHOOL,6732144,921,,Eligible for free school meals,fsm,1,,
32.1,32.1,Percentage of pupils,PCT,2,,6732144 - ST ATHAN PRIMARY SCHOOL,6732144,921,,Eligible for free school meals or transitionally protected,fsmtp,2,,
14.1,14.1,Percentage of pupils,PCT,2,,6732146 - ST ILLTYD PRIMARY SCHOOL,6732146,922,,Eligible for free school meals,fsm,1,,
21.6,21.6,Percentage of pupils,PCT,2,,6732146 - ST ILLTYD PRIMARY SCHOOL,6732146,922,,Eligible for free school meals or transitionally protected,fsmtp,2,,
2,2,Percentage of pupils,PCT,2,,6732148 - EVENLODE PRIMARY SCHOOL,6732148,923,,Eligible for free school meals,fsm,1,,
2.8,2.8,Percentage of pupils,PCT,2,,6732148 - EVENLODE PRIMARY SCHOOL,6732148,923,,Eligible for free school meals or transitionally protected,fsmtp,2,,
13,13,Percentage of pupils,PCT,2,,6732149 - LLANDOUGH COUNTY PRIMARY,6732149,924,,Eligible for free school meals,fsm,1,,
17.9,17.9,Percentage of pupils,PCT,2,,6732149 - LLANDOUGH COUNTY PRIMARY,6732149,924,,Eligible for free school meals or transitionally protected,fsmtp,2,,
,,Percentage of pupils,PCT,2,,6732151 - Y BONT FAEN PRIMARY SCHOOL,6732151,925,,Eligible for free school meals,fsm,1,,Confidential
1.9,1.9,Percentage of pupils,PCT,2,,6732151 - Y BONT FAEN PRIMARY SCHOOL,6732151,925,,Eligible for free school meals or transitionally protected,fsmtp,2,,
3.1,3.1,Percentage of pupils,PCT,2,,6732152 - YSGOL PEN-Y-GARTH,6732152,926,,Eligible for free school meals,fsm,1,,
5,5,Percentage of pupils,PCT,2,,6732152 - YSGOL PEN-Y-GARTH,6732152,926,,Eligible for free school meals or transitionally protected,fsmtp,2,,
3.3,3.3,Percentage of pupils,PCT,2,,6732156 - Ysgol Gymraeg Sant Baruc,6732156,927,,Eligible for free school meals,fsm,1,,
5.9,5.9,Percentage of pupils,PCT,2,,6732156 - Ysgol Gymraeg Sant Baruc,6732156,927,,Eligible for free school meals or transitionally protected,fsmtp,2,,
54.5,54.5,Percentage of pupils,PCT,2,,6732163 - OAK FIELD PRIMARY AND NURSERY SCHOOL,6732163,928,,Eligible for free school meals,fsm,1,,
72.4,72.4,Percentage of pupils,PCT,2,,6732163 - OAK FIELD PRIMARY AND NURSERY SCHOOL,6732163,928,,Eligible for free school meals or transitionally protected,fsmtp,2,,
,,Percentage of pupils,PCT,2,,6732165 - YSGOL IOLO MORGANWG,6732165,929,,Eligible for free school meals,fsm,1,,Confidential
,,Percentage of pupils,PCT,2,,6732165 - YSGOL IOLO MORGANWG,6732165,929,,Eligible for free school meals or transitionally protected,fsmtp,2,,Confidential
12,12,Percentage of pupils,PCT,2,,6732178 - YSGOL GYMRAEG SANT CURIG,6732178,930,,Eligible for free school meals,fsm,1,,
21,21,Percentage of pupils,PCT,2,,6732178 - YSGOL GYMRAEG SANT CURIG,6732178,930,,Eligible for free school meals or transitionally protected,fsmtp,2,,
21.1,21.1,Percentage of pupils,PCT,2,,6732179 - YSGOL GYMRAEG GWAUN Y NANT,6732179,931,,Eligible for free school meals,fsm,1,,
29.2,29.2,Percentage of pupils,PCT,2,,6732179 - YSGOL GYMRAEG GWAUN Y NANT,6732179,931,,Eligible for free school meals or transitionally protected,fsmtp,2,,
28.3,28.3,Percentage of pupils,PCT,2,,6732181 - CADOXTON PRIMARY SCHOOL,6732181,932,,Eligible for free school meals,fsm,1,,
36.1,36.1,Percentage of pupils,PCT,2,,6732181 - CADOXTON PRIMARY SCHOOL,6732181,932,,Eligible for free school meals or transitionally protected,fsmtp,2,,
10.5,10.5,Percentage of pupils,PCT,2,,6732182 - ROMILLY PRIMARY SCHOOL,6732182,933,,Eligible for free school meals,fsm,1,,
15.9,15.9,Percentage of pupils,PCT,2,,6732182 - ROMILLY PRIMARY SCHOOL,6732182,933,,Eligible for free school meals or transitionally protected,fsmtp,2,,
4.4,4.4,Percentage of pupils,PCT,2,,6732184 - Ysgol Gymraeg Dewi Sant,6732184,934,,Eligible for free school meals,fsm,1,,
7.9,7.9,Percentage of pupils,PCT,2,,6732184 - Ysgol Gymraeg Dewi Sant,6732184,934,,Eligible for free school meals or transitionally protected,fsmtp,2,,
13.7,13.7,Percentage of pupils,PCT,2,,6732185 - DINAS POWYS PRIMARY SCHOOL,6732185,935,,Eligible for free school meals,fsm,1,,
17.2,17.2,Percentage of pupils,PCT,2,,6732185 - DINAS POWYS PRIMARY SCHOOL,6732185,935,,Eligible for free school meals or transitionally protected,fsmtp,2,,
19.2,19.2,Percentage of pupils,PCT,2,,6732186 - Ysgol Y Ddraig,6732186,936,,Eligible for free school meals,fsm,1,,
25.1,25.1,Percentage of pupils,PCT,2,,6732186 - Ysgol Y Ddraig,6732186,936,,Eligible for free school meals or transitionally protected,fsmtp,2,,
14.5,14.5,Percentage of pupils,PCT,2,,6733037 - ST NICHOLAS C/W PRIMARY SCHOOL,6733037,937,,Eligible for free school meals,fsm,1,,
17.1,17.1,Percentage of pupils,PCT,2,,6733037 - ST NICHOLAS C/W PRIMARY SCHOOL,6733037,937,,Eligible for free school meals or transitionally protected,fsmtp,2,,
11,11,Percentage of pupils,PCT,2,,6733047 - PETERSTON-SUPER-ELY PRIMARY,6733047,938,,Eligible for free school meals,fsm,1,,
15.4,15.4,Percentage of pupils,PCT,2,,6733047 - PETERSTON-SUPER-ELY PRIMARY,6733047,938,,Eligible for free school meals or transitionally protected,fsmtp,2,,
8.2,8.2,Percentage of pupils,PCT,2,,6733057 - GWENFO C/W PRIMARY SCHOOL,6733057,939,,Eligible for free school meals,fsm,1,,
12.9,12.9,Percentage of pupils,PCT,2,,6733057 - GWENFO C/W PRIMARY SCHOOL,6733057,939,,Eligible for free school meals or transitionally protected,fsmtp,2,,
2.3,2.3,Percentage of pupils,PCT,2,,6733320 - St Brides C W Primary School,6733320,940,,Eligible for free school meals,fsm,1,,
2.7,2.7,Percentage of pupils,PCT,2,,6733320 - St Brides C W Primary School,6733320,940,,Eligible for free school meals or transitionally protected,fsmtp,2,,
9,9,Percentage of pupils,PCT,2,,6733321 - Wick and Marcross C/W Primary,6733321,941,,Eligible for free school meals,fsm,1,,
13.2,13.2,Percentage of pupils,PCT,2,,6733321 - Wick and Marcross C/W Primary,6733321,941,,Eligible for free school meals or transitionally protected,fsmtp,2,,
0,0,Percentage of pupils,PCT,2,,6733363 - PENDOYLAN C/W PRIMARY SCHOOL,6733363,942,,Eligible for free school meals,fsm,1,,
0,0,Percentage of pupils,PCT,2,,6733363 - PENDOYLAN C/W PRIMARY SCHOOL,6733363,942,,Eligible for free school meals or transitionally protected,fsmtp,2,,
5.1,5.1,Percentage of pupils,PCT,2,,6733364 - ST ANDREW'S C/W PRIMARY SCHOOL,6733364,943,,Eligible for free school meals,fsm,1,,
5.9,5.9,Percentage of pupils,PCT,2,,6733364 - ST ANDREW'S C/W PRIMARY SCHOOL,6733364,943,,Eligible for free school meals or transitionally protected,fsmtp,2,,
3.5,3.5,Percentage of pupils,PCT,2,,6733365 - LLANSANNOR C/W PRIMARY SCHOOL,6733365,944,,Eligible for free school meals,fsm,1,,
5.7,5.7,Percentage of pupils,PCT,2,,6733365 - LLANSANNOR C/W PRIMARY SCHOOL,6733365,944,,Eligible for free school meals or transitionally protected,fsmtp,2,,
4.8,4.8,Percentage of pupils,PCT,2,,6733367 - ST DAVID'S CHURCH-IN-WALES,6733367,945,,Eligible for free school meals,fsm,1,,
7,7,Percentage of pupils,PCT,2,,6733367 - ST DAVID'S CHURCH-IN-WALES,6733367,945,,Eligible for free school meals or transitionally protected,fsmtp,2,,
12,12,Percentage of pupils,PCT,2,,6733368 - ST. JOSEPH'S RC PRIMARY SCHOOL,6733368,946,,Eligible for free school meals,fsm,1,,
15.7,15.7,Percentage of pupils,PCT,2,,6733368 - ST. JOSEPH'S RC PRIMARY SCHOOL,6733368,946,,Eligible for free school meals or transitionally protected,fsmtp,2,,
5.3,5.3,Percentage of pupils,PCT,2,,6733372 - ALL SAINTS CW PRIMARY SCHOOL,6733372,947,,Eligible for free school meals,fsm,1,,
7.2,7.2,Percentage of pupils,PCT,2,,6733372 - ALL SAINTS CW PRIMARY SCHOOL,6733372,947,,Eligible for free school meals or transitionally protected,fsmtp,2,,
11.4,11.4,Percentage of pupils,PCT,2,,6733373 - St Helen's Catholic Primary School,6733373,948,,Eligible for free school meals,fsm,1,,
13.6,13.6,Percentage of pupils,PCT,2,,6733373 - St Helen's Catholic Primary School,6733373,948,,Eligible for free school meals or transitionally protected,fsmtp,2,,
16.2,16.2,Percentage of pupils,PCT,2,,6734060 - LLANTWIT MAJOR SCHOOL,6734060,949,,Eligible for free school meals,fsm,1,,
24.9,24.9,Percentage of pupils,PCT,2,,6734060 - LLANTWIT MAJOR SCHOOL,6734060,949,,Eligible for free school meals or transitionally protected,fsmtp,2,,
14,14,Percentage of pupils,PCT,2,,6734067 - St Cyres Comprehensive School,6734067,950,,Eligible for free school meals,fsm,1,,
21,21,Percentage of pupils,PCT,2,,6734067 - St Cyres Comprehensive School,6734067,950,,Eligible for free school meals or transitionally protected,fsmtp,2,,
14.1,14.1,Percentage of pupils,PCT,2,,6734068 - Whitmore High School,6734068,951,,Eligible for free school meals,fsm,1,,
22.5,22.5,Percentage of pupils,PCT,2,,6734068 - Whitmore High School,6734068,951,,Eligible for free school meals or transitionally protected,fsmtp,2,,
37.1,37.1,Percentage of pupils,PCT,2,,6734069 - Pencoedtre High School,6734069,952,,Eligible for free school meals,fsm,1,,
49.9,49.9,Percentage of pupils,PCT,2,,6734069 - Pencoedtre High School,6734069,952,,Eligible for free school meals or transitionally protected,fsmtp,2,,
17.6,17.6,Percentage of pupils,PCT,2,,6734612 - St Richard Gwyn Catholic High School,6734612,953,,Eligible for free school meals,fsm,1,,
25.2,25.2,Percentage of pupils,PCT,2,,6734612 - St Richard Gwyn Catholic High School,6734612,953,,Eligible for free school meals or transitionally protected,fsmtp,2,,
6,6,Percentage of pupils,PCT,2,,6735400 - Stanwell School,6735400,954,,Eligible for free school meals,fsm,1,,
9.6,9.6,Percentage of pupils,PCT,2,,6735400 - Stanwell School,6735400,954,,Eligible for free school meals or transitionally protected,fsmtp,2,,
9.4,9.4,Percentage of pupils,PCT,2,,6735500 - YSGOL GYMRAEG BRO MORGANNWG,6735500,955,,Eligible for free school meals,fsm,1,,
15.2,15.2,Percentage of pupils,PCT,2,,6735500 - YSGOL GYMRAEG BRO MORGANNWG,6735500,955,,Eligible for free school meals or transitionally protected,fsmtp,2,,
5.4,5.4,Percentage of pupils,PCT,2,,6735501 - COWBRIDGE SCHOOL,6735501,956,,Eligible for free school meals,fsm,1,,
7.8,7.8,Percentage of pupils,PCT,2,,6735501 - COWBRIDGE SCHOOL,6735501,956,,Eligible for free school meals or transitionally protected,fsmtp,2,,
40,40,Percentage of pupils,PCT,2,,6737024 - Ysgol Y Deri,6737024,957,,Eligible for free school meals,fsm,1,,
46.5,46.5,Percentage of pupils,PCT,2,,6737024 - Ysgol Y Deri,6737024,957,,Eligible for free school meals or transitionally protected,fsmtp,2,,
20.1,20.1,Percentage of pupils,PCT,2,,6742044 - PENDERYN PRIMARY,6742044,958,,Eligible for free school meals,fsm,1,,
26.3,26.3,Percentage of pupils,PCT,2,,6742044 - PENDERYN PRIMARY,6742044,958,,Eligible for free school meals or transitionally protected,fsmtp,2,,
25.2,25.2,Percentage of pupils,PCT,2,,6742045 - OAKLANDS PRIMARY SCHOOL,6742045,959,,Eligible for free school meals,fsm,1,,
33,33,Percentage of pupils,PCT,2,,6742045 - OAKLANDS PRIMARY SCHOOL,6742045,959,,Eligible for free school meals or transitionally protected,fsmtp,2,,
15.3,15.3,Percentage of pupils,PCT,2,,6742052 - Alaw Primary School,6742052,960,,Eligible for free school meals,fsm,1,,
22.3,22.3,Percentage of pupils,PCT,2,,6742052 - Alaw Primary School,6742052,960,,Eligible for free school meals or transitionally protected,fsmtp,2,,
18.8,18.8,Percentage of pupils,PCT,2,,6742053 - ABERNANT COUNTY PRIMARY,6742053,961,,Eligible for free school meals,fsm,1,,
31.3,31.3,Percentage of pupils,PCT,2,,6742053 - ABERNANT COUNTY PRIMARY,6742053,961,,Eligible for free school meals or transitionally protected,fsmtp,2,,
13,13,Percentage of pupils,PCT,2,,6742061 - Brynnau Primary,6742061,962,,Eligible for free school meals,fsm,1,,
18.6,18.6,Percentage of pupils,PCT,2,,6742061 - Brynnau Primary,6742061,962,,Eligible for free school meals or transitionally protected,fsmtp,2,,
12,12,Percentage of pupils,PCT,2,,6742066 - COEDPENMAEN COUNTY PRIMARY,6742066,963,,Eligible for free school meals,fsm,1,,
21.1,21.1,Percentage of pupils,PCT,2,,6742066 - COEDPENMAEN COUNTY PRIMARY,6742066,963,,Eligible for free school meals or transitionally protected,fsmtp,2,,
37.3,37.3,Percentage of pupils,PCT,2,,6742069 - BODRINGALLT PRIMARY SCHOOL.,6742069,964,,Eligible for free school meals,fsm,1,,
44,44,Percentage of pupils,PCT,2,,6742069 - BODRINGALLT PRIMARY SCHOOL.,6742069,964,,Eligible for free school meals or transitionally protected,fsmtp,2,,
26.2,26.2,Percentage of pupils,PCT,2,,6742070 - BLAENGWAWR PRIMARY,6742070,965,,Eligible for free school meals,fsm,1,,
36.2,36.2,Percentage of pupils,PCT,2,,6742070 - BLAENGWAWR PRIMARY,6742070,965,,Eligible for free school meals or transitionally protected,fsmtp,2,,
8.2,8.2,Percentage of pupils,PCT,2,,6742072 - Coedylan Primary School,6742072,966,,Eligible for free school meals,fsm,1,,
11,11,Percentage of pupils,PCT,2,,6742072 - Coedylan Primary School,6742072,966,,Eligible for free school meals or transitionally protected,fsmtp,2,,
16.8,16.8,Percentage of pupils,PCT,2,,6742077 - Caegarw Primary School,6742077,967,,Eligible for free school meals,fsm,1,,
21,21,Percentage of pupils,PCT,2,,6742077 - Caegarw Primary School,6742077,967,,Eligible for free school meals or transitionally protected,fsmtp,2,,
9,9,Percentage of pupils,PCT,2,,6742079 - Cwmlai Primary,6742079,968,,Eligible for free school meals,fsm,1,,
14.8,14.8,Percentage of pupils,PCT,2,,6742079 - Cwmlai Primary,6742079,968,,Eligible for free school meals or transitionally protected,fsmtp,2,,
4.1,4.1,Percentage of pupils,PCT,2,,6742083 - DOLAU PRIMARY,6742083,969,,Eligible for free school meals,fsm,1,,
9.2,9.2,Percentage of pupils,PCT,2,,6742083 - DOLAU PRIMARY,6742083,969,,Eligible for free school meals or transitionally protected,fsmtp,2,,
32.7,32.7,Percentage of pupils,PCT,2,,6742084 - Capcoch Primary School,6742084,970,,Eligible for free school meals,fsm,1,,
41.3,41.3,Percentage of pupils,PCT,2,,6742084 - Capcoch Primary School,6742084,970,,Eligible for free school meals or transitionally protected,fsmtp,2,,
39.4,39.4,Percentage of pupils,PCT,2,,6742093 - Caradog Primary School,6742093,971,,Eligible for free school meals,fsm,1,,
47.2,47.2,Percentage of pupils,PCT,2,,6742093 - Caradog Primary School,6742093,971,,Eligible for free school meals or transitionally protected,fsmtp,2,,
9.6,9.6,Percentage of pupils,PCT,2,,6742102 - Ffynnon Taf Primary School,6742102,972,,Eligible for free school meals,fsm,1,,
17.2,17.2,Percentage of pupils,PCT,2,,6742102 - Ffynnon Taf Primary School,6742102,972,,Eligible for free school meals or transitionally protected,fsmtp,2,,
22.2,22.2,Percentage of pupils,PCT,2,,6742112 - DARRAN PARK PRIMARY,6742112,973,,Eligible for free school meals,fsm,1,,
32.8,32.8,Percentage of pupils,PCT,2,,6742112 - DARRAN PARK PRIMARY,6742112,973,,Eligible for free school meals or transitionally protected,fsmtp,2,,
19.2,19.2,Percentage of pupils,PCT,2,,6742118 - LLANILLTUD FAERDREF PRIMARY,6742118,974,,Eligible for free school meals,fsm,1,,
22,22,Percentage of pupils,PCT,2,,6742118 - LLANILLTUD FAERDREF PRIMARY,6742118,974,,Eligible for free school meals or transitionally protected,fsmtp,2,,
16.7,16.7,Percentage of pupils,PCT,2,,6742119 - GELLI PRIMARY SCHOOL,6742119,975,,Eligible for free school meals,fsm,1,,
28.6,28.6,Percentage of pupils,PCT,2,,6742119 - GELLI PRIMARY SCHOOL,6742119,975,,Eligible for free school meals or transitionally protected,fsmtp,2,,
15.7,15.7,Percentage of pupils,PCT,2,,6742124 - Llantrisant Primary School,6742124,976,,Eligible for free school meals,fsm,1,,
22.8,22.8,Percentage of pupils,PCT,2,,6742124 - Llantrisant Primary School,6742124,976,,Eligible for free school meals or transitionally protected,fsmtp,2,,
20,20,Percentage of pupils,PCT,2,,6742127 - Hafod Primary School,6742127,977,,Eligible for free school meals,fsm,1,,
28.2,28.2,Percentage of pupils,PCT,2,,6742127 - Hafod Primary School,6742127,977,,Eligible for free school meals or transitionally protected,fsmtp,2,,
11.7,11.7,Percentage of pupils,PCT,2,,6742130 - MAES-Y-COED PRIMARY SCHOOL,6742130,978,,Eligible for free school meals,fsm,1,,
21,21,Percentage of pupils,PCT,2,,6742130 - MAES-Y-COED PRIMARY SCHOOL,6742130,978,,Eligible for free school meals or transitionally protected,fsmtp,2,,
13.5,13.5,Percentage of pupils,PCT,2,,6742134 - CWMDAR COUNTY PRIMARY SCHOOL,6742134,979,,Eligible for free school meals,fsm,1,,
19.6,19.6,Percentage of pupils,PCT,2,,6742134 - CWMDAR COUNTY PRIMARY SCHOOL,6742134,979,,Eligible for free school meals or transitionally protected,fsmtp,2,,
13.3,13.3,Percentage of pupils,PCT,2,,6742137 - PARCLEWIS PRIMARY SCHOOL,6742137,980,,Eligible for free school meals,fsm,1,,
20,20,Percentage of pupils,PCT,2,,6742137 - PARCLEWIS PRIMARY SCHOOL,6742137,980,,Eligible for free school meals or transitionally protected,fsmtp,2,,
33.8,33.8,Percentage of pupils,PCT,2,,6742142 - Llanharan Primary School,6742142,981,,Eligible for free school meals,fsm,1,,
44.1,44.1,Percentage of pupils,PCT,2,,6742142 - Llanharan Primary School,6742142,981,,Eligible for free school meals or transitionally protected,fsmtp,2,,
27.6,27.6,Percentage of pupils,PCT,2,,6742143 - LLWYNYPIA PRIMARY SCHOOL,6742143,982,,Eligible for free school meals,fsm,1,,
40,40,Percentage of pupils,PCT,2,,6742143 - LLWYNYPIA PRIMARY SCHOOL,6742143,982,,Eligible for free school meals or transitionally protected,fsmtp,2,,
22.5,22.5,Percentage of pupils,PCT,2,,6742144 - DARRENLAS PRIMARY SCHOOL,6742144,983,,Eligible for free school meals,fsm,1,,
34.7,34.7,Percentage of pupils,PCT,2,,6742144 - DARRENLAS PRIMARY SCHOOL,6742144,983,,Eligible for free school meals or transitionally protected,fsmtp,2,,
29.2,29.2,Percentage of pupils,PCT,2,,6742151 - LLANHARI PRIMARY,6742151,984,,Eligible for free school meals,fsm,1,,
44.2,44.2,Percentage of pupils,PCT,2,,6742151 - LLANHARI PRIMARY,6742151,984,,Eligible for free school meals or transitionally protected,fsmtp,2,,
7.6,7.6,Percentage of pupils,PCT,2,,6742160 - Pontyclun Primary,6742160,985,,Eligible for free school meals,fsm,1,,
11.6,11.6,Percentage of pupils,PCT,2,,6742160 - Pontyclun Primary,6742160,985,,Eligible for free school meals or transitionally protected,fsmtp,2,,
24.1,24.1,Percentage of pupils,PCT,2,,6742161 - PARC PRIMARY SCHOOL,6742161,986,,Eligible for free school meals,fsm,1,,
36.5,36.5,Percentage of pupils,PCT,2,,6742161 - PARC PRIMARY SCHOOL,6742161,986,,Eligible for free school meals or transitionally protected,fsmtp,2,,
34,34,Percentage of pupils,PCT,2,,6742170 - HIRWAUN PRIMARY SCHOOL,6742170,987,,Eligible for free school meals,fsm,1,,
46.9,46.9,Percentage of pupils,PCT,2,,6742170 - HIRWAUN PRIMARY SCHOOL,6742170,987,,Eligible for free school meals or transitionally protected,fsmtp,2,,
11.4,11.4,Percentage of pupils,PCT,2,,6742180 - LLWYDCOED PRIMARY SCHOOL,6742180,988,,Eligible for free school meals,fsm,1,,
25,25,Percentage of pupils,PCT,2,,6742180 - LLWYDCOED PRIMARY SCHOOL,6742180,988,,Eligible for free school meals or transitionally protected,fsmtp,2,,
18.2,18.2,Percentage of pupils,PCT,2,,6742182 - Trallwng Infants School,6742182,989,,Eligible for free school meals,fsm,1,,
20.8,20.8,Percentage of pupils,PCT,2,,6742182 - Trallwng Infants School,6742182,989,,Eligible for free school meals or transitionally protected,fsmtp,2,,
34.6,34.6,Percentage of pupils,PCT,2,,6742192 - PENGEULAN PRIMARY,6742192,990,,Eligible for free school meals,fsm,1,,
48.5,48.5,Percentage of pupils,PCT,2,,6742192 - PENGEULAN PRIMARY,6742192,990,,Eligible for free school meals or transitionally protected,fsmtp,2,,
35.5,35.5,Percentage of pupils,PCT,2,,6742196 - Pontrhondda Primary School,6742196,991,,Eligible for free school meals,fsm,1,,
47.6,47.6,Percentage of pupils,PCT,2,,6742196 - Pontrhondda Primary School,6742196,991,,Eligible for free school meals or transitionally protected,fsmtp,2,,
20.9,20.9,Percentage of pupils,PCT,2,,6742199 - Trehopcyn Primary,6742199,992,,Eligible for free school meals,fsm,1,,
36.4,36.4,Percentage of pupils,PCT,2,,6742199 - Trehopcyn Primary,6742199,992,,Eligible for free school meals or transitionally protected,fsmtp,2,,
32.9,32.9,Percentage of pupils,PCT,2,,6742200 - PONTYGWAITH PRIMARY SCHOOL,6742200,993,,Eligible for free school meals,fsm,1,,
43.9,43.9,Percentage of pupils,PCT,2,,6742200 - PONTYGWAITH PRIMARY SCHOOL,6742200,993,,Eligible for free school meals or transitionally protected,fsmtp,2,,
32.3,32.3,Percentage of pupils,PCT,2,,6742206 - TREROBART PRIMARY SCHOOL,6742206,994,,Eligible for free school meals,fsm,1,,
39.4,39.4,Percentage of pupils,PCT,2,,6742206 - TREROBART PRIMARY SCHOOL,6742206,994,,Eligible for free school meals or transitionally protected,fsmtp,2,,
37.3,37.3,Percentage of pupils,PCT,2,,6742218 - Perthcelyn Community Primary School,6742218,995,,Eligible for free school meals,fsm,1,,
47.6,47.6,Percentage of pupils,PCT,2,,6742218 - Perthcelyn Community Primary School,6742218,995,,Eligible for free school meals or transitionally protected,fsmtp,2,,
12.8,12.8,Percentage of pupils,PCT,2,,6742222 - TON PENTRE JUNIOR SCHOOL,6742222,996,,Eligible for free school meals,fsm,1,,
23.2,23.2,Percentage of pupils,PCT,2,,6742222 - TON PENTRE JUNIOR SCHOOL,6742222,996,,Eligible for free school meals or transitionally protected,fsmtp,2,,
40.7,40.7,Percentage of pupils,PCT,2,,6742225 - Craig yr Hesg Primary School,6742225,997,,Eligible for free school meals,fsm,1,,
51.2,51.2,Percentage of pupils,PCT,2,,6742225 - Craig yr Hesg Primary School,6742225,997,,Eligible for free school meals or transitionally protected,fsmtp,2,,
19.5,19.5,Percentage of pupils,PCT,2,,6742228 - Llwyn-crwn Primary School,6742228,998,,Eligible for free school meals,fsm,1,,
27.9,27.9,Percentage of pupils,PCT,2,,6742228 - Llwyn-crwn Primary School,6742228,998,,Eligible for free school meals or transitionally protected,fsmtp,2,,
4.9,4.9,Percentage of pupils,PCT,2,,6742229 - Ton Pentre Infants,6742229,999,,Eligible for free school meals,fsm,1,,
8.3,8.3,Percentage of pupils,PCT,2,,6742229 - Ton Pentre Infants,6742229,999,,Eligible for free school meals or transitionally protected,fsmtp,2,,
8.9,8.9,Percentage of pupils,PCT,2,,6742235 - Y.G.G.ABERDAR,6742235,1000,,Eligible for free school meals,fsm,1,,
14.8,14.8,Percentage of pupils,PCT,2,,6742235 - Y.G.G.ABERDAR,6742235,1000,,Eligible for free school meals or transitionally protected,fsmtp,2,,
31.9,31.9,Percentage of pupils,PCT,2,,6742243 - TREALAW COUNTY PRIMARY SCHOOL,6742243,1001,,Eligible for free school meals,fsm,1,,
41.2,41.2,Percentage of pupils,PCT,2,,6742243 - TREALAW COUNTY PRIMARY SCHOOL,6742243,1001,,Eligible for free school meals or transitionally protected,fsmtp,2,,
58.7,58.7,Percentage of pupils,PCT,2,,6742244 - Glenboi Community Primary School,6742244,1002,,Eligible for free school meals,fsm,1,,
71.3,71.3,Percentage of pupils,PCT,2,,6742244 - Glenboi Community Primary School,6742244,1002,,Eligible for free school meals or transitionally protected,fsmtp,2,,
37.2,37.2,Percentage of pupils,PCT,2,,6742247 - Cefn Primary School,6742247,1003,,Eligible for free school meals,fsm,1,,
48.8,48.8,Percentage of pupils,PCT,2,,6742247 - Cefn Primary School,6742247,1003,,Eligible for free school meals or transitionally protected,fsmtp,2,,
22.1,22.1,Percentage of pupils,PCT,2,,6742251 - TREORCHY PRIMARY,6742251,1004,,Eligible for free school meals,fsm,1,,
29.2,29.2,Percentage of pupils,PCT,2,,6742251 - TREORCHY PRIMARY,6742251,1004,,Eligible for free school meals or transitionally protected,fsmtp,2,,
23.5,23.5,Percentage of pupils,PCT,2,,6742258 - WILLIAMSTOWN PRIMARY,6742258,1005,,Eligible for free school meals,fsm,1,,
31.9,31.9,Percentage of pupils,PCT,2,,6742258 - WILLIAMSTOWN PRIMARY,6742258,1005,,Eligible for free school meals or transitionally protected,fsmtp,2,,
10.6,10.6,Percentage of pupils,PCT,2,,6742263 - Maesybryn Primary School,6742263,1006,,Eligible for free school meals,fsm,1,,
13.7,13.7,Percentage of pupils,PCT,2,,6742263 - Maesybryn Primary School,6742263,1006,,Eligible for free school meals or transitionally protected,fsmtp,2,,
38.3,38.3,Percentage of pupils,PCT,2,,6742264 - TYLORSTOWN PRIMARY SCHOOL,6742264,1007,,Eligible for free school meals,fsm,1,,
48.7,48.7,Percentage of pupils,PCT,2,,6742264 - TYLORSTOWN PRIMARY SCHOOL,6742264,1007,,Eligible for free school meals or transitionally protected,fsmtp,2,,
50,50,Percentage of pupils,PCT,2,,6742269 - Tref-y-Rhyg Primary School,6742269,1008,,Eligible for free school meals,fsm,1,,
61.6,61.6,Percentage of pupils,PCT,2,,6742269 - Tref-y-Rhyg Primary School,6742269,1008,,Eligible for free school meals or transitionally protected,fsmtp,2,,
16.2,16.2,Percentage of pupils,PCT,2,,6742272 - Ysgol Gynradd Gymraeg Tonyrefail,6742272,1009,,Eligible for free school meals,fsm,1,,
20.8,20.8,Percentage of pupils,PCT,2,,6742272 - Ysgol Gynradd Gymraeg Tonyrefail,6742272,1009,,Eligible for free school meals or transitionally protected,fsmtp,2,,
5,5,Percentage of pupils,PCT,2,,6742276 - Penygawsi Primary School,6742276,1010,,Eligible for free school meals,fsm,1,,
8.1,8.1,Percentage of pupils,PCT,2,,6742276 - Penygawsi Primary School,6742276,1010,,Eligible for free school meals or transitionally protected,fsmtp,2,,
10.5,10.5,Percentage of pupils,PCT,2,,6742284 - YSGOL GYMRAEG LLWYNCELYN,6742284,1011,,Eligible for free school meals,fsm,1,,
15.5,15.5,Percentage of pupils,PCT,2,,6742284 - YSGOL GYMRAEG LLWYNCELYN,6742284,1011,,Eligible for free school meals or transitionally protected,fsmtp,2,,
13.5,13.5,Percentage of pupils,PCT,2,,6742287 - YSGOL GYNRADD GYMRAEG YNYSWEN,6742287,1012,,Eligible for free school meals,fsm,1,,
23.4,23.4,Percentage of pupils,PCT,2,,6742287 - YSGOL GYNRADD GYMRAEG YNYSWEN,6742287,1012,,Eligible for free school meals or transitionally protected,fsmtp,2,,
16.2,16.2,Percentage of pupils,PCT,2,,6742306 - Tonysguboriau Primary School,6742306,1013,,Eligible for free school meals,fsm,1,,
24.1,24.1,Percentage of pupils,PCT,2,,6742306 - Tonysguboriau Primary School,6742306,1013,,Eligible for free school meals or transitionally protected,fsmtp,2,,
,,Percentage of pupils,PCT,2,,6742351 - Y. G. G. G. Llantrisant,6742351,1014,,Eligible for free school meals,fsm,1,,Confidential
2.8,2.8,Percentage of pupils,PCT,2,,6742351 - Y. G. G. G. Llantrisant,6742351,1014,,Eligible for free school meals or transitionally protected,fsmtp,2,,
22,22,Percentage of pupils,PCT,2,,6742356 - YSGOL GYMRAEG BODRINGALLT,6742356,1015,,Eligible for free school meals,fsm,1,,
30.5,30.5,Percentage of pupils,PCT,2,,6742356 - YSGOL GYMRAEG BODRINGALLT,6742356,1015,,Eligible for free school meals or transitionally protected,fsmtp,2,,
6.4,6.4,Percentage of pupils,PCT,2,,6742359 - Y.G.G. CASTELLAU,6742359,1016,,Eligible for free school meals,fsm,1,,
7.7,7.7,Percentage of pupils,PCT,2,,6742359 - Y.G.G. CASTELLAU,6742359,1016,,Eligible for free school meals or transitionally protected,fsmtp,2,,
30,30,Percentage of pupils,PCT,2,,6742361 - Y.G.G. Llyn-y-Forwyn,6742361,1017,,Eligible for free school meals,fsm,1,,
38.2,38.2,Percentage of pupils,PCT,2,,6742361 - Y.G.G. Llyn-y-Forwyn,6742361,1017,,Eligible for free school meals or transitionally protected,fsmtp,2,,
5.5,5.5,Percentage of pupils,PCT,2,,6742362 - YSGOL GYMRAEG EVAN JAMES,6742362,1018,,Eligible for free school meals,fsm,1,,
10.6,10.6,Percentage of pupils,PCT,2,,6742362 - YSGOL GYMRAEG EVAN JAMES,6742362,1018,,Eligible for free school meals or transitionally protected,fsmtp,2,,
22.9,22.9,Percentage of pupils,PCT,2,,6742364 - Ysgol Gymraeg Abercynon,6742364,1019,,Eligible for free school meals,fsm,1,,
31.2,31.2,Percentage of pupils,PCT,2,,6742364 - Ysgol Gymraeg Abercynon,6742364,1019,,Eligible for free school meals or transitionally protected,fsmtp,2,,
11.7,11.7,Percentage of pupils,PCT,2,,6742365 - YGG BRONLLWYN School,6742365,1020,,Eligible for free school meals,fsm,1,,
19.1,19.1,Percentage of pupils,PCT,2,,6742365 - YGG BRONLLWYN School,6742365,1020,,Eligible for free school meals or transitionally protected,fsmtp,2,,
39.4,39.4,Percentage of pupils,PCT,2,,6742367 - MISKIN PRIMARY,6742367,1021,,Eligible for free school meals,fsm,1,,
47.9,47.9,Percentage of pupils,PCT,2,,6742367 - MISKIN PRIMARY,6742367,1021,,Eligible for free school meals or transitionally protected,fsmtp,2,,
34.7,34.7,Percentage of pupils,PCT,2,,6742369 - Penpych Community Primary Scho,6742369,1022,,Eligible for free school meals,fsm,1,,
41.8,41.8,Percentage of pupils,PCT,2,,6742369 - Penpych Community Primary Scho,6742369,1022,,Eligible for free school meals or transitionally protected,fsmtp,2,,
27.9,27.9,Percentage of pupils,PCT,2,,6742370 - Hendreforgan Primary School,6742370,1023,,Eligible for free school meals,fsm,1,,
34.8,34.8,Percentage of pupils,PCT,2,,6742370 - Hendreforgan Primary School,6742370,1023,,Eligible for free school meals or transitionally protected,fsmtp,2,,
32.8,32.8,Percentage of pupils,PCT,2,,6742371 - Penyrenglyn Primary,6742371,1024,,Eligible for free school meals,fsm,1,,
43.3,43.3,Percentage of pupils,PCT,2,,6742371 - Penyrenglyn Primary,6742371,1024,,Eligible for free school meals or transitionally protected,fsmtp,2,,
50,50,Percentage of pupils,PCT,2,,6742372 - Penywaun Community School,6742372,1025,,Eligible for free school meals,fsm,1,,
66.1,66.1,Percentage of pupils,PCT,2,,6742372 - Penywaun Community School,6742372,1025,,Eligible for free school meals or transitionally protected,fsmtp,2,,
67.4,67.4,Percentage of pupils,PCT,2,,6742373 - Penrhys Community Primary,6742373,1026,,Eligible for free school meals,fsm,1,,
76.7,76.7,Percentage of pupils,PCT,2,,6742373 - Penrhys Community Primary,6742373,1026,,Eligible for free school meals or transitionally protected,fsmtp,2,,
15.8,15.8,Percentage of pupils,PCT,2,,6742374 - Gwaunmeisgyn Primary School,6742374,1027,,Eligible for free school meals,fsm,1,,
24.7,24.7,Percentage of pupils,PCT,2,,6742374 - Gwaunmeisgyn Primary School,6742374,1027,,Eligible for free school meals or transitionally protected,fsmtp,2,,
7.8,7.8,Percentage of pupils,PCT,2,,6742375 - Gwauncelyn Primary School,6742375,1028,,Eligible for free school meals,fsm,1,,
15.1,15.1,Percentage of pupils,PCT,2,,6742375 - Gwauncelyn Primary School,6742375,1028,,Eligible for free school meals or transitionally protected,fsmtp,2,,
26.3,26.3,Percentage of pupils,PCT,2,,6742376 - Penrhiwceibr Primary,6742376,1029,,Eligible for free school meals,fsm,1,,
39,39,Percentage of pupils,PCT,2,,6742376 - Penrhiwceibr Primary,6742376,1029,,Eligible for free school meals or transitionally protected,fsmtp,2,,
24.1,24.1,Percentage of pupils,PCT,2,,6742378 - Ynyshir Community Primary,6742378,1030,,Eligible for free school meals,fsm,1,,
30.3,30.3,Percentage of pupils,PCT,2,,6742378 - Ynyshir Community Primary,6742378,1030,,Eligible for free school meals or transitionally protected,fsmtp,2,,
36.1,36.1,Percentage of pupils,PCT,2,,6742380 - Cwmclydach Community Primary School,6742380,1031,,Eligible for free school meals,fsm,1,,
36.7,36.7,Percentage of pupils,PCT,2,,6742380 - Cwmclydach Community Primary School,6742380,1031,,Eligible for free school meals or transitionally protected,fsmtp,2,,
28.1,28.1,Percentage of pupils,PCT,2,,6742381 - Aberdare Park Primary,6742381,1032,,Eligible for free school meals,fsm,1,,
41.4,41.4,Percentage of pupils,PCT,2,,6742381 - Aberdare Park Primary,6742381,1032,,Eligible for free school meals or transitionally protected,fsmtp,2,,
47.8,47.8,Percentage of pupils,PCT,2,,6742382 - Maerdy Primary School,6742382,1033,,Eligible for free school meals,fsm,1,,
58.4,58.4,Percentage of pupils,PCT,2,,6742382 - Maerdy Primary School,6742382,1033,,Eligible for free school meals or transitionally protected,fsmtp,2,,
16.8,16.8,Percentage of pupils,PCT,2,,6742383 - Cwmbach Community Primary,6742383,1034,,Eligible for free school meals,fsm,1,,
25.6,25.6,Percentage of pupils,PCT,2,,6742383 - Cwmbach Community Primary,6742383,1034,,Eligible for free school meals or transitionally protected,fsmtp,2,,
48,48,Percentage of pupils,PCT,2,,6742384 - Ynysboeth Community Primary,6742384,1035,,Eligible for free school meals,fsm,1,,
58.4,58.4,Percentage of pupils,PCT,2,,6742384 - Ynysboeth Community Primary,6742384,1035,,Eligible for free school meals or transitionally protected,fsmtp,2,,
21.9,21.9,Percentage of pupils,PCT,2,,6742385 - Abercynon Primary,6742385,1036,,Eligible for free school meals,fsm,1,,
29,29,Percentage of pupils,PCT,2,,6742385 - Abercynon Primary,6742385,1036,,Eligible for free school meals or transitionally protected,fsmtp,2,,
31.6,31.6,Percentage of pupils,PCT,2,,6742386 - Cymmer Primary,6742386,1037,,Eligible for free school meals,fsm,1,,
38.8,38.8,Percentage of pupils,PCT,2,,6742386 - Cymmer Primary,6742386,1037,,Eligible for free school meals or transitionally protected,fsmtp,2,,
24.4,24.4,Percentage of pupils,PCT,2,,6742387 - Cwmaman Primary School,6742387,1038,,Eligible for free school meals,fsm,1,,
34.3,34.3,Percentage of pupils,PCT,2,,6742387 - Cwmaman Primary School,6742387,1038,,Eligible for free school meals or transitionally protected,fsmtp,2,,
10.1,10.1,Percentage of pupils,PCT,2,,6742388 - Ysgol Gynradd Gymraeg Awel Taf,6742388,1039,,Eligible for free school meals,fsm,1,,
10.7,10.7,Percentage of pupils,PCT,2,,6742388 - Ysgol Gynradd Gymraeg Awel Taf,6742388,1039,,Eligible for free school meals or transitionally protected,fsmtp,2,,
32.2,32.2,Percentage of pupils,PCT,2,,6743309 - Our Lady's R.C.,6743309,1040,,Eligible for free school meals,fsm,1,,
37.3,37.3,Percentage of pupils,PCT,2,,6743309 - Our Lady's R.C.,6743309,1040,,Eligible for free school meals or transitionally protected,fsmtp,2,,
8.1,8.1,Percentage of pupils,PCT,2,,6743312 - ST MICHAELS PRIMARY,6743312,1041,,Eligible for free school meals,fsm,1,,
14.9,14.9,Percentage of pupils,PCT,2,,6743312 - ST MICHAELS PRIMARY,6743312,1041,,Eligible for free school meals or transitionally protected,fsmtp,2,,
13.1,13.1,Percentage of pupils,PCT,2,,6743313 - S.S.Gabriel and Raphael Prim,6743313,1042,,Eligible for free school meals,fsm,1,,
19.6,19.6,Percentage of pupils,PCT,2,,6743313 - S.S.Gabriel and Raphael Prim,6743313,1042,,Eligible for free school meals or transitionally protected,fsmtp,2,,
35.1,35.1,Percentage of pupils,PCT,2,,6743314 - St. Margaret's Catholic Primary School,6743314,1043,,Eligible for free school meals,fsm,1,,
48.5,48.5,Percentage of pupils,PCT,2,,6743314 - St. Margaret's Catholic Primary School,6743314,1043,,Eligible for free school meals or transitionally protected,fsmtp,2,,
7.2,7.2,Percentage of pupils,PCT,2,,6743317 - ABERDARE TOWN C IN W PRIMARY,6743317,1044,,Eligible for free school meals,fsm,1,,
11.3,11.3,Percentage of pupils,PCT,2,,6743317 - ABERDARE TOWN C IN W PRIMARY,6743317,1044,,Eligible for free school meals or transitionally protected,fsmtp,2,,
51.7,51.7,Percentage of pupils,PCT,2,,6743319 - CWMBACH CHURCH IN WALES,6743319,1045,,Eligible for free school meals,fsm,1,,
64.2,64.2,Percentage of pupils,PCT,2,,6743319 - CWMBACH CHURCH IN WALES,6743319,1045,,Eligible for free school meals or transitionally protected,fsmtp,2,,
13.5,13.5,Percentage of pupils,PCT,2,,6744019 - Bryncelynnog Comprehensive School,6744019,1046,,Eligible for free school meals,fsm,1,,
20.2,20.2,Percentage of pupils,PCT,2,,6744019 - Bryncelynnog Comprehensive School,6744019,1046,,Eligible for free school meals or transitionally protected,fsmtp,2,,
31.6,31.6,Percentage of pupils,PCT,2,,6744053 - Mountain Ash Comprehensive School,6744053,1047,,Eligible for free school meals,fsm,1,,
41.1,41.1,Percentage of pupils,PCT,2,,6744053 - Mountain Ash Comprehensive School,6744053,1047,,Eligible for free school meals or transitionally protected,fsmtp,2,,
21.6,21.6,Percentage of pupils,PCT,2,,6744081 - Treorchy Comprehensive School,6744081,1048,,Eligible for free school meals,fsm,1,,
31,31,Percentage of pupils,PCT,2,,6744081 - Treorchy Comprehensive School,6744081,1048,,Eligible for free school meals or transitionally protected,fsmtp,2,,
32.4,32.4,Percentage of pupils,PCT,2,,6744083 - Ferndale Community School,6744083,1049,,Eligible for free school meals,fsm,1,,
45,45,Percentage of pupils,PCT,2,,6744083 - Ferndale Community School,6744083,1049,,Eligible for free school meals or transitionally protected,fsmtp,2,,
9,9,Percentage of pupils,PCT,2,,6744096 - Y Pant Comprehensive,6744096,1050,,Eligible for free school meals,fsm,1,,
13.1,13.1,Percentage of pupils,PCT,2,,6744096 - Y Pant Comprehensive,6744096,1050,,Eligible for free school meals or transitionally protected,fsmtp,2,,
13.9,13.9,Percentage of pupils,PCT,2,,6744097 - Ysgol Gyfun Cwm Rhondda,6744097,1051,,Eligible for free school meals,fsm,1,,
21.6,21.6,Percentage of pupils,PCT,2,,6744097 - Ysgol Gyfun Cwm Rhondda,6744097,1051,,Eligible for free school meals or transitionally protected,fsmtp,2,,
11.8,11.8,Percentage of pupils,PCT,2,,6744105 - Ysgol Gyfun Rhydywaun,6744105,1052,,Eligible for free school meals,fsm,1,,
16.6,16.6,Percentage of pupils,PCT,2,,6744105 - Ysgol Gyfun Rhydywaun,6744105,1052,,Eligible for free school meals or transitionally protected,fsmtp,2,,
26.6,26.6,Percentage of pupils,PCT,2,,6744106 - Aberdare Community School,6744106,1053,,Eligible for free school meals,fsm,1,,
38.1,38.1,Percentage of pupils,PCT,2,,6744106 - Aberdare Community School,6744106,1053,,Eligible for free school meals or transitionally protected,fsmtp,2,,
11.9,11.9,Percentage of pupils,PCT,2,,6744602 - Cardinal Newman R.C.,6744602,1054,,Eligible for free school meals,fsm,1,,
15.7,15.7,Percentage of pupils,PCT,2,,6744602 - Cardinal Newman R.C.,6744602,1054,,Eligible for free school meals or transitionally protected,fsmtp,2,,
12.1,12.1,Percentage of pupils,PCT,2,,6744604 - St John Baptist CIW High School,6744604,1055,,Eligible for free school meals,fsm,1,,
17.5,17.5,Percentage of pupils,PCT,2,,6744604 - St John Baptist CIW High School,6744604,1055,,Eligible for free school meals or transitionally protected,fsmtp,2,,
5.6,5.6,Percentage of pupils,PCT,2,,6745500 - Ysgol Llanhari,6745500,1056,,Eligible for free school meals,fsm,1,,
9.1,9.1,Percentage of pupils,PCT,2,,6745500 - Ysgol Llanhari,6745500,1056,,Eligible for free school meals or transitionally protected,fsmtp,2,,
26,26,Percentage of pupils,PCT,2,,6745501 - Porth Community School,6745501,1057,,Eligible for free school meals,fsm,1,,
35.5,35.5,Percentage of pupils,PCT,2,,6745501 - Porth Community School,6745501,1057,,Eligible for free school meals or transitionally protected,fsmtp,2,,
25.6,25.6,Percentage of pupils,PCT,2,,6745502 - Ysgol Nantgwyn,6745502,1058,,Eligible for free school meals,fsm,1,,
35.8,35.8,Percentage of pupils,PCT,2,,6745502 - Ysgol Nantgwyn,6745502,1058,,Eligible for free school meals or transitionally protected,fsmtp,2,,
16.8,16.8,Percentage of pupils,PCT,2,,6745503 - Tonyrefail Community School,6745503,1059,,Eligible for free school meals,fsm,1,,
24,24,Percentage of pupils,PCT,2,,6745503 - Tonyrefail Community School,6745503,1059,,Eligible for free school meals or transitionally protected,fsmtp,2,,
6.7,6.7,Percentage of pupils,PCT,2,,6745504 - Ysgol Garth Olwg,6745504,1060,,Eligible for free school meals,fsm,1,,
10.2,10.2,Percentage of pupils,PCT,2,,6745504 - Ysgol Garth Olwg,6745504,1060,,Eligible for free school meals or transitionally protected,fsmtp,2,,
25.3,25.3,Percentage of pupils,PCT,2,,6745505 - Ysgol Afon Wen,6745505,1061,,Eligible for free school meals,fsm,1,,
32.9,32.9,Percentage of pupils,PCT,2,,6745505 - Ysgol Afon Wen,6745505,1061,,Eligible for free school meals or transitionally protected,fsmtp,2,,
22.4,22.4,Percentage of pupils,PCT,2,,6745506 - Ysgol Bro Taf,6745506,1062,,Eligible for free school meals,fsm,1,,
31,31,Percentage of pupils,PCT,2,,6745506 - Ysgol Bro Taf,6745506,1062,,Eligible for free school meals or transitionally protected,fsmtp,2,,
48.5,48.5,Percentage of pupils,PCT,2,,6747006 - MAESGWYN,6747006,1063,,Eligible for free school meals,fsm,1,,
57.5,57.5,Percentage of pupils,PCT,2,,6747006 - MAESGWYN,6747006,1063,,Eligible for free school meals or transitionally protected,fsmtp,2,,
45.2,45.2,Percentage of pupils,PCT,2,,6747008 - Park Lane Special School,6747008,1064,,Eligible for free school meals,fsm,1,,
54.1,54.1,Percentage of pupils,PCT,2,,6747008 - Park Lane Special School,6747008,1064,,Eligible for free school meals or transitionally protected,fsmtp,2,,
49.6,49.6,Percentage of pupils,PCT,2,,6747011 - Ysgol Hen Felin,6747011,1065,,Eligible for free school meals,fsm,1,,
54.9,54.9,Percentage of pupils,PCT,2,,6747011 - Ysgol Hen Felin,6747011,1065,,Eligible for free school meals or transitionally protected,fsmtp,2,,
32.8,32.8,Percentage of pupils,PCT,2,,6747015 - Ysgol Ty Coch,6747015,1066,,Eligible for free school meals,fsm,1,,
34.9,34.9,Percentage of pupils,PCT,2,,6747015 - Ysgol Ty Coch,6747015,1066,,Eligible for free school meals or transitionally protected,fsmtp,2,,
16.1,16.1,Percentage of pupils,PCT,2,,6752000 - Abercanaid Community,6752000,1067,,Eligible for free school meals,fsm,1,,
22,22,Percentage of pupils,PCT,2,,6752000 - Abercanaid Community,6752000,1067,,Eligible for free school meals or transitionally protected,fsmtp,2,,
14,14,Percentage of pupils,PCT,2,,6752002 - Cyfarthfa Park Primary School,6752002,1068,,Eligible for free school meals,fsm,1,,
20.6,20.6,Percentage of pupils,PCT,2,,6752002 - Cyfarthfa Park Primary School,6752002,1068,,Eligible for free school meals or transitionally protected,fsmtp,2,,
25,25,Percentage of pupils,PCT,2,,6752006 - Caedraw Primary,6752006,1069,,Eligible for free school meals,fsm,1,,
32.9,32.9,Percentage of pupils,PCT,2,,6752006 - Caedraw Primary,6752006,1069,,Eligible for free school meals or transitionally protected,fsmtp,2,,
32.3,32.3,Percentage of pupils,PCT,2,,6752010 - Gellifaelog Primary School,6752010,1070,,Eligible for free school meals,fsm,1,,
43.8,43.8,Percentage of pupils,PCT,2,,6752010 - Gellifaelog Primary School,6752010,1070,,Eligible for free school meals or transitionally protected,fsmtp,2,,
19.9,19.9,Percentage of pupils,PCT,2,,6752015 - PANTYSGALLOG PRIMARY SCHOOL,6752015,1071,,Eligible for free school meals,fsm,1,,
30.3,30.3,Percentage of pupils,PCT,2,,6752015 - PANTYSGALLOG PRIMARY SCHOOL,6752015,1071,,Eligible for free school meals or transitionally protected,fsmtp,2,,
17.9,17.9,Percentage of pupils,PCT,2,,6752020 - Gwaunfarren Primary,6752020,1072,,Eligible for free school meals,fsm,1,,
25.4,25.4,Percentage of pupils,PCT,2,,6752020 - Gwaunfarren Primary,6752020,1072,,Eligible for free school meals or transitionally protected,fsmtp,2,,
5.2,5.2,Percentage of pupils,PCT,2,,6752022 - Heolgerrig Community School,6752022,1073,,Eligible for free school meals,fsm,1,,
8.6,8.6,Percentage of pupils,PCT,2,,6752022 - Heolgerrig Community School,6752022,1073,,Eligible for free school meals or transitionally protected,fsmtp,2,,
23.5,23.5,Percentage of pupils,PCT,2,,6752039 - YNYSOWEN PRIMARY,6752039,1074,,Eligible for free school meals,fsm,1,,
29.6,29.6,Percentage of pupils,PCT,2,,6752039 - YNYSOWEN PRIMARY,6752039,1074,,Eligible for free school meals or transitionally protected,fsmtp,2,,
9,9,Percentage of pupils,PCT,2,,6752042 - YSGOL SANTES TUDFUL,6752042,1075,,Eligible for free school meals,fsm,1,,
12.4,12.4,Percentage of pupils,PCT,2,,6752042 - YSGOL SANTES TUDFUL,6752042,1075,,Eligible for free school meals or transitionally protected,fsmtp,2,,
11.8,11.8,Percentage of pupils,PCT,2,,6752054 - Bedlinog Community Primary School,6752054,1076,,Eligible for free school meals,fsm,1,,
17.3,17.3,Percentage of pupils,PCT,2,,6752054 - Bedlinog Community Primary School,6752054,1076,,Eligible for free school meals or transitionally protected,fsmtp,2,,
16,16,Percentage of pupils,PCT,2,,6752231 - TRELEWIS PRIMARY SCHOOL,6752231,1077,,Eligible for free school meals,fsm,1,,
22.5,22.5,Percentage of pupils,PCT,2,,6752231 - TRELEWIS PRIMARY SCHOOL,6752231,1077,,Eligible for free school meals or transitionally protected,fsmtp,2,,
18.3,18.3,Percentage of pupils,PCT,2,,6752330 - YSGOL-Y-GRAIG,6752330,1078,,Eligible for free school meals,fsm,1,,
23.9,23.9,Percentage of pupils,PCT,2,,6752330 - YSGOL-Y-GRAIG,6752330,1078,,Eligible for free school meals or transitionally protected,fsmtp,2,,
10.4,10.4,Percentage of pupils,PCT,2,,6752346 - Ysgol Gymraeg Rhyd-y-grug,6752346,1079,,Eligible for free school meals,fsm,1,,
18,18,Percentage of pupils,PCT,2,,6752346 - Ysgol Gymraeg Rhyd-y-grug,6752346,1079,,Eligible for free school meals or transitionally protected,fsmtp,2,,
42.2,42.2,Percentage of pupils,PCT,2,,6752351 - COED Y DDERWEN PRIMARY SCHOOL,6752351,1080,,Eligible for free school meals,fsm,1,,
59.2,59.2,Percentage of pupils,PCT,2,,6752351 - COED Y DDERWEN PRIMARY SCHOOL,6752351,1080,,Eligible for free school meals or transitionally protected,fsmtp,2,,
15.8,15.8,Percentage of pupils,PCT,2,,6752352 - Twynyrodyn Community School,6752352,1081,,Eligible for free school meals,fsm,1,,
23.2,23.2,Percentage of pupils,PCT,2,,6752352 - Twynyrodyn Community School,6752352,1081,,Eligible for free school meals or transitionally protected,fsmtp,2,,
14,14,Percentage of pupils,PCT,2,,6752353 - Edwardsville Primary School,6752353,1082,,Eligible for free school meals,fsm,1,,
22.1,22.1,Percentage of pupils,PCT,2,,6752353 - Edwardsville Primary School,6752353,1082,,Eligible for free school meals or transitionally protected,fsmtp,2,,
18.4,18.4,Percentage of pupils,PCT,2,,6752354 - Troedyrhiw  Commmunity Primary School,6752354,1083,,Eligible for free school meals,fsm,1,,
33.3,33.3,Percentage of pupils,PCT,2,,6752354 - Troedyrhiw  Commmunity Primary School,6752354,1083,,Eligible for free school meals or transitionally protected,fsmtp,2,,
25.8,25.8,Percentage of pupils,PCT,2,,6752355 - Dowlais Primary School,6752355,1084,,Eligible for free school meals,fsm,1,,
35.6,35.6,Percentage of pupils,PCT,2,,6752355 - Dowlais Primary School,6752355,1084,,Eligible for free school meals or transitionally protected,fsmtp,2,,
48.4,48.4,Percentage of pupils,PCT,2,,6752356 - Goetre Primary School,6752356,1085,,Eligible for free school meals,fsm,1,,
61.3,61.3,Percentage of pupils,PCT,2,,6752356 - Goetre Primary School,6752356,1085,,Eligible for free school meals or transitionally protected,fsmtp,2,,
19.4,19.4,Percentage of pupils,PCT,2,,6754011 - Afon Taf High School,6754011,1086,,Eligible for free school meals,fsm,1,,
27.3,27.3,Percentage of pupils,PCT,2,,6754011 - Afon Taf High School,6754011,1086,,Eligible for free school meals or transitionally protected,fsmtp,2,,
32.3,32.3,Percentage of pupils,PCT,2,,6754012 - PEN-Y-DRE HIGH SCHOOL,6754012,1087,,Eligible for free school meals,fsm,1,,
43.4,43.4,Percentage of pupils,PCT,2,,6754012 - PEN-Y-DRE HIGH SCHOOL,6754012,1087,,Eligible for free school meals or transitionally protected,fsmtp,2,,
16.9,16.9,Percentage of pupils,PCT,2,,6754013 - Cyfarthfa High School,6754013,1088,,Eligible for free school meals,fsm,1,,
25.1,25.1,Percentage of pupils,PCT,2,,6754013 - Cyfarthfa High School,6754013,1088,,Eligible for free school meals or transitionally protected,fsmtp,2,,
19.2,19.2,Percentage of pupils,PCT,2,,6755900 - Blessed Carlo Acutis Catholic School,6755900,1089,,Eligible for free school meals,fsm,1,,
27.7,27.7,Percentage of pupils,PCT,2,,6755900 - Blessed Carlo Acutis Catholic School,6755900,1089,,Eligible for free school meals or transitionally protected,fsmtp,2,,
41.2,41.2,Percentage of pupils,PCT,2,,6757013 - Greenfield School,6757013,1090,,Eligible for free school meals,fsm,1,,
45.6,45.6,Percentage of pupils,PCT,2,,6757013 - Greenfield School,6757013,1090,,Eligible for free school meals or transitionally protected,fsmtp,2,,
19.2,19.2,Percentage of pupils,PCT,2,,6762058 - Pengam Primary,6762058,1091,,Eligible for free school meals,fsm,1,,
26.8,26.8,Percentage of pupils,PCT,2,,6762058 - Pengam Primary,6762058,1091,,Eligible for free school meals or transitionally protected,fsmtp,2,,
13.5,13.5,Percentage of pupils,PCT,2,,6762061 - Fleur-de-Lys Primary,6762061,1092,,Eligible for free school meals,fsm,1,,
15.6,15.6,Percentage of pupils,PCT,2,,6762061 - Fleur-de-Lys Primary,6762061,1092,,Eligible for free school meals or transitionally protected,fsmtp,2,,
20,20,Percentage of pupils,PCT,2,,6762071 - COED-Y-BRAIN PRIMARY,6762071,1093,,Eligible for free school meals,fsm,1,,
25.2,25.2,Percentage of pupils,PCT,2,,6762071 - COED-Y-BRAIN PRIMARY,6762071,1093,,Eligible for free school meals or transitionally protected,fsmtp,2,,
40.3,40.3,Percentage of pupils,PCT,2,,6762078 - Markham Primary,6762078,1094,,Eligible for free school meals,fsm,1,,
50.7,50.7,Percentage of pupils,PCT,2,,6762078 - Markham Primary,6762078,1094,,Eligible for free school meals or transitionally protected,fsmtp,2,,
28,28,Percentage of pupils,PCT,2,,6762081 - CWMABER JUNIOR SCHOOL,6762081,1095,,Eligible for free school meals,fsm,1,,
39.3,39.3,Percentage of pupils,PCT,2,,6762081 - CWMABER JUNIOR SCHOOL,6762081,1095,,Eligible for free school meals or transitionally protected,fsmtp,2,,
8.8,8.8,Percentage of pupils,PCT,2,,6762084 - Libanus Primary,6762084,1096,,Eligible for free school meals,fsm,1,,
14.6,14.6,Percentage of pupils,PCT,2,,6762084 - Libanus Primary,6762084,1096,,Eligible for free school meals or transitionally protected,fsmtp,2,,
20.8,20.8,Percentage of pupils,PCT,2,,6762086 - Pontllanfraith Primary School,6762086,1097,,Eligible for free school meals,fsm,1,,
28.1,28.1,Percentage of pupils,PCT,2,,6762086 - Pontllanfraith Primary School,6762086,1097,,Eligible for free school meals or transitionally protected,fsmtp,2,,
18.9,18.9,Percentage of pupils,PCT,2,,6762089 - Deri Primary School,6762089,1098,,Eligible for free school meals,fsm,1,,
23,23,Percentage of pupils,PCT,2,,6762089 - Deri Primary School,6762089,1098,,Eligible for free school meals or transitionally protected,fsmtp,2,,
14.8,14.8,Percentage of pupils,PCT,2,,6762093 - Crumlin High Level Primary,6762093,1099,,Eligible for free school meals,fsm,1,,
17.6,17.6,Percentage of pupils,PCT,2,,6762093 - Crumlin High Level Primary,6762093,1099,,Eligible for free school meals or transitionally protected,fsmtp,2,,
12.1,12.1,Percentage of pupils,PCT,2,,6762095 - PENTWYNMAWR PRIMARY SCHOOL,6762095,1100,,Eligible for free school meals,fsm,1,,
18.1,18.1,Percentage of pupils,PCT,2,,6762095 - PENTWYNMAWR PRIMARY SCHOOL,6762095,1100,,Eligible for free school meals or transitionally protected,fsmtp,2,,
27.7,27.7,Percentage of pupils,PCT,2,,6762097 - DERWENDEG PRIMARY SCHOOL,6762097,1101,,Eligible for free school meals,fsm,1,,
35.4,35.4,Percentage of pupils,PCT,2,,6762097 - DERWENDEG PRIMARY SCHOOL,6762097,1101,,Eligible for free school meals or transitionally protected,fsmtp,2,,
14.6,14.6,Percentage of pupils,PCT,2,,6762098 - Tynewydd Primary School,6762098,1102,,Eligible for free school meals,fsm,1,,
20.9,20.9,Percentage of pupils,PCT,2,,6762098 - Tynewydd Primary School,6762098,1102,,Eligible for free school meals or transitionally protected,fsmtp,2,,
23.6,23.6,Percentage of pupils,PCT,2,,6762100 - Cwmcarn Primary School,6762100,1103,,Eligible for free school meals,fsm,1,,
34.5,34.5,Percentage of pupils,PCT,2,,6762100 - Cwmcarn Primary School,6762100,1103,,Eligible for free school meals or transitionally protected,fsmtp,2,,
12.7,12.7,Percentage of pupils,PCT,2,,6762103 - Waunfawr Primary,6762103,1104,,Eligible for free school meals,fsm,1,,
17.6,17.6,Percentage of pupils,PCT,2,,6762103 - Waunfawr Primary,6762103,1104,,Eligible for free school meals or transitionally protected,fsmtp,2,,
15.4,15.4,Percentage of pupils,PCT,2,,6762105 - Risca Primary,6762105,1105,,Eligible for free school meals,fsm,1,,
22.3,22.3,Percentage of pupils,PCT,2,,6762105 - Risca Primary,6762105,1105,,Eligible for free school meals or transitionally protected,fsmtp,2,,
35.2,35.2,Percentage of pupils,PCT,2,,6762108 - Fochriw Primary,6762108,1106,,Eligible for free school meals,fsm,1,,
44,44,Percentage of pupils,PCT,2,,6762108 - Fochriw Primary,6762108,1106,,Eligible for free school meals or transitionally protected,fsmtp,2,,
18,18,Percentage of pupils,PCT,2,,6762121 - GILFACH FARGOED PRIMARY,6762121,1107,,Eligible for free school meals,fsm,1,,
24.2,24.2,Percentage of pupils,PCT,2,,6762121 - GILFACH FARGOED PRIMARY,6762121,1107,,Eligible for free school meals or transitionally protected,fsmtp,2,,
31.6,31.6,Percentage of pupils,PCT,2,,6762140 - HENDRE JUNIOR SCHOOL,6762140,1108,,Eligible for free school meals,fsm,1,,
43.7,43.7,Percentage of pupils,PCT,2,,6762140 - HENDRE JUNIOR SCHOOL,6762140,1108,,Eligible for free school meals or transitionally protected,fsmtp,2,,
15,15,Percentage of pupils,PCT,2,,6762145 - HENDRE INFANTS SCHOOL,6762145,1109,,Eligible for free school meals,fsm,1,,
19.5,19.5,Percentage of pupils,PCT,2,,6762145 - HENDRE INFANTS SCHOOL,6762145,1109,,Eligible for free school meals or transitionally protected,fsmtp,2,,
25.9,25.9,Percentage of pupils,PCT,2,,6762148 - Hengoed Primary,6762148,1110,,Eligible for free school meals,fsm,1,,
39.5,39.5,Percentage of pupils,PCT,2,,6762148 - Hengoed Primary,6762148,1110,,Eligible for free school meals or transitionally protected,fsmtp,2,,
26.5,26.5,Percentage of pupils,PCT,2,,6762158 - Llancaeach Junior School,6762158,1111,,Eligible for free school meals,fsm,1,,
34.6,34.6,Percentage of pupils,PCT,2,,6762158 - Llancaeach Junior School,6762158,1111,,Eligible for free school meals or transitionally protected,fsmtp,2,,
22.1,22.1,Percentage of pupils,PCT,2,,6762171 - Llanfabon Infants School,6762171,1112,,Eligible for free school meals,fsm,1,,
27.9,27.9,Percentage of pupils,PCT,2,,6762171 - Llanfabon Infants School,6762171,1112,,Eligible for free school meals or transitionally protected,fsmtp,2,,
14.3,14.3,Percentage of pupils,PCT,2,,6762193 - RHYDRI PRIMARY SCHOOL,6762193,1113,,Eligible for free school meals,fsm,1,,
17.1,17.1,Percentage of pupils,PCT,2,,6762193 - RHYDRI PRIMARY SCHOOL,6762193,1113,,Eligible for free school meals or transitionally protected,fsmtp,2,,
33.3,33.3,Percentage of pupils,PCT,2,,6762197 - NANT Y PARC PRIMARY SCHOOL,6762197,1114,,Eligible for free school meals,fsm,1,,
48.1,48.1,Percentage of pupils,PCT,2,,6762197 - NANT Y PARC PRIMARY SCHOOL,6762197,1114,,Eligible for free school meals or transitionally protected,fsmtp,2,,
33.5,33.5,Percentage of pupils,PCT,2,,6762207 - Pantside Primary,6762207,1115,,Eligible for free school meals,fsm,1,,
40.8,40.8,Percentage of pupils,PCT,2,,6762207 - Pantside Primary,6762207,1115,,Eligible for free school meals or transitionally protected,fsmtp,2,,
14.4,14.4,Percentage of pupils,PCT,2,,6762224 - Tiryberth Primary,6762224,1116,,Eligible for free school meals,fsm,1,,
21.6,21.6,Percentage of pupils,PCT,2,,6762224 - Tiryberth Primary,6762224,1116,,Eligible for free school meals or transitionally protected,fsmtp,2,,
13.6,13.6,Percentage of pupils,PCT,2,,6762227 - Ty Isaf Infants School,6762227,1117,,Eligible for free school meals,fsm,1,,
14.5,14.5,Percentage of pupils,PCT,2,,6762227 - Ty Isaf Infants School,6762227,1117,,Eligible for free school meals or transitionally protected,fsmtp,2,,
35.3,35.3,Percentage of pupils,PCT,2,,6762252 - CWM  IFOR  PRIMARY SCHOOL,6762252,1118,,Eligible for free school meals,fsm,1,,
47.4,47.4,Percentage of pupils,PCT,2,,6762252 - CWM  IFOR  PRIMARY SCHOOL,6762252,1118,,Eligible for free school meals or transitionally protected,fsmtp,2,,
17.4,17.4,Percentage of pupils,PCT,2,,6762256 - BRYN PRIMARY,6762256,1119,,Eligible for free school meals,fsm,1,,
22.5,22.5,Percentage of pupils,PCT,2,,6762256 - BRYN PRIMARY,6762256,1119,,Eligible for free school meals or transitionally protected,fsmtp,2,,
20.3,20.3,Percentage of pupils,PCT,2,,6762262 - YSGOL IFOR BACH,6762262,1120,,Eligible for free school meals,fsm,1,,
29.2,29.2,Percentage of pupils,PCT,2,,6762262 - YSGOL IFOR BACH,6762262,1120,,Eligible for free school meals or transitionally protected,fsmtp,2,,
13.7,13.7,Percentage of pupils,PCT,2,,6762264 - Abercarn Primary school,6762264,1121,,Eligible for free school meals,fsm,1,,
18,18,Percentage of pupils,PCT,2,,6762264 - Abercarn Primary school,6762264,1121,,Eligible for free school meals or transitionally protected,fsmtp,2,,
41.6,41.6,Percentage of pupils,PCT,2,,6762278 - Greenhill Primary,6762278,1122,,Eligible for free school meals,fsm,1,,
45.8,45.8,Percentage of pupils,PCT,2,,6762278 - Greenhill Primary,6762278,1122,,Eligible for free school meals or transitionally protected,fsmtp,2,,
9.7,9.7,Percentage of pupils,PCT,2,,6762282 - YSGOL GYMRAEG CAERFFILI,6762282,1123,,Eligible for free school meals,fsm,1,,
13.1,13.1,Percentage of pupils,PCT,2,,6762282 - YSGOL GYMRAEG CAERFFILI,6762282,1123,,Eligible for free school meals or transitionally protected,fsmtp,2,,
17.4,17.4,Percentage of pupils,PCT,2,,6762285 - YSGOL GYMRAEG GILFACH FARGOD,6762285,1124,,Eligible for free school meals,fsm,1,,
23.9,23.9,Percentage of pupils,PCT,2,,6762285 - YSGOL GYMRAEG GILFACH FARGOD,6762285,1124,,Eligible for free school meals or transitionally protected,fsmtp,2,,
14.7,14.7,Percentage of pupils,PCT,2,,6762296 - YNYSDDU PRIMARY SCHOOL,6762296,1125,,Eligible for free school meals,fsm,1,,
19.3,19.3,Percentage of pupils,PCT,2,,6762296 - YNYSDDU PRIMARY SCHOOL,6762296,1125,,Eligible for free school meals or transitionally protected,fsmtp,2,,
41,41,Percentage of pupils,PCT,2,,6762307 - UPPER RHYMNEY PRIMARY SCHOOL,6762307,1126,,Eligible for free school meals,fsm,1,,
52.8,52.8,Percentage of pupils,PCT,2,,6762307 - UPPER RHYMNEY PRIMARY SCHOOL,6762307,1126,,Eligible for free school meals or transitionally protected,fsmtp,2,,
14.1,14.1,Percentage of pupils,PCT,2,,6762309 - Ysgol Y Lawnt,6762309,1127,,Eligible for free school meals,fsm,1,,
26.7,26.7,Percentage of pupils,PCT,2,,6762309 - Ysgol Y Lawnt,6762309,1127,,Eligible for free school meals or transitionally protected,fsmtp,2,,
46.3,46.3,Percentage of pupils,PCT,2,,6762310 - Bryn Awel Primary School,6762310,1128,,Eligible for free school meals,fsm,1,,
51.5,51.5,Percentage of pupils,PCT,2,,6762310 - Bryn Awel Primary School,6762310,1128,,Eligible for free school meals or transitionally protected,fsmtp,2,,
9.6,9.6,Percentage of pupils,PCT,2,,6762313 - Ysgol Gymraeg Trelyn,6762313,1129,,Eligible for free school meals,fsm,1,,
13.5,13.5,Percentage of pupils,PCT,2,,6762313 - Ysgol Gymraeg Trelyn,6762313,1129,,Eligible for free school meals or transitionally protected,fsmtp,2,,
49.3,49.3,Percentage of pupils,PCT,2,,6762316 - PHILLIPSTOWN PRIMARY SCHOOL,6762316,1130,,Eligible for free school meals,fsm,1,,
56.8,56.8,Percentage of pupils,PCT,2,,6762316 - PHILLIPSTOWN PRIMARY SCHOOL,6762316,1130,,Eligible for free school meals or transitionally protected,fsmtp,2,,
11.3,11.3,Percentage of pupils,PCT,2,,6762322 - MAESYCWMMER PRIMARY SCHOOL,6762322,1131,,Eligible for free school meals,fsm,1,,
18.3,18.3,Percentage of pupils,PCT,2,,6762322 - MAESYCWMMER PRIMARY SCHOOL,6762322,1131,,Eligible for free school meals or transitionally protected,fsmtp,2,,
10.9,10.9,Percentage of pupils,PCT,2,,6762323 - Bedwas Junior,6762323,1132,,Eligible for free school meals,fsm,1,,
20.5,20.5,Percentage of pupils,PCT,2,,6762323 - Bedwas Junior,6762323,1132,,Eligible for free school meals or transitionally protected,fsmtp,2,,
3,3,Percentage of pupils,PCT,2,,6762326 - Machen Primary School,6762326,1133,,Eligible for free school meals,fsm,1,,
9,9,Percentage of pupils,PCT,2,,6762326 - Machen Primary School,6762326,1133,,Eligible for free school meals or transitionally protected,fsmtp,2,,
62.9,62.9,Percentage of pupils,PCT,2,,6762328 - Graig-y-Rhacca Primary and Nursery Community,6762328,1134,,Eligible for free school meals,fsm,1,,
73.3,73.3,Percentage of pupils,PCT,2,,6762328 - Graig-y-Rhacca Primary and Nursery Community,6762328,1134,,Eligible for free school meals or transitionally protected,fsmtp,2,,
14.7,14.7,Percentage of pupils,PCT,2,,6762335 - Bedwas Infants,6762335,1135,,Eligible for free school meals,fsm,1,,
16,16,Percentage of pupils,PCT,2,,6762335 - Bedwas Infants,6762335,1135,,Eligible for free school meals or transitionally protected,fsmtp,2,,
7.9,7.9,Percentage of pupils,PCT,2,,6762338 - HENDREDENNY PARK PRIMARY,6762338,1136,,Eligible for free school meals,fsm,1,,
10.9,10.9,Percentage of pupils,PCT,2,,6762338 - HENDREDENNY PARK PRIMARY,6762338,1136,,Eligible for free school meals or transitionally protected,fsmtp,2,,
24.8,24.8,Percentage of pupils,PCT,2,,6762347 - CWMABER INFANTS SCHOOL,6762347,1137,,Eligible for free school meals,fsm,1,,
26.7,26.7,Percentage of pupils,PCT,2,,6762347 - CWMABER INFANTS SCHOOL,6762347,1137,,Eligible for free school meals or transitionally protected,fsmtp,2,,
2.1,2.1,Percentage of pupils,PCT,2,,6762368 - YSGOL GYMRAEG BRO ALLTA,6762368,1138,,Eligible for free school meals,fsm,1,,
5.7,5.7,Percentage of pupils,PCT,2,,6762368 - YSGOL GYMRAEG BRO ALLTA,6762368,1138,,Eligible for free school meals or transitionally protected,fsmtp,2,,
10.8,10.8,Percentage of pupils,PCT,2,,6762370 - Cwmfelinfach Primary,6762370,1139,,Eligible for free school meals,fsm,1,,
20.7,20.7,Percentage of pupils,PCT,2,,6762370 - Cwmfelinfach Primary,6762370,1139,,Eligible for free school meals or transitionally protected,fsmtp,2,,
8.7,8.7,Percentage of pupils,PCT,2,,6762373 - YSGOL GYMRAEG CWM GWYDDON,6762373,1140,,Eligible for free school meals,fsm,1,,
14.2,14.2,Percentage of pupils,PCT,2,,6762373 - YSGOL GYMRAEG CWM GWYDDON,6762373,1140,,Eligible for free school meals or transitionally protected,fsmtp,2,,
10.3,10.3,Percentage of pupils,PCT,2,,6762374 - Y G G  Y Castell,6762374,1141,,Eligible for free school meals,fsm,1,,
13.8,13.8,Percentage of pupils,PCT,2,,6762374 - Y G G  Y Castell,6762374,1141,,Eligible for free school meals or transitionally protected,fsmtp,2,,
2.5,2.5,Percentage of pupils,PCT,2,,6762376 - Cwrt Rawlin Primary School,6762376,1142,,Eligible for free school meals,fsm,1,,
4.2,4.2,Percentage of pupils,PCT,2,,6762376 - Cwrt Rawlin Primary School,6762376,1142,,Eligible for free school meals or transitionally protected,fsmtp,2,,
28.2,28.2,Percentage of pupils,PCT,2,,6762377 - Cefn Fforest Primary,6762377,1143,,Eligible for free school meals,fsm,1,,
34.9,34.9,Percentage of pupils,PCT,2,,6762377 - Cefn Fforest Primary,6762377,1143,,Eligible for free school meals or transitionally protected,fsmtp,2,,
50,50,Percentage of pupils,PCT,2,,6762378 - PENLLWYN PRIMARY,6762378,1144,,Eligible for free school meals,fsm,1,,
57.7,57.7,Percentage of pupils,PCT,2,,6762378 - PENLLWYN PRIMARY,6762378,1144,,Eligible for free school meals or transitionally protected,fsmtp,2,,
23.7,23.7,Percentage of pupils,PCT,2,,6762379 - Blackwood Primary,6762379,1145,,Eligible for free school meals,fsm,1,,
32,32,Percentage of pupils,PCT,2,,6762379 - Blackwood Primary,6762379,1145,,Eligible for free school meals or transitionally protected,fsmtp,2,,
11.3,11.3,Percentage of pupils,PCT,2,,6762380 - GLYN-GAER PRIMARY SCHOOL,6762380,1146,,Eligible for free school meals,fsm,1,,
15.1,15.1,Percentage of pupils,PCT,2,,6762380 - GLYN-GAER PRIMARY SCHOOL,6762380,1146,,Eligible for free school meals or transitionally protected,fsmtp,2,,
50.8,50.8,Percentage of pupils,PCT,2,,6762381 - Park Primary,6762381,1147,,Eligible for free school meals,fsm,1,,
61.7,61.7,Percentage of pupils,PCT,2,,6762381 - Park Primary,6762381,1147,,Eligible for free school meals or transitionally protected,fsmtp,2,,
32.6,32.6,Percentage of pupils,PCT,2,,6762382 - Aberbargoed Primary School,6762382,1148,,Eligible for free school meals,fsm,1,,
39.1,39.1,Percentage of pupils,PCT,2,,6762382 - Aberbargoed Primary School,6762382,1148,,Eligible for free school meals or transitionally protected,fsmtp,2,,
44.8,44.8,Percentage of pupils,PCT,2,,6762383 - Trinant Primary,6762383,1149,,Eligible for free school meals,fsm,1,,
56.9,56.9,Percentage of pupils,PCT,2,,6762383 - Trinant Primary,6762383,1149,,Eligible for free school meals or transitionally protected,fsmtp,2,,
27.1,27.1,Percentage of pupils,PCT,2,,6762384 - Ty Sign Primary School,6762384,1150,,Eligible for free school meals,fsm,1,,
33.2,33.2,Percentage of pupils,PCT,2,,6762384 - Ty Sign Primary School,6762384,1150,,Eligible for free school meals or transitionally protected,fsmtp,2,,
25.3,25.3,Percentage of pupils,PCT,2,,6762385 - Tyn-Y-Wern Primary,6762385,1151,,Eligible for free school meals,fsm,1,,
33.5,33.5,Percentage of pupils,PCT,2,,6762385 - Tyn-Y-Wern Primary,6762385,1151,,Eligible for free school meals or transitionally protected,fsmtp,2,,
12.3,12.3,Percentage of pupils,PCT,2,,6762386 - Twyn Primary,6762386,1152,,Eligible for free school meals,fsm,1,,
15.7,15.7,Percentage of pupils,PCT,2,,6762386 - Twyn Primary,6762386,1152,,Eligible for free school meals or transitionally protected,fsmtp,2,,
25.5,25.5,Percentage of pupils,PCT,2,,6762387 - White Rose Primary School,6762387,1153,,Eligible for free school meals,fsm,1,,
35.1,35.1,Percentage of pupils,PCT,2,,6762387 - White Rose Primary School,6762387,1153,,Eligible for free school meals or transitionally protected,fsmtp,2,,
24.6,24.6,Percentage of pupils,PCT,2,,6762388 - Ysgol Bro Sannan,6762388,1154,,Eligible for free school meals,fsm,1,,
38.1,38.1,Percentage of pupils,PCT,2,,6762388 - Ysgol Bro Sannan,6762388,1154,,Eligible for free school meals or transitionally protected,fsmtp,2,,
25.8,25.8,Percentage of pupils,PCT,2,,6762389 - Plasyfelin Primary School,6762389,1155,,Eligible for free school meals,fsm,1,,
29.2,29.2,Percentage of pupils,PCT,2,,6762389 - Plasyfelin Primary School,6762389,1155,,Eligible for free school meals or transitionally protected,fsmtp,2,,
57.2,57.2,Percentage of pupils,PCT,2,,6762390 - St James Primary School,6762390,1156,,Eligible for free school meals,fsm,1,,
66.1,66.1,Percentage of pupils,PCT,2,,6762390 - St James Primary School,6762390,1156,,Eligible for free school meals or transitionally protected,fsmtp,2,,
25.3,25.3,Percentage of pupils,PCT,2,,6762391 - St Gwladys Bargoed School,6762391,1157,,Eligible for free school meals,fsm,1,,
31.1,31.1,Percentage of pupils,PCT,2,,6762391 - St Gwladys Bargoed School,6762391,1157,,Eligible for free school meals or transitionally protected,fsmtp,2,,
12.3,12.3,Percentage of pupils,PCT,2,,6762392 - Rhiw syr Dafydd Primary School,6762392,1158,,Eligible for free school meals,fsm,1,,
16.8,16.8,Percentage of pupils,PCT,2,,6762392 - Rhiw syr Dafydd Primary School,6762392,1158,,Eligible for free school meals or transitionally protected,fsmtp,2,,
9.2,9.2,Percentage of pupils,PCT,2,,6762393 - Ystrad Mynach Primary,6762393,1159,,Eligible for free school meals,fsm,1,,
11,11,Percentage of pupils,PCT,2,,6762393 - Ystrad Mynach Primary,6762393,1159,,Eligible for free school meals or transitionally protected,fsmtp,2,,
9.7,9.7,Percentage of pupils,PCT,2,,6762394 - Ysgol Gynradd Gymraeg Cwm Derwen,6762394,1160,,Eligible for free school meals,fsm,1,,
15.8,15.8,Percentage of pupils,PCT,2,,6762394 - Ysgol Gynradd Gymraeg Cwm Derwen,6762394,1160,,Eligible for free school meals or transitionally protected,fsmtp,2,,
12.6,12.6,Percentage of pupils,PCT,2,,6762395 - Ysgol Penalltau,6762395,1161,,Eligible for free school meals,fsm,1,,
15.8,15.8,Percentage of pupils,PCT,2,,6762395 - Ysgol Penalltau,6762395,1161,,Eligible for free school meals or transitionally protected,fsmtp,2,,
12.9,12.9,Percentage of pupils,PCT,2,,6763310 - St Helens RC Primary,6763310,1162,,Eligible for free school meals,fsm,1,,
17,17,Percentage of pupils,PCT,2,,6763310 - St Helens RC Primary,6763310,1162,,Eligible for free school meals or transitionally protected,fsmtp,2,,
17,17,Percentage of pupils,PCT,2,,6764031 - Newbridge School,6764031,1163,,Eligible for free school meals,fsm,1,,
21.4,21.4,Percentage of pupils,PCT,2,,6764031 - Newbridge School,6764031,1163,,Eligible for free school meals or transitionally protected,fsmtp,2,,
20.6,20.6,Percentage of pupils,PCT,2,,6764046 - Blackwood Comprehensive School,6764046,1164,,Eligible for free school meals,fsm,1,,
29.5,29.5,Percentage of pupils,PCT,2,,6764046 - Blackwood Comprehensive School,6764046,1164,,Eligible for free school meals or transitionally protected,fsmtp,2,,
26.3,26.3,Percentage of pupils,PCT,2,,6764065 - St Cenydd School,6764065,1165,,Eligible for free school meals,fsm,1,,
35.7,35.7,Percentage of pupils,PCT,2,,6764065 - St Cenydd School,6764065,1165,,Eligible for free school meals or transitionally protected,fsmtp,2,,
21.7,21.7,Percentage of pupils,PCT,2,,6764068 - Risca Community Comprehensive,6764068,1166,,Eligible for free school meals,fsm,1,,
30.4,30.4,Percentage of pupils,PCT,2,,6764068 - Risca Community Comprehensive,6764068,1166,,Eligible for free school meals or transitionally protected,fsmtp,2,,
15.8,15.8,Percentage of pupils,PCT,2,,6764070 - St Martin's School,6764070,1167,,Eligible for free school meals,fsm,1,,
22.6,22.6,Percentage of pupils,PCT,2,,6764070 - St Martin's School,6764070,1167,,Eligible for free school meals or transitionally protected,fsmtp,2,,
29.8,29.8,Percentage of pupils,PCT,2,,6764073 - HEOLDDU COMPREHENSIVE SCHOOL,6764073,1168,,Eligible for free school meals,fsm,1,,
37.3,37.3,Percentage of pupils,PCT,2,,6764073 - HEOLDDU COMPREHENSIVE SCHOOL,6764073,1168,,Eligible for free school meals or transitionally protected,fsmtp,2,,
20.8,20.8,Percentage of pupils,PCT,2,,6764075 - Lewis School Pengam,6764075,1169,,Eligible for free school meals,fsm,1,,
27.3,27.3,Percentage of pupils,PCT,2,,6764075 - Lewis School Pengam,6764075,1169,,Eligible for free school meals or transitionally protected,fsmtp,2,,
20.6,20.6,Percentage of pupils,PCT,2,,6764077 - Lewis Girls' Comprehensive School,6764077,1170,,Eligible for free school meals,fsm,1,,
28,28,Percentage of pupils,PCT,2,,6764077 - Lewis Girls' Comprehensive School,6764077,1170,,Eligible for free school meals or transitionally protected,fsmtp,2,,
26.6,26.6,Percentage of pupils,PCT,2,,6764093 - Bedwas High School,6764093,1171,,Eligible for free school meals,fsm,1,,
35.1,35.1,Percentage of pupils,PCT,2,,6764093 - Bedwas High School,6764093,1171,,Eligible for free school meals or transitionally protected,fsmtp,2,,
11.2,11.2,Percentage of pupils,PCT,2,,6764103 - Ysgol Gyfun Cwm Rhymni,6764103,1172,,Eligible for free school meals,fsm,1,,
17.2,17.2,Percentage of pupils,PCT,2,,6764103 - Ysgol Gyfun Cwm Rhymni,6764103,1172,,Eligible for free school meals or transitionally protected,fsmtp,2,,
18.2,18.2,Percentage of pupils,PCT,2,,6764104 - Islwyn High School,6764104,1173,,Eligible for free school meals,fsm,1,,
24.7,24.7,Percentage of pupils,PCT,2,,6764104 - Islwyn High School,6764104,1173,,Eligible for free school meals or transitionally protected,fsmtp,2,,
33.9,33.9,Percentage of pupils,PCT,2,,6765500 - Idris Davies School 3 to 18,6765500,1174,,Eligible for free school meals,fsm,1,,
42.7,42.7,Percentage of pupils,PCT,2,,6765500 - Idris Davies School 3 to 18,6765500,1174,,Eligible for free school meals or transitionally protected,fsmtp,2,,
42.8,42.8,Percentage of pupils,PCT,2,,6767011 - Trinity Fields School,6767011,1175,,Eligible for free school meals,fsm,1,,
47.7,47.7,Percentage of pupils,PCT,2,,6767011 - Trinity Fields School,6767011,1175,,Eligible for free school meals or transitionally protected,fsmtp,2,,
18.5,18.5,Percentage of pupils,PCT,2,,6772067 - Bryn Bach Primary School,6772067,1176,,Eligible for free school meals,fsm,1,,
26.2,26.2,Percentage of pupils,PCT,2,,6772067 - Bryn Bach Primary School,6772067,1176,,Eligible for free school meals or transitionally protected,fsmtp,2,,
27.3,27.3,Percentage of pupils,PCT,2,,6772070 - Glanhowy Primary School,6772070,1177,,Eligible for free school meals,fsm,1,,
35.5,35.5,Percentage of pupils,PCT,2,,6772070 - Glanhowy Primary School,6772070,1177,,Eligible for free school meals or transitionally protected,fsmtp,2,,
33.2,33.2,Percentage of pupils,PCT,2,,6772072 - Deighton Junior and Infants,6772072,1178,,Eligible for free school meals,fsm,1,,
41.6,41.6,Percentage of pupils,PCT,2,,6772072 - Deighton Junior and Infants,6772072,1178,,Eligible for free school meals or transitionally protected,fsmtp,2,,
11.2,11.2,Percentage of pupils,PCT,2,,6772074 - Georgetown Junior and Infants,6772074,1179,,Eligible for free school meals,fsm,1,,
17.2,17.2,Percentage of pupils,PCT,2,,6772074 - Georgetown Junior and Infants,6772074,1179,,Eligible for free school meals or transitionally protected,fsmtp,2,,
32.2,32.2,Percentage of pupils,PCT,2,,6772179 - SOFRYDD PRIMARY,6772179,1180,,Eligible for free school meals,fsm,1,,
40.1,40.1,Percentage of pupils,PCT,2,,6772179 - SOFRYDD PRIMARY,6772179,1180,,Eligible for free school meals or transitionally protected,fsmtp,2,,
19.7,19.7,Percentage of pupils,PCT,2,,6772253 - Cwm Primary School,6772253,1181,,Eligible for free school meals,fsm,1,,
27.1,27.1,Percentage of pupils,PCT,2,,6772253 - Cwm Primary School,6772253,1181,,Eligible for free school meals or transitionally protected,fsmtp,2,,
13.7,13.7,Percentage of pupils,PCT,2,,6772277 - Beaufort Hill Primary,6772277,1182,,Eligible for free school meals,fsm,1,,
18.1,18.1,Percentage of pupils,PCT,2,,6772277 - Beaufort Hill Primary,6772277,1182,,Eligible for free school meals or transitionally protected,fsmtp,2,,
24.4,24.4,Percentage of pupils,PCT,2,,6772278 - Willowtown Primary School,6772278,1183,,Eligible for free school meals,fsm,1,,
28.8,28.8,Percentage of pupils,PCT,2,,6772278 - Willowtown Primary School,6772278,1183,,Eligible for free school meals or transitionally protected,fsmtp,2,,
32.5,32.5,Percentage of pupils,PCT,2,,6772306 - Blaen-y-Cwm Primary School,6772306,1184,,Eligible for free school meals,fsm,1,,
38.7,38.7,Percentage of pupils,PCT,2,,6772306 - Blaen-y-Cwm Primary School,6772306,1184,,Eligible for free school meals or transitionally protected,fsmtp,2,,
14.7,14.7,Percentage of pupils,PCT,2,,6772307 - Ysgol Gymraeg Brohelyg,6772307,1185,,Eligible for free school meals,fsm,1,,
19.6,19.6,Percentage of pupils,PCT,2,,6772307 - Ysgol Gymraeg Brohelyg,6772307,1185,,Eligible for free school meals or transitionally protected,fsmtp,2,,
16.9,16.9,Percentage of pupils,PCT,2,,6772309 - GLYNCOED PRIMARY,6772309,1186,,Eligible for free school meals,fsm,1,,
22.3,22.3,Percentage of pupils,PCT,2,,6772309 - GLYNCOED PRIMARY,6772309,1186,,Eligible for free school meals or transitionally protected,fsmtp,2,,
43.9,43.9,Percentage of pupils,PCT,2,,6772310 - Rhos y Fedwen,6772310,1187,,Eligible for free school meals,fsm,1,,
52.8,52.8,Percentage of pupils,PCT,2,,6772310 - Rhos y Fedwen,6772310,1187,,Eligible for free school meals or transitionally protected,fsmtp,2,,
18.5,18.5,Percentage of pupils,PCT,2,,6772311 - Ystruth Primary,6772311,1188,,Eligible for free school meals,fsm,1,,
24.2,24.2,Percentage of pupils,PCT,2,,6772311 - Ystruth Primary,6772311,1188,,Eligible for free school meals or transitionally protected,fsmtp,2,,
21.3,21.3,Percentage of pupils,PCT,2,,6772312 - St. Illtyd's Primary School,6772312,1189,,Eligible for free school meals,fsm,1,,
32,32,Percentage of pupils,PCT,2,,6772312 - St. Illtyd's Primary School,6772312,1189,,Eligible for free school meals or transitionally protected,fsmtp,2,,
29.5,29.5,Percentage of pupils,PCT,2,,6772313 - Coed y Garn Primary School,6772313,1190,,Eligible for free school meals,fsm,1,,
38,38,Percentage of pupils,PCT,2,,6772313 - Coed y Garn Primary School,6772313,1190,,Eligible for free school meals or transitionally protected,fsmtp,2,,
21.4,21.4,Percentage of pupils,PCT,2,,6773308 - ST MARY'S ROMAN CATHOLIC,6773308,1191,,Eligible for free school meals,fsm,1,,
28.9,28.9,Percentage of pupils,PCT,2,,6773308 - ST MARY'S ROMAN CATHOLIC,6773308,1191,,Eligible for free school meals or transitionally protected,fsmtp,2,,
12.2,12.2,Percentage of pupils,PCT,2,,6773309 - St. MARY'S CHURCH SCHOOL,6773309,1192,,Eligible for free school meals,fsm,1,,
18.1,18.1,Percentage of pupils,PCT,2,,6773309 - St. MARY'S CHURCH SCHOOL,6773309,1192,,Eligible for free school meals or transitionally protected,fsmtp,2,,
30.5,30.5,Percentage of pupils,PCT,2,,6773315 - All Saints R.C. Primary School,6773315,1193,,Eligible for free school meals,fsm,1,,
45.2,45.2,Percentage of pupils,PCT,2,,6773315 - All Saints R.C. Primary School,6773315,1193,,Eligible for free school meals or transitionally protected,fsmtp,2,,
22.3,22.3,Percentage of pupils,PCT,2,,6773316 - St. Joseph's R.C. Primary,6773316,1194,,Eligible for free school meals,fsm,1,,
41.7,41.7,Percentage of pupils,PCT,2,,6773316 - St. Joseph's R.C. Primary,6773316,1194,,Eligible for free school meals or transitionally protected,fsmtp,2,,
24.9,24.9,Percentage of pupils,PCT,2,,6774061 - Tredegar Comprehensive School,6774061,1195,,Eligible for free school meals,fsm,1,,
33.4,33.4,Percentage of pupils,PCT,2,,6774061 - Tredegar Comprehensive School,6774061,1195,,Eligible for free school meals or transitionally protected,fsmtp,2,,
22.7,22.7,Percentage of pupils,PCT,2,,6775401 - Brynmawr Foundation School,6775401,1196,,Eligible for free school meals,fsm,1,,
33,33,Percentage of pupils,PCT,2,,6775401 - Brynmawr Foundation School,6775401,1196,,Eligible for free school meals or transitionally protected,fsmtp,2,,
21.8,21.8,Percentage of pupils,PCT,2,,6775500 - Ebbw Fawr Learning Community,6775500,1197,,Eligible for free school meals,fsm,1,,
31.7,31.7,Percentage of pupils,PCT,2,,6775500 - Ebbw Fawr Learning Community,6775500,1197,,Eligible for free school meals or transitionally protected,fsmtp,2,,
24.9,24.9,Percentage of pupils,PCT,2,,6775501 - Abertillery Learning Community,6775501,1198,,Eligible for free school meals,fsm,1,,
32.1,32.1,Percentage of pupils,PCT,2,,6775501 - Abertillery Learning Community,6775501,1198,,Eligible for free school meals or transitionally protected,fsmtp,2,,
40.8,40.8,Percentage of pupils,PCT,2,,6777011 - Pen-y-Cwm Special School,6777011,1199,,Eligible for free school meals,fsm,1,,
51.7,51.7,Percentage of pupils,PCT,2,,6777011 - Pen-y-Cwm Special School,6777011,1199,,Eligible for free school meals or transitionally protected,fsmtp,2,,
59,59,Percentage of pupils,PCT,2,,6777012 - The River Centre 3-16 Learning Community,6777012,1200,,Eligible for free school meals,fsm,1,,
65.6,65.6,Percentage of pupils,PCT,2,,6777012 - The River Centre 3-16 Learning Community,6777012,1200,,Eligible for free school meals or transitionally protected,fsmtp,2,,
7.9,7.9,Percentage of pupils,PCT,2,,6782203 - Llanyrafon Primary School,6782203,1201,,Eligible for free school meals,fsm,1,,
13.7,13.7,Percentage of pupils,PCT,2,,6782203 - Llanyrafon Primary School,6782203,1201,,Eligible for free school meals or transitionally protected,fsmtp,2,,
34.3,34.3,Percentage of pupils,PCT,2,,6782204 - Maendy Junior and Infants,6782204,1202,,Eligible for free school meals,fsm,1,,
43.5,43.5,Percentage of pupils,PCT,2,,6782204 - Maendy Junior and Infants,6782204,1202,,Eligible for free school meals or transitionally protected,fsmtp,2,,
10.2,10.2,Percentage of pupils,PCT,2,,6782205 - Llantarnam Community Primary School,6782205,1203,,Eligible for free school meals,fsm,1,,
18.9,18.9,Percentage of pupils,PCT,2,,6782205 - Llantarnam Community Primary School,6782205,1203,,Eligible for free school meals or transitionally protected,fsmtp,2,,
24.5,24.5,Percentage of pupils,PCT,2,,6782211 - Pontnewydd Primary & Nursery,6782211,1204,,Eligible for free school meals,fsm,1,,
34.7,34.7,Percentage of pupils,PCT,2,,6782211 - Pontnewydd Primary & Nursery,6782211,1204,,Eligible for free school meals or transitionally protected,fsmtp,2,,
20,20,Percentage of pupils,PCT,2,,6782249 - Greenmeadow Primary,6782249,1205,,Eligible for free school meals,fsm,1,,
30,30,Percentage of pupils,PCT,2,,6782249 - Greenmeadow Primary,6782249,1205,,Eligible for free school meals or transitionally protected,fsmtp,2,,
20.9,20.9,Percentage of pupils,PCT,2,,6782298 - Cwmffrwdoer Primary,6782298,1206,,Eligible for free school meals,fsm,1,,
29.5,29.5,Percentage of pupils,PCT,2,,6782298 - Cwmffrwdoer Primary,6782298,1206,,Eligible for free school meals or transitionally protected,fsmtp,2,,
28.4,28.4,Percentage of pupils,PCT,2,,6782308 - George Street Primary School,6782308,1207,,Eligible for free school meals,fsm,1,,
34.7,34.7,Percentage of pupils,PCT,2,,6782308 - George Street Primary School,6782308,1207,,Eligible for free school meals or transitionally protected,fsmtp,2,,
26,26,Percentage of pupils,PCT,2,,6782312 - Ysgol Gymraeg Cwmbran Primary,6782312,1208,,Eligible for free school meals,fsm,1,,
29.2,29.2,Percentage of pupils,PCT,2,,6782312 - Ysgol Gymraeg Cwmbran Primary,6782312,1208,,Eligible for free school meals or transitionally protected,fsmtp,2,,
29.9,29.9,Percentage of pupils,PCT,2,,6782315 - Garnteg Primary,6782315,1209,,Eligible for free school meals,fsm,1,,
43.2,43.2,Percentage of pupils,PCT,2,,6782315 - Garnteg Primary,6782315,1209,,Eligible for free school meals or transitionally protected,fsmtp,2,,
17.2,17.2,Percentage of pupils,PCT,2,,6782318 - YSGOL BRYN ONNEN,6782318,1210,,Eligible for free school meals,fsm,1,,
28.7,28.7,Percentage of pupils,PCT,2,,6782318 - YSGOL BRYN ONNEN,6782318,1210,,Eligible for free school meals or transitionally protected,fsmtp,2,,
23.3,23.3,Percentage of pupils,PCT,2,,6782319 - Woodlands Community Primary School,6782319,1211,,Eligible for free school meals,fsm,1,,
33.4,33.4,Percentage of pupils,PCT,2,,6782319 - Woodlands Community Primary School,6782319,1211,,Eligible for free school meals or transitionally protected,fsmtp,2,,
11.1,11.1,Percentage of pupils,PCT,2,,6782320 - New Inn Primary School,6782320,1212,,Eligible for free school meals,fsm,1,,
15,15,Percentage of pupils,PCT,2,,6782320 - New Inn Primary School,6782320,1212,,Eligible for free school meals or transitionally protected,fsmtp,2,,
15.6,15.6,Percentage of pupils,PCT,2,,6782321 - Griffithstown Primary School,6782321,1213,,Eligible for free school meals,fsm,1,,
23.8,23.8,Percentage of pupils,PCT,2,,6782321 - Griffithstown Primary School,6782321,1213,,Eligible for free school meals or transitionally protected,fsmtp,2,,
47.8,47.8,Percentage of pupils,PCT,2,,6782322 - Penygarn Community Primary School,6782322,1214,,Eligible for free school meals,fsm,1,,
61.7,61.7,Percentage of pupils,PCT,2,,6782322 - Penygarn Community Primary School,6782322,1214,,Eligible for free school meals or transitionally protected,fsmtp,2,,
31.5,31.5,Percentage of pupils,PCT,2,,6782323 - Blenheim Road Community Primary School,6782323,1215,,Eligible for free school meals,fsm,1,,
41.8,41.8,Percentage of pupils,PCT,2,,6782323 - Blenheim Road Community Primary School,6782323,1215,,Eligible for free school meals or transitionally protected,fsmtp,2,,
19.9,19.9,Percentage of pupils,PCT,2,,6782324 - Coed Eva Primary School,6782324,1216,,Eligible for free school meals,fsm,1,,
29,29,Percentage of pupils,PCT,2,,6782324 - Coed Eva Primary School,6782324,1216,,Eligible for free school meals or transitionally protected,fsmtp,2,,
16,16,Percentage of pupils,PCT,2,,6782325 - Croesyceiliog Primary School,6782325,1217,,Eligible for free school meals,fsm,1,,
21,21,Percentage of pupils,PCT,2,,6782325 - Croesyceiliog Primary School,6782325,1217,,Eligible for free school meals or transitionally protected,fsmtp,2,,
31,31,Percentage of pupils,PCT,2,,6782326 - Nant Celyn Primary School,6782326,1218,,Eligible for free school meals,fsm,1,,
41,41,Percentage of pupils,PCT,2,,6782326 - Nant Celyn Primary School,6782326,1218,,Eligible for free school meals or transitionally protected,fsmtp,2,,
10.5,10.5,Percentage of pupils,PCT,2,,6782327 - Ysgol Panteg,6782327,1219,,Eligible for free school meals,fsm,1,,
21.5,21.5,Percentage of pupils,PCT,2,,6782327 - Ysgol Panteg,6782327,1219,,Eligible for free school meals or transitionally protected,fsmtp,2,,
24.8,24.8,Percentage of pupils,PCT,2,,6783028 - Blaenavon Heritage VC Primary School,6783028,1220,,Eligible for free school meals,fsm,1,,
37.9,37.9,Percentage of pupils,PCT,2,,6783028 - Blaenavon Heritage VC Primary School,6783028,1220,,Eligible for free school meals or transitionally protected,fsmtp,2,,
12.9,12.9,Percentage of pupils,PCT,2,,6783321 - Cwmbran R.C. Jnr. & Infts.,6783321,1221,,Eligible for free school meals,fsm,1,,
22.5,22.5,Percentage of pupils,PCT,2,,6783321 - Cwmbran R.C. Jnr. & Infts.,6783321,1221,,Eligible for free school meals or transitionally protected,fsmtp,2,,
18.1,18.1,Percentage of pupils,PCT,2,,6783324 - St. Davids Cwmbran R.C. School,6783324,1222,,Eligible for free school meals,fsm,1,,
24.1,24.1,Percentage of pupils,PCT,2,,6783324 - St. Davids Cwmbran R.C. School,6783324,1222,,Eligible for free school meals or transitionally protected,fsmtp,2,,
5.3,5.3,Percentage of pupils,PCT,2,,6783330 - Henllys Church in Wales,6783330,1223,,Eligible for free school meals,fsm,1,,
12.4,12.4,Percentage of pupils,PCT,2,,6783330 - Henllys Church in Wales,6783330,1223,,Eligible for free school meals or transitionally protected,fsmtp,2,,
22.4,22.4,Percentage of pupils,PCT,2,,6783331 - Padre Pio RC Primary School,6783331,1224,,Eligible for free school meals,fsm,1,,
29,29,Percentage of pupils,PCT,2,,6783331 - Padre Pio RC Primary School,6783331,1224,,Eligible for free school meals or transitionally protected,fsmtp,2,,
,,Percentage of pupils,PCT,2,,6783332 - PONTHIR CHURCH IN WALES SCHOOL,6783332,1225,,Eligible for free school meals,fsm,1,,Confidential
,,Percentage of pupils,PCT,2,,6783332 - PONTHIR CHURCH IN WALES SCHOOL,6783332,1225,,Eligible for free school meals or transitionally protected,fsmtp,2,,Confidential
18.5,18.5,Percentage of pupils,PCT,2,,6784051 - Croesyceiliog School,6784051,1226,,Eligible for free school meals,fsm,1,,
30.2,30.2,Percentage of pupils,PCT,2,,6784051 - Croesyceiliog School,6784051,1226,,Eligible for free school meals or transitionally protected,fsmtp,2,,
29.6,29.6,Percentage of pupils,PCT,2,,6784070 - Abersychan Comprehensive,6784070,1227,,Eligible for free school meals,fsm,1,,
43.4,43.4,Percentage of pupils,PCT,2,,6784070 - Abersychan Comprehensive,6784070,1227,,Eligible for free school meals or transitionally protected,fsmtp,2,,
23.5,23.5,Percentage of pupils,PCT,2,,6784072 - West Monmouth School,6784072,1228,,Eligible for free school meals,fsm,1,,
32.4,32.4,Percentage of pupils,PCT,2,,6784072 - West Monmouth School,6784072,1228,,Eligible for free school meals or transitionally protected,fsmtp,2,,
28.4,28.4,Percentage of pupils,PCT,2,,6784076 - Cwmbran High School,6784076,1229,,Eligible for free school meals,fsm,1,,
40.6,40.6,Percentage of pupils,PCT,2,,6784076 - Cwmbran High School,6784076,1229,,Eligible for free school meals or transitionally protected,fsmtp,2,,
14.6,14.6,Percentage of pupils,PCT,2,,6784603 - St. Albans R.C. High School,6784603,1230,,Eligible for free school meals,fsm,1,,
18.8,18.8,Percentage of pupils,PCT,2,,6784603 - St. Albans R.C. High School,6784603,1230,,Eligible for free school meals or transitionally protected,fsmtp,2,,
15.7,15.7,Percentage of pupils,PCT,2,,6785500 - Ysgol Gymraeg Gwynllyw,6785500,1231,,Eligible for free school meals,fsm,1,,
24.4,24.4,Percentage of pupils,PCT,2,,6785500 - Ysgol Gymraeg Gwynllyw,6785500,1231,,Eligible for free school meals or transitionally protected,fsmtp,2,,
40.1,40.1,Percentage of pupils,PCT,2,,6787012 - Crownbridge Special School,6787012,1232,,Eligible for free school meals,fsm,1,,
47.9,47.9,Percentage of pupils,PCT,2,,6787012 - Crownbridge Special School,6787012,1232,,Eligible for free school meals or transitionally protected,fsmtp,2,,
8.9,8.9,Percentage of pupils,PCT,2,,6792057 - Gilwern Primary School,6792057,1233,,Eligible for free school meals,fsm,1,,
11.3,11.3,Percentage of pupils,PCT,2,,6792057 - Gilwern Primary School,6792057,1233,,Eligible for free school meals or transitionally protected,fsmtp,2,,
3.8,3.8,Percentage of pupils,PCT,2,,6792134 - Goytre Fawr Primary,6792134,1234,,Eligible for free school meals,fsm,1,,
7.1,7.1,Percentage of pupils,PCT,2,,6792134 - Goytre Fawr Primary,6792134,1234,,Eligible for free school meals or transitionally protected,fsmtp,2,,
3.8,3.8,Percentage of pupils,PCT,2,,6792163 - Undy Primary School,6792163,1235,,Eligible for free school meals,fsm,1,,
6.7,6.7,Percentage of pupils,PCT,2,,6792163 - Undy Primary School,6792163,1235,,Eligible for free school meals or transitionally protected,fsmtp,2,,
9.1,9.1,Percentage of pupils,PCT,2,,6792164 - ROGIET COUNTY PRIMARY,6792164,1236,,Eligible for free school meals,fsm,1,,
14.6,14.6,Percentage of pupils,PCT,2,,6792164 - ROGIET COUNTY PRIMARY,6792164,1236,,Eligible for free school meals or transitionally protected,fsmtp,2,,
16,16,Percentage of pupils,PCT,2,,6792228 - Pembroke Primary,6792228,1237,,Eligible for free school meals,fsm,1,,
22.5,22.5,Percentage of pupils,PCT,2,,6792228 - Pembroke Primary,6792228,1237,,Eligible for free school meals or transitionally protected,fsmtp,2,,
,,Percentage of pupils,PCT,2,,6792243 - LLANVIHANGEL CRUCORNEY COUNTY PRIMARY SCHOOL,6792243,1238,,Eligible for free school meals,fsm,1,,Confidential
,,Percentage of pupils,PCT,2,,6792243 - LLANVIHANGEL CRUCORNEY COUNTY PRIMARY SCHOOL,6792243,1238,,Eligible for free school meals or transitionally protected,fsmtp,2,,Confidential
18.9,18.9,Percentage of pupils,PCT,2,,6792246 - Thornwell Primary School,6792246,1239,,Eligible for free school meals,fsm,1,,
25.2,25.2,Percentage of pupils,PCT,2,,6792246 - Thornwell Primary School,6792246,1239,,Eligible for free school meals or transitionally protected,fsmtp,2,,
12.2,12.2,Percentage of pupils,PCT,2,,6792261 - Durand Primary School,6792261,1240,,Eligible for free school meals,fsm,1,,
21.4,21.4,Percentage of pupils,PCT,2,,6792261 - Durand Primary School,6792261,1240,,Eligible for free school meals or transitionally protected,fsmtp,2,,
10.9,10.9,Percentage of pupils,PCT,2,,6792263 - Llandogo Primary,6792263,1241,,Eligible for free school meals,fsm,1,,
15.6,15.6,Percentage of pupils,PCT,2,,6792263 - Llandogo Primary,6792263,1241,,Eligible for free school meals or transitionally protected,fsmtp,2,,
3,3,Percentage of pupils,PCT,2,,6792299 - Shirenewton Primary School,6792299,1242,,Eligible for free school meals,fsm,1,,
4.6,4.6,Percentage of pupils,PCT,2,,6792299 - Shirenewton Primary School,6792299,1242,,Eligible for free school meals or transitionally protected,fsmtp,2,,
4.1,4.1,Percentage of pupils,PCT,2,,6792301 - Trellech Junior & Infants,6792301,1243,,Eligible for free school meals,fsm,1,,
6.5,6.5,Percentage of pupils,PCT,2,,6792301 - Trellech Junior & Infants,6792301,1243,,Eligible for free school meals or transitionally protected,fsmtp,2,,
2.8,2.8,Percentage of pupils,PCT,2,,6792303 - The Dell Primary,6792303,1244,,Eligible for free school meals,fsm,1,,
7.5,7.5,Percentage of pupils,PCT,2,,6792303 - The Dell Primary,6792303,1244,,Eligible for free school meals or transitionally protected,fsmtp,2,,
16,16,Percentage of pupils,PCT,2,,6792304 - Overmonnow Primary School,6792304,1245,,Eligible for free school meals,fsm,1,,
26.7,26.7,Percentage of pupils,PCT,2,,6792304 - Overmonnow Primary School,6792304,1245,,Eligible for free school meals or transitionally protected,fsmtp,2,,
7.2,7.2,Percentage of pupils,PCT,2,,6792305 - Cross Ash County Primary School,6792305,1246,,Eligible for free school meals,fsm,1,,
7.8,7.8,Percentage of pupils,PCT,2,,6792305 - Cross Ash County Primary School,6792305,1246,,Eligible for free school meals or transitionally protected,fsmtp,2,,
8.5,8.5,Percentage of pupils,PCT,2,,6792317 - Ysgol Gymraeg Y Fenni,6792317,1247,,Eligible for free school meals,fsm,1,,
13.7,13.7,Percentage of pupils,PCT,2,,6792317 - Ysgol Gymraeg Y Fenni,6792317,1247,,Eligible for free school meals or transitionally protected,fsmtp,2,,
15.9,15.9,Percentage of pupils,PCT,2,,6792318 - YSGOL GYMRAEG Y FFIN,6792318,1248,,Eligible for free school meals,fsm,1,,
17.8,17.8,Percentage of pupils,PCT,2,,6792318 - YSGOL GYMRAEG Y FFIN,6792318,1248,,Eligible for free school meals or transitionally protected,fsmtp,2,,
6.4,6.4,Percentage of pupils,PCT,2,,6792319 - Cantref Primary,6792319,1249,,Eligible for free school meals,fsm,1,,
8.1,8.1,Percentage of pupils,PCT,2,,6792319 - Cantref Primary,6792319,1249,,Eligible for free school meals or transitionally protected,fsmtp,2,,
25.5,25.5,Percentage of pupils,PCT,2,,6792321 - KYMIN VIEW PRIMARY SCHOOL,6792321,1250,,Eligible for free school meals,fsm,1,,
31,31,Percentage of pupils,PCT,2,,6792321 - KYMIN VIEW PRIMARY SCHOOL,6792321,1250,,Eligible for free school meals or transitionally protected,fsmtp,2,,
15.6,15.6,Percentage of pupils,PCT,2,,6792322 - Castle Park Primary School,6792322,1251,,Eligible for free school meals,fsm,1,,
22,22,Percentage of pupils,PCT,2,,6792322 - Castle Park Primary School,6792322,1251,,Eligible for free school meals or transitionally protected,fsmtp,2,,
14.8,14.8,Percentage of pupils,PCT,2,,6792323 - Llanfoist Fawr Primary,6792323,1252,,Eligible for free school meals,fsm,1,,
20.1,20.1,Percentage of pupils,PCT,2,,6792323 - Llanfoist Fawr Primary,6792323,1252,,Eligible for free school meals or transitionally protected,fsmtp,2,,
16.7,16.7,Percentage of pupils,PCT,2,,6792324 - Dewstow,6792324,1253,,Eligible for free school meals,fsm,1,,
29.4,29.4,Percentage of pupils,PCT,2,,6792324 - Dewstow,6792324,1253,,Eligible for free school meals or transitionally protected,fsmtp,2,,
,,Percentage of pupils,PCT,2,,6792325 - Ysgol Gymraeg Trefynwy,6792325,1254,,Eligible for free school meals,fsm,1,,Confidential
,,Percentage of pupils,PCT,2,,6792325 - Ysgol Gymraeg Trefynwy,6792325,1254,,Eligible for free school meals or transitionally protected,fsmtp,2,,Confidential
13.8,13.8,Percentage of pupils,PCT,2,,6793004 - Llantilio Pertholey CV Primary,6793004,1255,,Eligible for free school meals,fsm,1,,
23.2,23.2,Percentage of pupils,PCT,2,,6793004 - Llantilio Pertholey CV Primary,6793004,1255,,Eligible for free school meals or transitionally protected,fsmtp,2,,
4.6,4.6,Percentage of pupils,PCT,2,,6793022 - Usk Primary School,6793022,1256,,Eligible for free school meals,fsm,1,,
8.4,8.4,Percentage of pupils,PCT,2,,6793022 - Usk Primary School,6793022,1256,,Eligible for free school meals or transitionally protected,fsmtp,2,,
4.2,4.2,Percentage of pupils,PCT,2,,6793031 - Raglan Primary,6793031,1257,,Eligible for free school meals,fsm,1,,
6.1,6.1,Percentage of pupils,PCT,2,,6793031 - Raglan Primary,6793031,1257,,Eligible for free school meals or transitionally protected,fsmtp,2,,
4.1,4.1,Percentage of pupils,PCT,2,,6793032 - Osbaston Church in Wales School,6793032,1258,,Eligible for free school meals,fsm,1,,
7.1,7.1,Percentage of pupils,PCT,2,,6793032 - Osbaston Church in Wales School,6793032,1258,,Eligible for free school meals or transitionally protected,fsmtp,2,,
8.6,8.6,Percentage of pupils,PCT,2,,6793310 - Magor V A Primary School,6793310,1259,,Eligible for free school meals,fsm,1,,
14.5,14.5,Percentage of pupils,PCT,2,,6793310 - Magor V A Primary School,6793310,1259,,Eligible for free school meals or transitionally protected,fsmtp,2,,
15.8,15.8,Percentage of pupils,PCT,2,,6793317 - Our Lady & St Michael's RC,6793317,1260,,Eligible for free school meals,fsm,1,,
20.7,20.7,Percentage of pupils,PCT,2,,6793317 - Our Lady & St Michael's RC,6793317,1260,,Eligible for free school meals or transitionally protected,fsmtp,2,,
15.4,15.4,Percentage of pupils,PCT,2,,6793326 - ST MARY'S R.C.P.SCHOOL,6793326,1261,,Eligible for free school meals,fsm,1,,
21.4,21.4,Percentage of pupils,PCT,2,,6793326 - ST MARY'S R.C.P.SCHOOL,6793326,1261,,Eligible for free school meals or transitionally protected,fsmtp,2,,
6.7,6.7,Percentage of pupils,PCT,2,,6793327 - ARCHBISHOP ROWAN WILLIAMS VA,6793327,1262,,Eligible for free school meals,fsm,1,,
11,11,Percentage of pupils,PCT,2,,6793327 - ARCHBISHOP ROWAN WILLIAMS VA,6793327,1262,,Eligible for free school meals or transitionally protected,fsmtp,2,,
9.4,9.4,Percentage of pupils,PCT,2,,6794060 - Monmouth Comprehensive School,6794060,1263,,Eligible for free school meals,fsm,1,,
14.3,14.3,Percentage of pupils,PCT,2,,6794060 - Monmouth Comprehensive School,6794060,1263,,Eligible for free school meals or transitionally protected,fsmtp,2,,
9.9,9.9,Percentage of pupils,PCT,2,,6794065 - Chepstow Comprehensive School,6794065,1264,,Eligible for free school meals,fsm,1,,
14.4,14.4,Percentage of pupils,PCT,2,,6794065 - Chepstow Comprehensive School,6794065,1264,,Eligible for free school meals or transitionally protected,fsmtp,2,,
11,11,Percentage of pupils,PCT,2,,6794066 - Caldicot School,6794066,1265,,Eligible for free school meals,fsm,1,,
18.8,18.8,Percentage of pupils,PCT,2,,6794066 - Caldicot School,6794066,1265,,Eligible for free school meals or transitionally protected,fsmtp,2,,
18,18,Percentage of pupils,PCT,2,,6795500 - King Henry VIII 319,6795500,1266,,Eligible for free school meals,fsm,1,,
25.5,25.5,Percentage of pupils,PCT,2,,6795500 - King Henry VIII 319,6795500,1266,,Eligible for free school meals or transitionally protected,fsmtp,2,,
0,0,Percentage of pupils,PCT,2,,6801019 - Newport Nursery School,6801019,1267,,Eligible for free school meals,fsm,1,,
0,0,Percentage of pupils,PCT,2,,6801019 - Newport Nursery School,6801019,1267,,Eligible for free school meals or transitionally protected,fsmtp,2,,
4.6,4.6,Percentage of pupils,PCT,2,,6802003 - Clytha Primary School,6802003,1268,,Eligible for free school meals,fsm,1,,
6.3,6.3,Percentage of pupils,PCT,2,,6802003 - Clytha Primary School,6802003,1268,,Eligible for free school meals or transitionally protected,fsmtp,2,,
36,36,Percentage of pupils,PCT,2,,6802004 - Crindau Primary School,6802004,1269,,Eligible for free school meals,fsm,1,,
46.3,46.3,Percentage of pupils,PCT,2,,6802004 - Crindau Primary School,6802004,1269,,Eligible for free school meals or transitionally protected,fsmtp,2,,
13,13,Percentage of pupils,PCT,2,,6802009 - Eveswell Primary School,6802009,1270,,Eligible for free school meals,fsm,1,,
17.3,17.3,Percentage of pupils,PCT,2,,6802009 - Eveswell Primary School,6802009,1270,,Eligible for free school meals or transitionally protected,fsmtp,2,,
36.7,36.7,Percentage of pupils,PCT,2,,6802017 - Maesglas Primary & Nursery,6802017,1271,,Eligible for free school meals,fsm,1,,
49.3,49.3,Percentage of pupils,PCT,2,,6802017 - Maesglas Primary & Nursery,6802017,1271,,Eligible for free school meals or transitionally protected,fsmtp,2,,
23.1,23.1,Percentage of pupils,PCT,2,,6802019 - Maindee Primary,6802019,1272,,Eligible for free school meals,fsm,1,,
31.4,31.4,Percentage of pupils,PCT,2,,6802019 - Maindee Primary,6802019,1272,,Eligible for free school meals or transitionally protected,fsmtp,2,,
29.7,29.7,Percentage of pupils,PCT,2,,6802022 - Malpas Court Primary,6802022,1273,,Eligible for free school meals,fsm,1,,
42.2,42.2,Percentage of pupils,PCT,2,,6802022 - Malpas Court Primary,6802022,1273,,Eligible for free school meals or transitionally protected,fsmtp,2,,
20.3,20.3,Percentage of pupils,PCT,2,,6802027 - St. Woolos Primary,6802027,1274,,Eligible for free school meals,fsm,1,,
24.4,24.4,Percentage of pupils,PCT,2,,6802027 - St. Woolos Primary,6802027,1274,,Eligible for free school meals or transitionally protected,fsmtp,2,,
32.4,32.4,Percentage of pupils,PCT,2,,6802030 - Somerton Primary,6802030,1275,,Eligible for free school meals,fsm,1,,
38.5,38.5,Percentage of pupils,PCT,2,,6802030 - Somerton Primary,6802030,1275,,Eligible for free school meals or transitionally protected,fsmtp,2,,
,,Percentage of pupils,PCT,2,,6802039 - Glasllwch Primary School,6802039,1276,,Eligible for free school meals,fsm,1,,Confidential
2.2,2.2,Percentage of pupils,PCT,2,,6802039 - Glasllwch Primary School,6802039,1276,,Eligible for free school meals or transitionally protected,fsmtp,2,,
10,10,Percentage of pupils,PCT,2,,6802043 - Malpas Park Jnr & Infts.,6802043,1277,,Eligible for free school meals,fsm,1,,
14.6,14.6,Percentage of pupils,PCT,2,,6802043 - Malpas Park Jnr & Infts.,6802043,1277,,Eligible for free school meals or transitionally protected,fsmtp,2,,
1.7,1.7,Percentage of pupils,PCT,2,,6802209 - Langstone Primary School,6802209,1278,,Eligible for free school meals,fsm,1,,
4.9,4.9,Percentage of pupils,PCT,2,,6802209 - Langstone Primary School,6802209,1278,,Eligible for free school meals or transitionally protected,fsmtp,2,,
29.8,29.8,Percentage of pupils,PCT,2,,6802224 - Llanmartin Junior & Infants,6802224,1279,,Eligible for free school meals,fsm,1,,
35.5,35.5,Percentage of pupils,PCT,2,,6802224 - Llanmartin Junior & Infants,6802224,1279,,Eligible for free school meals or transitionally protected,fsmtp,2,,
3.4,3.4,Percentage of pupils,PCT,2,,6802236 - Marshfield Primary School,6802236,1280,,Eligible for free school meals,fsm,1,,
5.6,5.6,Percentage of pupils,PCT,2,,6802236 - Marshfield Primary School,6802236,1280,,Eligible for free school meals or transitionally protected,fsmtp,2,,
1.9,1.9,Percentage of pupils,PCT,2,,6802258 - Mount Pleasant Primary,6802258,1281,,Eligible for free school meals,fsm,1,,
4.2,4.2,Percentage of pupils,PCT,2,,6802258 - Mount Pleasant Primary,6802258,1281,,Eligible for free school meals or transitionally protected,fsmtp,2,,
10.5,10.5,Percentage of pupils,PCT,2,,6802276 - Rogerstone Primary,6802276,1282,,Eligible for free school meals,fsm,1,,
14.3,14.3,Percentage of pupils,PCT,2,,6802276 - Rogerstone Primary,6802276,1282,,Eligible for free school meals or transitionally protected,fsmtp,2,,
7.8,7.8,Percentage of pupils,PCT,2,,6802295 - HIGH CROSS PRIMARY SCHOOL,6802295,1283,,Eligible for free school meals,fsm,1,,
14.8,14.8,Percentage of pupils,PCT,2,,6802295 - HIGH CROSS PRIMARY SCHOOL,6802295,1283,,Eligible for free school meals or transitionally protected,fsmtp,2,,
2.2,2.2,Percentage of pupils,PCT,2,,6802300 - Pentrepoeth Primary,6802300,1284,,Eligible for free school meals,fsm,1,,
5.5,5.5,Percentage of pupils,PCT,2,,6802300 - Pentrepoeth Primary,6802300,1284,,Eligible for free school meals or transitionally protected,fsmtp,2,,
31.3,31.3,Percentage of pupils,PCT,2,,6802302 - Pillgwenlly Primary School,6802302,1285,,Eligible for free school meals,fsm,1,,
37.8,37.8,Percentage of pupils,PCT,2,,6802302 - Pillgwenlly Primary School,6802302,1285,,Eligible for free school meals or transitionally protected,fsmtp,2,,
18,18,Percentage of pupils,PCT,2,,6802314 - Ysgol Gymraeg Casnewydd,6802314,1286,,Eligible for free school meals,fsm,1,,
25.1,25.1,Percentage of pupils,PCT,2,,6802314 - Ysgol Gymraeg Casnewydd,6802314,1286,,Eligible for free school meals or transitionally protected,fsmtp,2,,
40.5,40.5,Percentage of pupils,PCT,2,,6802315 - Alway Primary School,6802315,1287,,Eligible for free school meals,fsm,1,,
52.9,52.9,Percentage of pupils,PCT,2,,6802315 - Alway Primary School,6802315,1287,,Eligible for free school meals or transitionally protected,fsmtp,2,,
37.9,37.9,Percentage of pupils,PCT,2,,6802316 - RINGLAND PRIMARY,6802316,1288,,Eligible for free school meals,fsm,1,,
47.9,47.9,Percentage of pupils,PCT,2,,6802316 - RINGLAND PRIMARY,6802316,1288,,Eligible for free school meals or transitionally protected,fsmtp,2,,
23,23,Percentage of pupils,PCT,2,,6802317 - Millbrook Primary,6802317,1289,,Eligible for free school meals,fsm,1,,
39.2,39.2,Percentage of pupils,PCT,2,,6802317 - Millbrook Primary,6802317,1289,,Eligible for free school meals or transitionally protected,fsmtp,2,,
43.7,43.7,Percentage of pupils,PCT,2,,6802318 - Monnow Primary,6802318,1290,,Eligible for free school meals,fsm,1,,
51.7,51.7,Percentage of pupils,PCT,2,,6802318 - Monnow Primary,6802318,1290,,Eligible for free school meals or transitionally protected,fsmtp,2,,
13.1,13.1,Percentage of pupils,PCT,2,,6802319 - Glan Usk Primary,6802319,1291,,Eligible for free school meals,fsm,1,,
19.2,19.2,Percentage of pupils,PCT,2,,6802319 - Glan Usk Primary,6802319,1291,,Eligible for free school meals or transitionally protected,fsmtp,2,,
18.7,18.7,Percentage of pupils,PCT,2,,6802320 - Ysgol Gymraeg Ifor Hael,6802320,1292,,Eligible for free school meals,fsm,1,,
25.9,25.9,Percentage of pupils,PCT,2,,6802320 - Ysgol Gymraeg Ifor Hael,6802320,1292,,Eligible for free school meals or transitionally protected,fsmtp,2,,
27.4,27.4,Percentage of pupils,PCT,2,,6802321 - Lliswerry Primary School,6802321,1293,,Eligible for free school meals,fsm,1,,
34.5,34.5,Percentage of pupils,PCT,2,,6802321 - Lliswerry Primary School,6802321,1293,,Eligible for free school meals or transitionally protected,fsmtp,2,,
20.9,20.9,Percentage of pupils,PCT,2,,6802322 - St. Julians Primary School,6802322,1294,,Eligible for free school meals,fsm,1,,
28.4,28.4,Percentage of pupils,PCT,2,,6802322 - St. Julians Primary School,6802322,1294,,Eligible for free school meals or transitionally protected,fsmtp,2,,
9.9,9.9,Percentage of pupils,PCT,2,,6802323 - Ysgol Gymraeg Bro Teyrnon,6802323,1295,,Eligible for free school meals,fsm,1,,
14.2,14.2,Percentage of pupils,PCT,2,,6802323 - Ysgol Gymraeg Bro Teyrnon,6802323,1295,,Eligible for free school meals or transitionally protected,fsmtp,2,,
16.1,16.1,Percentage of pupils,PCT,2,,6802324 - Caerleon Lodge Hill Primary,6802324,1296,,Eligible for free school meals,fsm,1,,
22.1,22.1,Percentage of pupils,PCT,2,,6802324 - Caerleon Lodge Hill Primary,6802324,1296,,Eligible for free school meals or transitionally protected,fsmtp,2,,
23.1,23.1,Percentage of pupils,PCT,2,,6802325 - St Andrews Primary School,6802325,1297,,Eligible for free school meals,fsm,1,,
31.1,31.1,Percentage of pupils,PCT,2,,6802325 - St Andrews Primary School,6802325,1297,,Eligible for free school meals or transitionally protected,fsmtp,2,,
20.5,20.5,Percentage of pupils,PCT,2,,6802326 - Gaer Primary School,6802326,1298,,Eligible for free school meals,fsm,1,,
29.4,29.4,Percentage of pupils,PCT,2,,6802326 - Gaer Primary School,6802326,1298,,Eligible for free school meals or transitionally protected,fsmtp,2,,
31.2,31.2,Percentage of pupils,PCT,2,,6802327 - Tredegar Park Primary,6802327,1299,,Eligible for free school meals,fsm,1,,
40.9,40.9,Percentage of pupils,PCT,2,,6802327 - Tredegar Park Primary,6802327,1299,,Eligible for free school meals or transitionally protected,fsmtp,2,,
5.2,5.2,Percentage of pupils,PCT,2,,6802328 - Jubilee Park Primary School,6802328,1300,,Eligible for free school meals,fsm,1,,
7.4,7.4,Percentage of pupils,PCT,2,,6802328 - Jubilee Park Primary School,6802328,1300,,Eligible for free school meals or transitionally protected,fsmtp,2,,
34.8,34.8,Percentage of pupils,PCT,2,,6802329 - Milton Primary School,6802329,1301,,Eligible for free school meals,fsm,1,,
47.8,47.8,Percentage of pupils,PCT,2,,6802329 - Milton Primary School,6802329,1301,,Eligible for free school meals or transitionally protected,fsmtp,2,,
15,15,Percentage of pupils,PCT,2,,6802330 - Glan Llyn Primary School,6802330,1302,,Eligible for free school meals,fsm,1,,
20.3,20.3,Percentage of pupils,PCT,2,,6802330 - Glan Llyn Primary School,6802330,1302,,Eligible for free school meals or transitionally protected,fsmtp,2,,
27.5,27.5,Percentage of pupils,PCT,2,,6802331 - Ysgol Gymraeg Nant Gwenlli,6802331,1303,,Eligible for free school meals,fsm,1,,
32.5,32.5,Percentage of pupils,PCT,2,,6802331 - Ysgol Gymraeg Nant Gwenlli,6802331,1303,,Eligible for free school meals or transitionally protected,fsmtp,2,,
9.9,9.9,Percentage of pupils,PCT,2,,6803002 - Malpas Church in Wales Primary School,6803002,1304,,Eligible for free school meals,fsm,1,,
15.2,15.2,Percentage of pupils,PCT,2,,6803002 - Malpas Church in Wales Primary School,6803002,1304,,Eligible for free school meals or transitionally protected,fsmtp,2,,
9.8,9.8,Percentage of pupils,PCT,2,,6803300 - St. Davids Primary,6803300,1305,,Eligible for free school meals,fsm,1,,
15.8,15.8,Percentage of pupils,PCT,2,,6803300 - St. Davids Primary,6803300,1305,,Eligible for free school meals or transitionally protected,fsmtp,2,,
7.8,7.8,Percentage of pupils,PCT,2,,6803301 - St Josephs R.C. Jnr. & Infts,6803301,1306,,Eligible for free school meals,fsm,1,,
14.6,14.6,Percentage of pupils,PCT,2,,6803301 - St Josephs R.C. Jnr. & Infts,6803301,1306,,Eligible for free school meals or transitionally protected,fsmtp,2,,
9.9,9.9,Percentage of pupils,PCT,2,,6803302 - St Marys Primary School,6803302,1307,,Eligible for free school meals,fsm,1,,
16.5,16.5,Percentage of pupils,PCT,2,,6803302 - St Marys Primary School,6803302,1307,,Eligible for free school meals or transitionally protected,fsmtp,2,,
15.6,15.6,Percentage of pupils,PCT,2,,6803304 - St Michael's RC Primary School,6803304,1308,,Eligible for free school meals,fsm,1,,
22.8,22.8,Percentage of pupils,PCT,2,,6803304 - St Michael's RC Primary School,6803304,1308,,Eligible for free school meals or transitionally protected,fsmtp,2,,
12.9,12.9,Percentage of pupils,PCT,2,,6803305 - St Patricks R.C. Primary,6803305,1309,,Eligible for free school meals,fsm,1,,
19.6,19.6,Percentage of pupils,PCT,2,,6803305 - St Patricks R.C. Primary,6803305,1309,,Eligible for free school meals or transitionally protected,fsmtp,2,,
15.2,15.2,Percentage of pupils,PCT,2,,6803306 - St. Gabriel's R.C.,6803306,1310,,Eligible for free school meals,fsm,1,,
22.7,22.7,Percentage of pupils,PCT,2,,6803306 - St. Gabriel's R.C.,6803306,1310,,Eligible for free school meals or transitionally protected,fsmtp,2,,
4.7,4.7,Percentage of pupils,PCT,2,,6803313 - Charles Williams Church In Wales Primary School,6803313,1311,,Eligible for free school meals,fsm,1,,
7.2,7.2,Percentage of pupils,PCT,2,,6803313 - Charles Williams Church In Wales Primary School,6803313,1311,,Eligible for free school meals or transitionally protected,fsmtp,2,,
19.9,19.9,Percentage of pupils,PCT,2,,6804003 - St Julian's School,6804003,1312,,Eligible for free school meals,fsm,1,,
27.9,27.9,Percentage of pupils,PCT,2,,6804003 - St Julian's School,6804003,1312,,Eligible for free school meals or transitionally protected,fsmtp,2,,
24.8,24.8,Percentage of pupils,PCT,2,,6804020 - The John Frost School,6804020,1313,,Eligible for free school meals,fsm,1,,
35.2,35.2,Percentage of pupils,PCT,2,,6804020 - The John Frost School,6804020,1313,,Eligible for free school meals or transitionally protected,fsmtp,2,,
33.2,33.2,Percentage of pupils,PCT,2,,6804021 - Llanwern High School,6804021,1314,,Eligible for free school meals,fsm,1,,
44.6,44.6,Percentage of pupils,PCT,2,,6804021 - Llanwern High School,6804021,1314,,Eligible for free school meals or transitionally protected,fsmtp,2,,
26.5,26.5,Percentage of pupils,PCT,2,,6804025 - Newport High School,6804025,1315,,Eligible for free school meals,fsm,1,,
35.7,35.7,Percentage of pupils,PCT,2,,6804025 - Newport High School,6804025,1315,,Eligible for free school meals or transitionally protected,fsmtp,2,,
29,29,Percentage of pupils,PCT,2,,6804026 - Lliswerry High School,6804026,1316,,Eligible for free school meals,fsm,1,,
39.9,39.9,Percentage of pupils,PCT,2,,6804026 - Lliswerry High School,6804026,1316,,Eligible for free school meals or transitionally protected,fsmtp,2,,
5.8,5.8,Percentage of pupils,PCT,2,,6804030 - Bassaleg School,6804030,1317,,Eligible for free school meals,fsm,1,,
8.4,8.4,Percentage of pupils,PCT,2,,6804030 - Bassaleg School,6804030,1317,,Eligible for free school meals or transitionally protected,fsmtp,2,,
8.6,8.6,Percentage of pupils,PCT,2,,6804059 - Caerleon Comprehensive School,6804059,1318,,Eligible for free school meals,fsm,1,,
14.3,14.3,Percentage of pupils,PCT,2,,6804059 - Caerleon Comprehensive School,6804059,1318,,Eligible for free school meals or transitionally protected,fsmtp,2,,
14.2,14.2,Percentage of pupils,PCT,2,,6804060 - Ysgol Gyfun Gwent Is Coed,6804060,1319,,Eligible for free school meals,fsm,1,,
21.8,21.8,Percentage of pupils,PCT,2,,6804060 - Ysgol Gyfun Gwent Is Coed,6804060,1319,,Eligible for free school meals or transitionally protected,fsmtp,2,,
10.6,10.6,Percentage of pupils,PCT,2,,6804602 - St Joseph's RC High School,6804602,1320,,Eligible for free school meals,fsm,1,,
16.6,16.6,Percentage of pupils,PCT,2,,6804602 - St Joseph's RC High School,6804602,1320,,Eligible for free school meals or transitionally protected,fsmtp,2,,
38.2,38.2,Percentage of pupils,PCT,2,,6807002 - MAES EBBW SCHOOL,6807002,1321,,Eligible for free school meals,fsm,1,,
46.5,46.5,Percentage of pupils,PCT,2,,6807002 - MAES EBBW SCHOOL,6807002,1321,,Eligible for free school meals or transitionally protected,fsmtp,2,,
42.3,42.3,Percentage of pupils,PCT,2,,6807004 - Ysgol Bryn Derw,6807004,1322,,Eligible for free school meals,fsm,1,,
47.7,47.7,Percentage of pupils,PCT,2,,6807004 - Ysgol Bryn Derw,6807004,1322,,Eligible for free school meals or transitionally protected,fsmtp,2,,
0,0,Percentage of pupils,PCT,2,,6811003 - GRANGETOWN NURSERY SCHOOL,6811003,1323,,Eligible for free school meals,fsm,1,,
0,0,Percentage of pupils,PCT,2,,6811003 - GRANGETOWN NURSERY SCHOOL,6811003,1323,,Eligible for free school meals or transitionally protected,fsmtp,2,,
0,0,Percentage of pupils,PCT,2,,6811017 - TREMORFA NURSERY,6811017,1324,,Eligible for free school meals,fsm,1,,
0,0,Percentage of pupils,PCT,2,,6811017 - TREMORFA NURSERY,6811017,1324,,Eligible for free school meals or transitionally protected,fsmtp,2,,
0,0,Percentage of pupils,PCT,2,,6811018 - Ely and Caerau Children's Centre,6811018,1325,,Eligible for free school meals,fsm,1,,
0,0,Percentage of pupils,PCT,2,,6811018 - Ely and Caerau Children's Centre,6811018,1325,,Eligible for free school meals or transitionally protected,fsmtp,2,,
22.3,22.3,Percentage of pupils,PCT,2,,6812001 - MILLBANK PRIMARY SCHOOL,6812001,1326,,Eligible for free school meals,fsm,1,,
31.5,31.5,Percentage of pupils,PCT,2,,6812001 - MILLBANK PRIMARY SCHOOL,6812001,1326,,Eligible for free school meals or transitionally protected,fsmtp,2,,
49.1,49.1,Percentage of pupils,PCT,2,,6812003 - ADAMSDOWN PRIMARY,6812003,1327,,Eligible for free school meals,fsm,1,,
55.2,55.2,Percentage of pupils,PCT,2,,6812003 - ADAMSDOWN PRIMARY,6812003,1327,,Eligible for free school meals or transitionally protected,fsmtp,2,,
27.7,27.7,Percentage of pupils,PCT,2,,6812005 - ALBANY PRIMARY SCHOOL,6812005,1328,,Eligible for free school meals,fsm,1,,
36.5,36.5,Percentage of pupils,PCT,2,,6812005 - ALBANY PRIMARY SCHOOL,6812005,1328,,Eligible for free school meals or transitionally protected,fsmtp,2,,
18.7,18.7,Percentage of pupils,PCT,2,,6812007 - ALLENSBANK PRIMARY SCHOOL,6812007,1329,,Eligible for free school meals,fsm,1,,
25.1,25.1,Percentage of pupils,PCT,2,,6812007 - ALLENSBANK PRIMARY SCHOOL,6812007,1329,,Eligible for free school meals or transitionally protected,fsmtp,2,,
41.4,41.4,Percentage of pupils,PCT,2,,6812009 - BADEN POWELL PRIMARY SCHOOL,6812009,1330,,Eligible for free school meals,fsm,1,,
53.1,53.1,Percentage of pupils,PCT,2,,6812009 - BADEN POWELL PRIMARY SCHOOL,6812009,1330,,Eligible for free school meals or transitionally protected,fsmtp,2,,
6.8,6.8,Percentage of pupils,PCT,2,,6812011 - BIRCHGROVE PRIMARY SCHOOL,6812011,1331,,Eligible for free school meals,fsm,1,,
10.3,10.3,Percentage of pupils,PCT,2,,6812011 - BIRCHGROVE PRIMARY SCHOOL,6812011,1331,,Eligible for free school meals or transitionally protected,fsmtp,2,,
47.7,47.7,Percentage of pupils,PCT,2,,6812015 - TRELAI PRIMARY SCHOOL,6812015,1332,,Eligible for free school meals,fsm,1,,
61.4,61.4,Percentage of pupils,PCT,2,,6812015 - TRELAI PRIMARY SCHOOL,6812015,1332,,Eligible for free school meals or transitionally protected,fsmtp,2,,
32.1,32.1,Percentage of pupils,PCT,2,,6812017 - FAIRWATER PRIMARY SCHOOL,6812017,1333,,Eligible for free school meals,fsm,1,,
38.4,38.4,Percentage of pupils,PCT,2,,6812017 - FAIRWATER PRIMARY SCHOOL,6812017,1333,,Eligible for free school meals or transitionally protected,fsmtp,2,,
31.2,31.2,Percentage of pupils,PCT,2,,6812019 - GABALFA PRIMARY,6812019,1334,,Eligible for free school meals,fsm,1,,
39.2,39.2,Percentage of pupils,PCT,2,,6812019 - GABALFA PRIMARY,6812019,1334,,Eligible for free school meals or transitionally protected,fsmtp,2,,
17.6,17.6,Percentage of pupils,PCT,2,,6812031 - Kitchener Primary School,6812031,1335,,Eligible for free school meals,fsm,1,,
26.3,26.3,Percentage of pupils,PCT,2,,6812031 - Kitchener Primary School,6812031,1335,,Eligible for free school meals or transitionally protected,fsmtp,2,,
25.4,25.4,Percentage of pupils,PCT,2,,6812033 - LANSDOWNE PRIMARY SCHOOL,6812033,1336,,Eligible for free school meals,fsm,1,,
32.7,32.7,Percentage of pupils,PCT,2,,6812033 - LANSDOWNE PRIMARY SCHOOL,6812033,1336,,Eligible for free school meals or transitionally protected,fsmtp,2,,
34.5,34.5,Percentage of pupils,PCT,2,,6812037 - MOORLAND PRIMARY,6812037,1337,,Eligible for free school meals,fsm,1,,
47,47,Percentage of pupils,PCT,2,,6812037 - MOORLAND PRIMARY,6812037,1337,,Eligible for free school meals or transitionally protected,fsmtp,2,,
13.7,13.7,Percentage of pupils,PCT,2,,6812039 - Radnor Primary School,6812039,1338,,Eligible for free school meals,fsm,1,,
18.1,18.1,Percentage of pupils,PCT,2,,6812039 - Radnor Primary School,6812039,1338,,Eligible for free school meals or transitionally protected,fsmtp,2,,
1.6,1.6,Percentage of pupils,PCT,2,,6812041 - RHYDYPENAU PRIMARY SCHOOL,6812041,1339,,Eligible for free school meals,fsm,1,,
2,2,Percentage of pupils,PCT,2,,6812041 - RHYDYPENAU PRIMARY SCHOOL,6812041,1339,,Eligible for free school meals or transitionally protected,fsmtp,2,,
7.3,7.3,Percentage of pupils,PCT,2,,6812043 - ROATH PARK PRIMARY SCHOOL,6812043,1340,,Eligible for free school meals,fsm,1,,
12,12,Percentage of pupils,PCT,2,,6812043 - ROATH PARK PRIMARY SCHOOL,6812043,1340,,Eligible for free school meals or transitionally protected,fsmtp,2,,
44.5,44.5,Percentage of pupils,PCT,2,,6812045 - GREENWAY PRIMARY SCHOOL,6812045,1341,,Eligible for free school meals,fsm,1,,
53.1,53.1,Percentage of pupils,PCT,2,,6812045 - GREENWAY PRIMARY SCHOOL,6812045,1341,,Eligible for free school meals or transitionally protected,fsmtp,2,,
31.4,31.4,Percentage of pupils,PCT,2,,6812050 - STACEY PRIMARY SCHOOL,6812050,1342,,Eligible for free school meals,fsm,1,,
37.7,37.7,Percentage of pupils,PCT,2,,6812050 - STACEY PRIMARY SCHOOL,6812050,1342,,Eligible for free school meals or transitionally protected,fsmtp,2,,
8.4,8.4,Percentage of pupils,PCT,2,,6812052 - TON-YR-YWEN PRIMARY SCHOOL,6812052,1343,,Eligible for free school meals,fsm,1,,
10.1,10.1,Percentage of pupils,PCT,2,,6812052 - TON-YR-YWEN PRIMARY SCHOOL,6812052,1343,,Eligible for free school meals or transitionally protected,fsmtp,2,,
31,31,Percentage of pupils,PCT,2,,6812061 - PETER LEA PRIMARY SCHOOL,6812061,1344,,Eligible for free school meals,fsm,1,,
36.6,36.6,Percentage of pupils,PCT,2,,6812061 - PETER LEA PRIMARY SCHOOL,6812061,1344,,Eligible for free school meals or transitionally protected,fsmtp,2,,
37.1,37.1,Percentage of pupils,PCT,2,,6812065 - BRYN HAFOD PRIMARY SCHOOL,6812065,1345,,Eligible for free school meals,fsm,1,,
49,49,Percentage of pupils,PCT,2,,6812065 - BRYN HAFOD PRIMARY SCHOOL,6812065,1345,,Eligible for free school meals or transitionally protected,fsmtp,2,,
30.9,30.9,Percentage of pupils,PCT,2,,6812069 - Pen-Y-Bryn Primary School,6812069,1346,,Eligible for free school meals,fsm,1,,
36.2,36.2,Percentage of pupils,PCT,2,,6812069 - Pen-Y-Bryn Primary School,6812069,1346,,Eligible for free school meals or transitionally protected,fsmtp,2,,
24.5,24.5,Percentage of pupils,PCT,2,,6812072 - COED GLAS C P SCHOOL,6812072,1347,,Eligible for free school meals,fsm,1,,
34,34,Percentage of pupils,PCT,2,,6812072 - COED GLAS C P SCHOOL,6812072,1347,,Eligible for free school meals or transitionally protected,fsmtp,2,,
2.3,2.3,Percentage of pupils,PCT,2,,6812074 - LAKESIDE PRIMARY SCHOOL,6812074,1348,,Eligible for free school meals,fsm,1,,
4.7,4.7,Percentage of pupils,PCT,2,,6812074 - LAKESIDE PRIMARY SCHOOL,6812074,1348,,Eligible for free school meals or transitionally protected,fsmtp,2,,
43.2,43.2,Percentage of pupils,PCT,2,,6812075 - PENTREBANE PRIMARY SCHOOL,6812075,1349,,Eligible for free school meals,fsm,1,,
52.3,52.3,Percentage of pupils,PCT,2,,6812075 - PENTREBANE PRIMARY SCHOOL,6812075,1349,,Eligible for free school meals or transitionally protected,fsmtp,2,,
26.7,26.7,Percentage of pupils,PCT,2,,6812084 - MOUNT STUART PRIMARY SCHOOL,6812084,1350,,Eligible for free school meals,fsm,1,,
34.9,34.9,Percentage of pupils,PCT,2,,6812084 - MOUNT STUART PRIMARY SCHOOL,6812084,1350,,Eligible for free school meals or transitionally protected,fsmtp,2,,
7.2,7.2,Percentage of pupils,PCT,2,,6812090 - LLANISHEN FACH PRIMARY SCHOOL,6812090,1351,,Eligible for free school meals,fsm,1,,
9.7,9.7,Percentage of pupils,PCT,2,,6812090 - LLANISHEN FACH PRIMARY SCHOOL,6812090,1351,,Eligible for free school meals or transitionally protected,fsmtp,2,,
2.2,2.2,Percentage of pupils,PCT,2,,6812092 - RHIWBEINA PRIMARY SCHOOL,6812092,1352,,Eligible for free school meals,fsm,1,,
3.3,3.3,Percentage of pupils,PCT,2,,6812092 - RHIWBEINA PRIMARY SCHOOL,6812092,1352,,Eligible for free school meals or transitionally protected,fsmtp,2,,
36.7,36.7,Percentage of pupils,PCT,2,,6812094 - LLANEDEYRN PRIMARY SCHOOL,6812094,1353,,Eligible for free school meals,fsm,1,,
50.2,50.2,Percentage of pupils,PCT,2,,6812094 - LLANEDEYRN PRIMARY SCHOOL,6812094,1353,,Eligible for free school meals or transitionally protected,fsmtp,2,,
31.7,31.7,Percentage of pupils,PCT,2,,6812096 - SPRINGWOOD PRIMARY SCHOOL,6812096,1354,,Eligible for free school meals,fsm,1,,
40.7,40.7,Percentage of pupils,PCT,2,,6812096 - SPRINGWOOD PRIMARY SCHOOL,6812096,1354,,Eligible for free school meals or transitionally protected,fsmtp,2,,
25.4,25.4,Percentage of pupils,PCT,2,,6812101 - NINIAN PARK PRIMARY SCHOOL,6812101,1355,,Eligible for free school meals,fsm,1,,
35.7,35.7,Percentage of pupils,PCT,2,,6812101 - NINIAN PARK PRIMARY SCHOOL,6812101,1355,,Eligible for free school meals or transitionally protected,fsmtp,2,,
22.1,22.1,Percentage of pupils,PCT,2,,6812104 - CORYTON PRIMARY,6812104,1356,,Eligible for free school meals,fsm,1,,
26.2,26.2,Percentage of pupils,PCT,2,,6812104 - CORYTON PRIMARY,6812104,1356,,Eligible for free school meals or transitionally protected,fsmtp,2,,
60.1,60.1,Percentage of pupils,PCT,2,,6812107 - BRYN CELYN PRIMARY SCHOOL,6812107,1357,,Eligible for free school meals,fsm,1,,
70.7,70.7,Percentage of pupils,PCT,2,,6812107 - BRYN CELYN PRIMARY SCHOOL,6812107,1357,,Eligible for free school meals or transitionally protected,fsmtp,2,,
5.1,5.1,Percentage of pupils,PCT,2,,6812111 - Y G G Gwaelod y Garth,6812111,1358,,Eligible for free school meals,fsm,1,,
8.4,8.4,Percentage of pupils,PCT,2,,6812111 - Y G G Gwaelod y Garth,6812111,1358,,Eligible for free school meals or transitionally protected,fsmtp,2,,
3.3,3.3,Percentage of pupils,PCT,2,,6812132 - RADYR PRIMARY SCHOOL,6812132,1359,,Eligible for free school meals,fsm,1,,
4.7,4.7,Percentage of pupils,PCT,2,,6812132 - RADYR PRIMARY SCHOOL,6812132,1359,,Eligible for free school meals or transitionally protected,fsmtp,2,,
19,19,Percentage of pupils,PCT,2,,6812137 - Tongwynlais Primary School,6812137,1360,,Eligible for free school meals,fsm,1,,
23.3,23.3,Percentage of pupils,PCT,2,,6812137 - Tongwynlais Primary School,6812137,1360,,Eligible for free school meals or transitionally protected,fsmtp,2,,
,,Percentage of pupils,PCT,2,,6812147 - LLYSFAEN PRIMARY SCHOOL,6812147,1361,,Eligible for free school meals,fsm,1,,Confidential
1.3,1.3,Percentage of pupils,PCT,2,,6812147 - LLYSFAEN PRIMARY SCHOOL,6812147,1361,,Eligible for free school meals or transitionally protected,fsmtp,2,,
8,8,Percentage of pupils,PCT,2,,6812153 - BRYN DERI PRIMARY,6812153,1362,,Eligible for free school meals,fsm,1,,
9.3,9.3,Percentage of pupils,PCT,2,,6812153 - BRYN DERI PRIMARY,6812153,1362,,Eligible for free school meals or transitionally protected,fsmtp,2,,
39.1,39.1,Percentage of pupils,PCT,2,,6812164 - OAKFIELD PRIMARY SCHOOL,6812164,1363,,Eligible for free school meals,fsm,1,,
48.3,48.3,Percentage of pupils,PCT,2,,6812164 - OAKFIELD PRIMARY SCHOOL,6812164,1363,,Eligible for free school meals or transitionally protected,fsmtp,2,,
2.6,2.6,Percentage of pupils,PCT,2,,6812166 - YSGOL GYMRAEG MELIN GRUFFYDD,6812166,1364,,Eligible for free school meals,fsm,1,,
3.7,3.7,Percentage of pupils,PCT,2,,6812166 - YSGOL GYMRAEG MELIN GRUFFYDD,6812166,1364,,Eligible for free school meals or transitionally protected,fsmtp,2,,
2.2,2.2,Percentage of pupils,PCT,2,,6812169 - Ysgol Y Wern,6812169,1365,,Eligible for free school meals,fsm,1,,
4,4,Percentage of pupils,PCT,2,,6812169 - Ysgol Y Wern,6812169,1365,,Eligible for free school meals or transitionally protected,fsmtp,2,,
35.6,35.6,Percentage of pupils,PCT,2,,6812170 - YSGOL GYMRAEG COED Y GOF,6812170,1366,,Eligible for free school meals,fsm,1,,
44.7,44.7,Percentage of pupils,PCT,2,,6812170 - YSGOL GYMRAEG COED Y GOF,6812170,1366,,Eligible for free school meals or transitionally protected,fsmtp,2,,
16.9,16.9,Percentage of pupils,PCT,2,,6812171 - YSGOL BRO EIRWG,6812171,1367,,Eligible for free school meals,fsm,1,,
23.7,23.7,Percentage of pupils,PCT,2,,6812171 - YSGOL BRO EIRWG,6812171,1367,,Eligible for free school meals or transitionally protected,fsmtp,2,,
3.9,3.9,Percentage of pupils,PCT,2,,6812173 - YSGOL TREGANNA,6812173,1368,,Eligible for free school meals,fsm,1,,
5,5,Percentage of pupils,PCT,2,,6812173 - YSGOL TREGANNA,6812173,1368,,Eligible for free school meals or transitionally protected,fsmtp,2,,
26.3,26.3,Percentage of pupils,PCT,2,,6812174 - WILLOWBROOK PRIMARY SCHOOL,6812174,1369,,Eligible for free school meals,fsm,1,,
36,36,Percentage of pupils,PCT,2,,6812174 - WILLOWBROOK PRIMARY SCHOOL,6812174,1369,,Eligible for free school meals or transitionally protected,fsmtp,2,,
16.9,16.9,Percentage of pupils,PCT,2,,6812175 - PENTYRCH PRIMARY,6812175,1370,,Eligible for free school meals,fsm,1,,
17.5,17.5,Percentage of pupils,PCT,2,,6812175 - PENTYRCH PRIMARY,6812175,1370,,Eligible for free school meals or transitionally protected,fsmtp,2,,
10.4,10.4,Percentage of pupils,PCT,2,,6812176 - THORNHILL PRIMARY SCHOOL,6812176,1371,,Eligible for free school meals,fsm,1,,
14.3,14.3,Percentage of pupils,PCT,2,,6812176 - THORNHILL PRIMARY SCHOOL,6812176,1371,,Eligible for free school meals or transitionally protected,fsmtp,2,,
3.4,3.4,Percentage of pupils,PCT,2,,6812177 - YSGOL PENCAE,6812177,1372,,Eligible for free school meals,fsm,1,,
5.3,5.3,Percentage of pupils,PCT,2,,6812177 - YSGOL PENCAE,6812177,1372,,Eligible for free school meals or transitionally protected,fsmtp,2,,
50.5,50.5,Percentage of pupils,PCT,2,,6812179 - Meadowlane Primary School,6812179,1373,,Eligible for free school meals,fsm,1,,
60.5,60.5,Percentage of pupils,PCT,2,,6812179 - Meadowlane Primary School,6812179,1373,,Eligible for free school meals or transitionally protected,fsmtp,2,,
1.9,1.9,Percentage of pupils,PCT,2,,6812180 - YSGOL MYNYDD BYCHAN,6812180,1374,,Eligible for free school meals,fsm,1,,
2.3,2.3,Percentage of pupils,PCT,2,,6812180 - YSGOL MYNYDD BYCHAN,6812180,1374,,Eligible for free school meals or transitionally protected,fsmtp,2,,
6.9,6.9,Percentage of pupils,PCT,2,,6812305 - CREIGIAU PRIMARY SCHOOL,6812305,1375,,Eligible for free school meals,fsm,1,,
8.5,8.5,Percentage of pupils,PCT,2,,6812305 - CREIGIAU PRIMARY SCHOOL,6812305,1375,,Eligible for free school meals or transitionally protected,fsmtp,2,,
7.9,7.9,Percentage of pupils,PCT,2,,6812306 - YSGOL GYMRAEG PWLL COCH,6812306,1376,,Eligible for free school meals,fsm,1,,
12.7,12.7,Percentage of pupils,PCT,2,,6812306 - YSGOL GYMRAEG PWLL COCH,6812306,1376,,Eligible for free school meals or transitionally protected,fsmtp,2,,
4.3,4.3,Percentage of pupils,PCT,2,,6812308 - Ysgol Y Berllan Deg,6812308,1377,,Eligible for free school meals,fsm,1,,
6.3,6.3,Percentage of pupils,PCT,2,,6812308 - Ysgol Y Berllan Deg,6812308,1377,,Eligible for free school meals or transitionally protected,fsmtp,2,,
21,21,Percentage of pupils,PCT,2,,6812309 - GLADSTONE PRIMARY SCHOOL,6812309,1378,,Eligible for free school meals,fsm,1,,
25.2,25.2,Percentage of pupils,PCT,2,,6812309 - GLADSTONE PRIMARY SCHOOL,6812309,1378,,Eligible for free school meals or transitionally protected,fsmtp,2,,
54.9,54.9,Percentage of pupils,PCT,2,,6812310 - GLAN YR AFON PRIMARY SCHOOL,6812310,1379,,Eligible for free school meals,fsm,1,,
64.7,64.7,Percentage of pupils,PCT,2,,6812310 - GLAN YR AFON PRIMARY SCHOOL,6812310,1379,,Eligible for free school meals or transitionally protected,fsmtp,2,,
33.1,33.1,Percentage of pupils,PCT,2,,6812311 - Grangetown Primary School,6812311,1380,,Eligible for free school meals,fsm,1,,
42.4,42.4,Percentage of pupils,PCT,2,,6812311 - Grangetown Primary School,6812311,1380,,Eligible for free school meals or transitionally protected,fsmtp,2,,
44.9,44.9,Percentage of pupils,PCT,2,,6812312 - Herbert Thompson Primary,6812312,1381,,Eligible for free school meals,fsm,1,,
50.1,50.1,Percentage of pupils,PCT,2,,6812312 - Herbert Thompson Primary,6812312,1381,,Eligible for free school meals or transitionally protected,fsmtp,2,,
20.4,20.4,Percentage of pupils,PCT,2,,6812313 - Ysgol Glan Morfa,6812313,1382,,Eligible for free school meals,fsm,1,,
29,29,Percentage of pupils,PCT,2,,6812313 - Ysgol Glan Morfa,6812313,1382,,Eligible for free school meals or transitionally protected,fsmtp,2,,
28,28,Percentage of pupils,PCT,2,,6812314 - Ysgol Pen Y Pil,6812314,1383,,Eligible for free school meals,fsm,1,,
35.4,35.4,Percentage of pupils,PCT,2,,6812314 - Ysgol Pen Y Pil,6812314,1383,,Eligible for free school meals or transitionally protected,fsmtp,2,,
31.2,31.2,Percentage of pupils,PCT,2,,6812315 - Ysgol Gymraeg Nant Caerau,6812315,1384,,Eligible for free school meals,fsm,1,,
42.9,42.9,Percentage of pupils,PCT,2,,6812315 - Ysgol Gymraeg Nant Caerau,6812315,1384,,Eligible for free school meals or transitionally protected,fsmtp,2,,
14.9,14.9,Percentage of pupils,PCT,2,,6812317 - Rumney Primary,6812317,1385,,Eligible for free school meals,fsm,1,,
20.8,20.8,Percentage of pupils,PCT,2,,6812317 - Rumney Primary,6812317,1385,,Eligible for free school meals or transitionally protected,fsmtp,2,,
52.9,52.9,Percentage of pupils,PCT,2,,6812318 - Windsor Clive Primary,6812318,1386,,Eligible for free school meals,fsm,1,,
62.7,62.7,Percentage of pupils,PCT,2,,6812318 - Windsor Clive Primary,6812318,1386,,Eligible for free school meals or transitionally protected,fsmtp,2,,
24.1,24.1,Percentage of pupils,PCT,2,,6812319 - Severn Primary,6812319,1387,,Eligible for free school meals,fsm,1,,
29.4,29.4,Percentage of pupils,PCT,2,,6812319 - Severn Primary,6812319,1387,,Eligible for free school meals or transitionally protected,fsmtp,2,,
15.8,15.8,Percentage of pupils,PCT,2,,6812320 - Hawthorn Primary,6812320,1388,,Eligible for free school meals,fsm,1,,
21.5,21.5,Percentage of pupils,PCT,2,,6812320 - Hawthorn Primary,6812320,1388,,Eligible for free school meals or transitionally protected,fsmtp,2,,
8.8,8.8,Percentage of pupils,PCT,2,,6812321 - Danescourt Primary,6812321,1389,,Eligible for free school meals,fsm,1,,
12,12,Percentage of pupils,PCT,2,,6812321 - Danescourt Primary,6812321,1389,,Eligible for free school meals or transitionally protected,fsmtp,2,,
46.8,46.8,Percentage of pupils,PCT,2,,6812322 - Hywel Dda Primary School,6812322,1390,,Eligible for free school meals,fsm,1,,
54.4,54.4,Percentage of pupils,PCT,2,,6812322 - Hywel Dda Primary School,6812322,1390,,Eligible for free school meals or transitionally protected,fsmtp,2,,
12.5,12.5,Percentage of pupils,PCT,2,,6812323 - Ysgol Gynradd Gymraeg Pen-Y-Groes,6812323,1391,,Eligible for free school meals,fsm,1,,
17.3,17.3,Percentage of pupils,PCT,2,,6812323 - Ysgol Gynradd Gymraeg Pen-Y-Groes,6812323,1391,,Eligible for free school meals or transitionally protected,fsmtp,2,,
52.7,52.7,Percentage of pupils,PCT,2,,6812324 - Trowbridge Primary,6812324,1392,,Eligible for free school meals,fsm,1,,
62.2,62.2,Percentage of pupils,PCT,2,,6812324 - Trowbridge Primary,6812324,1392,,Eligible for free school meals or transitionally protected,fsmtp,2,,
14,14,Percentage of pupils,PCT,2,,6812325 - Ysgol Glan Ceubal,6812325,1393,,Eligible for free school meals,fsm,1,,
15.9,15.9,Percentage of pupils,PCT,2,,6812325 - Ysgol Glan Ceubal,6812325,1393,,Eligible for free school meals or transitionally protected,fsmtp,2,,
7.7,7.7,Percentage of pupils,PCT,2,,6812326 - Marlborough Primary,6812326,1394,,Eligible for free school meals,fsm,1,,
10,10,Percentage of pupils,PCT,2,,6812326 - Marlborough Primary,6812326,1394,,Eligible for free school meals or transitionally protected,fsmtp,2,,
38.8,38.8,Percentage of pupils,PCT,2,,6812327 - Pencaerau Primary,6812327,1395,,Eligible for free school meals,fsm,1,,
51.3,51.3,Percentage of pupils,PCT,2,,6812327 - Pencaerau Primary,6812327,1395,,Eligible for free school meals or transitionally protected,fsmtp,2,,
22.5,22.5,Percentage of pupils,PCT,2,,6812328 - Glyncoed Primary,6812328,1396,,Eligible for free school meals,fsm,1,,
31.6,31.6,Percentage of pupils,PCT,2,,6812328 - Glyncoed Primary,6812328,1396,,Eligible for free school meals or transitionally protected,fsmtp,2,,
7.4,7.4,Percentage of pupils,PCT,2,,6812329 - Whitchurch Primary,6812329,1397,,Eligible for free school meals,fsm,1,,
10.5,10.5,Percentage of pupils,PCT,2,,6812329 - Whitchurch Primary,6812329,1397,,Eligible for free school meals or transitionally protected,fsmtp,2,,
11.2,11.2,Percentage of pupils,PCT,2,,6812330 - Pontprennau,6812330,1398,,Eligible for free school meals,fsm,1,,
13.7,13.7,Percentage of pupils,PCT,2,,6812330 - Pontprennau,6812330,1398,,Eligible for free school meals or transitionally protected,fsmtp,2,,
11.9,11.9,Percentage of pupils,PCT,2,,6812331 - Howardian Primary School,6812331,1399,,Eligible for free school meals,fsm,1,,
15.5,15.5,Percentage of pupils,PCT,2,,6812331 - Howardian Primary School,6812331,1399,,Eligible for free school meals or transitionally protected,fsmtp,2,,
7.4,7.4,Percentage of pupils,PCT,2,,6812332 - Ysgol Gynradd Gymraeg Hamadryad,6812332,1400,,Eligible for free school meals,fsm,1,,
10.7,10.7,Percentage of pupils,PCT,2,,6812332 - Ysgol Gynradd Gymraeg Hamadryad,6812332,1400,,Eligible for free school meals or transitionally protected,fsmtp,2,,
6.5,6.5,Percentage of pupils,PCT,2,,6812333 - Ysgol Gynradd Groes Wen,6812333,1401,,Eligible for free school meals,fsm,1,,
6.5,6.5,Percentage of pupils,PCT,2,,6812333 - Ysgol Gynradd Groes Wen,6812333,1401,,Eligible for free school meals or transitionally protected,fsmtp,2,,
15.3,15.3,Percentage of pupils,PCT,2,,6813000 - ST. MELLONS CHURCH IN WALES PRIMARY,6813000,1402,,Eligible for free school meals,fsm,1,,
17.9,17.9,Percentage of pupils,PCT,2,,6813000 - ST. MELLONS CHURCH IN WALES PRIMARY,6813000,1402,,Eligible for free school meals or transitionally protected,fsmtp,2,,
54.4,54.4,Percentage of pupils,PCT,2,,6813321 - ST ALBAN'S RC PRIMARY SCHOOL,6813321,1403,,Eligible for free school meals,fsm,1,,
63.9,63.9,Percentage of pupils,PCT,2,,6813321 - ST ALBAN'S RC PRIMARY SCHOOL,6813321,1403,,Eligible for free school meals or transitionally protected,fsmtp,2,,
31.1,31.1,Percentage of pupils,PCT,2,,6813323 - ST CUTHBERT'S RC PRIMARY,6813323,1404,,Eligible for free school meals,fsm,1,,
45.9,45.9,Percentage of pupils,PCT,2,,6813323 - ST CUTHBERT'S RC PRIMARY,6813323,1404,,Eligible for free school meals or transitionally protected,fsmtp,2,,
17,17,Percentage of pupils,PCT,2,,6813328 - St. Joseph's RC School,6813328,1405,,Eligible for free school meals,fsm,1,,
21.4,21.4,Percentage of pupils,PCT,2,,6813328 - St. Joseph's RC School,6813328,1405,,Eligible for free school meals or transitionally protected,fsmtp,2,,
16,16,Percentage of pupils,PCT,2,,6813330 - ST. MARY'S R.C. PRIMARY SCHOOL,6813330,1406,,Eligible for free school meals,fsm,1,,
29.6,29.6,Percentage of pupils,PCT,2,,6813330 - ST. MARY'S R.C. PRIMARY SCHOOL,6813330,1406,,Eligible for free school meals or transitionally protected,fsmtp,2,,
31.1,31.1,Percentage of pupils,PCT,2,,6813332 - ST PATRICK'S R C SCHOOL,6813332,1407,,Eligible for free school meals,fsm,1,,
38.4,38.4,Percentage of pupils,PCT,2,,6813332 - ST PATRICK'S R C SCHOOL,6813332,1407,,Eligible for free school meals or transitionally protected,fsmtp,2,,
20.2,20.2,Percentage of pupils,PCT,2,,6813334 - ST. PETER'S PRIMARY SCHOOL,6813334,1408,,Eligible for free school meals,fsm,1,,
26.1,26.1,Percentage of pupils,PCT,2,,6813334 - ST. PETER'S PRIMARY SCHOOL,6813334,1408,,Eligible for free school meals or transitionally protected,fsmtp,2,,
31.6,31.6,Percentage of pupils,PCT,2,,6813336 - St Cadoc's Catholic Primary,6813336,1409,,Eligible for free school meals,fsm,1,,
40.4,40.4,Percentage of pupils,PCT,2,,6813336 - St Cadoc's Catholic Primary,6813336,1409,,Eligible for free school meals or transitionally protected,fsmtp,2,,
15.9,15.9,Percentage of pupils,PCT,2,,6813341 - ST MONICAS C/W PRIMARY SCHOOL,6813341,1410,,Eligible for free school meals,fsm,1,,
23.2,23.2,Percentage of pupils,PCT,2,,6813341 - ST MONICAS C/W PRIMARY SCHOOL,6813341,1410,,Eligible for free school meals or transitionally protected,fsmtp,2,,
23.6,23.6,Percentage of pupils,PCT,2,,6813343 - ST.PAUL'S C/W PRIMARY SCHOOL,6813343,1411,,Eligible for free school meals,fsm,1,,
33.3,33.3,Percentage of pupils,PCT,2,,6813343 - ST.PAUL'S C/W PRIMARY SCHOOL,6813343,1411,,Eligible for free school meals or transitionally protected,fsmtp,2,,
36.7,36.7,Percentage of pupils,PCT,2,,6813344 - TREDEGARVILLE C/W PRIMARY,6813344,1412,,Eligible for free school meals,fsm,1,,
49.4,49.4,Percentage of pupils,PCT,2,,6813344 - TREDEGARVILLE C/W PRIMARY,6813344,1412,,Eligible for free school meals or transitionally protected,fsmtp,2,,
2.7,2.7,Percentage of pupils,PCT,2,,6813346 - LLANDAFF CITY PRIMARY SCHOOL,6813346,1413,,Eligible for free school meals,fsm,1,,
4.2,4.2,Percentage of pupils,PCT,2,,6813346 - LLANDAFF CITY PRIMARY SCHOOL,6813346,1413,,Eligible for free school meals or transitionally protected,fsmtp,2,,
2.5,2.5,Percentage of pupils,PCT,2,,6813351 - CHRIST THE KING PRIMARY SCHOOL,6813351,1414,,Eligible for free school meals,fsm,1,,
5.9,5.9,Percentage of pupils,PCT,2,,6813351 - CHRIST THE KING PRIMARY SCHOOL,6813351,1414,,Eligible for free school meals or transitionally protected,fsmtp,2,,
34.4,34.4,Percentage of pupils,PCT,2,,6813353 - St John Lloyd,6813353,1415,,Eligible for free school meals,fsm,1,,
41.5,41.5,Percentage of pupils,PCT,2,,6813353 - St John Lloyd,6813353,1415,,Eligible for free school meals or transitionally protected,fsmtp,2,,
28.2,28.2,Percentage of pupils,PCT,2,,6813354 - HOLY FAMILY R.C. PRIMARY,6813354,1416,,Eligible for free school meals,fsm,1,,
41,41,Percentage of pupils,PCT,2,,6813354 - HOLY FAMILY R.C. PRIMARY,6813354,1416,,Eligible for free school meals or transitionally protected,fsmtp,2,,
32.2,32.2,Percentage of pupils,PCT,2,,6813355 - ST MARY THE VIRGIN C/W PRIMARY SCHOOL,6813355,1417,,Eligible for free school meals,fsm,1,,
45,45,Percentage of pupils,PCT,2,,6813355 - ST MARY THE VIRGIN C/W PRIMARY SCHOOL,6813355,1417,,Eligible for free school meals or transitionally protected,fsmtp,2,,
15.9,15.9,Percentage of pupils,PCT,2,,6813357 - ALL SAINTS C/W PRIMARY,6813357,1418,,Eligible for free school meals,fsm,1,,
22.5,22.5,Percentage of pupils,PCT,2,,6813357 - ALL SAINTS C/W PRIMARY,6813357,1418,,Eligible for free school meals or transitionally protected,fsmtp,2,,
12.9,12.9,Percentage of pupils,PCT,2,,6813366 - ST FAGANS CHURCH IN WALES,6813366,1419,,Eligible for free school meals,fsm,1,,
18.4,18.4,Percentage of pupils,PCT,2,,6813366 - ST FAGANS CHURCH IN WALES,6813366,1419,,Eligible for free school meals or transitionally protected,fsmtp,2,,
10.2,10.2,Percentage of pupils,PCT,2,,6813370 - ST BERNADETTES PRIMARY SCHOOL,6813370,1420,,Eligible for free school meals,fsm,1,,
15.2,15.2,Percentage of pupils,PCT,2,,6813370 - ST BERNADETTES PRIMARY SCHOOL,6813370,1420,,Eligible for free school meals or transitionally protected,fsmtp,2,,
20.3,20.3,Percentage of pupils,PCT,2,,6813371 - ST DAVID'S C/W PRIMARY SCHOOL,6813371,1421,,Eligible for free school meals,fsm,1,,
25.3,25.3,Percentage of pupils,PCT,2,,6813371 - ST DAVID'S C/W PRIMARY SCHOOL,6813371,1421,,Eligible for free school meals or transitionally protected,fsmtp,2,,
15.4,15.4,Percentage of pupils,PCT,2,,6813373 - BISHOP CHILDS C/W PRIMARY,6813373,1422,,Eligible for free school meals,fsm,1,,
19.9,19.9,Percentage of pupils,PCT,2,,6813373 - BISHOP CHILDS C/W PRIMARY,6813373,1422,,Eligible for free school meals or transitionally protected,fsmtp,2,,
21.1,21.1,Percentage of pupils,PCT,2,,6813374 - ST PHILIP EVANS PRIMARY SCHOOL,6813374,1423,,Eligible for free school meals,fsm,1,,
29.2,29.2,Percentage of pupils,PCT,2,,6813374 - ST PHILIP EVANS PRIMARY SCHOOL,6813374,1423,,Eligible for free school meals or transitionally protected,fsmtp,2,,
45.2,45.2,Percentage of pupils,PCT,2,,6813375 - St. Francis R. C. Primary Sch.,6813375,1424,,Eligible for free school meals,fsm,1,,
57.5,57.5,Percentage of pupils,PCT,2,,6813375 - St. Francis R. C. Primary Sch.,6813375,1424,,Eligible for free school meals or transitionally protected,fsmtp,2,,
6.7,6.7,Percentage of pupils,PCT,2,,6814039 - CARDIFF HIGH SCHOOL,6814039,1425,,Eligible for free school meals,fsm,1,,
9.8,9.8,Percentage of pupils,PCT,2,,6814039 - CARDIFF HIGH SCHOOL,6814039,1425,,Eligible for free school meals or transitionally protected,fsmtp,2,,
49.9,49.9,Percentage of pupils,PCT,2,,6814041 - Willows High School,6814041,1426,,Eligible for free school meals,fsm,1,,
57.4,57.4,Percentage of pupils,PCT,2,,6814041 - Willows High School,6814041,1426,,Eligible for free school meals or transitionally protected,fsmtp,2,,
30.9,30.9,Percentage of pupils,PCT,2,,6814042 - Fitzalan High School,6814042,1427,,Eligible for free school meals,fsm,1,,
39.3,39.3,Percentage of pupils,PCT,2,,6814042 - Fitzalan High School,6814042,1427,,Eligible for free school meals or transitionally protected,fsmtp,2,,
37.6,37.6,Percentage of pupils,PCT,2,,6814049 - Cantonian High School,6814049,1428,,Eligible for free school meals,fsm,1,,
47.6,47.6,Percentage of pupils,PCT,2,,6814049 - Cantonian High School,6814049,1428,,Eligible for free school meals or transitionally protected,fsmtp,2,,
19.2,19.2,Percentage of pupils,PCT,2,,6814051 - Llanishen High School,6814051,1429,,Eligible for free school meals,fsm,1,,
26,26,Percentage of pupils,PCT,2,,6814051 - Llanishen High School,6814051,1429,,Eligible for free school meals or transitionally protected,fsmtp,2,,
35.5,35.5,Percentage of pupils,PCT,2,,6814054 - Cathays High School,6814054,1430,,Eligible for free school meals,fsm,1,,
41.9,41.9,Percentage of pupils,PCT,2,,6814054 - Cathays High School,6814054,1430,,Eligible for free school meals or transitionally protected,fsmtp,2,,
10.5,10.5,Percentage of pupils,PCT,2,,6814070 - Radyr Comprehensive School,6814070,1431,,Eligible for free school meals,fsm,1,,
14.9,14.9,Percentage of pupils,PCT,2,,6814070 - Radyr Comprehensive School,6814070,1431,,Eligible for free school meals or transitionally protected,fsmtp,2,,
6.3,6.3,Percentage of pupils,PCT,2,,6814071 - Ysgol Gyfun Gymraeg Glantaf,6814071,1432,,Eligible for free school meals,fsm,1,,
8.3,8.3,Percentage of pupils,PCT,2,,6814071 - Ysgol Gyfun Gymraeg Glantaf,6814071,1432,,Eligible for free school meals or transitionally protected,fsmtp,2,,
12.7,12.7,Percentage of pupils,PCT,2,,6814072 - Ysgol Gyfun Gymraeg Plasmawr,6814072,1433,,Eligible for free school meals,fsm,1,,
15,15,Percentage of pupils,PCT,2,,6814072 - Ysgol Gyfun Gymraeg Plasmawr,6814072,1433,,Eligible for free school meals or transitionally protected,fsmtp,2,,
16.1,16.1,Percentage of pupils,PCT,2,,6814074 - Ysgol Gyfun Gymraeg Bro Edern,6814074,1434,,Eligible for free school meals,fsm,1,,
22.4,22.4,Percentage of pupils,PCT,2,,6814074 - Ysgol Gyfun Gymraeg Bro Edern,6814074,1434,,Eligible for free school meals or transitionally protected,fsmtp,2,,
55.1,55.1,Percentage of pupils,PCT,2,,6814075 - Cardiff West Community High School,6814075,1435,,Eligible for free school meals,fsm,1,,
66.8,66.8,Percentage of pupils,PCT,2,,6814075 - Cardiff West Community High School,6814075,1435,,Eligible for free school meals or transitionally protected,fsmtp,2,,
42.3,42.3,Percentage of pupils,PCT,2,,6814076 - Eastern High,6814076,1436,,Eligible for free school meals,fsm,1,,
53.6,53.6,Percentage of pupils,PCT,2,,6814076 - Eastern High,6814076,1436,,Eligible for free school meals or transitionally protected,fsmtp,2,,
36,36,Percentage of pupils,PCT,2,,6814600 - St. Illtyd's Catholic High School,6814600,1437,,Eligible for free school meals,fsm,1,,
47.1,47.1,Percentage of pupils,PCT,2,,6814600 - St. Illtyd's Catholic High School,6814600,1437,,Eligible for free school meals or transitionally protected,fsmtp,2,,
35.5,35.5,Percentage of pupils,PCT,2,,6814607 - Mary Immaculate High School,6814607,1438,,Eligible for free school meals,fsm,1,,
44.1,44.1,Percentage of pupils,PCT,2,,6814607 - Mary Immaculate High School,6814607,1438,,Eligible for free school meals or transitionally protected,fsmtp,2,,
8.3,8.3,Percentage of pupils,PCT,2,,6814608 - Bishop of Llandaff Church in Wales High School,6814608,1439,,Eligible for free school meals,fsm,1,,
13.3,13.3,Percentage of pupils,PCT,2,,6814608 - Bishop of Llandaff Church in Wales High School,6814608,1439,,Eligible for free school meals or transitionally protected,fsmtp,2,,
25.7,25.7,Percentage of pupils,PCT,2,,6814609 - St Teilo's C-in-W High School,6814609,1440,,Eligible for free school meals,fsm,1,,
34.6,34.6,Percentage of pupils,PCT,2,,6814609 - St Teilo's C-in-W High School,6814609,1440,,Eligible for free school meals or transitionally protected,fsmtp,2,,
20.1,20.1,Percentage of pupils,PCT,2,,6814611 - CORPUS CHRISTI CATHOLIC HIGH SCHOOL,6814611,1441,,Eligible for free school meals,fsm,1,,
22.6,22.6,Percentage of pupils,PCT,2,,6814611 - CORPUS CHRISTI CATHOLIC HIGH SCHOOL,6814611,1441,,Eligible for free school meals or transitionally protected,fsmtp,2,,
13,13,Percentage of pupils,PCT,2,,6815403 - Whitchurch High School,6815403,1442,,Eligible for free school meals,fsm,1,,
16.4,16.4,Percentage of pupils,PCT,2,,6815403 - Whitchurch High School,6815403,1442,,Eligible for free school meals or transitionally protected,fsmtp,2,,
77.9,77.9,Percentage of pupils,PCT,2,,6817001 - GREENHILL SPECIAL SCHOOL,6817001,1443,,Eligible for free school meals,fsm,1,,
80.5,80.5,Percentage of pupils,PCT,2,,6817001 - GREENHILL SPECIAL SCHOOL,6817001,1443,,Eligible for free school meals or transitionally protected,fsmtp,2,,
83.3,83.3,Percentage of pupils,PCT,2,,6817005 - THE COURT SCHOOL,6817005,1444,,Eligible for free school meals,fsm,1,,
85.7,85.7,Percentage of pupils,PCT,2,,6817005 - THE COURT SCHOOL,6817005,1444,,Eligible for free school meals or transitionally protected,fsmtp,2,,
54.9,54.9,Percentage of pupils,PCT,2,,6817006 - WOODLANDS HIGH SCHOOL,6817006,1445,,Eligible for free school meals,fsm,1,,
63.7,63.7,Percentage of pupils,PCT,2,,6817006 - WOODLANDS HIGH SCHOOL,6817006,1445,,Eligible for free school meals or transitionally protected,fsmtp,2,,
62.5,62.5,Percentage of pupils,PCT,2,,6817008 - RIVERBANK SCHOOL,6817008,1446,,Eligible for free school meals,fsm,1,,
67.5,67.5,Percentage of pupils,PCT,2,,6817008 - RIVERBANK SCHOOL,6817008,1446,,Eligible for free school meals or transitionally protected,fsmtp,2,,
45.4,45.4,Percentage of pupils,PCT,2,,6817011 - TY-GWYN SPECIAL SCHOOL,6817011,1447,,Eligible for free school meals,fsm,1,,
50.6,50.6,Percentage of pupils,PCT,2,,6817011 - TY-GWYN SPECIAL SCHOOL,6817011,1447,,Eligible for free school meals or transitionally protected,fsmtp,2,,
48.9,48.9,Percentage of pupils,PCT,2,,6817019 - THE HOLLIES SCHOOL,6817019,1448,,Eligible for free school meals,fsm,1,,
53.3,53.3,Percentage of pupils,PCT,2,,6817019 - THE HOLLIES SCHOOL,6817019,1448,,Eligible for free school meals or transitionally protected,fsmtp,2,,
44.9,44.9,Percentage of pupils,PCT,2,,6817021 - MEADOWBANK SPECIAL SCHOOL,6817021,1449,,Eligible for free school meals,fsm,1,,
44.9,44.9,Percentage of pupils,PCT,2,,6817021 - MEADOWBANK SPECIAL SCHOOL,6817021,1449,,Eligible for free school meals or transitionally protected,fsmtp,2,,
