school_name,school_type,local_authority,sector,pupils,postcode,latitude,longitude,near_transport
YSGOL GOLWG PEN Y FAN,Infants & Juniors,Powys,Primary,300.0,LD3 7LU,51.94967941892604,-3.3900193005579826,True
YSGOL DYFFRYN AERON,"Nursery, Infants & Juniors",Ceredigion,Primary,180.0,SA48 8AE,52.17942776042268,-4.1505815959846855,True
Ysgol Bro Penfro,"Nursery, Infants & Juniors",Pembrokeshire,Primary,149.0,SA71 4RJ,51.682969840138064,-4.926974126027117,True
YGG Tregeles,"Nursery, Infants & Juniors",Neath Port Talbot,Primary,43.0,SA10 7ND,51.66150729369913,-3.8343244798607596,True
COWBRIDGE SCHOOL,Middle (ages 3-19),The Vale of Glamorgan,Middle,1559.0,CF71 7EN,51.463357654385334,-3.437574982124888,True
Ysgol Gynradd Gymraeg Awel Taf,"Nursery, Infants & Juniors",Rhondda Cynon Taf,Primary,346.0,CF37 5DB,51.586420812409884,-3.310188411054282,True
Ysgol Afon Wen,Middle (ages 3-16),Rhondda Cynon Taf,Middle,1165.0,CF37 5AL,51.578305701517706,-3.306651976063282,True
Ysgol Bro Taf,Middle (ages 3-16),Rhondda Cynon Taf,Middle,902.0,CF37 4SF,51.62453213894413,-3.3219639834433443,True
Ysgol Gymraeg Trefynwy,"Nursery, Infants & Juniors",Monmouthshire,Primary,21.0,NP25 5BA,51.81033429535239,-2.726796931616041,True
Ysgol Gynradd Groes Wen,"Nursery, Infants & Juniors",Cardiff,Primary,124.0,CF5 2FG,51.50362823824956,-3.2536034518063452,True
Canolfan Addysg y Bont,Special (with post-16 provision),Isle of Anglesey,Special,123.0,LL77 7PG,53.25722538176075,-4.321524632471142,True
Ysgol Pendalar,Special (with post-16 provision),Gwynedd,Special,115.0,LL55 1DU,53.14912555274232,-4.258541331752011,True
Ysgol Hafod Lon,Special (with post-16 provision),Gwynedd,Special,116.0,LL48 6LD,52.92419638633302,-4.0799407920244715,True
Ysgol Y Gogarth,Special (with post-16 provision),Conwy,Special,272.0,LL30 1YE,53.32064729025752,-3.8032663224737115,True
YSGOL TIR MORFA,Special (with post-16 provision),Denbighshire,Special,114.0,LL18 2RN,53.31009281575085,-3.4792841726925166,True
Ysgol Plas Brondyffryn,Special (with post-16 provision),Denbighshire,Special,119.0,LL16 3DR,53.18511239004361,-3.409398179016274,True
Pen Coch,Special (without post-16 provision),Flintshire,Special,100.0,CH6 5DL,53.244535712107414,-3.132917770787216,True
Ysgol Maes Hyfryd,Special (with post-16 provision),Flintshire,Special,131.0,CH6 5QL,53.23918461397852,-3.1351702857564288,True
St Christophers School,Special (with post-16 provision),Wrexham,Special,304.0,LL13 7BW,53.036613337807644,-2.9893012974464637,True
BRYNLLYWARCH HALL SCHOOL,Special (with post-16 provision),Powys,Special,87.0,SY16 4PB,52.49515531086347,-3.2519163708696914,False
YSGOL ROBERT OWEN,Special (with post-16 provision),Powys,Special,112.0,SY16 1LH,52.503871789996374,-3.3289674009807,True
YSGOL PENMAES,Special (with post-16 provision),Powys,Special,115.0,LD3 7HL,51.943366267749404,-3.3889846169530355,True
Portfield Special School,Special (with post-16 provision),Pembrokeshire,Special,187.0,SA61 1BS,51.796692212625025,-4.984109857013898,True
AMMANFORD NURSERY,Nursery,Carmarthenshire,Nursery,81.0,SA18 2NS,51.79399629188132,-3.9857919040259837,True
Ysgol Maes y Coed,Special (with post-16 provision),Neath Port Talbot,Special,125.0,SA10 7TY,51.68868992557795,-3.819705763375519,True
Ysgol Hendrefelin,Special (without post-16 provision),Neath Port Talbot,Special,175.0,SA10 7TY,51.6877979038128,-3.8194732256670796,True
Heronsbridge Special School,Special (with post-16 provision),Bridgend,Special,269.0,CF31 3HT,51.49877874837693,-3.57453415760825,True
Ysgol Bryn Castell,Special (with post-16 provision),Bridgend,Special,181.0,CF32 9NZ,51.552037512883516,-3.5674567845974483,True
Ysgol Y Deri,Special (with post-16 provision),The Vale of Glamorgan,Special,523.0,CF64 2TP,51.438653746163276,-3.195997981835996,True
MAESGWYN,Special (with post-16 provision),Rhondda Cynon Taf,Special,134.0,CF44 8RE,51.72275577441742,-3.470431230339976,True
Park Lane Special School,Special (with post-16 provision),Rhondda Cynon Taf,Special,146.0,CF44 8HN,51.72000815789275,-3.4630129172081476,True
Ysgol Hen Felin,Special (with post-16 provision),Rhondda Cynon Taf,Special,244.0,CF41 7SZ,51.642895986136814,-3.462035763557477,True
Ysgol Ty Coch,Special (with post-16 provision),Rhondda Cynon Taf,Special,241.0,CF38 1PG,51.56831265265312,-3.306120104375455,True
Greenfield School,Special (with post-16 provision),Merthyr Tydfil,Special,204.0,CF48 4BJ,51.72619501529096,-3.358808715100796,True
Trinity Fields School,Special (with post-16 provision),Caerphilly,Special,306.0,CF82 7XW,51.63825244856617,-3.2371036351614855,True
Pen-y-Cwm Special School,Special (with post-16 provision),Blaenau Gwent,Special,174.0,NP23 6AN,51.766680032024205,-3.1990684908528397,True
The River Centre 3-16 Learning Community,Special (without post-16 provision),Blaenau Gwent,Special,61.0,NP23 6EH,51.78268475517607,-3.20521024862488,True
Crownbridge Special School,Special (with post-16 provision),Torfaen,Special,142.0,NP44 2BJ,51.65345255407233,-3.005358975287597,True
Newport Nursery School,Nursery,Newport,Nursery,68.0,NP19 7EJ,51.59297281052022,-2.984077251701153,True
MAES EBBW SCHOOL,Special (with post-16 provision),Newport,Special,157.0,NP20 3DG,51.567576112620976,-3.0131060718480365,True
Ysgol Bryn Derw,Special (with post-16 provision),Newport,Special,111.0,NP20 3FQ,51.577821435952515,-3.0160967916895016,True
GRANGETOWN NURSERY SCHOOL,Nursery,Cardiff,Nursery,114.0,CF11 7DT,51.46338741783851,-3.1800916020986447,True
TREMORFA NURSERY,Nursery,Cardiff,Nursery,41.0,CF24 2YE,51.487617436222415,-3.139892003191421,True
Ely and Caerau Children's Centre,Nursery,Cardiff,Nursery,76.0,CF5 4SX,51.47296346503139,-3.2700793351401645,True
GREENHILL SPECIAL SCHOOL,Special (without post-16 provision),Cardiff,Special,77.0,CF14 6UJ,51.52739774323022,-3.2202859306205616,True
WOODLANDS HIGH SCHOOL,Special (with post-16 provision),Cardiff,Special,182.0,CF5 5AQ,51.47783817256209,-3.2328930029247265,True
RIVERBANK SCHOOL,Special (without post-16 provision),Cardiff,Special,80.0,CF5 5AQ,51.4789374384821,-3.2353276388925045,True
TY-GWYN SPECIAL SCHOOL,Special (with post-16 provision),Cardiff,Special,251.0,CF5 5AQ,51.478099237558496,-3.23426617178979,True
THE HOLLIES SCHOOL,Special (without post-16 provision),Cardiff,Special,135.0,CF23 7XG,51.526068942081615,-3.142423439928552,True
MEADOWBANK SPECIAL SCHOOL,Special (without post-16 provision),Cardiff,Special,98.0,CF14 2QQ,51.499495950810434,-3.21681752594211,True
Ysgol Gynradd Amlwch,"Nursery, Infants & Juniors",Isle of Anglesey,Primary,258.0,LL68 9DU,53.4118816235288,-4.3474269122121765,True
Ysgol Gynradd Beaumaris,"Nursery, Infants & Juniors",Isle of Anglesey,Primary,32.0,LL58 8HL,53.26472586468607,-4.102486860188932,True
Ysgol Gynradd Bodedern,"Nursery, Infants & Juniors",Isle of Anglesey,Primary,85.0,LL65 3TZ,53.293311673938646,-4.499031594048755,True
Ysgol Gymuned Bodffordd,"Nursery, Infants & Juniors",Isle of Anglesey,Primary,76.0,LL77 7LZ,53.264599600311506,-4.361256934467891,True
Ysgol Gymuned Bryngwran,"Nursery, Infants & Juniors",Isle of Anglesey,Primary,49.0,LL65 3PP,53.26880775252295,-4.477269444126652,True
Ysgol Gynradd Brynsiencyn,"Nursery, Infants & Juniors",Isle of Anglesey,Primary,35.0,LL61 6HZ,53.17703670783465,-4.272533579147194,True
Ysgol Cemaes,"Nursery, Infants & Juniors",Isle of Anglesey,Primary,63.0,LL67 0LB,53.40802841168306,-4.456240878784054,True
Ysgol Esceifiog,Infants & Juniors,Isle of Anglesey,Primary,129.0,LL60 6DD,53.22132132405932,-4.278878243553984,True
Ysgol Gymuned y Ffridd,"Nursery, Infants & Juniors",Isle of Anglesey,Primary,82.0,LL65 4SG,53.25374042418781,-4.414105371964091,True
Ysgol Gymuned Moelfre,"Nursery, Infants & Juniors",Isle of Anglesey,Primary,51.0,LL72 8NA,53.353545631290956,-4.241059169115791,True
Ysgol Gynradd Llanbedrgoch,"Nursery, Infants & Juniors",Isle of Anglesey,Primary,22.0,LL76 8SX,53.30140791054622,-4.232008501988371,False
Ysgol Gynradd Llanfairpwll,Infants & Juniors,Isle of Anglesey,Primary,330.0,LL61 5TX,53.22137960252854,-4.20411443273086,True
Ysgol Gymuned Llanfechell,"Nursery, Infants & Juniors",Isle of Anglesey,Primary,81.0,LL68 0SA,53.3904147253115,-4.459317068764798,True
Ysgol Y Graig,"Nursery, Infants & Juniors",Isle of Anglesey,Primary,367.0,LL77 7LP,53.26080104845266,-4.297094089150464,False
YSGOL GYNRADD LLANGOED,"Nursery, Infants & Juniors",Isle of Anglesey,Primary,85.0,LL58 8LU,53.291815227567895,-4.090467220292215,True
Ysgol Henblas,Infants & Juniors,Isle of Anglesey,Primary,90.0,LL62 5DR,53.23584406554945,-4.354113499253534,True
Ysgol Gymuned Llannerch-y-medd,"Nursery, Infants & Juniors",Isle of Anglesey,Primary,123.0,LL71 8DP,53.33137489763596,-4.375744021152566,True
Ysgol Pencarnisiog,"Nursery, Infants & Juniors",Isle of Anglesey,Primary,64.0,LL63 5RY,53.23490720277186,-4.469660883441454,True
Ysgol Gymuned Pentraeth,"Nursery, Infants & Juniors",Isle of Anglesey,Primary,77.0,LL75 8UP,53.28139477135768,-4.218848735074131,True
Ysgol Penysarn,"Nursery, Infants & Juniors",Isle of Anglesey,Primary,64.0,LL69 9AZ,53.39044412488108,-4.314213683547529,True
Ysgol Santes Gwenfaen,"Nursery, Infants & Juniors",Isle of Anglesey,Primary,106.0,LL65 2DX,53.26634683435473,-4.598128413213581,True
Ysgol Gynradd Rhosneigr,"Nursery, Infants & Juniors",Isle of Anglesey,Primary,75.0,LL64 5XA,53.23131594443653,-4.517090079023803,True
Ysgol Gynradd Rhosybol,Infants & Juniors,Isle of Anglesey,Primary,75.0,LL68 9PP,53.37353373294612,-4.364845818324719,True
Ysgol Gymuned y Fali,"Nursery, Infants & Juniors",Isle of Anglesey,Primary,118.0,LL65 3EU,53.28119687874881,-4.5686143413093045,True
Ysgol Llanfawr,"Nursery, Infants & Juniors",Isle of Anglesey,Primary,256.0,LL65 2DS,53.30774143505739,-4.623830281709193,True
Ysgol Goronwy Owen,Infants & Juniors,Isle of Anglesey,Primary,138.0,LL74 8SG,53.32175742340089,-4.228446074609745,True
Ysgol Gynradd Y Tywyn,"Nursery, Infants & Juniors",Isle of Anglesey,Primary,100.0,LL65 3LW,53.26312257187157,-4.523271346204689,True
Ysgol Gynradd Llandegfan,Infants & Juniors,Isle of Anglesey,Primary,160.0,LL59 5UW,53.24381874135882,-4.146589878414956,True
Ysgol Gynradd y Borth,Infants & Juniors,Isle of Anglesey,Primary,192.0,LL59 5DS,53.22965531827187,-4.1691046755305115,True
Ysgol Gynradd Kingsland,"Nursery, Infants & Juniors",Isle of Anglesey,Primary,166.0,LL65 2TH,53.300267787494086,-4.625953405877423,True
Ysgol Gymraeg Morswyn,"Nursery, Infants & Juniors",Isle of Anglesey,Primary,178.0,LL65 2PU,53.300947426897956,-4.62326341441751,True
Rhyd y Llan,"Nursery, Infants & Juniors",Isle of Anglesey,Primary,118.0,LL65 4PQ,53.35381272364793,-4.534727699244426,True
Ysgol Parc y Bont,"Nursery, Infants & Juniors",Isle of Anglesey,Primary,113.0,LL60 6ES,53.211860499649625,-4.252540402160438,True
Cybi,"Nursery, Infants & Juniors",Isle of Anglesey,Primary,425.0,LL65 1NS,53.310002167404924,-4.640300942225867,True
Ysgol Santes Dwynwen,"Nursery, Infants & Juniors",Isle of Anglesey,Primary,106.0,LL61 6TE,53.16785154826625,-4.358142171459067,True
Ysgol Santes Fair,"Nursery, Infants & Juniors",Isle of Anglesey,Primary,99.0,LL65 1TR,53.3081731176448,-4.634425200611712,True
Ysgol Syr Thomas Jones,Secondary (ages 11-19),Isle of Anglesey,Secondary,537.0,LL68 9TH,53.402705684104795,-4.351810914505163,True
Ysgol Uwchradd Caergybi,Secondary (ages 11-19),Isle of Anglesey,Secondary,818.0,LL65 1NP,53.311338744349456,-4.639679660391474,True
Ysgol Gyfun Llangefni,Secondary (ages 11-19),Isle of Anglesey,Secondary,761.0,LL77 7NG,53.25609032286881,-4.320262520409446,True
Ysgol David Hughes,Secondary (ages 11-19),Isle of Anglesey,Secondary,1123.0,LL59 5SS,53.2281964430146,-4.17712147276993,True
Ysgol Uwchradd Bodedern,Secondary (ages 11-19),Isle of Anglesey,Secondary,810.0,LL65 3TL,53.29118117500753,-4.5050642638568394,True
Ysgol Caergeiliog,"Nursery, Infants & Juniors",Isle of Anglesey,Primary,309.0,LL65 3NP,53.274466772304706,-4.531010876140553,True
Ysgol Gwaun Gyfni,"Nursery, Infants & Juniors",Gwynedd,Primary,131.0,LL55 3LT,53.1474772488586,-4.128440788367132,True
YSGOL GYNRADD NEFYN,"Nursery, Infants & Juniors",Gwynedd,Primary,131.0,LL53 6EA,52.9352359448037,-4.524316068429425,True
Ysgol Llanrug,"Nursery, Infants & Juniors",Gwynedd,Primary,265.0,LL55 4AL,53.14743198313801,-4.191381377817464,True
Ysgol Gynradd Abererch,"Nursery, Infants & Juniors",Gwynedd,Primary,71.0,LL53 6YU,52.90354611086936,-4.384425150392043,True
YSGOL BEDDGELERT,"Nursery, Infants & Juniors",Gwynedd,Primary,31.0,LL55 4UY,53.01237747765601,-4.105634580846022,True
Ysgol Bethel,"Nursery, Infants & Juniors",Gwynedd,Primary,147.0,LL55 1AX,53.16490610062095,-4.205227711324747,True
Ysgol Bodfeurig,"Nursery, Infants & Juniors",Gwynedd,Primary,55.0,LL57 4RN,53.178177406995985,-4.090034584613782,False
YSGOL GYNRADD BORTH-Y-GEST,"Nursery, Infants & Juniors",Gwynedd,Primary,32.0,LL49 9UF,52.91431915063054,-4.139385890000816,True
Ysgol Brynaerau,"Nursery, Infants & Juniors",Gwynedd,Primary,57.0,LL54 5EU,53.041366159245946,-4.325835822356838,False
Ysgol Y Gelli,"Nursery, Infants & Juniors",Gwynedd,Primary,222.0,LL55 1DU,53.14875973564346,-4.25744536036105,True
Ysgol Penybryn,Juniors,Gwynedd,Primary,106.0,LL57 3BE,53.1807026426383,-4.057577095385574,True
Ysgol Treferthyr,"Nursery, Infants & Juniors",Gwynedd,Primary,118.0,LL52 0RR,52.91712616130107,-4.23400951801224,True
Ysgol Gynradd Chwilog,"Nursery, Infants & Juniors",Gwynedd,Primary,91.0,LL53 6PS,52.920262231188076,-4.334139228933401,True
YSGOL CRUD-Y-WERIN,"Nursery, Infants & Juniors",Gwynedd,Primary,55.0,LL53 8BP,52.80756148684016,-4.71055427781875,True
Ysgol Dolbadarn,"Nursery, Infants & Juniors",Gwynedd,Primary,132.0,LL55 4SH,53.117819102423596,-4.128319819510598,True
Ysgol Gynradd Edern,"Nursery, Infants & Juniors",Gwynedd,Primary,78.0,LL53 8YW,52.92348751177801,-4.564844544964797,False
Ysgol Bro Plenydd,"Nursery, Infants & Juniors",Gwynedd,Primary,91.0,LL53 6UP,52.92602468604424,-4.385318662407055,True
Ysgol Gynradd Garndolbenmaen,"Nursery, Infants & Juniors",Gwynedd,Primary,15.0,LL51 9SZ,52.97249627847855,-4.242450661797491,True
Ysgol Gynradd Llanbedrog,"Nursery, Infants & Juniors",Gwynedd,Primary,97.0,LL53 7NU,52.85942649998156,-4.488580229534629,True
Ysgol Gynradd Llangybi,"Nursery, Infants & Juniors",Gwynedd,Primary,23.0,LL53 6DQ,52.94154326429713,-4.35289248975994,True
Ysgol Llanllechid,"Nursery, Infants & Juniors",Gwynedd,Primary,260.0,LL57 3EH,53.18866381705405,-4.065622211481323,True
Ysgol Gynradd Llanllyfni,"Nursery, Infants & Juniors",Gwynedd,Primary,77.0,LL54 6SH,53.04110080296953,-4.28293259693682,True
YSGOL BABANOD MORFA NEFYN,"Nursery, Infants & Juniors",Gwynedd,Primary,22.0,LL53 6AR,52.931064514102076,-4.549117384475002,True
Ysgol Baladeulyn,"Nursery, Infants & Juniors",Gwynedd,Primary,13.0,LL54 6BT,53.05799298942015,-4.215058138923155,True
Ysgol Gynradd Nebo,"Nursery, Infants & Juniors",Gwynedd,Primary,10.0,LL54 6EE,53.02991348078727,-4.269440872651781,True
Ysgol Gymuned Penisarwaun,"Nursery, Infants & Juniors",Gwynedd,Primary,39.0,LL55 3BW,53.152549418085854,-4.162283114583755,True
Ysgol Bro Lleu,"Nursery, Infants & Juniors",Gwynedd,Primary,190.0,LL54 6RL,53.05367897000049,-4.277793002411892,True
YSGOL GYNRADD  PENTREUCHAF,"Nursery, Infants & Juniors",Gwynedd,Primary,93.0,LL53 8DZ,52.928590786853626,-4.4518073770932585,True
Ysgol Rhiwlas,"Nursery, Infants & Juniors",Gwynedd,Primary,36.0,LL57 4EH,53.17360590957828,-4.132861759509006,True
Ysgol Gynradd Rhosgadfan,"Nursery, Infants & Juniors",Gwynedd,Primary,39.0,LL54 7EU,53.091151495499496,-4.230934764503631,True
Ysgol Gynradd Rhostryfan,"Nursery, Infants & Juniors",Gwynedd,Primary,78.0,LL54 7LR,53.097511331859515,-4.246051799638748,True
YSGOL SARN BACH,"Nursery, Infants & Juniors",Gwynedd,Primary,24.0,LL53 7LF,52.81061625796214,-4.519401192769673,True
Ysgol Eifion Wyn,"Nursery, Infants & Juniors",Gwynedd,Primary,212.0,LL49 9NU,52.929423617664,-4.136411210953459,True
Ysgol Gynradd Talysarn,"Nursery, Infants & Juniors",Gwynedd,Primary,96.0,LL54 6HR,53.05461159977858,-4.255279465810182,True
YSGOL Y GORLAN,"Nursery, Infants & Juniors",Gwynedd,Primary,109.0,LL49 9RN,52.93968620782636,-4.147662102750064,True
Ysgol yr Eifl,"Nursery, Infants & Juniors",Gwynedd,Primary,44.0,LL54 5LU,52.99306260886166,-4.423614789130038,True
YSGOL GYNRADD TUDWEILIOG,"Nursery, Infants & Juniors",Gwynedd,Primary,51.0,LL53 8ND,52.89875416493065,-4.6235459827691745,True
Ysgol Waunfawr,"Nursery, Infants & Juniors",Gwynedd,Primary,116.0,LL55 4LJ,53.11175490160705,-4.206062118496361,True
Ysgol Glancegin,"Nursery, Infants & Juniors",Gwynedd,Primary,219.0,LL57 1ST,53.22598347775924,-4.117337107695628,True
Ysgol Yr Hendre,"Nursery, Infants & Juniors",Gwynedd,Primary,378.0,LL55 2AT,53.136594337183894,-4.2595246826481015,True
Ysgol Bontnewydd,"Nursery, Infants & Juniors",Gwynedd,Primary,214.0,LL55 2UF,53.115072920296804,-4.2694273483020115,True
Ysgol Gymraeg y Garnedd,"Nursery, Infants & Juniors",Gwynedd,Primary,394.0,LL57 2LX,53.2139392491225,-4.15625340438259,True
Ysgol Cymerau,"Nursery, Infants & Juniors",Gwynedd,Primary,253.0,LL53 5AR,52.88251416634054,-4.417367594640481,True
Ysgol Abercaseg (Babanod),Nursery & Infants,Gwynedd,Primary,76.0,LL57 3PL,53.17782909739466,-4.054775813049252,True
Ysgol y Felinheli,"Nursery, Infants & Juniors",Gwynedd,Primary,157.0,LL56 4TZ,53.17690768087688,-4.216423569070941,True
Ysgol y Traeth,"Nursery, Infants & Juniors",Gwynedd,Primary,185.0,LL42 1HH,52.724936376587465,-4.061401271710739,True
Ysgol Gynradd Dyffryn Dulas,"Nursery, Infants & Juniors",Gwynedd,Primary,33.0,SY20 9TQ,52.653088646851096,-3.8408353366682157,True
Ysgol Gynradd Dyffryn Ardudwy,Infants & Juniors,Gwynedd,Primary,68.0,LL44 2EP,52.78427339639453,-4.094991185570051,True
Ysgol Bro Cynfal,"Nursery, Infants & Juniors",Gwynedd,Primary,40.0,LL41 4NF,52.95847101562034,-3.932305208240191,True
Ysgol Edmwnd Prys,"Nursery, Infants & Juniors",Gwynedd,Primary,18.0,LL41 4DY,52.939526892508354,-3.959795983892374,True
Ysgol Gynradd Llanbedr,Infants & Juniors,Gwynedd,Primary,43.0,LL45 2NW,52.82146713883087,-4.096142240565407,False
YSGOL Y GARREG,"Nursery, Infants & Juniors",Gwynedd,Primary,17.0,LL48 6LJ,52.95416569277377,-4.063223939915499,True
Ysgol O M Edwards,"Nursery, Infants & Juniors",Gwynedd,Primary,74.0,LL23 7UB,52.85971868384215,-3.674826429781378,True
Ysgol Manod,"Nursery, Infants & Juniors",Gwynedd,Primary,86.0,LL41 4AF,52.98455436997613,-3.9311007711023978,True
Ysgol Gynradd Pennal,"Nursery, Infants & Juniors",Gwynedd,Primary,34.0,SY20 9JT,52.585995009774045,-3.9219270108652653,True
Ysgol Cefn Coch,"Nursery, Infants & Juniors",Gwynedd,Primary,157.0,LL48 6AE,52.9300121254461,-4.068115496655505,True
Ysgol Talsarnau,"Nursery, Infants & Juniors",Gwynedd,Primary,26.0,LL47 6TA,52.90167604647292,-4.066899150129124,True
Ysgol Gynradd Tanygrisiau,"Nursery, Infants & Juniors",Gwynedd,Primary,32.0,LL41 3SU,52.98655017482461,-3.957484990834872,True
Ysgol Gynradd Penybryn,Infants & Juniors,Gwynedd,Primary,240.0,LL36 9EF,52.58516223916459,-4.08277799809307,True
Ysgol Bro Hedd Wyn,"Nursery, Infants & Juniors",Gwynedd,Primary,64.0,LL41 4SE,52.90116220073437,-3.92303285381858,True
Ysgol Bro Tryweryn,"Nursery, Infants & Juniors",Gwynedd,Primary,61.0,LL23 7NT,52.93928439049888,-3.631468883418968,True
Ysgol Tanycastell,"Nursery, Infants & Juniors",Gwynedd,Primary,77.0,LL46 2UE,52.86345354216151,-4.106901679873401,True
Ysgol Ffridd y LLyn,"Nursery, Infants & Juniors",Gwynedd,Primary,45.0,LL23 7HE,52.93277392915098,-3.5386031687942134,True
Ysgol Maenofferen,"Nursery, Infants & Juniors",Gwynedd,Primary,214.0,LL41 3UL,52.99440837506219,-3.9382608020827186,True
Ysgol Hirael,"Nursery, Infants & Juniors",Gwynedd,Primary,191.0,LL57 1BA,53.23143822244637,-4.1220265033738075,True
Ysgol Craig y Deryn,"Nursery, Infants & Juniors",Gwynedd,Primary,95.0,LL36 9SG,52.62575202826715,-4.072698701027032,True
Ysgol Bro Llifon,"Nursery, Infants & Juniors",Gwynedd,Primary,150.0,LL54 7DT,53.07776552946313,-4.275466592024407,True
YSGOL PONT Y GOF,"Nursery, Infants & Juniors",Gwynedd,Primary,101.0,LL53 8RA,52.84986060281763,-4.587309317042189,True
Ysgol Gynradd Maesincla,"Nursery, Infants & Juniors",Gwynedd,Primary,266.0,LL55 1DF,53.14159641910913,-4.259686250881916,True
Ysgol Y Faenol,"Nursery, Infants & Juniors",Gwynedd,Primary,225.0,LL57 2NN,53.20832622244081,-4.168790535863565,True
YSGOL FOEL GRON,"Nursery, Infants & Juniors",Gwynedd,Primary,29.0,LL53 7RN,52.850888774474925,-4.522016110845564,True
Ysgol Llandygai,"Nursery, Infants & Juniors",Gwynedd,Primary,80.0,LL57 4HU,53.216807325599405,-4.097846839779422,True
Ysgol Gynradd Llandwrog,"Nursery, Infants & Juniors",Gwynedd,Primary,42.0,LL54 5ST,53.078986350433446,-4.312858423188397,True
Ysgol Gynradd Llanystumdwy,"Nursery, Infants & Juniors",Gwynedd,Primary,25.0,LL52 0SP,52.922734256262544,-4.272517313953091,True
Ysgol Tregarth,"Nursery, Infants & Juniors",Gwynedd,Primary,114.0,LL57 4PG,53.19034878948913,-4.087064078593206,True
Ysgol Cae Top,"Nursery, Infants & Juniors",Gwynedd,Primary,236.0,LL57 2GZ,53.21864436633071,-4.153104535689736,True
Ysgol Santes Helen,"Nursery, Infants & Juniors",Gwynedd,Primary,40.0,LL55 1PF,53.14291692949223,-4.269669482478973,True
Ysgol Ein Harglwyddes,"Nursery, Infants & Juniors",Gwynedd,Primary,152.0,LL57 2UT,53.22166643132038,-4.134051605487572,True
Ysgol Dyffryn Ogwen Bethesda,Secondary (ages 11-19),Gwynedd,Secondary,398.0,LL57 3NN,53.18267170771386,-4.064840259488562,True
Ysgol Botwnnog,Secondary (ages 11-16),Gwynedd,Secondary,469.0,LL53 8PY,52.85273683499613,-4.581583431731723,False
Ysgol Brynrefail,Secondary (ages 11-19),Gwynedd,Secondary,764.0,LL55 4AD,53.15063410321116,-4.191305205629353,True
YSGOL EIFIONYDD,Secondary (ages 11-16),Gwynedd,Secondary,373.0,LL49 9HS,52.931865141036184,-4.131130133306722,True
Ysgol Y Moelwyn,Secondary (ages 11-16),Gwynedd,Secondary,355.0,LL41 3DW,52.99183068800888,-3.938100637994435,True
YSGOL UWCHRADD TYWYN,Secondary (ages 11-16),Gwynedd,Secondary,376.0,LL36 9EU,52.584674584884404,-4.0895304923167135,True
Ysgol Ardudwy,Secondary (ages 11-16),Gwynedd,Secondary,331.0,LL46 2UH,52.8621238882702,-4.11139798095136,True
Ysgol Friars,Secondary (ages 11-19),Gwynedd,Secondary,1383.0,LL57 2LN,53.21775937080398,-4.152326169500751,True
Ysgol Tryfan,Secondary (ages 11-19),Gwynedd,Secondary,513.0,LL57 2TY,53.2200493397834,-4.14499616136492,True
Ysgol Syr Hugh Owen,Secondary (ages 11-19),Gwynedd,Secondary,873.0,LL55 1HW,53.14587259761795,-4.264127888367573,True
Ysgol Glan y Mor,Secondary (ages 11-16),Gwynedd,Secondary,474.0,LL53 5NU,52.88209357421646,-4.4225612874981435,True
Bro Idris,Middle (ages 3-16),Gwynedd,Middle,541.0,LL40 1HY,52.74137907460575,-3.879782925432673,True
YSGOL Godre'r Berwyn,Middle (ages 3-19),Gwynedd,Middle,571.0,LL23 7RU,52.912845813054545,-3.5982768187746195,True
Ysgol Betws y Coed,"Nursery, Infants & Juniors",Conwy,Primary,14.0,LL24 0BP,53.092645726040814,-3.8188217592746923,True
Ysgol Capelulo,"Nursery, Infants & Juniors",Conwy,Primary,136.0,LL34 6RA,53.27468064156368,-3.9038876114876384,True
Ysgol Deganwy,"Nursery, Infants & Juniors",Conwy,Primary,327.0,LL31 9YB,53.29250561321279,-3.821181890406145,True
Ysgol Dolwyddelan,"Nursery, Infants & Juniors",Conwy,Primary,19.0,LL25 0SZ,53.05199375608816,-3.8850716338471027,True
Ysgol Ffordd Dyffryn,"Nursery, Infants & Juniors",Conwy,Primary,174.0,LL30 2LZ,53.316532270831495,-3.8349056014565592,True
Ysgol Glanwydden,"Nursery, Infants & Juniors",Conwy,Primary,296.0,LL30 3LB,53.31059276535664,-3.778947042979873,True
Ysgol Tudno,"Nursery, Infants & Juniors",Conwy,Primary,184.0,LL30 2SJ,53.319867041139034,-3.8308448526995256,True
Ysgol Morfa Rhianedd,"Nursery, Infants & Juniors",Conwy,Primary,153.0,LL30 1EG,53.316555047232015,-3.8263944394071228,True
Ysgol Penmachno,"Nursery, Infants & Juniors",Conwy,Primary,38.0,LL24 0PT,53.0407280951212,-3.8015991408723036,True
Ysgol Talhaiarn,"Nursery, Infants & Juniors",Conwy,Primary,45.0,LL22 8SD,53.217247190992296,-3.6103829041728437,True
Ysgol  T. Gwynn Jones,Nursery & Infants,Conwy,Primary,187.0,LL29 9UA,53.28819778707669,-3.7026740403883664,True
Ysgol Maes Owen,Juniors,Conwy,Primary,204.0,LL18 5LE,53.304600925603914,-3.5256030917889514,True
Ysgol Glan Gele,Nursery & Infants,Conwy,Primary,285.0,LL22 7NU,53.287077626075074,-3.575564092457881,True
Ysgol Glan Morfa,"Nursery, Infants & Juniors",Conwy,Primary,247.0,LL22 7NU,53.28739785826511,-3.575140825604364,True
Ysgol Bod Alaw,"Nursery, Infants & Juniors",Conwy,Primary,331.0,LL29 7ST,53.28821309817682,-3.7191472532774696,True
Ysgol Pant y Rhedyn,Juniors,Conwy,Primary,108.0,LL33 0PA,53.25830384769571,-3.973864275903541,True
Ysgol Y Foryd,Nursery & Infants,Conwy,Primary,193.0,LL18 5LE,53.30461665656855,-3.524373018732937,True
Ysgol Craig y Don,"Nursery, Infants & Juniors",Conwy,Primary,298.0,LL30 1TR,53.3179904868614,-3.814220095923322,True
Ysgol Cerrigydrudion,"Nursery, Infants & Juniors",Conwy,Primary,91.0,LL21 9SW,53.02687956349677,-3.560187444038958,True
"Ysgol Bro Aled, Llansannan","Nursery, Infants & Juniors",Conwy,Primary,64.0,LL16 5HN,53.17821566925039,-3.60019632029027,True
Ysgol Gynradd Bro Cernyw,"Nursery, Infants & Juniors",Conwy,Primary,103.0,LL22 8PP,53.190606156359664,-3.684763598746809,True
Ysgol Sant Elfod,Juniors,Conwy,Primary,291.0,LL22 7NU,53.28780768415299,-3.5761010264476756,True
Ysgol Capel Garmon,"Nursery, Infants & Juniors",Conwy,Primary,18.0,LL26 0RL,53.08370059376366,-3.7699326813671115,True
Ysgol Glan Conwy,"Nursery, Infants & Juniors",Conwy,Primary,111.0,LL28 5NA,53.26763219525781,-3.7943772443476793,True
Ysgol Cynfran,"Nursery, Infants & Juniors",Conwy,Primary,156.0,LL29 8SS,53.28169471924569,-3.656980384537335,True
Ysgol Iau Hen Golwyn,Juniors,Conwy,Primary,201.0,LL29 9RU,53.28947768068526,-3.703070012648716,True
Ysgol Pentrefoelas,"Nursery, Infants & Juniors",Conwy,Primary,45.0,LL24 0LE,53.047218033808676,-3.681342727188903,True
Ysgol Bro Gwydir,"Nursery, Infants & Juniors",Conwy,Primary,320.0,LL26 0EY,53.13734373060928,-3.795235197746006,True
Ysgol Nant Y Groes,"Nursery, Infants & Juniors",Conwy,Primary,234.0,LL29 8ET,53.29325109452327,-3.7182693035173053,True
Ysgol Swn Y Don,"Nursery, Infants & Juniors",Conwy,Primary,118.0,LL29 9LL,53.2868247631599,-3.680326695532822,True
Ysgol Awel y Mynydd,"Nursery, Infants & Juniors",Conwy,Primary,402.0,LL31 9RT,53.285943854645275,-3.7917577060920022,True
Ysgol Dyffryn Yr Enfys,"Nursery, Infants & Juniors",Conwy,Primary,107.0,LL32 8QE,53.194573570845954,-3.843430860463125,True
Ysgol Babanod Llanfairfechan,Nursery & Infants,Conwy,Primary,109.0,LL33 0AA,53.25271162126942,-3.97605019385772,True
Ysgol Llangelynnin,"Nursery, Infants & Juniors",Conwy,Primary,71.0,LL32 8YB,53.25553932529978,-3.845095771536063,True
Ysgol Pencae,"Nursery, Infants & Juniors",Conwy,Primary,155.0,LL34 6YG,53.2693960519072,-3.914450021817497,True
Ysgol Ysbyty Ifan,"Nursery, Infants & Juniors",Conwy,Primary,17.0,LL24 0NY,53.02328435898839,-3.7291084285466343,True
Ysgol St. George,"Nursery, Infants & Juniors",Conwy,Primary,73.0,LL22 9BU,53.270259491158505,-3.5389706501146616,False
Ysgol Llanddoged,"Nursery, Infants & Juniors",Conwy,Primary,37.0,LL26 0BJ,53.1573135575347,-3.7854940757189697,True
Ysgol Eglwysbach,"Nursery, Infants & Juniors",Conwy,Primary,58.0,LL28 5UD,53.21554290589721,-3.7932472663617998,True
Ysgol Porth Y Felin,"Nursery, Infants & Juniors",Conwy,Primary,319.0,LL32 8FZ,53.27828971410816,-3.833086562109218,True
Ysgol Llanddulas,"Nursery, Infants & Juniors",Conwy,Primary,138.0,LL22 8EW,53.28869131979401,-3.643809029187778,True
Ysgol Betws yn Rhos,"Nursery, Infants & Juniors",Conwy,Primary,74.0,LL22 8AW,53.24814928398649,-3.6410551012402466,True
Ysgol Bodafon,"Nursery, Infants & Juniors",Conwy,Primary,80.0,LL30 3BA,53.319287184497554,-3.7902835660126146,True
Ysgol Bendigaid William Davies,"Nursery, Infants & Juniors",Conwy,Primary,120.0,LL30 1LL,53.312549630088796,-3.8208343819120167,True
Ysgol  San Sior,"Nursery, Infants & Juniors",Conwy,Primary,226.0,LL30 2HL,53.32381896421287,-3.840428590824506,True
Ysgol Sant Joseph,"Nursery, Infants & Juniors",Conwy,Primary,231.0,LL29 7UU,53.296981634987425,-3.7344299323373096,True
Ysgol y Plas,"Nursery, Infants & Juniors",Conwy,Primary,74.0,LL29 8YY,53.26501160029778,-3.683144675208681,False
Ysgol John Bright,Secondary (ages 11-19),Conwy,Secondary,1091.0,LL30 1LF,53.31559727265215,-3.825671078057536,True
Ysgol Aberconwy,Secondary (ages 11-19),Conwy,Secondary,1083.0,LL32 8ED,53.28681714177238,-3.837442257705895,True
YSGOL DYFFRYN CONWY,Secondary (ages 11-19),Conwy,Secondary,649.0,LL26 0SD,53.13412811419779,-3.7840723326297123,True
YSGOL Y CREUDDYN,Secondary (ages 11-19),Conwy,Secondary,698.0,LL30 3LB,53.31155543402695,-3.7788970174011416,True
Ysgol Pen Y Bryn,"Nursery, Infants & Juniors",Conwy,Primary,428.0,LL29 6DD,53.28778580593965,-3.7386930437553185,True
Ysgol Emrys ap Iwan,Secondary (ages 11-19),Conwy,Secondary,946.0,LL22 7HE,53.285325676689595,-3.5775247657217535,True
Eirias High School,Secondary (ages 11-19),Conwy,Secondary,1200.0,LL29 7SP,53.29095261964432,-3.7174418724967526,True
Ysgol Bryn Elian,Secondary (ages 11-19),Conwy,Secondary,981.0,LL29 8HU,53.285761786560236,-3.7051724178699263,True
Ysgol Hiraddug,"Nursery, Infants & Juniors",Denbighshire,Primary,223.0,LL18 6AN,53.29853523653644,-3.413070750272169,True
Ysgol Y Castell CP,"Nursery, Infants & Juniors",Denbighshire,Primary,210.0,LL18 5AG,53.289078504518905,-3.462425337154617,True
Christ Church Primary School,"Nursery, Infants & Juniors",Denbighshire,Primary,422.0,LL18 2DS,53.31629491216536,-3.486569221960932,True
Ysgol Llywelyn,"Nursery, Infants & Juniors",Denbighshire,Primary,684.0,LL18 4EU,53.31463018694276,-3.46929356738678,True
Ysgol y Faenol,"Nursery, Infants & Juniors",Denbighshire,Primary,138.0,LL18 5TG,53.26954619084616,-3.509688921710442,True
Ysgol Penmorfa CP,"Nursery, Infants & Juniors",Denbighshire,Primary,391.0,LL19 8SY,53.330039946519,-3.4087961705960623,True
Ysgol Emmanuel,"Nursery, Infants & Juniors",Denbighshire,Primary,455.0,LL18 2EG,53.3160999324065,-3.4827344657174573,True
Ysgol Dewi Sant,Infants & Juniors,Denbighshire,Primary,426.0,LL18 2RE,53.30869834187895,-3.471321371242261,True
Ysgol Melyd,"Nursery, Infants & Juniors",Denbighshire,Primary,140.0,LL19 8PE,53.316363198949816,-3.415190915404081,True
Ysgol Bodfari,"Nursery, Infants & Juniors",Denbighshire,Primary,47.0,LL16 4DA,53.21937103806341,-3.3623248601435276,True
Ysgol Bryn Hedydd,"Nursery, Infants & Juniors",Denbighshire,Primary,468.0,LL18 3SU,53.325801673692894,-3.467305095056663,True
Ysgol Cefn Meiriadog,"Nursery, Infants & Juniors",Denbighshire,Primary,60.0,LL22 9DS,53.2486622786624,-3.499795706169421,False
Frongoch Juniors,Juniors,Denbighshire,Primary,209.0,LL16 3DP,53.18934097822282,-3.4087793914786815,True
Ysgol Henllan,"Nursery, Infants & Juniors",Denbighshire,Primary,68.0,LL16 5AW,53.20076583739249,-3.458478512060453,True
Ysgol Twm o'r Nant,"Nursery, Infants & Juniors",Denbighshire,Primary,314.0,LL16 3DP,53.18842123153611,-3.408841581564572,True
Ysgol Bryn Clwyd,"Nursery, Infants & Juniors",Denbighshire,Primary,58.0,LL16 4HG,53.17705544775639,-3.3370877733576676,True
Ysgol Y Parc,Nursery & Infants,Denbighshire,Primary,155.0,LL16 3ER,53.186613134371115,-3.40665963588048,True
Ysgol Gellifor,"Nursery, Infants & Juniors",Denbighshire,Primary,46.0,LL15 1SB,53.15244827525438,-3.314559292072321,True
Ysgol Pentrecelyn,"Nursery, Infants & Juniors",Denbighshire,Primary,27.0,LL15 2HG,53.066979500055595,-3.272947048228868,True
Ysgol Betws Gwerful Goch,"Nursery, Infants & Juniors",Denbighshire,Primary,20.0,LL21 9PY,53.009720331303875,-3.445469457305439,True
Ysgol Carrog,"Nursery, Infants & Juniors",Denbighshire,Primary,28.0,LL21 9AN,52.982474236549365,-3.3250156290780297,True
Ysgol Caer Drewyn,"Nursery, Infants & Juniors",Denbighshire,Primary,89.0,LL21 9RT,52.98993083299613,-3.3798822380298765,True
Ysgol Bro Elwern,"Nursery, Infants & Juniors",Denbighshire,Primary,68.0,LL21 9DF,53.0083098938992,-3.3803343886004797,True
Ysgol Y Llys,"Nursery, Infants & Juniors",Denbighshire,Primary,344.0,LL19 8RP,53.32535571788347,-3.412331548467069,True
Ysgol Bryn Collen,"Nursery, Infants & Juniors",Denbighshire,Primary,166.0,LL20 8AR,52.962688457318244,-3.161581871131012,True
Rhos Street CP School,"Nursery, Infants & Juniors",Denbighshire,Primary,223.0,LL15 1QQ,53.11707769853059,-3.322164891402916,True
Ysgol Pen Barras,"Nursery, Infants & Juniors",Denbighshire,Primary,293.0,LL15 1QQ,53.11675656622224,-3.3222639617206062,True
Ysgol Bro Cinmeirch,"Nursery, Infants & Juniors",Denbighshire,Primary,98.0,LL16 4NL,53.15742404440757,-3.371687678911682,True
Ysgol Bro Famau,"Nursery, Infants & Juniors",Denbighshire,Primary,61.0,CH7 4TB,53.10225649501606,-3.199230589357715,False
Ysgol Gymraeg y Gwernant,"Nursery, Infants & Juniors",Denbighshire,Primary,186.0,LL20 8AR,52.96274281802715,-3.1615386633879865,True
Ysgol Clawdd Offa,Infants & Juniors,Denbighshire,Primary,343.0,LL19 8AZ,53.32800872711108,-3.427273366660959,True
Bodnant Community Primary School,"Nursery, Infants & Juniors",Denbighshire,Primary,475.0,LL19 9NW,53.33621206680013,-3.3982548715925125,True
Ysgol Pendref,"Nursery, Infants & Juniors",Denbighshire,Primary,130.0,LL16 3RU,53.18429282945286,-3.431877131319282,True
Ysgol_Bro_Dyfrdwy,"Nursery, Infants & Juniors",Denbighshire,Primary,119.0,LL21 0LG,52.960382738394884,-3.406529891005222,True
Ysgol Carreg Emlyn,"Nursery, Infants & Juniors",Denbighshire,Primary,59.0,LL15 2AY,53.07755973042094,-3.369374450226929,True
Ysgol Tremeirchion,"Nursery, Infants & Juniors",Denbighshire,Primary,83.0,LL17 0UN,53.246868682012206,-3.376522022606536,True
St Asaph Infants School,Nursery & Infants,Denbighshire,Primary,91.0,LL17 0RL,53.25711010063754,-3.4405321270637925,True
Ysgol Llanbedr,"Nursery, Infants & Juniors",Denbighshire,Primary,52.0,LL15 1SU,53.1318137146913,-3.2883459033820466,True
Ysgol Llanfair Dyffryn Clwyd,"Nursery, Infants & Juniors",Denbighshire,Primary,122.0,LL15 2SD,53.08784034643969,-3.2968323406298983,True
Ysgol Borthyn,"Nursery, Infants & Juniors",Denbighshire,Primary,101.0,LL15 1NT,53.113566015461195,-3.3181662644634478,True
Ysgol Pant Pastynog,"Nursery, Infants & Juniors",Denbighshire,Primary,65.0,LL16 4SG,53.14471862601636,-3.427018786133923,True
Ysgol Dyffryn Ial,"Nursery, Infants & Juniors",Denbighshire,Primary,42.0,LL11 3AW,53.06227661782769,-3.2009098699141,True
Ysgol Esgob Morgan,Juniors,Denbighshire,Primary,111.0,LL17 0PT,53.25890227617842,-3.4532902220072685,True
Ysgol Trefnant,"Nursery, Infants & Juniors",Denbighshire,Primary,78.0,LL16 5UF,53.22385405644073,-3.4233127656089732,True
Rhyl High School,Secondary (ages 11-16),Denbighshire,Secondary,1167.0,LL18 4BY,53.32094970476145,-3.472088048371045,True
Prestatyn High School,Secondary (ages 11-19),Denbighshire,Secondary,1487.0,LL19 8RS,53.32653889116315,-3.4068639585910176,True
Ysgol Uwchradd Glan Clwyd,Secondary (ages 11-19),Denbighshire,Secondary,1048.0,LL17 0RP,53.25507614316459,-3.4381852573623024,True
Denbigh High School,Secondary (ages 11-19),Denbighshire,Secondary,497.0,LL16 3EX,53.18548072511534,-3.4080124474209703,True
Ysgol Dinas Bran,Secondary (ages 11-19),Denbighshire,Secondary,1022.0,LL20 8TG,52.97275060491014,-3.1704741180664757,True
Ysgol Brynhyfryd,Secondary (ages 11-19),Denbighshire,Secondary,1121.0,LL15 1EG,53.114591435529704,-3.297661303606819,True
St Brigid's School,Middle (ages 3-19),Denbighshire,Middle,484.0,LL16 4BH,53.19879285666675,-3.4049816289772057,True
Christ the Word,Middle (ages 3-16),Denbighshire,Middle,870.0,LL18 2EU,53.31341981937857,-3.477226733434913,True
Ysgol Glan Aber,"Nursery, Infants & Juniors",Flintshire,Primary,134.0,CH6 6LW,53.27821038008299,-3.1892415703443104,True
Ysgol Merllyn,"Nursery, Infants & Juniors",Flintshire,Primary,143.0,CH6 6BB,53.26506397103108,-3.1679769579180577,True
Westwood CP,"Nursery, Infants & Juniors",Flintshire,Primary,198.0,CH7 2JT,53.16739075966563,-3.0814036895425105,True
Ewloe Green,"Nursery, Infants & Juniors",Flintshire,Primary,380.0,CH5 3GU,53.190516554542214,-3.060791959188854,True
Bryn Garth CP,"Nursery, Infants & Juniors",Flintshire,Primary,85.0,CH8 9JA,53.32489835046078,-3.3046760210736656,True
Ysgol Gwynedd CP,"Nursery, Infants & Juniors",Flintshire,Primary,500.0,CH6 5DL,53.24514410767116,-3.133721221471555,True
Ysgol Maesglas,"Nursery, Infants & Juniors",Flintshire,Primary,209.0,CH8 7JW,53.290324028692716,-3.2128937933463875,True
Ysgol Gymraeg Mornant,"Nursery, Infants & Juniors",Flintshire,Primary,68.0,CH8 9JQ,53.3289498556694,-3.325450262694947,False
Ysgol Estyn Community School,"Nursery, Infants & Juniors",Flintshire,Primary,226.0,LL12 9NL,53.11447766328919,-3.0332971984841897,True
Ysgol Glanrafon,"Nursery, Infants & Juniors",Flintshire,Primary,326.0,CH7 1PS,53.162747152342256,-3.1451478889027826,True
Northop Hall,"Nursery, Infants & Juniors",Flintshire,Primary,149.0,CH7 6HS,53.20287503754772,-3.0929711522317045,True
Wood Memorial Primary School,"Nursery, Infants & Juniors",Flintshire,Primary,169.0,CH4 8BT,53.17835793578593,-2.922071209189588,True
Sealand CP School,"Nursery, Infants & Juniors",Flintshire,Primary,207.0,CH5 2HH,53.213216498267684,-3.0119650970669043,True
Sychdyn CP,"Nursery, Infants & Juniors",Flintshire,Primary,159.0,CH7 6ED,53.19008482742521,-3.13244465079588,True
Trelogan Primary,"Nursery, Infants & Juniors",Flintshire,Primary,51.0,CH8 9BZ,53.30684697772973,-3.325086124285864,True
Bryn Pennant CP,"Nursery, Infants & Juniors",Flintshire,Primary,113.0,CH8 9NU,53.30785136389251,-3.261271328364426,True
Ysgol Bro Carmel,"Nursery, Infants & Juniors",Flintshire,Primary,158.0,CH8 8NU,53.281099508439894,-3.256353899418537,True
Rhos Helyg School,"Nursery, Infants & Juniors",Flintshire,Primary,89.0,CH7 6PJ,53.217377772687094,-3.1823109558066527,True
Ysgol Terrig,"Nursery, Infants & Juniors",Flintshire,Primary,97.0,CH7 4LN,53.1135770498155,-3.1181684858666383,True
Ysgol Bryn Deva,"Nursery, Infants & Juniors",Flintshire,Primary,320.0,CH5 4SN,53.21757493367373,-3.065728554011466,True
Sandycroft CP,"Nursery, Infants & Juniors",Flintshire,Primary,352.0,CH5 2EH,53.19913655970436,-3.012292169807192,True
Gwernymynydd CP School,"Nursery, Infants & Juniors",Flintshire,Primary,62.0,CH7 4DT,53.156432521516685,-3.1703965544167696,True
Queensferry Community Primary School,"Nursery, Infants & Juniors",Flintshire,Primary,111.0,CH5 1SA,53.20636619282721,-3.02987670667368,True
Ysgol Bryn Coch,"Nursery, Infants & Juniors",Flintshire,Primary,636.0,CH7 1EW,53.16574720376659,-3.1396838307152866,True
Mountain Lane Primary School,"Nursery, Infants & Juniors",Flintshire,Primary,462.0,CH7 3JA,53.1701366604148,-3.073433992503977,True
"Ysgol y Foel, Cilcain","Nursery, Infants & Juniors",Flintshire,Primary,30.0,CH7 5NH,53.179311080942554,-3.233512758124763,True
Brynford CP,"Nursery, Infants & Juniors",Flintshire,Primary,85.0,CH8 8AD,53.25768455006442,-3.234283976572679,True
Ysgol Bryn Gwalia,"Nursery, Infants & Juniors",Flintshire,Primary,138.0,CH7 1SU,53.16677461929598,-3.150898092581492,True
Golftyn CP School,"Nursery, Infants & Juniors",Flintshire,Primary,376.0,CH5 4XA,53.220831782562925,-3.0704375185326773,True
Saltney Ferry CP,"Nursery, Infants & Juniors",Flintshire,Primary,137.0,CH4 0BN,53.177185456136144,-2.9459707245986295,True
Y Waun,"Nursery, Infants & Juniors",Flintshire,Primary,55.0,CH7 5DP,53.17321842695142,-3.1919745227630973,True
Ysgol Gwenffrwd,"Nursery, Infants & Juniors",Flintshire,Primary,116.0,CH8 7NJ,53.27596571953169,-3.2274255189130967,True
Abermorddu CP School,"Nursery, Infants & Juniors",Flintshire,Primary,173.0,LL12 9DH,53.10157368735276,-3.0333019529301297,True
Southdown CP,"Nursery, Infants & Juniors",Flintshire,Primary,341.0,CH7 2NP,53.17027201424884,-3.088597738164419,True
Wepre Community School,"Nursery, Infants & Juniors",Flintshire,Primary,314.0,CH5 4NE,53.20429369823734,-3.0711930488468275,True
Drury Primary School,"Nursery, Infants & Juniors",Flintshire,Primary,139.0,CH7 3EG,53.17039647700406,-3.0532464780173876,True
Cornist Park CP,"Nursery, Infants & Juniors",Flintshire,Primary,252.0,CH6 5ET,53.245387983072234,-3.1515916756682447,True
Ysgol Derwenfa CP,"Nursery, Infants & Juniors",Flintshire,Primary,79.0,CH7 4RQ,53.13021199620307,-3.0881519321368547,True
Penarlag CP,"Nursery, Infants & Juniors",Flintshire,Primary,152.0,CH5 3RQ,53.192143627473094,-3.0435318018331565,True
Owen Jones CP,"Nursery, Infants & Juniors",Flintshire,Primary,135.0,CH7 6AU,53.208547770917406,-3.136892615842051,False
Gronant Primary School,"Nursery, Infants & Juniors",Flintshire,Primary,54.0,LL19 9YP,53.33814609351785,-3.3559600345558094,True
Ysgol Gymraeg Croes Atti,"Nursery, Infants & Juniors",Flintshire,Primary,274.0,CH6 5DU,53.24564984285158,-3.1261649603632478,True
Ysgol Parc y Llan,"Nursery, Infants & Juniors",Flintshire,Primary,127.0,CH7 4LN,53.113673159090084,-3.117822718268609,True
Ysgol Mynydd Isa,"Nursery, Infants & Juniors",Flintshire,Primary,483.0,CH7 6SJ,53.173239664544845,-3.1103020054597432,True
Broughton Primary School,"Nursery, Infants & Juniors",Flintshire,Primary,584.0,CH4 0QQ,53.166675503563205,-2.9855504625619953,True
Ysgol Cae'r Nant,"Nursery, Infants & Juniors",Flintshire,Primary,335.0,CH5 4QL,53.2136153530242,-3.054218763637034,True
Ysgol Ty Ffynnon,"Nursery, Infants & Juniors",Flintshire,Primary,269.0,CH5 1HP,53.2086047058421,-3.046339984789066,False
Ysgol Maes Y Felin,"Nursery, Infants & Juniors",Flintshire,Primary,281.0,CH8 7EN,53.27601544245068,-3.214574973819893,True
Nannerch V.C.P. School,"Nursery, Infants & Juniors",Flintshire,Primary,44.0,CH7 5RD,53.2164519658871,-3.249165291268303,True
Ysgol Yr Esgob C in W,"Nursery, Infants & Juniors",Flintshire,Primary,63.0,CH7 5AD,53.2450052472631,-3.310284126848596,True
St Mary's,"Nursery, Infants & Juniors",Flintshire,Primary,274.0,CH6 5JZ,53.240808910766916,-3.12896045651262,True
St Winefrides,"Nursery, Infants & Juniors",Flintshire,Primary,170.0,CH8 7NJ,53.275340411154964,-3.226439547549673,True
St David's Catholic Primary School,"Nursery, Infants & Juniors",Flintshire,Primary,75.0,CH7 1LH,53.16974562694932,-3.135126043198745,True
St Anthony's Catholic Primary,"Nursery, Infants & Juniors",Flintshire,Primary,68.0,CH4 8SG,53.17838798393657,-2.9250239892395933,True
Venerable Edward Morgan RC,"Nursery, Infants & Juniors",Flintshire,Primary,191.0,CH5 1AS,53.20689095693705,-3.04289940933728,True
Trelawnyd,"Nursery, Infants & Juniors",Flintshire,Primary,66.0,LL18 6DL,53.30688862906942,-3.3690672795432945,True
Ysgol y Llan VA Primary School Whitford,"Nursery, Infants & Juniors",Flintshire,Primary,70.0,CH8 9AN,53.294442317539236,-3.2816745992901346,True
St. Ethelwolds,"Nursery, Infants & Juniors",Flintshire,Primary,83.0,CH5 1NG,53.202023844589306,-3.039233077979483,True
St John the Baptist VA School,"Nursery, Infants & Juniors",Flintshire,Primary,109.0,CH4 0EN,53.15766054983671,-3.040096569995251,True
Nercwys VA,"Nursery, Infants & Juniors",Flintshire,Primary,17.0,CH7 4EL,53.13555005467069,-3.1437074299455556,True
Hawarden Village VA,"Nursery, Infants & Juniors",Flintshire,Primary,386.0,CH5 3PY,53.18526020712703,-3.0224557128802942,True
Lixwm VA Church in Wales Primary School,"Nursery, Infants & Juniors",Flintshire,Primary,56.0,CH8 8NQ,53.233139911273554,-3.248575898877399,True
Hawarden High School,Secondary (ages 11-19),Flintshire,Secondary,1161.0,CH5 3DN,53.18846492326563,-3.0416439558398896,True
Alun School,Secondary (ages 11-19),Flintshire,Secondary,1480.0,CH7 1EP,53.16105474914871,-3.140808245663276,True
Elfed High School,Secondary (ages 11-16),Flintshire,Secondary,901.0,CH7 3HQ,53.171883943487586,-3.0831605700857954,True
Ysgol Treffynnon,Secondary (ages 11-16),Flintshire,Secondary,519.0,CH8 7EN,53.276515183104756,-3.215269423995287,True
St. David's High School,Secondary (ages 11-16),Flintshire,Secondary,351.0,CH4 0AE,53.17728959760124,-2.939150201207755,True
Castell Alun High School,Secondary (ages 11-19),Flintshire,Secondary,1283.0,LL12 9PY,53.11877210996758,-3.0358064797559825,True
Maes Garmon,Secondary (ages 11-19),Flintshire,Secondary,578.0,CH7 1JB,53.16221413519981,-3.1404400850277407,True
Flint High School,Secondary (ages 11-19),Flintshire,Secondary,747.0,CH6 5LL,53.23916616007613,-3.1367101676595652,True
"Connah's Quay High School,",Secondary (ages 11-16),Flintshire,Secondary,1014.0,CH5 4BH,53.22298566094217,-3.078804260041411,True
St. Richard Gwyn Catholic High School,Secondary (ages 11-19),Flintshire,Secondary,774.0,CH6 5JZ,53.24081362557994,-3.127769445898821,True
Derwen Foundation School,"Nursery, Infants & Juniors",Flintshire,Primary,187.0,CH4 9AJ,53.14561817781634,-3.002078190485871,True
The Rofft CP School,"Nursery, Infants & Juniors",Wrexham,Primary,217.0,LL12 8LA,53.08953381075152,-2.9597104074428735,True
Froncysyllte,"Nursery, Infants & Juniors",Wrexham,Primary,11.0,LL20 7SU,52.96314262252373,-3.087955544043139,True
Garth CP,"Nursery, Infants & Juniors",Wrexham,Primary,58.0,LL20 7UY,52.976988358539444,-3.1053114408836717,True
Ysgol Cynddelw,"Nursery, Infants & Juniors",Wrexham,Primary,83.0,LL20 7HH,52.933719233403465,-3.1811595670525272,True
Llanarmon DC School,"Nursery, Infants & Juniors",Wrexham,Primary,22.0,LL20 7LF,52.88533700328944,-3.255535728959009,True
Ysgol Acrefair,"Nursery, Infants & Juniors",Wrexham,Primary,205.0,LL14 3SH,52.98018682907636,-3.0790898874791024,True
Cefn Mawr C P School,"Nursery, Infants & Juniors",Wrexham,Primary,192.0,LL14 3PY,52.97092132034034,-3.073150669521679,True
Ysgol Maes-y-Llan,"Nursery, Infants & Juniors",Wrexham,Primary,138.0,LL14 6AE,52.98822887905722,-3.03644829195731,True
Ysgol Min y Ddol,"Nursery, Infants & Juniors",Wrexham,Primary,124.0,LL14 3PY,52.97030459659516,-3.0734232296859862,True
Alexandra C P School,"Nursery, Infants & Juniors",Wrexham,Primary,367.0,LL12 7AZ,53.050277145628264,-2.987332966251648,True
Brynteg C P School,"Nursery, Infants & Juniors",Wrexham,Primary,166.0,LL11 6NB,53.06482729383095,-3.037255002132782,True
BWLCHGWYN SCHOOL,"Nursery, Infants & Juniors",Wrexham,Primary,106.0,LL11 5UA,53.071983305734996,-3.095682494668158,True
Ysgol Tan-y-Fron,"Nursery, Infants & Juniors",Wrexham,Primary,139.0,LL11 5SA,53.06193566319062,-3.049459668587108,True
Black Lane C P School,"Nursery, Infants & Juniors",Wrexham,Primary,151.0,LL11 6BT,53.07341457740543,-3.0437502060865973,True
Rhosddu County Primary,"Nursery, Infants & Juniors",Wrexham,Primary,274.0,LL11 2NB,53.05548382842429,-2.9973974875679588,True
Rhostyllen CP School,"Nursery, Infants & Juniors",Wrexham,Primary,220.0,LL14 4AN,53.030977864018986,-3.0252735040837724,True
Ysgol Deiniol C P,"Nursery, Infants & Juniors",Wrexham,Primary,158.0,LL13 0SB,53.023549316620866,-2.956914349763437,True
Barker's Lane CP,"Nursery, Infants & Juniors",Wrexham,Primary,242.0,LL13 9UN,53.067697665101655,-2.977879884373959,True
Wat's Dyke County Primary,"Nursery, Infants & Juniors",Wrexham,Primary,282.0,LL11 2TE,53.06286442104157,-2.9967238379493537,True
Ysgol Bryn Tabor,"Nursery, Infants & Juniors",Wrexham,Primary,200.0,LL11 3NB,53.0519709783429,-3.067701992005792,True
Ysgol Sant Dunawd,"Nursery, Infants & Juniors",Wrexham,Primary,93.0,LL13 0JA,53.003286472261,-2.90581933926628,True
Holt C.P. School,"Nursery, Infants & Juniors",Wrexham,Primary,68.0,LL13 9DJ,53.07853962998322,-2.8836711605481185,True
Ysgol Bodhyfryd,"Nursery, Infants & Juniors",Wrexham,Primary,280.0,LL13 7DA,53.035197134322516,-2.9855555039570474,True
Ysgol I.D. Hooson,"Nursery, Infants & Juniors",Wrexham,Primary,228.0,LL14 2DX,53.00753031914948,-3.063108852017371,True
Ysgol Plas Coch,"Nursery, Infants & Juniors",Wrexham,Primary,307.0,LL11 2BU,53.05828727759906,-3.005055012216334,True
Penygelli C P School,"Nursery, Infants & Juniors",Wrexham,Primary,255.0,LL11 3HA,53.052987323188646,-3.0638104883484547,True
Ysgol Penrhyn New Broughton CP,"Nursery, Infants & Juniors",Wrexham,Primary,218.0,LL11 6SF,53.0579243853606,-3.0319712374377645,True
Ysgol Heulfan,"Nursery, Infants & Juniors",Wrexham,Primary,331.0,LL11 4HS,53.07303935326579,-3.023001092208745,True
Hafod y Wern Community Primary School,"Nursery, Infants & Juniors",Wrexham,Primary,249.0,LL13 9HD,53.04705821791902,-2.9721844936400195,True
Gwenfro Community Primary,"Nursery, Infants & Juniors",Wrexham,Primary,298.0,LL13 8UW,53.039398931172094,-2.9711282939127117,True
Rhosymedre Community Primary,"Nursery, Infants & Juniors",Wrexham,Primary,215.0,LL14 3EG,52.97967200623193,-3.062736286672246,True
Ysgol Maes y Mynydd,"Nursery, Infants & Juniors",Wrexham,Primary,292.0,LL14 1DD,53.015370320786715,-3.0600060894110297,True
Gwersyllt Community Primary School,"Nursery, Infants & Juniors",Wrexham,Primary,238.0,LL11 4NT,53.07162761507326,-3.0141544154786226,True
Penycae Community Primary School,"Nursery, Infants & Juniors",Wrexham,Primary,181.0,LL14 2PF,52.99834560147683,-3.0661767782797544,True
Acton Primary,"Nursery, Infants & Juniors",Wrexham,Primary,326.0,LL12 8BT,53.061945359242706,-2.985240595679193,True
Victoria Community Primary,"Nursery, Infants & Juniors",Wrexham,Primary,440.0,LL13 7RP,53.041971922609946,-3.001250938029227,True
Ysgol Y Waun,"Nursery, Infants & Juniors",Wrexham,Primary,320.0,LL14 5NH,52.937564618131645,-3.0528164545689784,True
Ysgol Bro Alun,"Nursery, Infants & Juniors",Wrexham,Primary,280.0,LL11 4NG,53.0788770423341,-3.017525443832192,True
"Ysgol Yr Hafod, Johnstown","Nursery, Infants & Juniors",Wrexham,Primary,346.0,LL14 2SW,53.00894977498481,-3.038135161131058,True
Borras Park Community Primary,"Nursery, Infants & Juniors",Wrexham,Primary,431.0,LL12 7TH,53.06102454646036,-2.968904424674467,True
Ysgol Llan y pwll,"Nursery, Infants & Juniors",Wrexham,Primary,47.0,LL12 7TH,53.06032123355188,-2.9702584591441257,True
St Peter's School,"Nursery, Infants & Juniors",Wrexham,Primary,205.0,LL12 0EE,53.11089606343391,-2.940122687866781,True
Pentre CIW Voluntary Controlled,"Nursery, Infants & Juniors",Wrexham,Primary,47.0,LL14 5AW,52.95960361558415,-3.0607868427975005,True
Eyton Primary School,"Nursery, Infants & Juniors",Wrexham,Primary,48.0,LL13 0YD,52.99871055976407,-2.9885834414229797,True
BORDERBROOK SCHOOL,"Nursery, Infants & Juniors",Wrexham,Primary,12.0,SY14 7LJ,52.991299828262235,-2.8252522952097983,True
St Giles Controlled Primary School,"Nursery, Infants & Juniors",Wrexham,Primary,396.0,LL13 7DG,53.04232224716391,-2.993317545314735,True
BRONINGTON CHURCH IN WALES V.A,"Nursery, Infants & Juniors",Wrexham,Primary,44.0,SY13 3HN,52.95058806802182,-2.765300747310768,True
Madras VA School,"Nursery, Infants & Juniors",Wrexham,Primary,121.0,LL13 0LU,52.954302237943345,-2.8763031515969493,True
St Chad's Church in Wales Aided School,"Nursery, Infants & Juniors",Wrexham,Primary,107.0,SY13 3DG,52.95251571996427,-2.8138705906915393,True
St Mary's RC Primary,"Nursery, Infants & Juniors",Wrexham,Primary,342.0,LL13 7NA,53.044225221538156,-2.99728204248962,True
Minera,"Nursery, Infants & Juniors",Wrexham,Primary,91.0,LL11 3YE,53.058616332505075,-3.0865102345413726,True
All Saints Voluntary Aided Sch,"Nursery, Infants & Juniors",Wrexham,Primary,366.0,LL12 8RW,53.08664189893822,-2.977481145199908,True
St Mary's Church in Wales,"Nursery, Infants & Juniors",Wrexham,Primary,213.0,LL14 6LE,52.98680942966561,-3.0374470796474955,True
Brymbo Aided (St. Mary's),"Nursery, Infants & Juniors",Wrexham,Primary,135.0,LL11 5DA,53.079303949857014,-3.054330808936926,True
St Anne's Catholic Primary,"Nursery, Infants & Juniors",Wrexham,Primary,169.0,LL13 8TH,53.04395705862902,-2.9708392178958967,True
St Mary's Overton,"Nursery, Infants & Juniors",Wrexham,Primary,147.0,LL13 0ES,52.971585931624794,-2.9322413748464977,True
St Paul's Voluntary Aided,"Nursery, Infants & Juniors",Wrexham,Primary,32.0,LL13 9RL,53.04378515560545,-2.8965535379097562,False
Grango,Secondary (ages 11-16),Wrexham,Secondary,580.0,LL14 1EL,53.015401755797924,-3.0560189532382904,True
YSGOL MORGAN LLWYD,Secondary (ages 11-19),Wrexham,Secondary,930.0,LL13 9NG,53.05090747616851,-2.969643545356537,True
Ysgol Bryn Alyn,Secondary (ages 11-16),Wrexham,Secondary,701.0,LL11 4HB,53.07502722340328,-3.024125649254466,True
Darland High School,Secondary (ages 11-16),Wrexham,Secondary,682.0,LL12 0DL,53.11312662033352,-2.9376913122193677,True
Ysgol Rhiwabon,Secondary (ages 11-19),Wrexham,Secondary,509.0,LL14 6BT,52.9885980808195,-3.0482984215553897,True
Rhosnesni High School,Secondary (ages 11-16),Wrexham,Secondary,1091.0,LL13 9ET,53.05494127219973,-2.973510659626029,True
Ysgol Clywedog,Secondary (ages 11-16),Wrexham,Secondary,801.0,LL13 7UB,53.043070506742815,-3.011420236325654,True
St Joseph's Catholic and Anglican High,Secondary (ages 11-16),Wrexham,Secondary,748.0,LL13 7EN,53.037831488225535,-2.9967848694368446,True
THE MAELOR SCHOOL,Secondary (ages 11-19),Wrexham,Secondary,787.0,LL13 0LU,52.95290210357394,-2.868653891917889,True
ABERMULE PRIMARY SCHOOL,"Nursery, Infants & Juniors",Powys,Primary,79.0,SY15 6ND,52.545499951745754,-3.2363603454993903,True
ARDDLEEN C.P. SCHOOL,"Nursery, Infants & Juniors",Powys,Primary,111.0,SY22 6RT,52.73385172206122,-3.101015870291138,True
BERRIEW C.P. SCHOOL,"Nursery, Infants & Juniors",Powys,Primary,105.0,SY21 8BA,52.601475067879555,-3.205215573507057,False
CAERSWS C.P. SCHOOL,"Nursery, Infants & Juniors",Powys,Primary,84.0,SY17 5HG,52.520544789485534,-3.424568020003572,True
CARNO C.P. SCHOOL,"Nursery, Infants & Juniors",Powys,Primary,38.0,SY17 5LH,52.55675006170153,-3.5342010742804946,True
CARREGHOFA C.P. SCHOOL,"Nursery, Infants & Juniors",Powys,Primary,99.0,SY22 6PA,52.778644478621366,-3.097726816040243,False
LEIGHTON C.P. SCHOOL,"Nursery, Infants & Juniors",Powys,Primary,50.0,SY21 8HH,52.64852510021499,-3.1215755973237096,True
YSGOL LLANBRYNMAIR,"Nursery, Infants & Juniors",Powys,Primary,35.0,SY19 7DJ,52.610457496038805,-3.62862832930673,True
LLANDINAM C.P. SCHOOL,"Nursery, Infants & Juniors",Powys,Primary,33.0,SY17 5BY,52.485894200369394,-3.434842395708012,True
MEIFOD C.P. SCHOOL,"Nursery, Infants & Juniors",Powys,Primary,62.0,SY22 6DF,52.71148351077655,-3.254919047743791,True
PENYGLODDFA C.P. SCHOOL,"Nursery, Infants & Juniors",Powys,Primary,270.0,SY16 2DF,52.51933456352595,-3.3168299376175585,True
PONTROBERT C.P. SCHOOL,"Nursery, Infants & Juniors",Powys,Primary,67.0,SY22 6JN,52.70307936098477,-3.3236446603091765,True
YSGOL DYFFRYN TRANNON,"Nursery, Infants & Juniors",Powys,Primary,98.0,SY17 5PH,52.50587450798279,-3.5155975250120433,True
GUILSFIELD C.P. SCHOOL,"Nursery, Infants & Juniors",Powys,Primary,145.0,SY21 9ND,52.694826112273574,-3.1565862213323235,True
LLANIDLOES C.P. SCHOOL,"Nursery, Infants & Juniors",Powys,Primary,267.0,SY18 6EX,52.44347659218518,-3.5445774171674977,True
BUTTINGTON TREWERN C.P. SCHOOL,"Nursery, Infants & Juniors",Powys,Primary,133.0,SY21 8TB,52.6879806260374,-3.075544854598739,True
BRYNHAFREN C.P. SCHOOL,Infants & Juniors,Powys,Primary,34.0,SY5 9BJ,52.731172812572744,-3.005929325857182,True
CHURCHSTOKE C.P. SCHOOL,"Nursery, Infants & Juniors",Powys,Primary,38.0,SY15 6AA,52.53824835245604,-3.0742797522645264,True
YSGOL GYNRADD GLANTWYMYN,"Nursery, Infants & Juniors",Powys,Primary,78.0,SY20 8LX,52.624856619456416,-3.739397291016633,True
YSGOL PENNANT,"Nursery, Infants & Juniors",Powys,Primary,71.0,SY10 0PD,52.811453316564204,-3.3537707473417933,True
MAESYRHANDIR C.P. SCHOOL,"Nursery, Infants & Juniors",Powys,Primary,100.0,SY16 1LH,52.504340502245334,-3.327522949423607,True
TREOWEN C.P. SCHOOL,"Nursery, Infants & Juniors",Powys,Primary,91.0,SY16 1NH,52.51138280129473,-3.309305413493626,True
FRANKSBRIDGE C.P. SCHOOL,"Nursery, Infants & Juniors",Powys,Primary,37.0,LD1 5SA,52.1971422569886,-3.290374627501965,True
LLANBISTER C.P. SCHOOL,"Nursery, Infants & Juniors",Powys,Primary,58.0,LD1 6TN,52.35131806000279,-3.310555017180066,True
YSGOL CEFNLLYS,"Nursery, Infants & Juniors",Powys,Primary,198.0,LD1 5WA,52.23944390494114,-3.3724497384905776,True
PRESTEIGNE C.P. SCHOOL,"Nursery, Infants & Juniors",Powys,Primary,173.0,LD8 2NH,52.27172227433452,-3.0114398320205487,True
RADNOR VALLEY C.P. SCHOOL,"Nursery, Infants & Juniors",Powys,Primary,48.0,LD8 2SS,52.23943053988104,-3.151083555374268,True
CROSSGATES C.P. SCHOOL,"Nursery, Infants & Juniors",Powys,Primary,145.0,LD1 6RE,52.27561776360219,-3.3355007146560784,True
YSGOL DOLAFON,"Nursery, Infants & Juniors",Powys,Primary,41.0,LD5 4RA,52.107463643814995,-3.6419029996161183,True
BUILTH WELLS C.P. SCHOOL,"Nursery, Infants & Juniors",Powys,Primary,238.0,LD2 3GA,52.14712405181555,-3.4088720671269734,True
SENNYBRIDGE C.P. SCHOOL,"Nursery, Infants & Juniors",Powys,Primary,104.0,LD3 8RS,51.944633856529734,-3.5699416634316727,True
CRICKHOWELL C.P. SCHOOL,"Nursery, Infants & Juniors",Powys,Primary,210.0,NP8 1DY,51.864232669250825,-3.139984519435975,True
LLANGYNIDR C.P. SCHOOL,"Nursery, Infants & Juniors",Powys,Primary,101.0,NP8 1NY,51.86651538527757,-3.229705619174699,True
LLANFAES C.P. SCHOOL,"Nursery, Infants & Juniors",Powys,Primary,193.0,LD3 8EB,51.94381425340743,-3.3989571965494836,True
YSGOL Y BANNAU,"Nursery, Infants & Juniors",Powys,Primary,94.0,LD3 9SR,51.95249872937682,-3.379275658938919,True
YSGOL RHIW BECHAN,"Nursery, Infants & Juniors",Powys,Primary,139.0,SY16 3EH,52.57834388381887,-3.333541958152105,True
LLANRHAEADR YM MOCHNANT C.P. SCHOOL,"Nursery, Infants & Juniors",Powys,Primary,84.0,SY10 0LG,52.822359503918925,-3.293706689775531,True
YSGOL BRO CYNLLAITH,"Nursery, Infants & Juniors",Powys,Primary,25.0,SY10 7QB,52.84395787143768,-3.174385915534621,True
YSGOL DAFYDD LLWYD,"Nursery, Infants & Juniors",Powys,Primary,211.0,SY16 1JE,52.508478854125656,-3.3188329808638968,True
YSGOL Y CRIBARTH,"Nursery, Infants & Juniors",Powys,Primary,116.0,SA9 1XD,51.80091007730033,-3.717882830493046,True
YSGOL GOLWG Y CWM,"Nursery, Infants & Juniors",Powys,Primary,188.0,SA9 1SE,51.78270280751221,-3.7452115297630573,True
YSGOL BRO TAWE,"Nursery, Infants & Juniors",Powys,Primary,206.0,SA9 1BU,51.76602335487779,-3.7710530404607057,True
YSGOL GYMRAEG DYFFRYN Y GLOWYR,"Nursery, Infants & Juniors",Powys,Primary,348.0,SA9 2PT,51.77431119329206,-3.780279950569099,True
YSGOL CALON Y DDERWEN,"Nursery, Infants & Juniors",Powys,Primary,259.0,SY16 1EG,52.51300411553771,-3.318706638603679,True
LLANFECHAIN C.I.W. SCHOOL,"Nursery, Infants & Juniors",Powys,Primary,45.0,SY22 6UQ,52.77435873940734,-3.2040569331217843,True
MONTGOMERY C.I.W. SCHOOL,"Nursery, Infants & Juniors",Powys,Primary,108.0,SY15 6QA,52.56243709286108,-3.1456661089519034,True
FORDEN C.I.W. SCHOOL,"Nursery, Infants & Juniors",Powys,Primary,56.0,SY21 8NE,52.601856207730236,-3.1397769256551036,True
LLANDYSILIO C.I.W. SCHOOL,"Nursery, Infants & Juniors",Powys,Primary,55.0,SY22 6RB,52.76244366232954,-3.084036192000389,True
GLADESTRY C.I.W. SCHOOL,"Nursery, Infants & Juniors",Powys,Primary,34.0,HR5 3NR,52.189455922242495,-3.123630197319801,True
YSGOL TREFONNEN CHURCH IN WALES COMMUNITY PRIMARY,"Nursery, Infants & Juniors",Powys,Primary,203.0,LD1 5EB,52.247505997463,-3.374181699146411,True
NEWBRIDGE-ON-WYE CHURCH IN WALES SCHOOL,"Nursery, Infants & Juniors",Powys,Primary,104.0,LD1 6LD,52.212076846935055,-3.4396244303694625,True
CLYRO C.I.W. SCHOOL,"Nursery, Infants & Juniors",Powys,Primary,71.0,HR3 5LE,52.08336338444698,-3.1519474066522624,True
KNIGHTON CHURCH IN WALES PRIMARY SCHOOL,"Nursery, Infants & Juniors",Powys,Primary,168.0,LD7 1HP,52.34117118764438,-3.0426006289633905,True
RHAYADER C.I.W. SCHOOL,"Nursery, Infants & Juniors",Powys,Primary,221.0,LD6 5LT,52.3075257565292,-3.513350671061153,True
LLANELWEDD CHURCH IN WALES PRIMARY SCHOOL,"Nursery, Infants & Juniors",Powys,Primary,94.0,LD2 3TY,52.15605741785906,-3.396380926014287,True
LLANGORS C.I.W. SCHOOL,"Nursery, Infants & Juniors",Powys,Primary,141.0,LD3 7TR,51.940727270366274,-3.2632135019087474,True
WELSHPOOL CHURCH IN WALES PRIMARY SCHOOL,"Nursery, Infants & Juniors",Powys,Primary,264.0,SY21 7AT,52.65558865974416,-3.142779842042366,True
ST. MICHAEL'S C.I.W. SCHOOL,"Nursery, Infants & Juniors",Powys,Primary,79.0,SY16 4NP,52.50136116039654,-3.2559378010653504,True
LLANSANTFFRAID C.I.W.A.,"Nursery, Infants & Juniors",Powys,Primary,110.0,SY22 6AE,52.77519387438862,-3.1544184245101836,True
PRIORY CHURCH IN WALES SCHOOL,"Nursery, Infants & Juniors",Powys,Primary,143.0,LD3 9EU,51.95230190705549,-3.391422434864555,True
ST MARY`S R.C. (A) SCHOOL,"Nursery, Infants & Juniors",Powys,Primary,61.0,SY16 2EH,52.51563714821223,-3.323418810972251,True
LLANGATTOCK C.I.W. SCHOOL,"Nursery, Infants & Juniors",Powys,Primary,111.0,NP8 1PH,51.85000573244221,-3.1481036137638894,True
YSGOL CWM BANWY,"Nursery, Infants & Juniors",Powys,Primary,46.0,SY21 0NW,52.69199016990907,-3.472001914843848,False
LLANIDLOES HIGH SCHOOL,Secondary (ages 11-19),Powys,Secondary,703.0,SY18 6EX,52.44204948950185,-3.5451748525647417,True
Newtown High School,Secondary (ages 11-19),Powys,Secondary,896.0,SY16 1JE,52.50749598137679,-3.3213412390692216,True
WELSHPOOL HIGH SCHOOL,Secondary (ages 11-19),Powys,Secondary,816.0,SY21 7RE,52.66557828945006,-3.136710109724198,True
Ysgol Maesydderwen,Secondary (ages 11-19),Powys,Secondary,513.0,SA9 1AP,51.76898849324285,-3.7675468402895502,True
BRECON HIGH SCHOOL,Secondary (ages 11-19),Powys,Secondary,557.0,LD3 9SR,51.95158217377219,-3.3841295295280056,True
Gwernyfed High School,Secondary (ages 11-19),Powys,Secondary,505.0,LD3 0SG,52.02836489957384,-3.2023073681771628,False
Crickhowell High School,Secondary (ages 11-19),Powys,Secondary,942.0,NP8 1AW,51.8609974962556,-3.140884397993832,True
Ysgol Calon Cymru,Secondary (ages 11-19),Powys,Secondary,948.0,LD2 3BW,52.15122717072808,-3.407349964325662,True
Ysgol Bro Hyddgen,Middle (ages 4-19),Powys,Middle,441.0,SY20 8DR,52.58888563527219,-3.8547180864960575,True
Ysgol Llanfyllin,Middle (ages 4-19),Powys,Middle,775.0,SY22 5BJ,52.76234909626829,-3.2688004700946935,True
Ysgol Bro Caereinion,Middle (ages 4-19),Powys,Middle,494.0,SY21 0HW,52.65134841204781,-3.3238789618428193,True
YSGOL GYMUNEDOL GYNRADD ABERAERON,"Nursery, Infants & Juniors",Ceredigion,Primary,229.0,SA46 0BQ,52.24107698467133,-4.264342793862911,True
YSGOL GYMUNEDOL LLANARTH,Infants & Juniors,Ceredigion,Primary,66.0,SA47 0PA,52.192240107735834,-4.310516414388056,True
YSGOL GYMUNEDOL LLANNON,Infants & Juniors,Ceredigion,Primary,41.0,SY23 5HX,52.28109789647939,-4.175406506294294,True
YSGOL GYMUNEDOL CEI NEWYDD,Infants & Juniors,Ceredigion,Primary,72.0,SA45 9TE,52.21102969863365,-4.358669196468788,True
YSGOL GYMUNEDOL TALGARREG,Infants & Juniors,Ceredigion,Primary,36.0,SA44 4ER,52.134885235107625,-4.300682356512246,True
YSGOL GYMRAEG ABERYSTWYTH,"Nursery, Infants & Juniors",Ceredigion,Primary,368.0,SY23 1HL,52.41023460114696,-4.070936446532555,True
YSGOL GYMUNEDOL COMINS COCH,Infants & Juniors,Ceredigion,Primary,133.0,SY23 3BQ,52.421089889048844,-4.039298398463343,True
YSGOL GYMUNEDOL LLANFARIAN,Infants & Juniors,Ceredigion,Primary,41.0,SY23 4DN,52.377267198264185,-4.076812700791149,True
YSGOL GYMUNEDOL LLANFIHANGEL-Y-CREUDDYN,Infants & Juniors,Ceredigion,Primary,16.0,SY23 4LA,52.36563596371035,-3.9621646491616045,True
YSGOL GYMUNEDOL LLANGWYRYFON,Infants & Juniors,Ceredigion,Primary,25.0,SY23 4HA,52.31534503867578,-4.0560383079081195,True
YSGOL LLANILAR,Infants & Juniors,Ceredigion,Primary,106.0,SY23 4PA,52.35788524405898,-4.022013563476297,True
YSGOL GYMUNEDOL MYNACH,Infants & Juniors,Ceredigion,Primary,45.0,SY23 4QZ,52.37096573935686,-3.8571950382844467,False
YSGOL PENLLWYN,Infants & Juniors,Ceredigion,Primary,42.0,SY23 3LP,52.40537427040717,-3.983160764244017,True
YSGOL GYMUNEDOL LLWYN YR EOS,"Nursery, Infants & Juniors",Ceredigion,Primary,242.0,SY23 1SH,52.40021601513687,-4.068482609332661,True
YSGOL GYMUNEDOL SYR JOHN RHYS,Infants & Juniors,Ceredigion,Primary,15.0,SY23 3JX,52.41215603704774,-3.8399902961772976,True
YSGOL GYMUNEDOL RHYDYPENNAU,"Nursery, Infants & Juniors",Ceredigion,Primary,194.0,SY24 5AD,52.45134258148995,-4.019560347178684,True
YSGOL GYMUNEDOL TALYBONT,Infants & Juniors,Ceredigion,Primary,57.0,SY24 5HE,52.487700408490745,-3.9809570206868257,True
YSGOL GYMUNEDOL ABERPORTH,Infants & Juniors,Ceredigion,Primary,174.0,SA43 2DA,52.13240983352439,-4.548662804836344,True
YSGOL GYMUNEDOL LLECHRYD,Infants & Juniors,Ceredigion,Primary,54.0,SA43 2NL,52.066353385639204,-4.606655305608951,True
YSGOL GYMUNEDOL PENPARC,Infants & Juniors,Ceredigion,Primary,103.0,SA43 1SQ,52.105904524671345,-4.59416663893687,False
YSGOL GYMUNEDOL PONTRHYDFENDIGAID,Infants & Juniors,Ceredigion,Primary,53.0,SY25 6BL,52.288496112849025,-3.860384946535963,False
YSGOL GYMUNEDOL PLASCRUG,"Nursery, Infants & Juniors",Ceredigion,Primary,441.0,SY23 1HL,52.41017297288756,-4.074962260687006,True
YSGOL CRAIG YR WYLFA,Infants & Juniors,Ceredigion,Primary,24.0,SY24 5NJ,52.477145351517045,-4.053266871297513,True
YSGOL PENRHYNCOCH,Infants & Juniors,Ceredigion,Primary,115.0,SY23 3EH,52.43866312653035,-3.996280017282842,True
YSGOL GYMUNEDOL Y DDERI,"Nursery, Infants & Juniors",Ceredigion,Primary,99.0,SA48 8LY,52.15745216426326,-4.038827718409879,True
YSGOL GYMUNEDOL CENARTH,Infants & Juniors,Ceredigion,Primary,89.0,SA38 9JP,52.04831873405861,-4.529308991723636,True
YSGOL GYNRADD ABERTEIFI,"Nursery, Infants & Juniors",Ceredigion,Primary,379.0,SA43 1EH,52.08446992126241,-4.656349824679833,True
YSGOL BRO SION CWILT,"Nursery, Infants & Juniors",Ceredigion,Primary,120.0,SA44 6JZ,52.16732458472489,-4.340972922024683,True
YSGOL GYNRADD T LLEW JONES,"Nursery, Infants & Juniors",Ceredigion,Primary,166.0,SA44 6EA,52.13238180679877,-4.442286733574031,True
YSGOL RHOS HELYG,Infants & Juniors,Ceredigion,Primary,55.0,SY23 4TQ,52.21964834070292,-4.020023367179631,True
YSGOL WIRFODDOL MYFENYDD,Infants & Juniors,Ceredigion,Primary,84.0,SY23 5DW,52.30776570972684,-4.140024110411795,False
YSGOL GYNRADD DYFFRYN CLEDLYN,"Nursery, Infants & Juniors",Ceredigion,Primary,107.0,SA40 9SX,52.08958120991581,-4.187867752235229,True
ST PADARN'S ROMAN CATHOLIC PRIMARY SCHOOL,Infants & Juniors,Ceredigion,Primary,146.0,SY23 1EZ,52.41340345638945,-4.074481223367638,True
GYFUN ABERAERON COMPREHENSIVE,Secondary (ages 11-19),Ceredigion,Secondary,573.0,SA46 0DT,52.23947915515077,-4.255523774025437,True
Ysgol Uwchradd Aberteifi,Secondary (ages 11-19),Ceredigion,Secondary,614.0,SA43 1AD,52.08775640895455,-4.655886145890197,True
Penglais School,Secondary (ages 11-19),Ceredigion,Secondary,1120.0,SY23 3AW,52.415768155635725,-4.0594022761354935,True
YSGOL GYFUN PENWEDDIG,Secondary (ages 11-19),Ceredigion,Secondary,587.0,SY23 3QN,52.4096484572557,-4.067592693566452,True
Ysgol Bro Pedr,Middle (ages 3-19),Ceredigion,Middle,967.0,SA48 7BX,52.1118453519796,-4.08245029108108,True
Ysgol Henry Richard,Middle (ages 3-16),Ceredigion,Middle,387.0,SY25 6HG,52.218526103273504,-3.938142046772567,True
Ysgol Bro Teifi,Middle (ages 3-19),Ceredigion,Middle,861.0,SA44 4JL,52.05431772030295,-4.325039138536648,False
Sageston Community Primary School,"Nursery, Infants & Juniors",Pembrokeshire,Primary,116.0,SA70 8SH,51.69499400414196,-4.81684053946652,True
Ysgol Gynradd Gymunedol Eglwyswrw,Infants & Juniors,Pembrokeshire,Primary,90.0,SA41 3SN,52.013136436443524,-4.7092802291046985,True
Ysgol Gymunedol Wdig / Goodwick Community School,"Nursery, Infants & Juniors",Pembrokeshire,Primary,110.0,SA64 0ET,52.00397795828199,-5.001881584207762,True
Fenton Community Primary School,"Nursery, Infants & Juniors",Pembrokeshire,Primary,359.0,SA61 1BZ,51.799026066781146,-4.977199717147548,True
Johnston Community Primary School,"Nursery, Infants & Juniors",Pembrokeshire,Primary,256.0,SA62 3PU,51.75611610210095,-4.986263865011946,False
Lamphey CP School,"Nursery, Infants & Juniors",Pembrokeshire,Primary,181.0,SA71 5NW,51.66598922875644,-4.869926308263368,True
Ysgol Gymunedol Brynconin,"Nursery, Infants & Juniors",Pembrokeshire,Primary,71.0,SA66 7SY,51.85811575258305,-4.728157568334362,True
Hook CP School,"Nursery, Infants & Juniors",Pembrokeshire,Primary,71.0,SA62 4ND,51.761867225776875,-4.930560966274936,True
Ysgol Llanychllwydog,"Nursery, Infants & Juniors",Pembrokeshire,Primary,29.0,SA65 9SE,51.96906024302842,-4.8668253065083675,False
Ysgol Gymunedol Maenclochog,Infants & Juniors,Pembrokeshire,Primary,98.0,SA66 7LB,51.913371181878084,-4.788993754614056,True
Narberth Community Primary School,"Nursery, Infants & Juniors",Pembrokeshire,Primary,281.0,SA67 7FE,51.80167459861557,-4.733366058595257,True
Ysgol Bro Ingli,"Nursery, Infants & Juniors",Pembrokeshire,Primary,104.0,SA42 0TL,52.01857086170188,-4.831451715394799,True
Puncheston Community Primary School,Infants & Juniors,Pembrokeshire,Primary,76.0,SA62 5RL,51.93030588571732,-4.90172661167072,True
Ysgol Llandudoch,"Nursery, Infants & Juniors",Pembrokeshire,Primary,77.0,SA43 3ET,52.08290627457273,-4.681305270213257,True
Wolfscastle Communty Primary School,"Nursery, Infants & Juniors",Pembrokeshire,Primary,50.0,SA62 5LZ,51.90075292247368,-4.971233689642313,True
Saundersfoot Community Primary School,"Nursery, Infants & Juniors",Pembrokeshire,Primary,172.0,SA69 9HB,51.71356732950977,-4.700421029780497,True
Stepaside Community Primary School,"Nursery, Infants & Juniors",Pembrokeshire,Primary,119.0,SA68 0UG,51.732541942194956,-4.711416014156371,True
Templeton Community Primary School,"Nursery, Infants & Juniors",Pembrokeshire,Primary,126.0,SA67 8RS,51.776039433715106,-4.734466027269776,True
Tavernspite Community Primary School,"Nursery, Infants & Juniors",Pembrokeshire,Primary,208.0,SA34 0NL,51.781922955730906,-4.639226789286412,True
Ysgol Gymunedol Croesgoch,"Nursery, Infants & Juniors",Pembrokeshire,Primary,108.0,SA62 5JT,51.929308735102104,-5.161941912737738,True
Broad Haven CP School,"Nursery, Infants & Juniors",Pembrokeshire,Primary,105.0,SA62 3JT,51.778714922417855,-5.10003532185755,True
Roch Community School,"Nursery, Infants & Juniors",Pembrokeshire,Primary,126.0,SA62 6JU,51.85113825540955,-5.091042869128423,True
Coastlands CP School,"Nursery, Infants & Juniors",Pembrokeshire,Primary,105.0,SA62 3SZ,51.72159675650728,-5.134108364203394,True
Ysgol Clydau,Infants & Juniors,Pembrokeshire,Primary,35.0,SA35 0BE,51.966480685411135,-4.571793586690752,False
Pembroke Dock Community School,"Nursery, Infants & Juniors",Pembrokeshire,Primary,607.0,SA72 6LQ,51.69064516780541,-4.935230964923344,True
Monkton Priory Community Primary  School,"Nursery, Infants & Juniors",Pembrokeshire,Primary,200.0,SA71 4LS,51.67583135902535,-4.927342994526852,True
Golden Grove CP School,"Nursery, Infants & Juniors",Pembrokeshire,Primary,261.0,SA71 4DP,51.67230531469889,-4.910364918098697,True
Ysgol Glannau Gwaun,"Nursery, Infants & Juniors",Pembrokeshire,Primary,254.0,SA65 9DB,51.9943913700187,-4.9820003134921835,True
Prendergast Community Primary School,"Nursery, Infants & Juniors",Pembrokeshire,Primary,446.0,SA61 2RB,51.80848072658435,-4.959880362373627,True
Pennar CP,"Nursery, Infants & Juniors",Pembrokeshire,Primary,214.0,SA72 6SL,51.68735368835516,-4.951716219820801,True
Neyland Community School,"Nursery, Infants & Juniors",Pembrokeshire,Primary,291.0,SA73 1TH,51.71115738536283,-4.950061940615536,True
Ysgol Hafan Y Mor,"Nursery, Infants & Juniors",Pembrokeshire,Primary,236.0,SA70 8BZ,51.67542684887622,-4.716752842059134,True
Milford Haven Community Primary School,"Nursery, Infants & Juniors",Pembrokeshire,Primary,524.0,SA73 2LQ,51.71572762635821,-5.030854641014257,True
Waldo Williams Primary School,"Nursery, Infants & Juniors",Pembrokeshire,Primary,228.0,SA61 1BS,51.795705128677795,-4.983667515012106,True
Cilgerran Church in Wales VC School,"Nursery, Infants & Juniors",Pembrokeshire,Primary,114.0,SA43 2SB,52.05580631345623,-4.637238021821152,True
Cosheston VC School,"Nursery, Infants & Juniors",Pembrokeshire,Primary,63.0,SA72 4UN,51.69608975743634,-4.895323166252284,False
Cleddau Reach VC School,"Nursery, Infants & Juniors",Pembrokeshire,Primary,231.0,SA62 4HJ,51.752313131029766,-4.9178531451896905,False
Manorbier Church in Wales VC School,"Nursery, Infants & Juniors",Pembrokeshire,Primary,25.0,SA70 7SN,51.656310076486015,-4.794355170653779,True
Spittal Church in Wales VC School,"Nursery, Infants & Juniors",Pembrokeshire,Primary,110.0,SA62 5QR,51.86916179696797,-4.944988816557783,True
St Florence Church in Wales VC School,"Nursery, Infants & Juniors",Pembrokeshire,Primary,72.0,SA70 8LY,51.676907603426976,-4.7775989231442,True
Ysgol Ger y Llan,"Nursery, Infants & Juniors",Pembrokeshire,Primary,101.0,SA62 5SL,51.925025808817395,-4.998821565712914,True
Tenby VC,"Nursery, Infants & Juniors",Pembrokeshire,Primary,236.0,SA70 8BZ,51.67551530768229,-4.715852886990432,True
Penrhyn Church in Wales VC School,"Nursery, Infants & Juniors",Pembrokeshire,Primary,72.0,SA71 5RD,51.663863453545645,-4.954815675723703,False
Gelliswick VC School,"Nursery, Infants & Juniors",Pembrokeshire,Primary,484.0,SA73 3RD,51.711973687670714,-5.055293468424973,True
Holy Name RC School,Infants & Juniors,Pembrokeshire,Primary,126.0,SA65 9DF,51.996593320379915,-4.983524610568006,True
Mary Immaculate Catholic School,"Nursery, Infants & Juniors",Pembrokeshire,Primary,213.0,SA61 1PH,51.79497310355953,-4.977425712818172,True
St Francis Catholic School,"Nursery, Infants & Juniors",Pembrokeshire,Primary,141.0,SA73 2EE,51.71828277701892,-5.031170429798851,True
St Aidans Church in Wales VA School,"Nursery, Infants & Juniors",Pembrokeshire,Primary,75.0,SA62 4PS,51.826834596892226,-4.873164681028882,True
St Teilos RC School,"Nursery, Infants & Juniors",Pembrokeshire,Primary,85.0,SA70 7LJ,51.674231847701186,-4.7046318627015475,True
St Marks Church in Wales VA School,"Nursery, Infants & Juniors",Pembrokeshire,Primary,114.0,SA61 1JX,51.789316965160836,-4.969569519705879,True
St Oswalds Church in Wales VA School,"Nursery, Infants & Juniors",Pembrokeshire,Primary,135.0,SA68 0SG,51.721157225894146,-4.774128657201195,True
Ysgol Bro Gwaun,Secondary (ages 11-16),Pembrokeshire,Secondary,574.0,SA65 9DT,51.99641200445792,-4.988189424101237,True
Ysgol Greenhill School,Secondary (ages 11-19),Pembrokeshire,Secondary,877.0,SA70 8BN,51.673105417539226,-4.713301412928051,True
Ysgol Harri Tudur / Henry Tudor School,Secondary (ages 11-19),Pembrokeshire,Secondary,1152.0,SA71 4RL,51.68535711090892,-4.923173184098598,True
Milford Haven School,Secondary (ages 11-16),Pembrokeshire,Secondary,1045.0,SA73 1AE,51.724200739204015,-5.023152529882918,True
Haverfordwest High VC School,Secondary (ages 11-19),Pembrokeshire,Secondary,1699.0,SA61 1EQ,51.79751518934713,-4.981451728234898,True
Ysgol Caer Elen,Middle (ages 3-16),Pembrokeshire,Middle,907.0,SA62 4BN,51.818829177324524,-4.959380507920083,True
Ysgol Bro Preseli,Middle (ages 3-19),Pembrokeshire,Middle,932.0,SA41 3QH,51.97007035112739,-4.646357265803622,True
Ysgol Penrhyn Dewi,Middle (ages 3-16),Pembrokeshire,Middle,606.0,SA62 6QH,51.87594059327622,-5.199812949863019,True
CEFNEITHIN,"Nursery, Infants & Juniors",Carmarthenshire,Primary,105.0,SA14 7DE,51.8043775722617,-4.097597872613949,True
Ysgol Gynradd Gymraeg Drefach,"Nursery, Infants & Juniors",Carmarthenshire,Primary,45.0,SA14 7AN,51.799170289479285,-4.133107507196897,True
Ysgol Gymraeg Llechyfedach,"Nursery, Infants & Juniors",Carmarthenshire,Primary,101.0,SA14 6DT,51.787430364275295,-4.107454146989364,True
Y TYMBL,"Nursery, Infants & Juniors",Carmarthenshire,Primary,112.0,SA14 6HR,51.787971902855375,-4.120340911628471,True
GORSLAS,"Nursery, Infants & Juniors",Carmarthenshire,Primary,206.0,SA14 6RS,51.80303199376554,-4.075633154358607,True
Ysgol Gynradd Gymraeg Cross Hands,"Nursery, Infants & Juniors",Carmarthenshire,Primary,127.0,SA14 6SU,51.797203081993274,-4.090956002641968,True
LLANGAIN,"Nursery, Infants & Juniors",Carmarthenshire,Primary,53.0,SA33 5AE,51.81656908527487,-4.348292647086103,True
PENIEL,"Nursery, Infants & Juniors",Carmarthenshire,Primary,112.0,SA32 7AB,51.894007896114054,-4.272459237130721,True
BANCFFOSFELEN,"Nursery, Infants & Juniors",Carmarthenshire,Primary,54.0,SA15 5DR,51.787742580083986,-4.193584343169571,True
GWYNFRYN,Infants & Juniors,Carmarthenshire,Primary,56.0,SA15 5SN,51.76365311922424,-4.224820184040304,True
CARWAY,"Nursery, Infants & Juniors",Carmarthenshire,Primary,59.0,SA17 4HE,51.736768026225114,-4.2315383182166935,True
PONTIETS,Infants & Juniors,Carmarthenshire,Primary,24.0,SA15 5UB,51.751997425720354,-4.212743937753447,True
PONTHENRI,Infants & Juniors,Carmarthenshire,Primary,64.0,SA15 5NS,51.76039800124796,-4.203575988449695,True
BANCYFELIN,"Nursery, Infants & Juniors",Carmarthenshire,Primary,65.0,SA33 5ND,51.83707040336777,-4.43242278342239,True
MEIDRIM,Infants & Juniors,Carmarthenshire,Primary,31.0,SA33 5QN,51.85995718527942,-4.478867073140519,True
SARON,Infants & Juniors,Carmarthenshire,Primary,220.0,SA18 3LH,51.787723627042475,-4.036244581929342,True
BETWS,"Nursery, Infants & Juniors",Carmarthenshire,Primary,83.0,SA18 2HE,51.78713018960938,-3.9847300349589916,True
TY-CROES,"Nursery, Infants & Juniors",Carmarthenshire,Primary,199.0,SA18 3QD,51.77633518516703,-4.022424273510682,True
PARCYRHUN,"Nursery, Infants & Juniors",Carmarthenshire,Primary,199.0,SA18 3HB,51.788113423198354,-3.9951695643324996,True
BLAENAU,Infants & Juniors,Carmarthenshire,Primary,39.0,SA18 3BQ,51.80498988732107,-4.023170269404625,True
LLANEDI,Infants & Juniors,Carmarthenshire,Primary,21.0,SA4 0FB,51.74856545797464,-4.051026899495754,True
FFAIRFACH,"Nursery, Infants & Juniors",Carmarthenshire,Primary,69.0,SA19 6SY,51.875311955279244,-3.9919388678608945,True
TALLEY,"Nursery, Infants & Juniors",Carmarthenshire,Primary,59.0,SA19 7YH,51.97385959287316,-3.9815027660981266,True
CWRT HENRI,"Nursery, Infants & Juniors",Carmarthenshire,Primary,35.0,SA32 8RX,51.88698542593354,-4.099888268652814,True
LLANGADOG,"Nursery, Infants & Juniors",Carmarthenshire,Primary,103.0,SA19 9HP,51.938567036527196,-3.878485951560173,True
RHYS PRICHARD,"Nursery, Infants & Juniors",Carmarthenshire,Primary,212.0,SA20 0HY,51.9977856426974,-3.799195239840959,True
LLYS HYWEL,Infants & Juniors,Carmarthenshire,Primary,135.0,SA34 0QB,51.81944368506109,-4.61059798363589,True
BRYNSARON,Infants & Juniors,Carmarthenshire,Primary,51.0,SA44 5EB,52.00370820086609,-4.362553046786342,False
LLANPUMSAINT,Infants & Juniors,Carmarthenshire,Primary,33.0,SA33 6BY,51.93733932863808,-4.301028458000364,True
MYNYDDYGARREG,Infants & Juniors,Carmarthenshire,Primary,28.0,SA17 4RL,51.74868470824393,-4.27738552126465,True
JOHNSTOWN,"Nursery, Infants & Juniors",Carmarthenshire,Primary,443.0,SA31 3HS,51.85105908734044,-4.327798980008607,True
Y DDERWEN,"Nursery, Infants & Juniors",Carmarthenshire,Primary,358.0,SA31 1TG,51.86097665668307,-4.313743569106986,True
LLANMILOE,Infants & Juniors,Carmarthenshire,Primary,59.0,SA33 4TU,51.75283814622383,-4.525537538368259,True
BRYN,"Nursery, Infants & Juniors",Carmarthenshire,Primary,222.0,SA14 9TT,51.685225003774875,-4.110346019364767,True
BYNEA,"Nursery, Infants & Juniors",Carmarthenshire,Primary,202.0,SA14 9LT,51.67531375434107,-4.1028220459831655,True
DAFEN,"Nursery, Infants & Juniors",Carmarthenshire,Primary,102.0,SA14 8LL,51.690284347533336,-4.137300603329915,True
PUM HEOL,Infants & Juniors,Carmarthenshire,Primary,77.0,SA15 5EZ,51.728232607412146,-4.189752382622426,True
HENDY,"Nursery, Infants & Juniors",Carmarthenshire,Primary,187.0,SA4 0XD,51.7143625913048,-4.050260286721999,True
FFWRNES,Infants & Juniors,Carmarthenshire,Primary,468.0,SA15 4DD,51.68942124489136,-4.1758224266477555,True
OLD ROAD,"Nursery, Infants & Juniors",Carmarthenshire,Primary,116.0,SA15 3HW,51.687040635023635,-4.162205982069706,True
LLANSTEFFAN,"Nursery, Infants & Juniors",Carmarthenshire,Primary,8.0,SA33 5LN,51.771076630468805,-4.389226595661306,True
LLANNON,"Nursery, Infants & Juniors",Carmarthenshire,Primary,91.0,SA14 6AE,51.75864056390743,-4.113734945389493,True
BRYNSIERFEL,"Nursery, Infants & Juniors",Carmarthenshire,Primary,206.0,SA14 9HD,51.681905049769625,-4.117846171601564,True
BRYNAMAN,"Nursery, Infants & Juniors",Carmarthenshire,Primary,269.0,SA18 1AH,51.814172706163404,-3.8614394652618405,True
MYRDDIN COMMUNITY PRIMARY SCHOOL,"Nursery, Infants & Juniors",Carmarthenshire,Primary,102.0,SA31 1TE,51.86170006165232,-4.313083541757893,True
LLANGUNNOR,"Nursery, Infants & Juniors",Carmarthenshire,Primary,318.0,SA31 2NN,51.85023016685277,-4.3013869603818105,True
TRIMSARAN,"Nursery, Infants & Juniors",Carmarthenshire,Primary,194.0,SA17 4BE,51.717871753051135,-4.241148988466475,True
SWISS VALLEY,"Nursery, Infants & Juniors",Carmarthenshire,Primary,244.0,SA14 8DS,51.70586434591566,-4.137036416447748,True
PARC Y TYWYN,"Nursery, Infants & Juniors",Carmarthenshire,Primary,267.0,SA16 0AL,51.6818479324657,-4.240119648037344,True
PEMBREY,"Nursery, Infants & Juniors",Carmarthenshire,Primary,210.0,SA16 0TP,51.68511278870632,-4.272982153151028,True
BECA,Infants & Juniors,Carmarthenshire,Primary,46.0,SA66 7UX,51.89595784447824,-4.709561993409462,True
LLANDYBIE,"Nursery, Infants & Juniors",Carmarthenshire,Primary,201.0,SA18 3JB,51.82060372299327,-4.01040436757246,True
HAFODWENOG,Infants & Juniors,Carmarthenshire,Primary,42.0,SA33 6RU,51.945950299050644,-4.501700034112568,True
TEILO SANT,"Nursery, Infants & Juniors",Carmarthenshire,Primary,161.0,SA19 6LU,51.88728296424253,-3.990201333015885,True
LLANYBYDDER,"Nursery, Infants & Juniors",Carmarthenshire,Primary,58.0,SA40 9RN,52.072396574587735,-4.148679349764899,True
LLANDEILO,"Nursery, Infants & Juniors",Carmarthenshire,Primary,212.0,SA19 6LU,51.886767354392724,-3.990381990427129,True
CYNWYL ELFED,Infants & Juniors,Carmarthenshire,Primary,42.0,SA33 6TR,51.92375172582101,-4.3689822374543485,True
HALFWAY,"Nursery, Infants & Juniors",Carmarthenshire,Primary,221.0,SA14 8SA,51.68485618323,-4.137609069594328,True
PWLL,"Nursery, Infants & Juniors",Carmarthenshire,Primary,73.0,SA15 4AL,51.688491026064945,-4.205101378844523,True
PENYGAER,"Nursery, Infants & Juniors",Carmarthenshire,Primary,166.0,SA14 8RS,51.68845152001325,-4.147067102308765,True
Y CASTELL,"Nursery, Infants & Juniors",Carmarthenshire,Primary,218.0,SA17 4TR,51.73793495077683,-4.299715590618825,True
Ysgol Gymraeg Penygroes,Infants & Juniors,Carmarthenshire,Primary,166.0,SA14 7NT,51.80087283222364,-4.049557203282315,True
NANTGAREDIG,"Nursery, Infants & Juniors",Carmarthenshire,Primary,233.0,SA32 7LG,51.87167194234367,-4.190084634932236,True
GWENLLIAN,"Nursery, Infants & Juniors",Carmarthenshire,Primary,123.0,SA17 4UT,51.735537767624386,-4.310514505437998,True
DEWI SANT,"Nursery, Infants & Juniors",Carmarthenshire,Primary,445.0,SA14 8RS,51.68875119324935,-4.146415744212326,True
YSGOL GYNRADD PONTYBEREM,"Nursery, Infants & Juniors",Carmarthenshire,Primary,227.0,SA15 5EB,51.77906102693175,-4.175403884727981,True
BIGYN,"Nursery, Infants & Juniors",Carmarthenshire,Primary,183.0,SA15 1DH,51.67746166203891,-4.155388200612342,True
STEBONHEATH,"Nursery, Infants & Juniors",Carmarthenshire,Primary,276.0,SA15 1NB,51.68157332913555,-4.14860539272457,True
Y DDWYLAN,Infants & Juniors,Carmarthenshire,Primary,253.0,SA38 9BA,52.038492052988616,-4.472030059920669,True
RICHMOND PARK,"Nursery, Infants & Juniors",Carmarthenshire,Primary,217.0,SA31 1NB,51.8605026667323,-4.300778539455885,True
GRIFFITH JONES,"Nursery, Infants & Juniors",Carmarthenshire,Primary,297.0,SA33 4BT,51.823635993681386,-4.489501174899145,True
YSGOL Y FRO,Infants & Juniors,Carmarthenshire,Primary,15.0,SA17 5BW,51.80367791912662,-4.24357458678442,True
CARREG HIRFAEN,"Nursery, Infants & Juniors",Carmarthenshire,Primary,164.0,SA48 8ET,52.099780310084014,-4.062148655233833,True
CAE'R FELIN,"Nursery, Infants & Juniors",Carmarthenshire,Primary,104.0,SA39 9AA,52.002691412407245,-4.26373053576976,True
Y BEDOL,"Nursery, Infants & Juniors",Carmarthenshire,Primary,299.0,SA18 2GB,51.805109992791465,-3.905132309226056,True
BRO BRYNACH,"Nursery, Infants & Juniors",Carmarthenshire,Primary,90.0,SA34 0EL,51.87961942853899,-4.594243416714647,True
BRYN TEG,"Nursery, Infants & Juniors",Carmarthenshire,Primary,249.0,SA14 9ET,51.68023050480337,-4.117548855652812,True
Y FELIN,Infants & Juniors,Carmarthenshire,Primary,218.0,SA14 8BE,51.69526901661334,-4.140111258695143,True
BRO BANW,Infants & Juniors,Carmarthenshire,Primary,441.0,SA18 2NS,51.79584032021218,-3.979065144658991,True
MAES Y MORFA,"Nursery, Infants & Juniors",Carmarthenshire,Primary,188.0,SA15 2AP,51.670734929387955,-4.145321245571504,True
BURRY PORT,"Nursery, Infants & Juniors",Carmarthenshire,Primary,190.0,SA16 0AU,51.68649549391141,-4.24914560131334,True
PEN RHOS,"Nursery, Infants & Juniors",Carmarthenshire,Primary,429.0,SA15 2TS,51.67489337522978,-4.162873380087238,True
YSGOL GYMRAEG LLANGENNECH,"Nursery, Infants & Juniors",Carmarthenshire,Primary,407.0,SA14 8YB,51.70084413802007,-4.078043025553471,True
ABERGWILI,Infants & Juniors,Carmarthenshire,Primary,35.0,SA31 2JD,51.86676368947811,-4.269199608930446,True
LAUGHARNE VCP SCHOOL,Infants & Juniors,Carmarthenshire,Primary,53.0,SA33 4TE,51.7676081293918,-4.467833940517598,True
LLANDDAROG,"Nursery, Infants & Juniors",Carmarthenshire,Primary,69.0,SA32 8BJ,51.82608885809325,-4.17070387272601,True
FERRYSIDE,Infants & Juniors,Carmarthenshire,Primary,26.0,SA17 5TB,51.768713389036655,-4.3682587177840295,True
LLANLLWNI,Infants & Juniors,Carmarthenshire,Primary,37.0,SA39 9DX,52.03135405032567,-4.206192044610344,True
ST MARY'S (LLANELLI),"Nursery, Infants & Juniors",Carmarthenshire,Primary,184.0,SA14 8SD,51.687397132318324,-4.132882070563107,True
ST MARY'S (CARMARTHEN),"Nursery, Infants & Juniors",Carmarthenshire,Primary,32.0,SA31 3DE,51.85725744349455,-4.319942697175198,True
PENBOYR,Infants & Juniors,Carmarthenshire,Primary,77.0,SA44 5XG,52.01899177067212,-4.400525682787124,True
PENTIP,"Nursery, Infants & Juniors",Carmarthenshire,Primary,97.0,SA15 3BL,51.68421616448661,-4.16615103225891,True
MODEL,"Nursery, Infants & Juniors",Carmarthenshire,Primary,491.0,SA31 3EQ,51.85854156442574,-4.322768189985809,True
Ysgol Dyffryn Aman,Secondary (ages 11-19),Carmarthenshire,Secondary,1547.0,SA18 2NW,51.79596975679175,-3.9857853805058987,True
Coedcae School,Secondary (ages 11-16),Carmarthenshire,Secondary,846.0,SA15 1LJ,51.679047965790346,-4.145795562323916,True
Ysgol Gyfun Y Strade,Secondary (ages 11-19),Carmarthenshire,Secondary,1253.0,SA15 4DL,51.6867260329557,-4.18212753422157,True
Glan-y-Mor School,Secondary (ages 11-16),Carmarthenshire,Secondary,580.0,SA16 0AL,51.68603892914738,-4.254664093174618,True
Bryngwyn School,Secondary (ages 11-16),Carmarthenshire,Secondary,1045.0,SA14 8RP,51.69436217794514,-4.1375651349411795,True
Ysgol Gyfun Gymraeg Bro Myrddin,Secondary (ages 11-19),Carmarthenshire,Secondary,929.0,SA32 8DN,51.83538533703543,-4.308163298451498,True
Ysgol Gyfun Emlyn,Secondary (ages 11-19),Carmarthenshire,Secondary,502.0,SA38 9LN,52.03451072192574,-4.470629291582413,True
Queen Elizabeth High School,Secondary (ages 11-19),Carmarthenshire,Secondary,1289.0,SA31 3NL,51.8463015559847,-4.320623365996066,True
Ysgol Maes Y Gwendraeth,Secondary (ages 11-19),Carmarthenshire,Secondary,1084.0,SA14 7DT,51.8029763935715,-4.090439966221178,True
Ysgol Bro Dinefwr,Secondary (ages 11-19),Carmarthenshire,Secondary,1092.0,SA19 6PE,51.87491706816074,-4.000185223849281,True
Dyffryn Taf,Secondary (ages 11-19),Carmarthenshire,Secondary,890.0,SA34 0BD,51.82203204519961,-4.616334894017913,True
St John Lloyd Catholic Comprehensive School,Secondary (ages 11-16),Carmarthenshire,Secondary,465.0,SA14 8SD,51.68693958757602,-4.134307329478978,True
BRYNMILL SCHOOL,"Nursery, Infants & Juniors",Swansea,Primary,291.0,SA2 0BU,51.613247180117874,-3.971745799430116,True
Cadle Primary School,"Nursery, Infants & Juniors",Swansea,Primary,302.0,SA5 5DU,51.648923071888206,-3.9841677827088855,True
Cwmrhydyceirw Primary School,"Nursery, Infants & Juniors",Swansea,Primary,530.0,SA6 6LL,51.678865959683186,-3.928930486597162,True
DANYGRAIG PRIMARY SCHOOL,"Nursery, Infants & Juniors",Swansea,Primary,252.0,SA1 8LE,51.62148463657153,-3.916173679987221,True
GENDROS PRIMARY SCHOOL,"Nursery, Infants & Juniors",Swansea,Primary,293.0,SA5 8DB,51.6405622358808,-3.9730609100413163,True
GLAIS PRIMARY SCHOOL,"Nursery, Infants & Juniors",Swansea,Primary,110.0,SA7 9EY,51.68846308787569,-3.8788750787787207,True
GRANGE PRIMARY SCHOOL,"Nursery, Infants & Juniors",Swansea,Primary,144.0,SA3 5TS,51.58318858511161,-4.004971029904975,True
HAFOD PRIMARY SCHOOL,"Nursery, Infants & Juniors",Swansea,Primary,254.0,SA1 2LT,51.63405727468921,-3.9414497987796375,True
Ysgol Gymraeg  Lon Las,"Nursery, Infants & Juniors",Swansea,Primary,479.0,SA7 9RW,51.66473309603108,-3.8988684877176807,True
MORRISTON PRIMARY SCHOOL,"Nursery, Infants & Juniors",Swansea,Primary,174.0,SA6 8EF,51.66278908422714,-3.921711672178078,True
OYSTERMOUTH PRIMARY SCHOOL,"Nursery, Infants & Juniors",Swansea,Primary,222.0,SA3 4BE,51.57585701776733,-4.004070982424712,True
PENTRECHWYTH PRIMARY SCHOOL,"Nursery, Infants & Juniors",Swansea,Primary,151.0,SA1 7AP,51.6393344713599,-3.9207630025457014,True
PLASMARL PRIMARY SCHOOL,"Nursery, Infants & Juniors",Swansea,Primary,209.0,SA6 8LH,51.64886425672496,-3.9351296077596847,True
SKETTY PRIMARY SCHOOL,"Nursery, Infants & Juniors",Swansea,Primary,491.0,SA2 9HD,51.62563996747724,-3.994519526862238,True
ST HELEN'S PRIMARY SCHOOL,"Nursery, Infants & Juniors",Swansea,Primary,270.0,SA1 3TY,51.61570713128571,-3.9542443670580636,True
TERRACE ROAD PRIMARY SCHOOL,"Nursery, Infants & Juniors",Swansea,Primary,312.0,SA1 6JD,51.62344026632987,-3.9548078765387142,True
TOWNHILL PRIMARY SCHOOL,"Nursery, Infants & Juniors",Swansea,Primary,483.0,SA1 6PT,51.62705218837478,-3.962534082419016,True
WAUNARLWYDD PRIMARY SCHOOL,"Nursery, Infants & Juniors",Swansea,Primary,236.0,SA5 4QS,51.63986096960562,-4.025319398555949,True
WAUN WEN SCHOOL,"Nursery, Infants & Juniors",Swansea,Primary,201.0,SA1 2BZ,51.63334045883157,-3.945426814923884,True
CLWYD PRIMARY SCHOOL,"Nursery, Infants & Juniors",Swansea,Primary,395.0,SA5 7AZ,51.64484755515964,-3.9663380092230236,True
YNYSTAWE PRIMARY SCHOOL,"Nursery, Infants & Juniors",Swansea,Primary,197.0,SA6 5AY,51.68543079622523,-3.9074370639847724,True
CLASE PRIMARY SCHOOL,"Nursery, Infants & Juniors",Swansea,Primary,360.0,SA6 7JX,51.664046822918856,-3.945262427469584,True
PORTMEAD PRIMARY SCHOOL,"Nursery, Infants & Juniors",Swansea,Primary,253.0,SA5 5LA,51.649320085861596,-3.9725739595097993,True
MAYALS PRIMARY,"Nursery, Infants & Juniors",Swansea,Primary,239.0,SA3 5JP,51.591544331295616,-4.007504613463754,True
CWMGLAS PRIMARY SCHOOL,"Nursery, Infants & Juniors",Swansea,Primary,276.0,SA1 7EN,51.64669462737962,-3.9050441843597827,True
BLAENYMAES PRIMARY SCHOOL,"Nursery, Infants & Juniors",Swansea,Primary,209.0,SA5 5LW,51.65596769859806,-3.974583127295426,True
Trallwn Primary School,"Nursery, Infants & Juniors",Swansea,Primary,204.0,SA7 9UJ,51.65827471485806,-3.8935007865674605,True
PARKLAND PRIMARY SCHOOL,"Nursery, Infants & Juniors",Swansea,Primary,620.0,SA2 8NG,51.61472448489878,-3.9987053579042358,True
Newton Primary School,"Nursery, Infants & Juniors",Swansea,Primary,204.0,SA3 4UE,51.57632622028057,-4.015002435941215,True
WHITESTONE PRIMARY,"Nursery, Infants & Juniors",Swansea,Primary,122.0,SA3 5RF,51.58340438524576,-4.018606732378606,True
HENDREFOILAN PRIMARY,"Nursery, Infants & Juniors",Swansea,Primary,249.0,SA2 7LF,51.6222552170709,-4.014968654754286,True
Y.G.G. BRYNYMOR,"Nursery, Infants & Juniors",Swansea,Primary,299.0,SA2 0BP,51.61357472268064,-3.9693767337815724,True
Bishopston Primary School,"Nursery, Infants & Juniors",Swansea,Primary,309.0,SA3 3EN,51.58320873849585,-4.051070673583334,True
CASLLWCHWR PRIMARY SCHOOL,"Nursery, Infants & Juniors",Swansea,Primary,198.0,SA4 6TU,51.663816182052194,-4.0742944083054455,True
CILA PRIMARY SCHOOL,"Nursery, Infants & Juniors",Swansea,Primary,110.0,SA2 7DR,51.61310531338253,-4.030685370207887,True
CRWYS PRIMARY SCHOOL,"Nursery, Infants & Juniors",Swansea,Primary,137.0,SA4 3PU,51.627720793048084,-4.064555688828973,True
LLANGYFELACH PRIMARY SCHOOL,"Nursery, Infants & Juniors",Swansea,Primary,244.0,SA5 7JE,51.673001222538396,-3.9556689707659496,True
LLANRHIDIAN PRIMARY,"Nursery, Infants & Juniors",Swansea,Primary,161.0,SA3 1EH,51.606191840828174,-4.173791864423924,True
PENCLAWDD PRIMARY SCHOOL,"Nursery, Infants & Juniors",Swansea,Primary,132.0,SA4 3FH,51.6413257407788,-4.110442044245415,True
PENGELLI PRIMARY,"Nursery, Infants & Juniors",Swansea,Primary,110.0,SA4 4GY,51.68864559011138,-4.0362210939733245,True
PENLLERGAER PRIMARY SCHOOL,"Nursery, Infants & Juniors",Swansea,Primary,348.0,SA4 9DB,51.67427309401016,-4.001326753451478,True
PENYRHEOL PRIMARY SCHOOL,"Nursery, Infants & Juniors",Swansea,Primary,213.0,SA4 4YG,51.676085792455716,-4.0469250008002335,True
PONTARDDULAIS PRIMARY SCHOOL,"Nursery, Infants & Juniors",Swansea,Primary,391.0,SA4 8JD,51.71248175960897,-4.028591959927912,True
Y.G.G. BRYNIAGO,"Nursery, Infants & Juniors",Swansea,Primary,198.0,SA4 8JA,51.7130078747153,-4.032614167826748,True
PONTLLIW PRIMARY,"Nursery, Infants & Juniors",Swansea,Primary,224.0,SA4 9FA,51.693219161042144,-4.010556126340142,True
TRE UCHAF PRIMARY SCHOOL,"Nursery, Infants & Juniors",Swansea,Primary,203.0,SA4 6QB,51.66560608288077,-4.059973253827805,True
Y.G.G. PONTYBRENIN,"Nursery, Infants & Juniors",Swansea,Primary,574.0,SA4 6AU,51.66230072394753,-4.041734207636215,True
CRAIGFELEN PRIMARY SCHOOL,"Nursery, Infants & Juniors",Swansea,Primary,183.0,SA6 5DP,51.69684542677538,-3.904458709833359,True
PENNARD PRIMARY,"Nursery, Infants & Juniors",Swansea,Primary,167.0,SA3 2AD,51.5751040378947,-4.0874690769316135,True
KNELSTON PRIMARY,"Nursery, Infants & Juniors",Swansea,Primary,75.0,SA3 1AR,51.57893332202366,-4.210285220720477,True
PEN-Y-FRO,"Nursery, Infants & Juniors",Swansea,Primary,189.0,SA2 7UF,51.62499541528924,-4.043525919770848,True
PONTYBRENIN PRIMARY SCHOOL,"Nursery, Infants & Juniors",Swansea,Primary,316.0,SA4 6HX,51.66408267508684,-4.0432025273402585,True
TALYCOPA PRIMARY SCHOOL,"Nursery, Infants & Juniors",Swansea,Primary,222.0,SA7 9RZ,51.6573109768964,-3.885054126898295,True
GLYNCOLLEN PRIMARY SCHOOL,"Nursery, Infants & Juniors",Swansea,Primary,198.0,SA6 6QF,51.68222798126432,-3.919120950125426,True
YSGOL GYMRAEG Y LOGIN FACH,"Nursery, Infants & Juniors",Swansea,Primary,222.0,SA5 4ST,51.64049779523004,-4.011820070224465,True
Y.G.G. TIRDEUNAW,"Nursery, Infants & Juniors",Swansea,Primary,360.0,SA5 7HW,51.64875474197575,-3.959909199006181,True
Y.G.G. Gellionnen,"Nursery, Infants & Juniors",Swansea,Primary,187.0,SA6 5HE,51.70144227526181,-3.8937834064997636,True
GORS COMMUNITY SCHOOL,"Nursery, Infants & Juniors",Swansea,Primary,317.0,SA1 6SF,51.63173663409893,-3.981304328154529,True
SEA VIEW PRIMARY SCHOOL,"Nursery, Infants & Juniors",Swansea,Primary,236.0,SA1 6TZ,51.62787047133363,-3.94904557158267,True
Y.G.G. Llwynderw,"Nursery, Infants & Juniors",Swansea,Primary,312.0,SA3 5LS,51.58418118989267,-4.005823085522798,True
Birchgrove Primary,"Nursery, Infants & Juniors",Swansea,Primary,420.0,SA7 9LH,51.66982806806072,-3.8745605323623127,True
DUNVANT Primary SCHOOL,"Nursery, Infants & Juniors",Swansea,Primary,351.0,SA2 7SN,51.62250487308316,-4.022740337841048,True
GWYROSYDD PRIMARY SCHOOL,"Nursery, Infants & Juniors",Swansea,Primary,405.0,SA5 7DN,51.650355805231385,-3.950414969543808,True
St Thomas Community Primary School,"Nursery, Infants & Juniors",Swansea,Primary,420.0,SA1 8EZ,51.62383320938291,-3.926696014737873,True
GOWERTON PRIMARY SCHOOL,"Nursery, Infants & Juniors",Swansea,Primary,342.0,SA4 3GE,51.65113530066083,-4.050309999332177,True
Pentre'r Graig Primary School,"Nursery, Infants & Juniors",Swansea,Primary,300.0,SA6 6HY,51.66871764777592,-3.9237552829704274,True
YGG TANYLAN,"Nursery, Infants & Juniors",Swansea,Primary,209.0,SA6 7DU,51.66410708441065,-3.940795552411058,True
Burlais Primary School,"Nursery, Infants & Juniors",Swansea,Primary,496.0,SA5 8BN,51.637984336583536,-3.9568353959841924,True
Clydach Primary School,"Nursery, Infants & Juniors",Swansea,Primary,150.0,SA6 5EU,51.695848870328625,-3.8971384047479067,True
Ysgol Gymraeg Y Cwm,"Nursery, Infants & Juniors",Swansea,Primary,124.0,SA1 7DL,51.64661713737975,-3.9120224168042714,True
Gorseinon Primary School,"Nursery, Infants & Juniors",Swansea,Primary,311.0,SA4 4BN,51.669521778408104,-4.040178941059517,True
Brynhyfryd Primary School,"Nursery, Infants & Juniors",Swansea,Primary,461.0,SA5 9LN,51.64354907844971,-3.944962857825559,True
ST. DAVID'S RC PRIMARY SCHOOL,"Nursery, Infants & Juniors",Swansea,Primary,197.0,SA3 5TS,51.58245347292789,-4.004837621860448,True
ST ILLTYDS PRIMARY,"Nursery, Infants & Juniors",Swansea,Primary,195.0,SA1 7DG,51.64140282498906,-3.9163556197851497,True
CHRISTCHURCH CHURCH IN WALES,"Nursery, Infants & Juniors",Swansea,Primary,162.0,SA1 3UA,51.613985203837196,-3.9555859066944485,True
ST JOSEPH'S R.C. PRIMARY,"Nursery, Infants & Juniors",Swansea,Primary,245.0,SA6 5NX,51.69688889046683,-3.8811197691604793,True
St Josephs Cathedral Primary School,"Nursery, Infants & Juniors",Swansea,Primary,503.0,SA1 2BE,51.63167510210676,-3.943573308746011,True
Cefn Hengoed,Secondary (ages 11-16),Swansea,Secondary,906.0,SA1 7HX,51.644676929208046,-3.9050212993802402,True
OLCHFA SCHOOL,Secondary (ages 11-19),Swansea,Secondary,1907.0,SA2 7AB,51.61879156810628,-4.0054135859653845,True
MORRISTON COMPREHENSIVE,Secondary (ages 11-19),Swansea,Secondary,1055.0,SA6 6NH,51.68169096866884,-3.9266594140435775,True
PENTREHAFOD SCHOOL,Secondary (ages 11-16),Swansea,Secondary,1120.0,SA1 2NN,51.63800580849793,-3.9408815862282074,True
BISHOP GORE SCHOOL,Secondary (ages 11-19),Swansea,Secondary,1315.0,SA2 9AP,51.61524200237932,-3.9883568751931686,True
Penyrheol Comprehensive School,Secondary (ages 11-16),Swansea,Secondary,860.0,SA4 4FG,51.67473732734304,-4.04135946200207,True
Gowerton Comprehensive School,Secondary (ages 11-19),Swansea,Secondary,1127.0,SA4 3DL,51.64258715076109,-4.036150867225866,True
BISHOPSTON COMPREHENSIVE,Secondary (ages 11-16),Swansea,Secondary,1128.0,SA3 3JP,51.584122757680234,-4.049269240467705,True
Pontarddulais Comprehensive School,Secondary (ages 11-16),Swansea,Secondary,848.0,SA4 8PD,51.717390372103864,-4.033864254430746,True
Ysgol Gyfun Gwyr,Secondary (ages 11-19),Swansea,Secondary,1127.0,SA4 3DD,51.64589785104119,-4.039175680972966,True
BIRCHGROVE,Secondary (ages 11-16),Swansea,Secondary,722.0,SA7 9NB,51.67104955721296,-3.871834247929042,True
Dylan Thomas Community School,Secondary (ages 11-16),Swansea,Secondary,695.0,SA2 0FR,51.63362908318193,-3.9837277916846494,True
Ysgol Gyfun Gymraeg Bryn Tawe,Secondary (ages 11-19),Swansea,Secondary,873.0,SA5 7BU,51.65101548797148,-3.9598256112336894,True
Bishop Vaughan School,Secondary (ages 11-19),Swansea,Secondary,1236.0,SA6 7QG,51.66175129035686,-3.938888745943362,True
Alltwen Primary School,"Nursery, Infants & Juniors",Neath Port Talbot,Primary,213.0,SA8 3AB,51.71752250169006,-3.8444953806786737,True
Blaendulais Primary School,"Nursery, Infants & Juniors",Neath Port Talbot,Primary,93.0,SA10 9AA,51.76512511084649,-3.7108918042878494,True
Blaengwrach Primary School,"Nursery, Infants & Juniors",Neath Port Talbot,Primary,147.0,SA11 5PP,51.733801583169026,-3.641238319058427,True
Blaenhonddan Primary School,"Nursery, Infants & Juniors",Neath Port Talbot,Primary,270.0,SA10 7PE,51.677648310005445,-3.8146547129909885,True
Baglan Primary School,"Nursery, Infants & Juniors",Neath Port Talbot,Primary,270.0,SA12 8TF,51.61893894060268,-3.8075874659591986,True
YGG Cwmllynfell,"Nursery, Infants & Juniors",Neath Port Talbot,Primary,60.0,SA9 2FJ,51.798011289776845,-3.81968751481263,True
Creunant Primary School,"Nursery, Infants & Juniors",Neath Port Talbot,Primary,124.0,SA10 8NS,51.7326474046027,-3.7474470277458276,True
Crymlyn Primary School,"Nursery, Infants & Juniors",Neath Port Talbot,Primary,132.0,SA10 6JJ,51.63024067068375,-3.8634634397671936,True
Cwmnedd Primary School,"Nursery, Infants & Juniors",Neath Port Talbot,Primary,172.0,SA11 5AA,51.747086421850646,-3.622844671621066,True
Cymer Afan Primary School,"Nursery, Infants & Juniors",Neath Port Talbot,Primary,92.0,SA13 3EE,51.651384691447866,-3.6531335966390084,True
Godre'rgraig Primary School,"Nursery, Infants & Juniors",Neath Port Talbot,Primary,102.0,SA9 2NY,51.74648695315379,-3.8097641761830077,True
Eastern Primary School,"Nursery, Infants & Juniors",Neath Port Talbot,Primary,132.0,SA13 1TT,51.585246556130066,-3.7679255059499037,True
Ysgol Gynradd Corn Hir,Infants & Juniors,Isle of Anglesey,Primary,338.0,LL77 7JB,53.25916893613075,-4.329262075822073,True
Gnoll Primary School,"Nursery, Infants & Juniors",Neath Port Talbot,Primary,352.0,SA11 1AQ,51.65821768773557,-3.800533530170654,True
Glyncorrwg Primary School,"Nursery, Infants & Juniors",Neath Port Talbot,Primary,91.0,SA13 3BB,51.67933453777246,-3.6272044652793425,True
YGG Gwaun Cae Gurwen,"Nursery, Infants & Juniors",Neath Port Talbot,Primary,164.0,SA18 1UN,51.79370103786782,-3.8804339710513296,True
Catwg Primary School,"Nursery, Infants & Juniors",Neath Port Talbot,Primary,203.0,SA10 8BL,51.673409589255854,-3.7961609338264055,True
Maesmarchog Community Primary School,"Nursery, Infants & Juniors",Neath Port Talbot,Primary,83.0,SA10 9LB,51.77705535779166,-3.664072738910217,True
Sandfields Primary School,"Nursery, Infants & Juniors",Neath Port Talbot,Primary,249.0,SA12 6AJ,51.59563333000961,-3.7986486725311837,True
YGG Castell-nedd,"Nursery, Infants & Juniors",Neath Port Talbot,Primary,408.0,SA11 3AL,51.66167664367355,-3.7983861602587328,True
Croeserw Primary School,"Nursery, Infants & Juniors",Neath Port Talbot,Primary,137.0,SA13 3PL,51.64514852741471,-3.6354902610797226,True
Tywyn Primary School,"Nursery, Infants & Juniors",Neath Port Talbot,Primary,439.0,SA12 6JF,51.58998780956509,-3.807318329172073,True
Llangiwg Primary School,"Nursery, Infants & Juniors",Neath Port Talbot,Primary,81.0,SA8 4PJ,51.72738521492893,-3.8417402842877086,True
Tonnau Primary Community School,"Nursery, Infants & Juniors",Neath Port Talbot,Primary,206.0,SA11 3EJ,51.67430926777418,-3.7772210738227097,True
Ynysfach Primary School,"Nursery, Infants & Juniors",Neath Port Talbot,Primary,149.0,SA11 4AB,51.70885843280533,-3.6943389584102544,True
Blaenbaglan Primary School,"Nursery, Infants & Juniors",Neath Port Talbot,Primary,267.0,SA12 8YF,51.62099266770931,-3.7968201043122023,True
Rhos Primary School,"Nursery, Infants & Juniors",Neath Port Talbot,Primary,147.0,SA8 3EB,51.71347927078744,-3.8304921561030025,True
YGG Blaendulais,"Nursery, Infants & Juniors",Neath Port Talbot,Primary,101.0,SA10 9AA,51.76567154973221,-3.711651565317325,True
Rhydyfro Primary School,"Nursery, Infants & Juniors",Neath Port Talbot,Primary,147.0,SA8 3BB,51.73354884548216,-3.8614547849955145,True
YGG Cwm Nedd,"Nursery, Infants & Juniors",Neath Port Talbot,Primary,143.0,SA11 5AA,51.746769871259744,-3.6223263188975894,True
Tairgwaith Primary School,"Nursery, Infants & Juniors",Neath Port Talbot,Primary,89.0,SA18 1UU,51.79170106758755,-3.8642984660433894,True
YGG Trebannws,"Nursery, Infants & Juniors",Neath Port Talbot,Primary,90.0,SA8 4BL,51.710814091169844,-3.865008166876499,True
YGG Pontardawe,"Nursery, Infants & Juniors",Neath Port Talbot,Primary,342.0,SA8 4JR,51.72629527845365,-3.8532942239063868,True
Waunceirch Primary School,"Nursery, Infants & Juniors",Neath Port Talbot,Primary,187.0,SA10 7RW,51.672257173043256,-3.8213522051048874,True
Cilffriw Primary School,"Nursery, Infants & Juniors",Neath Port Talbot,Primary,146.0,SA10 8LF,51.681272799595746,-3.781139030563926,True
YGG Tyle'r Ynn,"Nursery, Infants & Juniors",Neath Port Talbot,Primary,292.0,SA11 2UN,51.64404513752488,-3.821565251676644,True
Coed Hirwaun Primary School,"Nursery, Infants & Juniors",Neath Port Talbot,Primary,155.0,SA13 2TS,51.54780552938265,-3.7045421044498035,True
Coedffranc Primary School,"Nursery, Infants & Juniors",Neath Port Talbot,Primary,408.0,SA10 6LP,51.660552825638675,-3.8430189893056173,True
Pen Afan Primary School,"Nursery, Infants & Juniors",Neath Port Talbot,Primary,95.0,SA13 3YE,51.654812044140314,-3.5998125869381825,True
Awel Y Mor Primary School,"Nursery, Infants & Juniors",Neath Port Talbot,Primary,354.0,SA12 6TP,51.59755034764929,-3.811401545589419,True
Crynallt Primary School,"Nursery, Infants & Juniors",Neath Port Talbot,Primary,389.0,SA11 3AZ,51.65275370673255,-3.7850078682156463,True
Cwmafan Primary School,"Nursery, Infants & Juniors",Neath Port Talbot,Primary,409.0,SA12 9BB,51.614335033839964,-3.7632477030727025,True
Central Primary School,"Nursery, Infants & Juniors",Neath Port Talbot,Primary,408.0,SA13 1SF,51.58928876793522,-3.7723843826490886,True
Abbey Primary School,"Nursery, Infants & Juniors",Neath Port Talbot,Primary,438.0,SA10 7ND,51.66150729369913,-3.8343244798607596,True
Melin Primary School,"Nursery, Infants & Juniors",Neath Port Talbot,Primary,261.0,SA11 2ED,51.65247979526048,-3.812275715639309,True
Ysgol Carreg Hir,"Nursery, Infants & Juniors",Neath Port Talbot,Primary,387.0,SA11 2ET,51.64391477504899,-3.8166314210314667,True
St Joseph's Catholic Primary School (Neath),"Nursery, Infants & Juniors",Neath Port Talbot,Primary,121.0,SA11 1UR,51.654385394225365,-3.7988781112283383,True
St Josephs Catholic Infant School,Nursery & Infants,Neath Port Talbot,Primary,118.0,SA12 6LF,51.595143680348855,-3.7895046064518745,True
Bryncoch CIW Primary School,"Nursery, Infants & Juniors",Neath Port Talbot,Primary,105.0,SA10 7UG,51.68495873921455,-3.8181586472127993,True
Alderman Davies CIW Primary School,"Nursery, Infants & Juniors",Neath Port Talbot,Primary,251.0,SA11 3AA,51.66225032330333,-3.802023678297144,True
St Therese's Catholic Primary School,"Nursery, Infants & Juniors",Neath Port Talbot,Primary,225.0,SA12 7HL,51.598367271854755,-3.815563585679116,True
St Josephs Catholic Junior School,Juniors,Neath Port Talbot,Primary,166.0,SA12 6YN,51.600388801395276,-3.796396342038127,True
Cefn Saeson Comprehensive School,Secondary (ages 11-16),Neath Port Talbot,Secondary,849.0,SA11 3TA,51.65060555466018,-3.7754551402427805,True
Cwmtawe Community School,Secondary (ages 11-16),Neath Port Talbot,Secondary,1047.0,SA8 4EG,51.71579275498809,-3.8532700345214317,True
Llangatwg Community School,Secondary (ages 11-16),Neath Port Talbot,Secondary,750.0,SA10 8DB,51.67846746651538,-3.785860007130606,True
Dwr Y Felin Comprehensive School,Secondary (ages 11-16),Neath Port Talbot,Secondary,1097.0,SA10 7RE,51.665946639119944,-3.8130879725719695,True
St Joseph's RC School and 6th Form Centre,Secondary (ages 11-19),Neath Port Talbot,Secondary,835.0,SA12 6EY,51.5998960458636,-3.7945142145765187,True
Ysgol Bae Baglan,Middle (ages 3-16),Neath Port Talbot,Middle,1383.0,SA12 7BL,51.61014719054196,-3.8196298977846457,True
Ysgol Gymraeg Ystalyfera Bro Dur,Middle (ages 3-19),Neath Port Talbot,Middle,1557.0,SA9 2DY,51.764109781053115,-3.782818850766363,True
Ysgol Cwm Brombil,Middle (ages 3-16),Neath Port Talbot,Middle,1439.0,SA13 2AN,51.57287903917659,-3.7519468876014814,True
Abercerdin Primary School,"Nursery, Infants & Juniors",Bridgend,Primary,144.0,CF39 8RS,51.595338615888124,-3.479515019262135,True
Betws Primary School,"Nursery, Infants & Juniors",Bridgend,Primary,174.0,CF32 8TB,51.568135233199214,-3.5876448014598608,True
Blaengarw Primary,"Nursery, Infants & Juniors",Bridgend,Primary,157.0,CF32 8BA,51.624320585424755,-3.5875443474393407,True
Bryntirion Infants,Nursery & Infants,Bridgend,Primary,147.0,CF31 4DD,51.508585783415754,-3.6028257538430863,True
CEFN CRIBWR PRIMARY SCHOOL,"Nursery, Infants & Juniors",Bridgend,Primary,156.0,CF32 0AW,51.531334177129835,-3.6492475092796584,True
Coety Primary,"Nursery, Infants & Juniors",Bridgend,Primary,482.0,CF35 6DH,51.52738741946793,-3.563682420607827,False
Cwmfelin Primary School,"Nursery, Infants & Juniors",Bridgend,Primary,200.0,CF34 9LD,51.593514772283186,-3.6427090514911904,True
FFALDAU,"Nursery, Infants & Juniors",Bridgend,Primary,133.0,CF32 8HW,51.60980501292787,-3.5814661444083637,True
Garth Primary School,"Nursery, Infants & Juniors",Bridgend,Primary,191.0,CF34 0ND,51.600345047671006,-3.639486701163606,True
Coychurch Llangrallo Primary,"Nursery, Infants & Juniors",Bridgend,Primary,134.0,CF35 5HN,51.507906981292656,-3.526961710009136,True
LLANGYNWYD PRIMARY SCHOOL,"Nursery, Infants & Juniors",Bridgend,Primary,92.0,CF34 9TE,51.58662103260223,-3.636137277035358,True
NANTYFFYLLON PRIMARY SCHOOL,"Nursery, Infants & Juniors",Bridgend,Primary,204.0,CF34 0ET,51.61963707301693,-3.6625917637724337,True
Nantymoel Primary School,"Nursery, Infants & Juniors",Bridgend,Primary,222.0,CF32 7PL,51.61845407888109,-3.537666746080837,True
Newton Primary,"Nursery, Infants & Juniors",Bridgend,Primary,169.0,CF36 5BL,51.48202912978547,-3.6939201822794554,True
NOTTAGE COUNTY PRIMARY,"Nursery, Infants & Juniors",Bridgend,Primary,326.0,CF36 3ED,51.48342799858356,-3.70713577977481,True
Pen-y-Bont Primary,"Nursery, Infants & Juniors",Bridgend,Primary,334.0,CF31 1TD,51.50906414786759,-3.5741517260201654,True
Pil Primary,"Nursery, Infants & Juniors",Bridgend,Primary,198.0,CF33 6AB,51.53042551315851,-3.6916594296763017,True
Plasnewydd Primary School,"Nursery, Infants & Juniors",Bridgend,Primary,176.0,CF34 9UN,51.61017568543833,-3.659169020101482,True
Trelales Primary School,"Nursery, Infants & Juniors",Bridgend,Primary,181.0,CF32 0LF,51.50505668215125,-3.6235389277137044,True
Ysgol Cynwyd Sant,"Nursery, Infants & Juniors",Bridgend,Primary,271.0,CF34 9LN,51.603664583573774,-3.660698953742279,True
Tynyrheol Primary School,"Nursery, Infants & Juniors",Bridgend,Primary,60.0,CF32 8PN,51.57609521308631,-3.5678684455606495,True
CROESTY PRIMARY SCHOOL,"Nursery, Infants & Juniors",Bridgend,Primary,185.0,CF35 5LY,51.51911312205847,-3.502503573955835,True
CORNELI PRIMARY,"Nursery, Infants & Juniors",Bridgend,Primary,251.0,CF33 4LW,51.521307240426744,-3.7037828796248746,True
LLANGEWYDD JUNIOR SCHOOL,Juniors,Bridgend,Primary,348.0,CF31 4JT,51.510576508111136,-3.5989907561367307,True
Porthcawl Primary School,"Nursery, Infants & Juniors",Bridgend,Primary,183.0,CF36 5EY,51.485886820036505,-3.691506192088191,True
YSGOL GYMRAEG BRO OGWR,"Nursery, Infants & Juniors",Bridgend,Primary,370.0,CF31 2LN,51.513188938369,-3.567635818719641,True
CEFN GLAS INFANTS,Nursery & Infants,Bridgend,Primary,205.0,CF31 4PL,51.51366187441362,-3.591935762811528,True
WEST PARK PRIMARY,"Nursery, Infants & Juniors",Bridgend,Primary,395.0,CF36 3SN,51.49156199647861,-3.7070902284264324,True
Afon y Felin Primary School,"Nursery, Infants & Juniors",Bridgend,Primary,143.0,CF33 4PA,51.52602482555155,-3.7033968034251425,True
Tondu Primary School,"Nursery, Infants & Juniors",Bridgend,Primary,199.0,CF32 9BE,51.540624849437826,-3.600865524928974,True
YSGOL Y FERCH O'R SGER,"Nursery, Infants & Juniors",Bridgend,Primary,146.0,CF33 4LW,51.522069720494045,-3.7032924212038907,True
Ysgol Gynradd Gymraeg Calon Y Cymoedd,"Nursery, Infants & Juniors",Bridgend,Primary,193.0,CF32 8TB,51.56860064155262,-3.5884570710931087,True
Maes Yr Haul Broadlands,"Nursery, Infants & Juniors",Bridgend,Primary,471.0,CF31 5EG,51.50310998521151,-3.601599621695677,True
BRYNCETHIN PRIMARY,Infants & Juniors,Bridgend,Primary,237.0,CF32 9TH,51.542489585575964,-3.5723590219078103,True
Ogmore Vale Primary School,"Nursery, Infants & Juniors",Bridgend,Primary,292.0,CF32 7AJ,51.60706927922327,-3.5429619827854895,True
Pencoed Primary School,"Nursery, Infants & Juniors",Bridgend,Primary,572.0,CF35 6RH,51.52830082262209,-3.4953906878222964,True
Oldcastle Primary School,"Nursery, Infants & Juniors",Bridgend,Primary,413.0,CF31 3ED,51.50187994738068,-3.5787033954121767,True
Brackla Primary School,"Nursery, Infants & Juniors",Bridgend,Primary,337.0,CF31 2EZ,51.50913907658963,-3.563874613671249,True
Caerau Primary School,"Nursery, Infants & Juniors",Bridgend,Primary,404.0,CF34 0PA,51.63342534101579,-3.653035385903097,True
Litchard Primary,"Nursery, Infants & Juniors",Bridgend,Primary,457.0,CF31 1QB,51.52322706063029,-3.579033366781175,True
Tremains Primary School,"Nursery, Infants & Juniors",Bridgend,Primary,454.0,CF31 2NL,51.50865052967172,-3.552173325033138,True
Mynydd Cynffig Primary,"Nursery, Infants & Juniors",Bridgend,Primary,428.0,CF33 6ET,51.532360091927195,-3.6774939045968003,True
Penyfai Church in Wales,Infants & Juniors,Bridgend,Primary,237.0,CF31 4LX,51.526359078743525,-3.597707026048831,True
ST. MARY`S & ST. PATRICK`S,"Nursery, Infants & Juniors",Bridgend,Primary,209.0,CF34 9AY,51.606201540896244,-3.654249721843734,True
St. Robert's RC Primary,Infants & Juniors,Bridgend,Primary,171.0,CF32 9AB,51.535803823529726,-3.5964021463469824,True
St Mary's R C Primary School,"Nursery, Infants & Juniors",Bridgend,Primary,245.0,CF31 4JW,51.50960469804776,-3.5860877740014483,True
Archdeacon John Lewis C in W,"Nursery, Infants & Juniors",Bridgend,Primary,145.0,CF31 2JS,51.512098967419966,-3.5535907349440117,True
Cynffig Comprehensive,Secondary (ages 11-19),Bridgend,Secondary,777.0,CF33 6NP,51.527916358188065,-3.678858662493298,False
Bryntirion Comprehensive.,Secondary (ages 11-19),Bridgend,Secondary,1258.0,CF31 4QR,51.51714465713484,-3.594377684924228,True
Maesteg Comprehensive School,Secondary (ages 11-19),Bridgend,Secondary,1058.0,CF34 0LQ,51.61213220220031,-3.652138324104364,True
PENCOED COMPREHENSIVE,Secondary (ages 11-19),Bridgend,Secondary,882.0,CF35 5LZ,51.51946206043272,-3.501650688204368,True
Brynteg  School,Secondary (ages 11-19),Bridgend,Secondary,1725.0,CF31 3ER,51.497930585900654,-3.5775857992724127,True
PORTHCAWL COMPREHENSIVE SCHOOL,Secondary (ages 11-19),Bridgend,Secondary,1185.0,CF36 3ES,51.480175192379264,-3.7106451502698907,True
Ysgol Gyfun Gymraeg Llangynwyd,Secondary (ages 11-19),Bridgend,Secondary,703.0,CF34 9RW,51.58233441295374,-3.633204524920034,True
Coleg Cymunedol Y Dderwen,Secondary (ages 11-19),Bridgend,Secondary,1249.0,CF32 9EL,51.545910135869995,-3.5870130716798427,True
Archbishop McGrath Catholic High School,Secondary (ages 11-19),Bridgend,Secondary,825.0,CF31 2DN,51.50794132954339,-3.5580981800108784,True
ALBERT PRIMARY SCHOOL,"Nursery, Infants & Juniors",The Vale of Glamorgan,Primary,439.0,CF64 1BX,51.441473414737565,-3.172454506836629,True
BARRY ISLAND PRIMARY SCHOOL,"Nursery, Infants & Juniors",The Vale of Glamorgan,Primary,235.0,CF62 5UZ,51.39553489807309,-3.2722714012617136,True
COGAN PRIMARY SCHOOL,Infants & Juniors,The Vale of Glamorgan,Primary,221.0,CF64 2JS,51.442775424996476,-3.1887040597615015,True
COLCOT PRIMARY SCHOOL,"Nursery, Infants & Juniors",The Vale of Glamorgan,Primary,283.0,CF62 9XH,51.42192655248903,-3.275593131747069,True
FAIRFIELD PRIMARY SCHOOL,"Nursery, Infants & Juniors",The Vale of Glamorgan,Primary,266.0,CF64 2RT,51.4402066203378,-3.1839756334824365,True
GLADSTONE PRIMARY SCHOOL,"Nursery, Infants & Juniors",The Vale of Glamorgan,Primary,434.0,CF62 8NA,51.40699437528177,-3.2744284033401048,True
High Street Primary School,"Nursery, Infants & Juniors",The Vale of Glamorgan,Primary,232.0,CF62 8HT,51.40272868338654,-3.2789605525303918,True
HOLTON PRIMARY SCHOOL,"Nursery, Infants & Juniors",The Vale of Glamorgan,Primary,383.0,CF63 4TF,51.40711657986197,-3.262258754523495,True
JENNER PARK PRIMARY SCHOOL,"Nursery, Infants & Juniors",The Vale of Glamorgan,Primary,205.0,CF63 1DG,51.412092358149394,-3.2631341936987974,True
LLANFAIR PRIMARY SCHOOL,"Nursery, Infants & Juniors",The Vale of Glamorgan,Primary,142.0,CF71 7LT,51.438298946327905,-3.4417660768726215,True
LLANGAN PRIMARY SCHOOL,"Nursery, Infants & Juniors",The Vale of Glamorgan,Primary,123.0,CF35 5DR,51.48657186233645,-3.485852797463319,True
PALMERSTON PRIMARY SCHOOL,"Nursery, Infants & Juniors",The Vale of Glamorgan,Primary,222.0,CF63 2XL,51.41729412650787,-3.239817899948526,True
RHWS COUNTY PRIMARY SCHOOL,"Nursery, Infants & Juniors",The Vale of Glamorgan,Primary,368.0,CF62 3DS,51.38849893952827,-3.3513374733471686,True
SULLY PRIMARY SCHOOL,"Nursery, Infants & Juniors",The Vale of Glamorgan,Primary,381.0,CF64 5SU,51.40463917070745,-3.2164729413478024,True
VICTORIA PRIMARY SCHOOL,"Nursery, Infants & Juniors",The Vale of Glamorgan,Primary,453.0,CF64 2UZ,51.43686868045383,-3.1817508285929312,True
ST ATHAN PRIMARY SCHOOL,"Nursery, Infants & Juniors",The Vale of Glamorgan,Primary,212.0,CF62 4PG,51.40166000332762,-3.4111277276904537,True
ST ILLTYD PRIMARY SCHOOL,"Nursery, Infants & Juniors",The Vale of Glamorgan,Primary,348.0,CF61 1ST,51.41019873736425,-3.484219943007845,True
EVENLODE PRIMARY SCHOOL,Infants & Juniors,The Vale of Glamorgan,Primary,501.0,CF64 3PD,51.429409208410995,-3.1811072180310482,True
LLANDOUGH COUNTY PRIMARY,"Nursery, Infants & Juniors",The Vale of Glamorgan,Primary,184.0,CF64 2QD,51.450114285034736,-3.197399858093699,True
Y BONT FAEN PRIMARY SCHOOL,"Nursery, Infants & Juniors",The Vale of Glamorgan,Primary,269.0,CF71 7BN,51.45953196127842,-3.4474012969642045,True
YSGOL PEN-Y-GARTH,"Nursery, Infants & Juniors",The Vale of Glamorgan,Primary,320.0,CF64 2QN,51.44113483735374,-3.196172158113731,True
Ysgol Gymraeg Sant Baruc,"Nursery, Infants & Juniors",The Vale of Glamorgan,Primary,337.0,CF62 5AT,51.397789848541514,-3.2794388725850045,True
OAK FIELD PRIMARY AND NURSERY SCHOOL,"Nursery, Infants & Juniors",The Vale of Glamorgan,Primary,156.0,CF62 9DU,51.41602894603191,-3.2688570219778974,True
YSGOL IOLO MORGANWG,"Nursery, Infants & Juniors",The Vale of Glamorgan,Primary,195.0,CF71 7ER,51.45892796721085,-3.4453382031910995,True
YSGOL GYMRAEG SANT CURIG,"Nursery, Infants & Juniors",The Vale of Glamorgan,Primary,433.0,CF62 8HQ,51.40599505846459,-3.2784833618887292,True
YSGOL GYMRAEG GWAUN Y NANT,"Nursery, Infants & Juniors",The Vale of Glamorgan,Primary,209.0,CF62 9DU,51.41602894603191,-3.2688570219778974,True
CADOXTON PRIMARY SCHOOL,Infants & Juniors,The Vale of Glamorgan,Primary,460.0,CF63 2JS,51.414123343354355,-3.2531905349734087,True
ROMILLY PRIMARY SCHOOL,"Nursery, Infants & Juniors",The Vale of Glamorgan,Primary,684.0,CF62 6LF,51.40146289092464,-3.2873656565524176,True
Ysgol Gymraeg Dewi Sant,"Nursery, Infants & Juniors",The Vale of Glamorgan,Primary,229.0,CF61 1TQ,51.4070116431806,-3.4750886482837826,True
DINAS POWYS PRIMARY SCHOOL,"Nursery, Infants & Juniors",The Vale of Glamorgan,Primary,460.0,CF64 4JU,51.43345404312117,-3.2120837187273814,True
Ysgol Y Ddraig,"Nursery, Infants & Juniors",The Vale of Glamorgan,Primary,255.0,CF61 1TQ,51.40409725089991,-3.4759881620270683,True
ST NICHOLAS C/W PRIMARY SCHOOL,Infants & Juniors,The Vale of Glamorgan,Primary,152.0,CF5 6SG,51.4608727379657,-3.3126036532760037,True
PETERSTON-SUPER-ELY PRIMARY,"Nursery, Infants & Juniors",The Vale of Glamorgan,Primary,136.0,CF5 6LP,51.48122588753282,-3.3197448686489364,True
GWENFO C/W PRIMARY SCHOOL,"Nursery, Infants & Juniors",The Vale of Glamorgan,Primary,233.0,CF5 6AN,51.44905766457129,-3.2644143158556385,True
St Brides C W Primary School,"Nursery, Infants & Juniors",The Vale of Glamorgan,Primary,220.0,CF32 0TB,51.46087586462278,-3.5933655715294246,True
Wick and Marcross C/W Primary,"Nursery, Infants & Juniors",The Vale of Glamorgan,Primary,144.0,CF71 7QE,51.43765326173896,-3.549619244114415,True
PENDOYLAN C/W PRIMARY SCHOOL,"Nursery, Infants & Juniors",The Vale of Glamorgan,Primary,222.0,CF71 7UJ,51.482097142738795,-3.3560759315382422,True
ST ANDREW'S C/W PRIMARY SCHOOL,"Nursery, Infants & Juniors",The Vale of Glamorgan,Primary,236.0,CF64 4HB,51.432558780849526,-3.2288705236968176,True
LLANSANNOR C/W PRIMARY SCHOOL,"Nursery, Infants & Juniors",The Vale of Glamorgan,Primary,228.0,CF71 7SZ,51.502712221117825,-3.4400956813433585,False
ST DAVID'S CHURCH-IN-WALES,"Nursery, Infants & Juniors",The Vale of Glamorgan,Primary,187.0,CF71 7NL,51.47020187903495,-3.525858154643745,True
ST. JOSEPH'S RC PRIMARY SCHOOL,"Nursery, Infants & Juniors",The Vale of Glamorgan,Primary,217.0,CF64 2TQ,51.43233346562073,-3.196877281437124,True
ALL SAINTS CW PRIMARY SCHOOL,"Nursery, Infants & Juniors",The Vale of Glamorgan,Primary,207.0,CF62 7FG,51.40725834795342,-3.2897495271825696,True
St Helen's Catholic Primary School,"Nursery, Infants & Juniors",The Vale of Glamorgan,Primary,317.0,CF63 4EH,51.41055811364779,-3.2712340451736823,True
LLANTWIT MAJOR SCHOOL,Secondary (ages 11-19),The Vale of Glamorgan,Secondary,980.0,CF61 1TQ,51.40548806978675,-3.476289159362003,True
St Cyres Comprehensive School,Secondary (ages 11-19),The Vale of Glamorgan,Secondary,1226.0,CF64 2XP,51.437866736812495,-3.196362137409042,True
Whitmore High School,Secondary (ages 11-19),The Vale of Glamorgan,Secondary,1091.0,CF62 8ZJ,51.41521064691084,-3.2878163293947,True
Pencoedtre High School,Secondary (ages 11-19),The Vale of Glamorgan,Secondary,1061.0,CF62 9YQ,51.42467768060184,-3.267280292522668,True
St Richard Gwyn Catholic High School,Secondary (ages 11-16),The Vale of Glamorgan,Secondary,817.0,CF63 1BL,51.421990245960615,-3.2420408027660423,True
Stanwell School,Secondary (ages 11-19),The Vale of Glamorgan,Secondary,1923.0,CF64 2XL,51.43343178497466,-3.1825776391562144,True
YSGOL GYMRAEG BRO MORGANNWG,Middle (ages 3-19),The Vale of Glamorgan,Middle,1431.0,CF62 8YU,51.412393455914156,-3.2863069744719247,True
PENDERYN PRIMARY,"Nursery, Infants & Juniors",Rhondda Cynon Taf,Primary,194.0,CF44 9JW,51.76357077819924,-3.5218818215880625,True
OAKLANDS PRIMARY SCHOOL,"Nursery, Infants & Juniors",Rhondda Cynon Taf,Primary,206.0,CF44 6TF,51.69604973663127,-3.4244931302416997,True
Alaw Primary School,"Nursery, Infants & Juniors",Rhondda Cynon Taf,Primary,157.0,CF40 2UU,51.61931585310118,-3.4346122398078234,True
ABERNANT COUNTY PRIMARY,"Nursery, Infants & Juniors",Rhondda Cynon Taf,Primary,112.0,CF44 0SF,51.719971010036254,-3.4338442864006966,True
Brynnau Primary,"Nursery, Infants & Juniors",Rhondda Cynon Taf,Primary,247.0,CF72 9QJ,51.537457797590676,-3.4647674560536177,True
COEDPENMAEN COUNTY PRIMARY,"Nursery, Infants & Juniors",Rhondda Cynon Taf,Primary,209.0,CF37 4LE,51.60642946263568,-3.333279360295716,True
BODRINGALLT PRIMARY SCHOOL.,"Nursery, Infants & Juniors",Rhondda Cynon Taf,Primary,75.0,CF41 7QE,51.6465062644005,-3.466719275721894,True
BLAENGWAWR PRIMARY,"Nursery, Infants & Juniors",Rhondda Cynon Taf,Primary,221.0,CF44 6YP,51.70526133437505,-3.434507900448385,True
Coedylan Primary School,"Nursery, Infants & Juniors",Rhondda Cynon Taf,Primary,146.0,CF37 2DB,51.60596953788415,-3.342074627306427,True
Caegarw Primary School,"Nursery, Infants & Juniors",Rhondda Cynon Taf,Primary,167.0,CF45 4BH,51.685162099873324,-3.376110232596966,True
Cwmlai Primary,"Nursery, Infants & Juniors",Rhondda Cynon Taf,Primary,431.0,CF39 8AS,51.571640168368866,-3.427266402188961,True
DOLAU PRIMARY,"Nursery, Infants & Juniors",Rhondda Cynon Taf,Primary,510.0,CF72 9RP,51.53267765500636,-3.455083997668602,True
Capcoch Primary School,"Nursery, Infants & Juniors",Rhondda Cynon Taf,Primary,150.0,CF44 6AD,51.69039683261111,-3.414578964898144,True
Caradog Primary School,"Nursery, Infants & Juniors",Rhondda Cynon Taf,Primary,193.0,CF44 7PB,51.711698696830865,-3.4484912054850225,True
Ffynnon Taf Primary School,"Nursery, Infants & Juniors",Rhondda Cynon Taf,Primary,157.0,CF15 7PR,51.546481746905684,-3.2716182605548236,True
DARRAN PARK PRIMARY,"Nursery, Infants & Juniors",Rhondda Cynon Taf,Primary,320.0,CF43 4LE,51.660354773449846,-3.4499903682079185,True
LLANILLTUD FAERDREF PRIMARY,"Nursery, Infants & Juniors",Rhondda Cynon Taf,Primary,182.0,CF38 1DB,51.56590453108721,-3.319627668158072,True
GELLI PRIMARY SCHOOL,"Nursery, Infants & Juniors",Rhondda Cynon Taf,Primary,203.0,CF41 7PX,51.64586160778643,-3.476541250118536,True
Llantrisant Primary School,"Nursery, Infants & Juniors",Rhondda Cynon Taf,Primary,127.0,CF72 8EL,51.54529635485109,-3.3773944593270544,True
Hafod Primary School,"Nursery, Infants & Juniors",Rhondda Cynon Taf,Primary,110.0,CF37 2NL,51.60953611874061,-3.3818656981335447,True
MAES-Y-COED PRIMARY SCHOOL,"Nursery, Infants & Juniors",Rhondda Cynon Taf,Primary,248.0,CF37 1EQ,51.59820103625104,-3.3498731434565143,True
CWMDAR COUNTY PRIMARY SCHOOL,"Nursery, Infants & Juniors",Rhondda Cynon Taf,Primary,281.0,CF44 8UA,51.719593086594685,-3.474541393928471,True
PARCLEWIS PRIMARY SCHOOL,"Nursery, Infants & Juniors",Rhondda Cynon Taf,Primary,270.0,CF37 1BE,51.59666909197492,-3.3280991042655694,True
Llanharan Primary School,"Nursery, Infants & Juniors",Rhondda Cynon Taf,Primary,145.0,CF72 9PW,51.54122346899359,-3.4424361190380584,True
LLWYNYPIA PRIMARY SCHOOL,"Nursery, Infants & Juniors",Rhondda Cynon Taf,Primary,185.0,CF40 2HL,51.62714896695964,-3.4593188956193632,True
DARRENLAS PRIMARY SCHOOL,"Nursery, Infants & Juniors",Rhondda Cynon Taf,Primary,222.0,CF45 3LT,51.67869451447189,-3.380918574809405,True
LLANHARI PRIMARY,"Nursery, Infants & Juniors",Rhondda Cynon Taf,Primary,154.0,CF72 9LQ,51.512276406826594,-3.4359731446655624,True
Pontyclun Primary,"Nursery, Infants & Juniors",Rhondda Cynon Taf,Primary,395.0,CF72 9EG,51.52065263132124,-3.3915831482666303,True
PARC PRIMARY SCHOOL,"Nursery, Infants & Juniors",Rhondda Cynon Taf,Primary,241.0,CF42 6LY,51.654115377158,-3.516809537121887,True
HIRWAUN PRIMARY SCHOOL,"Nursery, Infants & Juniors",Rhondda Cynon Taf,Primary,294.0,CF44 9NF,51.735999074835696,-3.510252763434877,True
LLWYDCOED PRIMARY SCHOOL,"Nursery, Infants & Juniors",Rhondda Cynon Taf,Primary,132.0,CF44 0YA,51.73365342110004,-3.4589247061070183,True
Trallwng Infants School,Nursery & Infants,Rhondda Cynon Taf,Primary,77.0,CF37 4RD,51.608905428978325,-3.3345794406762144,True
PENGEULAN PRIMARY,"Nursery, Infants & Juniors",Rhondda Cynon Taf,Primary,136.0,CF45 3UW,51.67393852229513,-3.370115220861218,True
Pontrhondda Primary School,Infants & Juniors,Rhondda Cynon Taf,Primary,124.0,CF40 2SZ,51.63941351281776,-3.4535563962158107,True
Trehopcyn Primary,"Nursery, Infants & Juniors",Rhondda Cynon Taf,Primary,110.0,CF37 2RH,51.60598429220113,-3.357988585889192,True
PONTYGWAITH PRIMARY SCHOOL,"Nursery, Infants & Juniors",Rhondda Cynon Taf,Primary,155.0,CF43 3LY,51.637616878795576,-3.433672489489839,True
TREROBART PRIMARY SCHOOL,"Nursery, Infants & Juniors",Rhondda Cynon Taf,Primary,155.0,CF37 3EF,51.63629334167939,-3.3589806182464303,True
Perthcelyn Community Primary School,"Nursery, Infants & Juniors",Rhondda Cynon Taf,Primary,126.0,CF45 3RJ,51.667982785696545,-3.3657564513285214,True
TON PENTRE JUNIOR SCHOOL,Juniors,Rhondda Cynon Taf,Primary,164.0,CF41 7EL,51.64866767010569,-3.49072542395699,True
Craig yr Hesg Primary School,"Nursery, Infants & Juniors",Rhondda Cynon Taf,Primary,162.0,CF37 3BP,51.622543646790795,-3.3292446495882766,True
Llwyn-crwn Primary School,"Nursery, Infants & Juniors",Rhondda Cynon Taf,Primary,272.0,CF38 2BE,51.55402811617288,-3.3610999207770345,True
Ton Pentre Infants,Nursery & Infants,Rhondda Cynon Taf,Primary,144.0,CF41 7LS,51.64484450515657,-3.486596475822204,True
Y.G.G.ABERDAR,"Nursery, Infants & Juniors",Rhondda Cynon Taf,Primary,426.0,CF44 8RT,51.717740484194486,-3.466663892338115,True
TREALAW COUNTY PRIMARY SCHOOL,"Nursery, Infants & Juniors",Rhondda Cynon Taf,Primary,119.0,CF40 2QW,51.62011636193917,-3.4470459161389586,True
Glenboi Community Primary School,"Nursery, Infants & Juniors",Rhondda Cynon Taf,Primary,150.0,CF45 3DW,51.68440179179825,-3.396338983389446,True
Cefn Primary School,"Nursery, Infants & Juniors",Rhondda Cynon Taf,Primary,129.0,CF37 3BD,51.62143095489151,-3.3419471082145416,True
TREORCHY PRIMARY,"Nursery, Infants & Juniors",Rhondda Cynon Taf,Primary,408.0,CF42 6SA,51.66129379118145,-3.5054102827533984,True
WILLIAMSTOWN PRIMARY,"Nursery, Infants & Juniors",Rhondda Cynon Taf,Primary,310.0,CF40 1AG,51.60292952811918,-3.4392650340217847,True
Maesybryn Primary School,"Nursery, Infants & Juniors",Rhondda Cynon Taf,Primary,321.0,CF38 2NS,51.55731198548118,-3.3312363534770433,True
TYLORSTOWN PRIMARY SCHOOL,"Nursery, Infants & Juniors",Rhondda Cynon Taf,Primary,115.0,CF43 3HH,51.64658646148089,-3.431816359922642,True
Tref-y-Rhyg Primary School,"Nursery, Infants & Juniors",Rhondda Cynon Taf,Primary,86.0,CF39 8PR,51.58296740366166,-3.417099439483573,True
Ysgol Gynradd Gymraeg Tonyrefail,"Nursery, Infants & Juniors",Rhondda Cynon Taf,Primary,197.0,CF39 8NT,51.585352633703486,-3.4273943367202864,True
Penygawsi Primary School,"Nursery, Infants & Juniors",Rhondda Cynon Taf,Primary,222.0,CF72 8PZ,51.535685218279646,-3.374984744215576,True
YSGOL GYMRAEG LLWYNCELYN,"Nursery, Infants & Juniors",Rhondda Cynon Taf,Primary,354.0,CF39 9TL,51.61152067202198,-3.40029670728285,True
YSGOL GYNRADD GYMRAEG YNYSWEN,"Nursery, Infants & Juniors",Rhondda Cynon Taf,Primary,222.0,CF42 6ED,51.665303516651655,-3.520118577356292,True
Tonysguboriau Primary School,"Nursery, Infants & Juniors",Rhondda Cynon Taf,Primary,241.0,CF72 8AA,51.535965597669424,-3.387825615367143,True
Y. G. G. G. Llantrisant,"Nursery, Infants & Juniors",Rhondda Cynon Taf,Primary,213.0,CF72 8TL,51.52615974262547,-3.3798295783922203,True
YSGOL GYMRAEG BODRINGALLT,"Nursery, Infants & Juniors",Rhondda Cynon Taf,Primary,141.0,CF41 7RX,51.645723415850206,-3.4660436033794437,True
Y.G.G. CASTELLAU,"Nursery, Infants & Juniors",Rhondda Cynon Taf,Primary,233.0,CF38 2AA,51.55795743215885,-3.3604088508498826,True
YSGOL GYMRAEG EVAN JAMES,"Nursery, Infants & Juniors",Rhondda Cynon Taf,Primary,310.0,CF37 1HF,51.60213497862757,-3.346351107307597,True
Ysgol Gymraeg Abercynon,"Nursery, Infants & Juniors",Rhondda Cynon Taf,Primary,266.0,CF45 4TH,51.651633803189895,-3.327508197924236,True
YGG BRONLLWYN School,"Nursery, Infants & Juniors",Rhondda Cynon Taf,Primary,230.0,CF41 7NW,51.642194351021175,-3.4842696751564213,True
MISKIN PRIMARY,"Nursery, Infants & Juniors",Rhondda Cynon Taf,Primary,94.0,CF45 3BG,51.67513593205239,-3.376905402158451,True
Penpych Community Primary Scho,"Nursery, Infants & Juniors",Rhondda Cynon Taf,Primary,170.0,CF42 5SD,51.68332875486989,-3.550651393419256,True
Hendreforgan Primary School,"Nursery, Infants & Juniors",Rhondda Cynon Taf,Primary,233.0,CF39 8UH,51.582314706168624,-3.4665561566240903,True
Penyrenglyn Primary,"Nursery, Infants & Juniors",Rhondda Cynon Taf,Primary,180.0,CF42 5AW,51.668496558688084,-3.5269786398126626,True
Penywaun Community School,"Nursery, Infants & Juniors",Rhondda Cynon Taf,Primary,180.0,CF44 9DR,51.731502478297195,-3.4799249004965533,True
Penrhys Community Primary,"Nursery, Infants & Juniors",Rhondda Cynon Taf,Primary,86.0,CF43 3PL,51.64422787079322,-3.4401246958362797,True
Gwaunmeisgyn Primary School,"Nursery, Infants & Juniors",Rhondda Cynon Taf,Primary,361.0,CF38 2SE,51.5534404916408,-3.3513312151652936,True
Gwauncelyn Primary School,"Nursery, Infants & Juniors",Rhondda Cynon Taf,Primary,372.0,CF38 1EU,51.569768749959515,-3.3158293087667143,True
Penrhiwceibr Primary,"Nursery, Infants & Juniors",Rhondda Cynon Taf,Primary,118.0,CF45 3YD,51.66964080720982,-3.3631310734951785,True
Ynyshir Community Primary,"Nursery, Infants & Juniors",Rhondda Cynon Taf,Primary,228.0,CF39 0HU,51.622381483181776,-3.4094286393902378,True
Cwmclydach Community Primary School,"Nursery, Infants & Juniors",Rhondda Cynon Taf,Primary,180.0,CF40 2BQ,51.626846614794154,-3.475591383520248,True
Aberdare Park Primary,"Nursery, Infants & Juniors",Rhondda Cynon Taf,Primary,256.0,CF44 8LU,51.720100981767715,-3.456172020043461,True
Maerdy Primary School,"Nursery, Infants & Juniors",Rhondda Cynon Taf,Primary,293.0,CF43 4TW,51.6708241225316,-3.4814600611579407,True
Cwmbach Community Primary,"Nursery, Infants & Juniors",Rhondda Cynon Taf,Primary,262.0,CF44 0HS,51.710366209304105,-3.416186241375715,True
Ynysboeth Community Primary,"Nursery, Infants & Juniors",Rhondda Cynon Taf,Primary,125.0,CF45 4LJ,51.65966898106999,-3.345193413731006,True
Abercynon Primary,"Nursery, Infants & Juniors",Rhondda Cynon Taf,Primary,334.0,CF45 4SU,51.64658960647309,-3.328285840398834,True
Cymmer Primary,"Nursery, Infants & Juniors",Rhondda Cynon Taf,Primary,209.0,CF39 9HA,51.60538949127905,-3.4121946995199646,True
Cwmaman Primary School,"Nursery, Infants & Juniors",Rhondda Cynon Taf,Primary,201.0,CF44 6LA,51.68484717659928,-3.4496176894128348,True
Our Lady's R.C.,"Nursery, Infants & Juniors",Rhondda Cynon Taf,Primary,118.0,CF45 3UA,51.67936392487306,-3.3744446254684695,True
ST MICHAELS PRIMARY,"Nursery, Infants & Juniors",Rhondda Cynon Taf,Primary,248.0,CF37 1SP,51.58944077140234,-3.324019586241503,True
S.S.Gabriel and Raphael Prim,"Nursery, Infants & Juniors",Rhondda Cynon Taf,Primary,153.0,CF40 1BJ,51.61952243286683,-3.452906143347623,True
St. Margaret's Catholic Primary School,"Nursery, Infants & Juniors",Rhondda Cynon Taf,Primary,97.0,CF44 7PP,51.71047071130552,-3.453271805681155,True
ABERDARE TOWN C IN W PRIMARY,"Nursery, Infants & Juniors",Rhondda Cynon Taf,Primary,292.0,CF44 7HF,51.70999133324913,-3.4403602550812873,True
Bryncelynnog Comprehensive School,Secondary (ages 11-19),Rhondda Cynon Taf,Secondary,1348.0,CF38 2AE,51.56006904693821,-3.3589859940572127,True
Mountain Ash Comprehensive School,Secondary (ages 11-19),Rhondda Cynon Taf,Secondary,909.0,CF45 4DG,51.68827351184906,-3.389832338314121,True
Treorchy Comprehensive School,Secondary (ages 11-19),Rhondda Cynon Taf,Secondary,1433.0,CF42 6UL,51.65898130748856,-3.5111311493114816,True
Ferndale Community School,Secondary (ages 11-16),Rhondda Cynon Taf,Secondary,636.0,CF43 4AR,51.66912732321014,-3.472670342094914,True
Y Pant Comprehensive,Secondary (ages 11-19),Rhondda Cynon Taf,Secondary,1461.0,CF72 8YQ,51.530419168569544,-3.3846438130193617,True
Ysgol Gyfun Cwm Rhondda,Secondary (ages 11-19),Rhondda Cynon Taf,Secondary,625.0,CF39 9HA,51.60551558130714,-3.4136715459525084,True
Ysgol Gyfun Rhydywaun,Secondary (ages 11-19),Rhondda Cynon Taf,Secondary,1030.0,CF44 9ES,51.73452766826345,-3.493115230379756,True
Aberdare Community School,Secondary (ages 11-19),Rhondda Cynon Taf,Secondary,1227.0,CF44 7RP,51.712770314321496,-3.439019615920753,True
Cardinal Newman R.C.,Secondary (ages 11-16),Rhondda Cynon Taf,Secondary,980.0,CF37 5DP,51.58472223877,-3.3037472511810346,True
St John Baptist CIW High School,Secondary (ages 11-19),Rhondda Cynon Taf,Secondary,946.0,CF44 8BW,51.71465883762071,-3.458515880172578,True
Ysgol Llanhari,Middle (ages 3-19),Rhondda Cynon Taf,Middle,647.0,CF72 9XE,51.51159148148634,-3.437565615641675,True
Porth Community School,Middle (ages 3-16),Rhondda Cynon Taf,Middle,927.0,CF39 0BS,51.61677091229362,-3.4183545616876145,True
Ysgol Nantgwyn,Middle (ages 3-16),Rhondda Cynon Taf,Middle,1048.0,CF40 1HQ,51.61578236316622,-3.4557621083230474,True
Tonyrefail Community School,Middle (ages 3-19),Rhondda Cynon Taf,Middle,1707.0,CF39 8HG,51.58222963560149,-3.4392892578518848,True
Ysgol Garth Olwg,Middle (ages 3-19),Rhondda Cynon Taf,Middle,1210.0,CF38 1DX,51.56516354647541,-3.3223474556001804,True
Abercanaid Community,"Nursery, Infants & Juniors",Merthyr Tydfil,Primary,168.0,CF48 1SZ,51.72320425562753,-3.3616146115394128,True
Cyfarthfa Park Primary School,"Nursery, Infants & Juniors",Merthyr Tydfil,Primary,437.0,CF47 8RE,51.75361646172008,-3.3875495174070767,True
Caedraw Primary,"Nursery, Infants & Juniors",Merthyr Tydfil,Primary,228.0,CF47 8HA,51.74265037103971,-3.3788271102846528,True
Gellifaelog Primary School,"Nursery, Infants & Juniors",Merthyr Tydfil,Primary,226.0,CF47 9TJ,51.76214473291465,-3.3633802018313825,True
PANTYSGALLOG PRIMARY SCHOOL,"Nursery, Infants & Juniors",Merthyr Tydfil,Primary,412.0,CF48 2AD,51.77076781091647,-3.356379024412028,True
Gwaunfarren Primary,"Nursery, Infants & Juniors",Merthyr Tydfil,Primary,280.0,CF47 9AF,51.755697433963036,-3.3749794754472577,True
Heolgerrig Community School,"Nursery, Infants & Juniors",Merthyr Tydfil,Primary,210.0,CF48 1SB,51.74357426204697,-3.4040727302867464,True
YNYSOWEN PRIMARY,"Nursery, Infants & Juniors",Merthyr Tydfil,Primary,311.0,CF48 4QQ,51.69620036014278,-3.3421346320496705,True
YSGOL SANTES TUDFUL,"Nursery, Infants & Juniors",Merthyr Tydfil,Primary,411.0,CF47 0HU,51.74692590442414,-3.367673093782546,True
Bedlinog Community Primary School,"Nursery, Infants & Juniors",Merthyr Tydfil,Primary,110.0,CF46 6RG,51.70298401067176,-3.315668331479478,True
TRELEWIS PRIMARY SCHOOL,"Nursery, Infants & Juniors",Merthyr Tydfil,Primary,244.0,CF46 6AH,51.66826474471814,-3.294836873229016,True
YSGOL-Y-GRAIG,Infants & Juniors,Merthyr Tydfil,Primary,213.0,CF48 2LR,51.762406991407225,-3.40146913497855,True
Ysgol Gymraeg Rhyd-y-grug,"Nursery, Infants & Juniors",Merthyr Tydfil,Primary,278.0,CF48 4NT,51.68745739563163,-3.340924955867563,True
COED Y DDERWEN PRIMARY SCHOOL,"Nursery, Infants & Juniors",Merthyr Tydfil,Primary,223.0,CF48 1LG,51.75439040509354,-3.4018873380278354,True
Twynyrodyn Community School,"Nursery, Infants & Juniors",Merthyr Tydfil,Primary,298.0,CF47 0LW,51.744705786533515,-3.36605615475746,True
Troedyrhiw  Commmunity Primary School,"Nursery, Infants & Juniors",Merthyr Tydfil,Primary,201.0,CF48 4JQ,51.713491468176834,-3.347730972798488,True
Dowlais Primary School,Infants & Juniors,Merthyr Tydfil,Primary,194.0,CF48 3HB,51.76222399618776,-3.347935821119241,True
Goetre Primary School,"Nursery, Infants & Juniors",Merthyr Tydfil,Primary,413.0,CF47 9PB,51.761122069555526,-3.3847077598132573,True
Afon Taf High School,Secondary (ages 11-16),Merthyr Tydfil,Secondary,798.0,CF48 4ED,51.7094286675582,-3.345251005656164,True
PEN-Y-DRE HIGH SCHOOL,Secondary (ages 11-16),Merthyr Tydfil,Secondary,893.0,CF47 9BY,51.76710236434801,-3.3800504684806563,True
Cyfarthfa High School,Secondary (ages 11-16),Merthyr Tydfil,Secondary,785.0,CF47 0LS,51.74894373315809,-3.370442968670602,True
Blessed Carlo Acutis Catholic School,Middle (ages 3-16),Merthyr Tydfil,Middle,989.0,CF47 9AN,51.75682025294166,-3.371999939351187,True
Pengam Primary,"Nursery, Infants & Juniors",Caerphilly,Primary,198.0,NP12 3ST,51.66873433967226,-3.2224654803079256,True
Fleur-de-Lys Primary,"Nursery, Infants & Juniors",Caerphilly,Primary,96.0,NP12 3UX,51.65790312378507,-3.2195531827361754,True
COED-Y-BRAIN PRIMARY,"Nursery, Infants & Juniors",Caerphilly,Primary,210.0,CF83 3LD,51.60137157983795,-3.2308017687510704,True
Markham Primary,"Nursery, Infants & Juniors",Caerphilly,Primary,201.0,NP12 0QD,51.70345408962753,-3.206566955873166,True
CWMABER JUNIOR SCHOOL,Juniors,Caerphilly,Primary,107.0,CF83 4BH,51.597832209387164,-3.269312917373254,True
Libanus Primary,"Nursery, Infants & Juniors",Caerphilly,Primary,342.0,NP12 1EH,51.66065549493861,-3.1940946586558234,True
Pontllanfraith Primary School,"Nursery, Infants & Juniors",Caerphilly,Primary,178.0,NP12 2DN,51.65809858246611,-3.183763005812043,True
Deri Primary School,"Nursery, Infants & Juniors",Caerphilly,Primary,74.0,CF81 9HZ,51.70917732984312,-3.2667689203423604,True
Crumlin High Level Primary,"Nursery, Infants & Juniors",Caerphilly,Primary,108.0,NP11 4PX,51.677751136899154,-3.143246531368871,True
PENTWYNMAWR PRIMARY SCHOOL,"Nursery, Infants & Juniors",Caerphilly,Primary,116.0,NP11 4HJ,51.658659450987244,-3.1627280846904977,True
DERWENDEG PRIMARY SCHOOL,"Nursery, Infants & Juniors",Caerphilly,Primary,195.0,CF82 7HP,51.658460934719265,-3.2367142870421617,True
Tynewydd Primary School,"Nursery, Infants & Juniors",Caerphilly,Primary,268.0,NP11 4QZ,51.67032479342884,-3.143172158976884,True
Cwmcarn Primary School,"Nursery, Infants & Juniors",Caerphilly,Primary,220.0,NP11 7LZ,51.634003689532854,-3.128705169725946,True
Waunfawr Primary,"Nursery, Infants & Juniors",Caerphilly,Primary,165.0,NP11 7PG,51.61920271138822,-3.12596892816514,True
Risca Primary,"Nursery, Infants & Juniors",Caerphilly,Primary,332.0,NP11 6DB,51.60779932744742,-3.1024946832233966,True
Fochriw Primary,"Nursery, Infants & Juniors",Caerphilly,Primary,91.0,CF81 9LL,51.7424695296118,-3.2959728112057434,True
GILFACH FARGOED PRIMARY,"Nursery, Infants & Juniors",Caerphilly,Primary,178.0,CF81 8LB,51.67731833241178,-3.2279716530346265,True
Hengoed Primary,"Nursery, Infants & Juniors",Caerphilly,Primary,147.0,CF82 7JU,51.65037226093158,-3.2320709987011025,True
Llancaeach Junior School,Juniors,Caerphilly,Primary,136.0,CF46 6NF,51.650764677273614,-3.2810974990090678,True
Llanfabon Infants School,Nursery & Infants,Caerphilly,Primary,104.0,CF46 6HL,51.64985285682961,-3.287186013753458,True
RHYDRI PRIMARY SCHOOL,"Nursery, Infants & Juniors",Caerphilly,Primary,35.0,CF83 3DF,51.57642466511572,-3.163297561129673,True
NANT Y PARC PRIMARY SCHOOL,"Nursery, Infants & Juniors",Caerphilly,Primary,210.0,CF83 4GY,51.61138382775442,-3.281634672573938,True
Pantside Primary,"Nursery, Infants & Juniors",Caerphilly,Primary,191.0,NP11 5DE,51.67058540151184,-3.1357747614851323,True
Tiryberth Primary,"Nursery, Infants & Juniors",Caerphilly,Primary,139.0,CF82 8AU,51.66371012781973,-3.229194087792712,True
Ty Isaf Infants School,Nursery & Infants,Caerphilly,Primary,110.0,NP11 6EF,51.60491906694092,-3.0912628301364613,True
CWM  IFOR  PRIMARY SCHOOL,"Nursery, Infants & Juniors",Caerphilly,Primary,215.0,CF83 2PG,51.5876435194419,-3.244215720063178,True
BRYN PRIMARY,"Nursery, Infants & Juniors",Caerphilly,Primary,178.0,NP12 2PL,51.64987018210356,-3.2033221190760797,True
YSGOL IFOR BACH,"Nursery, Infants & Juniors",Caerphilly,Primary,236.0,CF83 4AB,51.59975427400358,-3.274492189153329,True
Abercarn Primary school,"Nursery, Infants & Juniors",Caerphilly,Primary,255.0,NP11 5LH,51.65454374201425,-3.1330462441718043,True
Greenhill Primary,"Nursery, Infants & Juniors",Caerphilly,Primary,166.0,CF82 8EU,51.66502783520033,-3.2599894269797427,True
YSGOL GYMRAEG CAERFFILI,"Nursery, Infants & Juniors",Caerphilly,Primary,442.0,CF83 3HG,51.582404133408374,-3.2206857055893043,True
YSGOL GYMRAEG GILFACH FARGOD,"Nursery, Infants & Juniors",Caerphilly,Primary,109.0,CF81 8JG,51.678613673102696,-3.2279199192228347,True
YNYSDDU PRIMARY SCHOOL,"Nursery, Infants & Juniors",Caerphilly,Primary,109.0,NP11 7JH,51.62431927752531,-3.186191646163583,True
UPPER RHYMNEY PRIMARY SCHOOL,"Nursery, Infants & Juniors",Caerphilly,Primary,144.0,NP22 5EP,51.765926552817454,-3.290442266772278,True
Ysgol Y Lawnt,"Nursery, Infants & Juniors",Caerphilly,Primary,191.0,NP22 5LS,51.75917058426623,-3.28664176121313,True
Bryn Awel Primary School,"Nursery, Infants & Juniors",Caerphilly,Primary,136.0,NP22 5JJ,51.75609235170039,-3.2770354103446295,True
Ysgol Gymraeg Trelyn,"Nursery, Infants & Juniors",Caerphilly,Primary,208.0,NP12 3ST,51.668924613411384,-3.2232329574667515,True
PHILLIPSTOWN PRIMARY SCHOOL,"Nursery, Infants & Juniors",Caerphilly,Primary,148.0,NP24 6XE,51.72423983944154,-3.240506820088219,True
MAESYCWMMER PRIMARY SCHOOL,"Nursery, Infants & Juniors",Caerphilly,Primary,142.0,CF82 7PU,51.64355347754386,-3.2211769151109366,True
Bedwas Junior,Juniors,Caerphilly,Primary,156.0,CF83 8EB,51.59055134672164,-3.198967640570621,True
Machen Primary School,"Nursery, Infants & Juniors",Caerphilly,Primary,166.0,CF83 8NA,51.59594648441398,-3.1430935049495847,True
Graig-y-Rhacca Primary and Nursery Community,"Nursery, Infants & Juniors",Caerphilly,Primary,105.0,CF83 8WW,51.59365209002738,-3.168804917181968,True
Bedwas Infants,Nursery & Infants,Caerphilly,Primary,163.0,CF83 8EE,51.59261399764255,-3.201259565111707,True
HENDREDENNY PARK PRIMARY,"Nursery, Infants & Juniors",Caerphilly,Primary,266.0,CF83 2BL,51.58023244031197,-3.2469285761904656,True
CWMABER INFANTS SCHOOL,Nursery & Infants,Caerphilly,Primary,105.0,CF83 4FF,51.599812621824555,-3.2691082540092844,True
YSGOL GYMRAEG BRO ALLTA,"Nursery, Infants & Juniors",Caerphilly,Primary,282.0,CF82 7XQ,51.64147833254449,-3.2390123626384444,True
Cwmfelinfach Primary,"Nursery, Infants & Juniors",Caerphilly,Primary,203.0,NP11 7HL,51.61883586849889,-3.1797941864095125,True
YSGOL GYMRAEG CWM GWYDDON,"Nursery, Infants & Juniors",Caerphilly,Primary,275.0,NP11 5GX,51.647608676368854,-3.1333069009141883,True
Y G G  Y Castell,"Nursery, Infants & Juniors",Caerphilly,Primary,419.0,CF83 1WH,51.574702857563636,-3.2247816424960596,True
Cwrt Rawlin Primary School,"Nursery, Infants & Juniors",Caerphilly,Primary,361.0,CF83 1SN,51.56998165302128,-3.241418072827134,True
Cefn Fforest Primary,"Nursery, Infants & Juniors",Caerphilly,Primary,284.0,NP12 3JX,51.672432719077456,-3.211114136320289,True
PENLLWYN PRIMARY,"Nursery, Infants & Juniors",Caerphilly,Primary,142.0,NP12 2NT,51.65589929343133,-3.20022917693773,True
Blackwood Primary,"Nursery, Infants & Juniors",Caerphilly,Primary,372.0,NP12 1WA,51.666221390361834,-3.202020259294629,True
GLYN-GAER PRIMARY SCHOOL,"Nursery, Infants & Juniors",Caerphilly,Primary,212.0,CF82 8FF,51.664940295568826,-3.2455662608865974,True
Park Primary,"Nursery, Infants & Juniors",Caerphilly,Primary,128.0,CF81 8PN,51.68616496644431,-3.233230742929024,True
Aberbargoed Primary School,"Nursery, Infants & Juniors",Caerphilly,Primary,215.0,CF81 9DD,51.6929539498974,-3.22547231858455,True
Trinant Primary,"Nursery, Infants & Juniors",Caerphilly,Primary,181.0,NP11 3JN,51.69861088539549,-3.147010482201104,True
Ty Sign Primary School,"Nursery, Infants & Juniors",Caerphilly,Primary,425.0,NP11 6HJ,51.60999378184232,-3.092828697337818,True
Tyn-Y-Wern Primary,"Nursery, Infants & Juniors",Caerphilly,Primary,233.0,CF83 8FL,51.59250201519091,-3.1848571926373146,True
Twyn Primary,"Nursery, Infants & Juniors",Caerphilly,Primary,414.0,CF83 1UT,51.574504730435244,-3.2152124001149645,True
White Rose Primary School,"Nursery, Infants & Juniors",Caerphilly,Primary,231.0,NP24 6DW,51.7175579935304,-3.234634868798001,True
Ysgol Bro Sannan,"Nursery, Infants & Juniors",Caerphilly,Primary,118.0,CF81 9FN,51.689758330606615,-3.218904748452159,True
Plasyfelin Primary School,"Nursery, Infants & Juniors",Caerphilly,Primary,291.0,CF83 3FT,51.58202925383544,-3.224819898558004,True
St James Primary School,"Nursery, Infants & Juniors",Caerphilly,Primary,271.0,CF83 3GT,51.581752203270845,-3.2012328413055515,True
St Gwladys Bargoed School,"Nursery, Infants & Juniors",Caerphilly,Primary,438.0,CF81 8RP,51.69237070600416,-3.2313739371309125,True
Rhiw syr Dafydd Primary School,"Nursery, Infants & Juniors",Caerphilly,Primary,602.0,NP12 0NA,51.68002403387075,-3.1744270384694113,True
Ystrad Mynach Primary,"Nursery, Infants & Juniors",Caerphilly,Primary,447.0,CF82 7AQ,51.641843684690706,-3.239325811996426,True
Ysgol Gynradd Gymraeg Cwm Derwen,"Nursery, Infants & Juniors",Caerphilly,Primary,165.0,NP12 0JL,51.68067013106309,-3.1790433474286663,True
Ysgol Penalltau,"Nursery, Infants & Juniors",Caerphilly,Primary,247.0,CF82 6AP,51.65553397776887,-3.2439638814154135,True
St Helens RC Primary,"Nursery, Infants & Juniors",Caerphilly,Primary,224.0,CF83 1QH,51.580213044744454,-3.2031405972261617,True
Newbridge School,Secondary (ages 11-16),Caerphilly,Secondary,1010.0,NP11 5FR,51.6648808800585,-3.1408084064955677,True
Blackwood Comprehensive School,Secondary (ages 11-16),Caerphilly,Secondary,957.0,NP12 1ER,51.67127546429902,-3.2037014190959887,True
St Cenydd School,Secondary (ages 11-19),Caerphilly,Secondary,971.0,CF83 2RP,51.58099370210917,-3.242128955701367,True
Risca Community Comprehensive,Secondary (ages 11-16),Caerphilly,Secondary,618.0,NP11 6YY,51.605694600859344,-3.0705164723894165,True
St Martin's School,Secondary (ages 11-19),Caerphilly,Secondary,1030.0,CF83 1UW,51.569185174671425,-3.2209285924046864,True
HEOLDDU COMPREHENSIVE SCHOOL,Secondary (ages 11-19),Caerphilly,Secondary,724.0,CF81 8XL,51.688347627089044,-3.2445306503223295,True
Lewis School Pengam,Secondary (ages 11-19),Caerphilly,Secondary,645.0,CF81 8LJ,51.67295993592001,-3.2242817049777366,True
Bedwas High School,Secondary (ages 11-19),Caerphilly,Secondary,666.0,CF83 8BJ,51.5912218628699,-3.19228713150934,True
Ysgol Gyfun Cwm Rhymni,Secondary (ages 11-19),Caerphilly,Secondary,1785.0,NP12 3JQ,51.660655933380596,-3.2159548259827924,True
Islwyn High School,Secondary (ages 11-16),Caerphilly,Secondary,1047.0,NP12 0NU,51.68413376939219,-3.1770648167622055,True
Idris Davies School 3 to 18,Middle (ages 3-19),Caerphilly,Middle,812.0,NP22 5XF,51.74356594719072,-3.2709513668450985,True
Bryn Bach Primary School,"Nursery, Infants & Juniors",Blaenau Gwent,Primary,233.0,NP22 3RX,51.78625241522991,-3.2618576132290786,True
Glanhowy Primary School,"Nursery, Infants & Juniors",Blaenau Gwent,Primary,282.0,NP22 4RW,51.78300355533687,-3.2468306151509143,True
Deighton Junior and Infants,"Nursery, Infants & Juniors",Blaenau Gwent,Primary,238.0,NP22 3ES,51.78064298939218,-3.2486535050853766,True
Georgetown Junior and Infants,"Nursery, Infants & Juniors",Blaenau Gwent,Primary,430.0,NP22 4LJ,51.7666745268561,-3.2355454086880306,True
SOFRYDD PRIMARY,"Nursery, Infants & Juniors",Blaenau Gwent,Primary,152.0,NP11 5DW,51.683413010059176,-3.135066331085218,True
Cwm Primary School,"Nursery, Infants & Juniors",Blaenau Gwent,Primary,229.0,NP23 7RD,51.74447565284964,-3.1878241188104974,True
Beaufort Hill Primary,"Nursery, Infants & Juniors",Blaenau Gwent,Primary,249.0,NP23 5QD,51.79688971537186,-3.196219303973899,True
Willowtown Primary School,"Nursery, Infants & Juniors",Blaenau Gwent,Primary,483.0,NP23 6NJ,51.78132167858283,-3.215153335543208,True
Blaen-y-Cwm Primary School,"Nursery, Infants & Juniors",Blaenau Gwent,Primary,274.0,NP23 4BR,51.79549256722303,-3.173135554554589,True
Ysgol Gymraeg Brohelyg,"Nursery, Infants & Juniors",Blaenau Gwent,Primary,341.0,NP13 3DQ,51.777158586237455,-3.1689873212025095,True
Rhos y Fedwen,"Nursery, Infants & Juniors",Blaenau Gwent,Primary,123.0,NP23 5TA,51.799669335975196,-3.223156931127446,True
Ystruth Primary,"Nursery, Infants & Juniors",Blaenau Gwent,Primary,330.0,NP13 3XG,51.76706344692982,-3.154337788414433,True
St. Illtyd's Primary School,"Nursery, Infants & Juniors",Blaenau Gwent,Primary,178.0,NP13 2JT,51.69957456745724,-3.133566374506856,True
Coed y Garn Primary School,"Nursery, Infants & Juniors",Blaenau Gwent,Primary,166.0,NP13 3AH,51.77663645685424,-3.1635501707066163,True
HEOL GOFFA,Special (with post-16 provision),Carmarthenshire,Special,127.0,SA15 3LS,51.690848693900385,-4.153170750328224,True
ST MARY'S ROMAN CATHOLIC,"Nursery, Infants & Juniors",Blaenau Gwent,Primary,201.0,NP23 4EF,51.79709105476831,-3.172731277825091,True
St. MARY'S CHURCH SCHOOL,"Nursery, Infants & Juniors",Blaenau Gwent,Primary,237.0,NP23 4SF,51.80322700611779,-3.1716300511878077,True
All Saints R.C. Primary School,"Nursery, Infants & Juniors",Blaenau Gwent,Primary,210.0,NP23 6QF,51.77845319995821,-3.222748682294154,True
St. Joseph's R.C. Primary,"Nursery, Infants & Juniors",Blaenau Gwent,Primary,103.0,NP22 3RU,51.78540588406162,-3.2574677130674035,True
Tredegar Comprehensive School,Secondary (ages 11-16),Blaenau Gwent,Secondary,746.0,NP22 4BH,51.7660030081918,-3.2416650711363766,True
Brynmawr Foundation School,Secondary (ages 11-16),Blaenau Gwent,Secondary,569.0,NP23 4XT,51.80571062380722,-3.166811217862948,True
Ebbw Fawr Learning Community,Middle (ages 3-16),Blaenau Gwent,Middle,1406.0,NP23 6GL,51.775989294122084,-3.2031862179032844,True
Abertillery Learning Community,Middle (ages 3-16),Blaenau Gwent,Middle,1608.0,NP13 1HN,51.73498035387477,-3.1322335689685534,True
Llanyrafon Primary School,Infants & Juniors,Torfaen,Primary,380.0,NP44 8HW,51.649082011115176,-3.00824481652985,True
Maendy Junior and Infants,"Nursery, Infants & Juniors",Torfaen,Primary,248.0,NP44 1NH,51.65831660565109,-3.0248293779631017,True
Llantarnam Community Primary School,"Nursery, Infants & Juniors",Torfaen,Primary,371.0,NP44 3XB,51.63504638874353,-3.0075608193918213,True
Pontnewydd Primary & Nursery,"Nursery, Infants & Juniors",Torfaen,Primary,372.0,NP44 1JW,51.66122862084683,-3.0331793862734004,True
Greenmeadow Primary,Infants & Juniors,Torfaen,Primary,190.0,NP44 5YY,51.649983040912524,-3.054099024284788,True
Cwmffrwdoer Primary,"Nursery, Infants & Juniors",Torfaen,Primary,220.0,NP4 6QZ,51.710910239729806,-3.0659940431852606,True
George Street Primary School,"Nursery, Infants & Juniors",Torfaen,Primary,409.0,NP4 6BX,51.705675952015895,-3.0468465810496244,True
Ysgol Gymraeg Cwmbran Primary,"Nursery, Infants & Juniors",Torfaen,Primary,288.0,NP44 4HB,51.64555127337852,-3.0342333290903603,True
Garnteg Primary,"Nursery, Infants & Juniors",Torfaen,Primary,384.0,NP4 7SJ,51.73597511215261,-3.064382661721861,True
YSGOL BRYN ONNEN,Infants & Juniors,Torfaen,Primary,174.0,NP4 7RT,51.74585828809115,-3.064209414488567,True
Woodlands Community Primary School,"Nursery, Infants & Juniors",Torfaen,Primary,326.0,NP44 5UA,51.6622168081376,-3.047486456396085,True
New Inn Primary School,"Nursery, Infants & Juniors",Torfaen,Primary,566.0,NP4 0NG,51.69257785221234,-3.0042160088117447,True
Griffithstown Primary School,"Nursery, Infants & Juniors",Torfaen,Primary,378.0,NP4 5DN,51.68291612250268,-3.0249798310175096,True
Penygarn Community Primary School,"Nursery, Infants & Juniors",Torfaen,Primary,368.0,NP4 8JR,51.70997970172753,-3.0343045353029505,True
Blenheim Road Community Primary School,"Nursery, Infants & Juniors",Torfaen,Primary,273.0,NP44 4SZ,51.647435263845836,-3.040858280977661,True
Coed Eva Primary School,"Nursery, Infants & Juniors",Torfaen,Primary,458.0,NP44 4TG,51.640477757685744,-3.046693420757968,True
Croesyceiliog Primary School,"Nursery, Infants & Juniors",Torfaen,Primary,381.0,NP44 2LL,51.662573442910045,-3.0081632135795062,True
Nant Celyn Primary School,"Nursery, Infants & Juniors",Torfaen,Primary,442.0,NP44 7DJ,51.64236274901349,-3.038920017593654,True
Ysgol Panteg,"Nursery, Infants & Juniors",Torfaen,Primary,409.0,NP4 5HP,51.67978391347401,-3.01928952262683,True
Blaenavon Heritage VC Primary School,"Nursery, Infants & Juniors",Torfaen,Primary,472.0,NP4 9AW,51.77371757264294,-3.07738562337104,True
Cwmbran R.C. Jnr. & Infts.,"Nursery, Infants & Juniors",Torfaen,Primary,209.0,NP44 3JR,51.64880381211046,-3.022735795097763,True
St. Davids Cwmbran R.C. School,"Nursery, Infants & Juniors",Torfaen,Primary,232.0,NP44 1UF,51.66290898484772,-3.019930447795838,True
Henllys Church in Wales,Infants & Juniors,Torfaen,Primary,169.0,NP44 6JA,51.64211465646534,-3.058179759897094,True
Padre Pio RC Primary School,Infants & Juniors,Torfaen,Primary,183.0,NP4 6HL,51.70363223676373,-3.048745786972616,True
PONTHIR CHURCH IN WALES SCHOOL,Infants & Juniors,Torfaen,Primary,101.0,NP18 1GA,51.6318022003701,-2.9782568455920564,True
Croesyceiliog School,Secondary (ages 11-16),Torfaen,Secondary,1185.0,NP44 2YB,51.65539340424623,-3.0062166651059212,True
Abersychan Comprehensive,Secondary (ages 11-16),Torfaen,Secondary,739.0,NP4 7DF,51.72787141837096,-3.0606595217383554,True
West Monmouth School,Secondary (ages 11-16),Torfaen,Secondary,1149.0,NP4 5YG,51.69651670825397,-3.0376726235814084,True
Cwmbran High School,Secondary (ages 11-16),Torfaen,Secondary,1145.0,NP44 4YZ,51.64773248605335,-3.05138736921529,True
St. Albans R.C. High School,Secondary (ages 11-16),Torfaen,Secondary,824.0,NP4 6XG,51.702827115628935,-3.0388734066529826,True
Ysgol Gymraeg Gwynllyw,Middle (ages 3-19),Torfaen,Middle,808.0,NP4 8JD,51.71502856742475,-3.036837054096811,True
Gilwern Primary School,Infants & Juniors,Monmouthshire,Primary,213.0,NP7 0AY,51.82976215657928,-3.0911030332542415,True
Goytre Fawr Primary,Infants & Juniors,Monmouthshire,Primary,182.0,NP4 0AH,51.73503326560175,-2.9825846456632337,True
Undy Primary School,"Nursery, Infants & Juniors",Monmouthshire,Primary,417.0,NP26 3LZ,51.58030142587838,-2.821963698448738,True
ROGIET COUNTY PRIMARY,Infants & Juniors,Monmouthshire,Primary,198.0,NP26 3SD,51.58645952385288,-2.780678856957614,True
Pembroke Primary,"Nursery, Infants & Juniors",Monmouthshire,Primary,262.0,NP16 5JP,51.63132239719184,-2.677459525457518,True
LLANVIHANGEL CRUCORNEY COUNTY PRIMARY SCHOOL,Infants & Juniors,Monmouthshire,Primary,67.0,NP7 8DL,51.8861267687658,-2.9702138094435653,True
Thornwell Primary School,"Nursery, Infants & Juniors",Monmouthshire,Primary,254.0,NP16 5NT,51.62505843164004,-2.6693749813288603,True
Llandogo Primary,Infants & Juniors,Monmouthshire,Primary,64.0,NP25 4TJ,51.73527430656196,-2.6866666021157712,True
Shirenewton Primary School,Infants & Juniors,Monmouthshire,Primary,197.0,NP16 6RN,51.64276452837098,-2.7532625926070637,True
Trellech Junior & Infants,Infants & Juniors,Monmouthshire,Primary,169.0,NP25 4PA,51.74754653027003,-2.7244007947731057,True
The Dell Primary,Infants & Juniors,Monmouthshire,Primary,398.0,NP16 5UQ,51.643309272283076,-2.679249593236532,True
Overmonnow Primary School,"Nursery, Infants & Juniors",Monmouthshire,Primary,337.0,NP25 5BA,51.81033429535239,-2.726796931616041,True
Cross Ash County Primary School,Infants & Juniors,Monmouthshire,Primary,166.0,NP7 8PL,51.8750063388368,-2.8649408056352197,False
Ysgol Gymraeg Y Fenni,"Nursery, Infants & Juniors",Monmouthshire,Primary,271.0,NP7 6HF,51.83479043465028,-3.008955032145888,True
YSGOL GYMRAEG Y FFIN,"Nursery, Infants & Juniors",Monmouthshire,Primary,157.0,NP26 4NQ,51.59582095734896,-2.7577846425413415,True
Cantref Primary,Infants & Juniors,Monmouthshire,Primary,235.0,NP7 7DG,51.82743693541992,-3.0266109383409474,True
KYMIN VIEW PRIMARY SCHOOL,"Nursery, Infants & Juniors",Monmouthshire,Primary,145.0,NP25 3JR,51.80600751230414,-2.6998395348039503,True
Castle Park Primary School,Infants & Juniors,Monmouthshire,Primary,186.0,NP26 4HN,51.59344939586502,-2.7491673049066425,True
Llanfoist Fawr Primary,Infants & Juniors,Monmouthshire,Primary,209.0,NP7 9FD,51.81118443967544,-3.0284605893683056,True
Dewstow,"Nursery, Infants & Juniors",Monmouthshire,Primary,204.0,NP26 4EE,51.59247651974526,-2.759058351915994,True
Llantilio Pertholey CV Primary,Infants & Juniors,Monmouthshire,Primary,203.0,NP7 6LZ,51.840048908982205,-3.009487157256517,True
Usk Primary School,Infants & Juniors,Monmouthshire,Primary,261.0,NP15 1SE,51.70532173375351,-2.8977492228940154,True
Raglan Primary,Infants & Juniors,Monmouthshire,Primary,165.0,NP15 2EN,51.763898218256415,-2.848877730649708,True
Magor V A Primary School,"Nursery, Infants & Juniors",Monmouthshire,Primary,290.0,NP26 3EG,51.58000129608472,-2.8287881193040953,True
Our Lady & St Michael's RC,Infants & Juniors,Monmouthshire,Primary,203.0,NP7 5UD,51.82651710829699,-3.021968387829787,True
ST MARY'S R.C.P.SCHOOL,Infants & Juniors,Monmouthshire,Primary,117.0,NP16 5JE,51.63549843274151,-2.6787860779010217,True
ARCHBISHOP ROWAN WILLIAMS VA,Infants & Juniors,Monmouthshire,Primary,210.0,NP26 5UL,51.59184473711817,-2.7255348805655197,True
Monmouth Comprehensive School,Secondary (ages 11-19),Monmouthshire,Secondary,1696.0,NP25 3YT,51.81496694006249,-2.7093763400180846,True
Caldicot School,Secondary (ages 11-19),Monmouthshire,Secondary,1247.0,NP26 5XA,51.58952048485912,-2.7511341980613717,True
Clytha Primary School,"Nursery, Infants & Juniors",Newport,Primary,238.0,NP20 4JT,51.58487332534842,-3.011340249688717,True
Crindau Primary School,"Nursery, Infants & Juniors",Newport,Primary,367.0,NP20 5ND,51.5992083067308,-2.996354431466794,True
Eveswell Primary School,"Nursery, Infants & Juniors",Newport,Primary,486.0,NP19 8GX,51.58960061502163,-2.973336933746692,True
Maesglas Primary & Nursery,"Nursery, Infants & Juniors",Newport,Primary,294.0,NP20 3DG,51.5669137776673,-3.0106674756901994,True
Maindee Primary,"Nursery, Infants & Juniors",Newport,Primary,542.0,NP19 0AP,51.58725085585838,-2.9866094817992863,True
Malpas Court Primary,"Nursery, Infants & Juniors",Newport,Primary,232.0,NP20 6NS,51.61764177369414,-3.0120397885784773,True
St. Woolos Primary,"Nursery, Infants & Juniors",Newport,Primary,349.0,NP20 4DW,51.58488525745137,-2.9973400337676046,True
Somerton Primary,"Nursery, Infants & Juniors",Newport,Primary,182.0,NP19 9AB,51.5871518456696,-2.9595143938616255,True
Glasllwch Primary School,"Nursery, Infants & Juniors",Newport,Primary,229.0,NP20 3RH,51.58221055954498,-3.028037428999289,True
Malpas Park Jnr & Infts.,Infants & Juniors,Newport,Primary,239.0,NP20 6LE,51.61707978094016,-3.0064788804819162,True
Langstone Primary School,"Nursery, Infants & Juniors",Newport,Primary,346.0,NP18 2JU,51.61259132265753,-2.893154593754197,False
Llanmartin Junior & Infants,"Nursery, Infants & Juniors",Newport,Primary,121.0,NP18 2HB,51.59407693845756,-2.8944370346254145,True
Marshfield Primary School,"Nursery, Infants & Juniors",Newport,Primary,444.0,CF3 2UW,51.54019973354123,-3.076332494952346,True
Mount Pleasant Primary,Infants & Juniors,Newport,Primary,265.0,NP10 0AB,51.59434301542518,-3.0480605467657274,True
Rogerstone Primary,"Nursery, Infants & Juniors",Newport,Primary,477.0,NP10 9YX,51.586514353304935,-3.049727909684004,True
HIGH CROSS PRIMARY SCHOOL,"Nursery, Infants & Juniors",Newport,Primary,257.0,NP10 9AB,51.586596148618675,-3.038514524155358,True
Pentrepoeth Primary,"Nursery, Infants & Juniors",Newport,Primary,456.0,NP10 8JN,51.577563385309425,-3.0602007199662413,True
Pillgwenlly Primary School,"Nursery, Infants & Juniors",Newport,Primary,656.0,NP20 2FT,51.577611826886056,-2.992642457013878,True
Ysgol Gymraeg Casnewydd,"Nursery, Infants & Juniors",Newport,Primary,355.0,NP18 2LN,51.58508634006443,-2.934688563542758,True
Alway Primary School,"Nursery, Infants & Juniors",Newport,Primary,395.0,NP19 9QP,51.58595924985032,-2.952488881573088,True
RINGLAND PRIMARY,"Nursery, Infants & Juniors",Newport,Primary,211.0,NP19 9LU,51.58887120414365,-2.9381439740379838,True
Millbrook Primary,"Nursery, Infants & Juniors",Newport,Primary,265.0,NP20 7DQ,51.611993363547384,-3.01847084277708,True
Monnow Primary,"Nursery, Infants & Juniors",Newport,Primary,387.0,NP20 7SQ,51.60906323751514,-3.032745338615016,True
Glan Usk Primary,"Nursery, Infants & Juniors",Newport,Primary,678.0,NP19 7HF,51.60096377054075,-2.9871901498085336,False
Ysgol Gymraeg Ifor Hael,"Nursery, Infants & Juniors",Newport,Primary,193.0,NP20 7DU,51.611602216263286,-3.0169167952808564,True
Lliswerry Primary School,"Nursery, Infants & Juniors",Newport,Primary,621.0,NP19 4NG,51.57914437150115,-2.9579169676564647,True
St. Julians Primary School,"Nursery, Infants & Juniors",Newport,Primary,700.0,NP19 7UB,51.5997784725362,-2.9647039760731464,True
Ysgol Gymraeg Bro Teyrnon,"Nursery, Infants & Juniors",Newport,Primary,212.0,NP20 5QS,51.60695144253363,-3.0004229005186636,True
Caerleon Lodge Hill Primary,"Nursery, Infants & Juniors",Newport,Primary,317.0,NP18 3BY,51.61652136880228,-2.9693286646413473,True
St Andrews Primary School,"Nursery, Infants & Juniors",Newport,Primary,737.0,NP19 0GR,51.580905992125366,-2.9710893275009047,True
Gaer Primary School,"Nursery, Infants & Juniors",Newport,Primary,477.0,NP20 3GY,51.57662527080473,-3.0165643671670357,True
Tredegar Park Primary,"Nursery, Infants & Juniors",Newport,Primary,455.0,NP10 8WP,51.562656990031606,-3.0179724037616364,True
Jubilee Park Primary School,"Nursery, Infants & Juniors",Newport,Primary,364.0,NP10 9NL,51.58325609092933,-3.057213542298928,True
Milton Primary School,"Nursery, Infants & Juniors",Newport,Primary,469.0,NP19 9HB,51.59601535132997,-2.929300018356872,True
Glan Llyn Primary School,"Nursery, Infants & Juniors",Newport,Primary,459.0,NP19 4EB,51.57761460436118,-2.9359265395488032,True
Ysgol Gymraeg Nant Gwenlli,Nursery & Infants,Newport,Primary,40.0,NP18 3DY,51.6167765956735,-2.9677867643770828,True
Malpas Church in Wales Primary School,"Nursery, Infants & Juniors",Newport,Primary,282.0,NP20 6WJ,51.60982386587854,-3.0019554708661813,True
St. Davids Primary,Infants & Juniors,Newport,Primary,215.0,NP20 3AQ,51.56949941891225,-3.01943971573865,True
St Josephs R.C. Jnr. & Infts,Infants & Juniors,Newport,Primary,206.0,NP19 8FW,51.59237653431742,-2.9790406913465097,True
St Marys Primary School,Infants & Juniors,Newport,Primary,413.0,NP20 5HJ,51.591969529208356,-3.0012115516209987,True
St Michael's RC Primary School,"Nursery, Infants & Juniors",Newport,Primary,250.0,NP20 2LW,51.57394954762099,-2.9933199434046847,True
St Patricks R.C. Primary,"Nursery, Infants & Juniors",Newport,Primary,240.0,NP19 0HR,51.58421615966079,-2.966625854617007,True
St. Gabriel's R.C.,Infants & Juniors,Newport,Primary,211.0,NP19 9PQ,51.592032493491516,-2.938613314940865,True
Charles Williams Church In Wales Primary School,"Nursery, Infants & Juniors",Newport,Primary,515.0,NP18 1AZ,51.61039191404594,-2.9572211260993537,True
St Julian's School,Secondary (ages 11-19),Newport,Secondary,1426.0,NP19 7XU,51.60054692531597,-2.976452778212632,True
The John Frost School,Secondary (ages 11-19),Newport,Secondary,1405.0,NP10 8YD,51.55829346855356,-3.0124381406001013,True
Llanwern High School,Secondary (ages 11-19),Newport,Secondary,1101.0,NP18 2YE,51.58609090089913,-2.9319165318329907,True
Newport High School,Secondary (ages 11-19),Newport,Secondary,1097.0,NP20 7YB,51.60688142167409,-3.0148618250929213,True
Lliswerry High School,Secondary (ages 11-19),Newport,Secondary,1079.0,NP19 4RP,51.57155102152751,-2.95293794951117,True
Bassaleg School,Secondary (ages 11-19),Newport,Secondary,1871.0,NP10 8NF,51.57558344585475,-3.04615292772003,True
Caerleon Comprehensive School,Secondary (ages 11-19),Newport,Secondary,1471.0,NP18 1NF,51.61014626920329,-2.961356755584054,True
Ysgol Gyfun Gwent Is Coed,Secondary (ages 11-19),Newport,Secondary,537.0,NP10 8BX,51.55910221899295,-3.0142034445915287,True
St Joseph's RC High School,Secondary (ages 11-19),Newport,Secondary,1457.0,NP10 8XH,51.55710630051594,-3.0238649871398153,True
MILLBANK PRIMARY SCHOOL,"Nursery, Infants & Juniors",Cardiff,Primary,251.0,CF5 5AL,51.482937078156304,-3.2310517700706844,True
ALBANY PRIMARY SCHOOL,"Nursery, Infants & Juniors",Cardiff,Primary,411.0,CF24 3RR,51.49332888233662,-3.1680516455240553,True
BADEN POWELL PRIMARY SCHOOL,"Nursery, Infants & Juniors",Cardiff,Primary,292.0,CF24 2SJ,51.48493700964693,-3.141827032361122,True
BIRCHGROVE PRIMARY SCHOOL,Infants & Juniors,Cardiff,Primary,369.0,CF14 1RR,51.5108189202552,-3.2009076820285727,True
TRELAI PRIMARY SCHOOL,"Nursery, Infants & Juniors",Cardiff,Primary,329.0,CF5 5DY,51.47680481799324,-3.2335937538167276,True
FAIRWATER PRIMARY SCHOOL,Infants & Juniors,Cardiff,Primary,159.0,CF5 3ED,51.48872576028227,-3.2457262914276845,True
GABALFA PRIMARY,"Nursery, Infants & Juniors",Cardiff,Primary,237.0,CF14 2QQ,51.50040200713342,-3.2162165426576927,True
Kitchener Primary School,"Nursery, Infants & Juniors",Cardiff,Primary,449.0,CF11 6HT,51.47867160031243,-3.20014935783394,True
LANSDOWNE PRIMARY SCHOOL,"Nursery, Infants & Juniors",Cardiff,Primary,315.0,CF5 1JY,51.48162004572757,-3.214210219417341,True
MOORLAND PRIMARY,"Nursery, Infants & Juniors",Cardiff,Primary,400.0,CF24 2LJ,51.47995002642276,-3.1468743880331624,True
Radnor Primary School,Infants & Juniors,Cardiff,Primary,226.0,CF5 1RB,51.48438128964566,-3.2080475313874373,True
RHYDYPENAU PRIMARY SCHOOL,"Nursery, Infants & Juniors",Cardiff,Primary,488.0,CF14 0NX,51.5223675985237,-3.176650226212392,True
ROATH PARK PRIMARY SCHOOL,"Nursery, Infants & Juniors",Cardiff,Primary,451.0,CF24 4BB,51.497651615986996,-3.1700925873634915,True
GREENWAY PRIMARY SCHOOL,"Nursery, Infants & Juniors",Cardiff,Primary,245.0,CF3 3JG,51.50931234585553,-3.1224357568702223,True
STACEY PRIMARY SCHOOL,"Nursery, Infants & Juniors",Cardiff,Primary,204.0,CF24 1DW,51.49048851709754,-3.1543242164153797,True
TON-YR-YWEN PRIMARY SCHOOL,"Nursery, Infants & Juniors",Cardiff,Primary,454.0,CF14 4HG,51.52018948938581,-3.1911081844264606,True
PETER LEA PRIMARY SCHOOL,"Nursery, Infants & Juniors",Cardiff,Primary,303.0,CF5 3NP,51.49700444727955,-3.242609846505272,True
BRYN HAFOD PRIMARY SCHOOL,"Nursery, Infants & Juniors",Cardiff,Primary,367.0,CF3 4HF,51.51725660353831,-3.1294624740400976,True
Pen-Y-Bryn Primary School,"Nursery, Infants & Juniors",Cardiff,Primary,246.0,CF3 5TP,51.523480064783435,-3.1161968770229924,True
COED GLAS C P SCHOOL,"Nursery, Infants & Juniors",Cardiff,Primary,474.0,CF14 5DW,51.5277644195114,-3.1854099120683914,True
LAKESIDE PRIMARY SCHOOL,"Nursery, Infants & Juniors",Cardiff,Primary,473.0,CF23 6HB,51.512549337874184,-3.16847124381919,True
PENTREBANE PRIMARY SCHOOL,"Nursery, Infants & Juniors",Cardiff,Primary,199.0,CF5 3SG,51.49410063828621,-3.2535363324893853,True
MOUNT STUART PRIMARY SCHOOL,"Nursery, Infants & Juniors",Cardiff,Primary,439.0,CF10 5BS,51.46347805979516,-3.169621196616066,True
LLANISHEN FACH PRIMARY SCHOOL,"Nursery, Infants & Juniors",Cardiff,Primary,527.0,CF14 6SS,51.53126378826912,-3.20904334412143,True
RHIWBEINA PRIMARY SCHOOL,"Nursery, Infants & Juniors",Cardiff,Primary,687.0,CF14 6HL,51.52468305223746,-3.2158745243847737,True
LLANEDEYRN PRIMARY SCHOOL,"Nursery, Infants & Juniors",Cardiff,Primary,229.0,CF23 9JN,51.508333528709294,-3.1510576216771162,True
SPRINGWOOD PRIMARY SCHOOL,"Nursery, Infants & Juniors",Cardiff,Primary,300.0,CF23 9LS,51.51480544670543,-3.157677133717656,True
NINIAN PARK PRIMARY SCHOOL,"Nursery, Infants & Juniors",Cardiff,Primary,566.0,CF11 8TF,51.46954372029294,-3.194971515241832,True
CORYTON PRIMARY,"Nursery, Infants & Juniors",Cardiff,Primary,172.0,CF14 7DS,51.52232540712372,-3.2366831007901538,True
BRYN CELYN PRIMARY SCHOOL,"Nursery, Infants & Juniors",Cardiff,Primary,188.0,CF23 7EH,51.524685401662126,-3.141718383462784,True
Y G G Gwaelod y Garth,"Nursery, Infants & Juniors",Cardiff,Primary,237.0,CF15 9HJ,51.543796393229194,-3.273807446401464,True
RADYR PRIMARY SCHOOL,"Nursery, Infants & Juniors",Cardiff,Primary,449.0,CF15 8DF,51.51897093875843,-3.257865666885879,True
Tongwynlais Primary School,"Nursery, Infants & Juniors",Cardiff,Primary,189.0,CF15 7LF,51.530456301879106,-3.249200765718258,True
LLYSFAEN PRIMARY SCHOOL,Infants & Juniors,Cardiff,Primary,467.0,CF14 0TB,51.542182852966405,-3.1742340754587195,True
BRYN DERI PRIMARY,"Nursery, Infants & Juniors",Cardiff,Primary,226.0,CF15 8RD,51.52205585541154,-3.26198657568191,True
OAKFIELD PRIMARY SCHOOL,"Nursery, Infants & Juniors",Cardiff,Primary,458.0,CF3 0AA,51.52425997127212,-3.1079132462253707,True
YSGOL GYMRAEG MELIN GRUFFYDD,"Nursery, Infants & Juniors",Cardiff,Primary,456.0,CF14 1AP,51.514032594077044,-3.2171328701892197,True
Ysgol Y Wern,"Nursery, Infants & Juniors",Cardiff,Primary,673.0,CF14 5BL,51.532062265705775,-3.1982925619105886,True
YSGOL GYMRAEG COED Y GOF,Infants & Juniors,Cardiff,Primary,188.0,CF5 3SG,51.4941806743736,-3.254460454402549,True
YSGOL BRO EIRWG,"Nursery, Infants & Juniors",Cardiff,Primary,367.0,CF3 4AB,51.51191793362693,-3.136650962015219,True
YSGOL TREGANNA,Infants & Juniors,Cardiff,Primary,659.0,CF11 8DG,51.47941540826146,-3.2167333602173227,True
WILLOWBROOK PRIMARY SCHOOL,"Nursery, Infants & Juniors",Cardiff,Primary,422.0,CF3 0ST,51.52208054721168,-3.0900449881732124,True
PENTYRCH PRIMARY,Infants & Juniors,Cardiff,Primary,177.0,CF15 9QL,51.528610452944065,-3.300716212310781,True
THORNHILL PRIMARY SCHOOL,"Nursery, Infants & Juniors",Cardiff,Primary,434.0,CF14 9LA,51.5413872447457,-3.191604005370118,True
YSGOL PENCAE,Infants & Juniors,Cardiff,Primary,207.0,CF5 2QA,51.499420761690814,-3.2283408884558265,True
Meadowlane Primary School,"Nursery, Infants & Juniors",Cardiff,Primary,319.0,CF3 0JZ,51.51778581949338,-3.098359246672899,True
CREIGIAU PRIMARY SCHOOL,"Nursery, Infants & Juniors",Cardiff,Primary,364.0,CF15 9NN,51.52501558843525,-3.3294147218633428,True
YSGOL GYMRAEG PWLL COCH,"Nursery, Infants & Juniors",Cardiff,Primary,315.0,CF11 8BR,51.4750744180595,-3.2110312945621713,True
Ysgol Y Berllan Deg,"Nursery, Infants & Juniors",Cardiff,Primary,396.0,CF23 9LD,51.50889734386898,-3.1485789712493704,True
GLAN YR AFON PRIMARY SCHOOL,"Nursery, Infants & Juniors",Cardiff,Primary,133.0,CF3 5NJ,51.52665467137551,-3.130228426923201,True
Grangetown Primary School,Infants & Juniors,Cardiff,Primary,375.0,CF11 7XS,51.46585909565283,-3.183243194927424,True
Herbert Thompson Primary,"Nursery, Infants & Juniors",Cardiff,Primary,463.0,CF5 4XD,51.48441965493324,-3.2413891298719184,True
Ysgol Glan Morfa,"Nursery, Infants & Juniors",Cardiff,Primary,255.0,CF24 2LZ,51.4779393576317,-3.1549064369186692,True
Ysgol Pen Y Pil,Infants & Juniors,Cardiff,Primary,175.0,CF3 1RQ,51.516975553213896,-3.108975888165742,True
Ysgol Gymraeg Nant Caerau,"Nursery, Infants & Juniors",Cardiff,Primary,231.0,CF5 5QZ,51.47155215163655,-3.2532204218963954,True
Rumney Primary,"Nursery, Infants & Juniors",Cardiff,Primary,457.0,CF3 3HD,51.506379900653215,-3.1281730160449492,True
Windsor Clive Primary,"Nursery, Infants & Juniors",Cardiff,Primary,469.0,CF5 4HX,51.4785587772558,-3.2530958402655723,True
Severn Primary,"Nursery, Infants & Juniors",Cardiff,Primary,439.0,CF11 9DZ,51.48218042893225,-3.199842286011375,True
Hawthorn Primary,"Nursery, Infants & Juniors",Cardiff,Primary,209.0,CF14 2FL,51.506327723375485,-3.2268209358348696,True
Danescourt Primary,"Nursery, Infants & Juniors",Cardiff,Primary,433.0,CF5 2SN,51.5032129004437,-3.238830981582944,True
Hywel Dda Primary School,"Nursery, Infants & Juniors",Cardiff,Primary,417.0,CF5 4PD,51.47249635844942,-3.2599270956926834,True
Ysgol Gynradd Gymraeg Pen-Y-Groes,"Nursery, Infants & Juniors",Cardiff,Primary,104.0,CF23 7EH,51.52454982457247,-3.14144846680799,True
Trowbridge Primary,"Nursery, Infants & Juniors",Cardiff,Primary,188.0,CF3 1SX,51.51427004624278,-3.10886693460761,True
Ysgol Glan Ceubal,"Nursery, Infants & Juniors",Cardiff,Primary,207.0,CF14 2QQ,51.50046727990275,-3.2164947515379776,True
Marlborough Primary,"Nursery, Infants & Juniors",Cardiff,Primary,492.0,CF23 5BS,51.49508530181339,-3.160504973453157,True
Pencaerau Primary,"Nursery, Infants & Juniors",Cardiff,Primary,232.0,CF5 5QN,51.47203531845571,-3.256804397580166,True
Glyncoed Primary,"Nursery, Infants & Juniors",Cardiff,Primary,285.0,CF23 7DW,51.52462016620804,-3.1535584668746157,True
Whitchurch Primary,"Nursery, Infants & Juniors",Cardiff,Primary,677.0,CF14 1NL,51.50949625556492,-3.2210178961505522,True
Pontprennau,"Nursery, Infants & Juniors",Cardiff,Primary,483.0,CF23 8LL,51.53670871326117,-3.1412480384542674,True
Howardian Primary School,"Nursery, Infants & Juniors",Cardiff,Primary,452.0,CF23 9NB,51.49983672849044,-3.149951572984574,True
Ysgol Gynradd Gymraeg Hamadryad,"Nursery, Infants & Juniors",Cardiff,Primary,364.0,CF10 5UY,51.4694335991973,-3.1939183600325833,True
ST ALBAN'S RC PRIMARY SCHOOL,Infants & Juniors,Cardiff,Primary,169.0,CF24 2TG,51.48702072447898,-3.1393010110612467,True
ST CUTHBERT'S RC PRIMARY,Infants & Juniors,Cardiff,Primary,122.0,CF10 4AB,51.47242160645756,-3.167258298765403,True
St. Joseph's RC School,Infants & Juniors,Cardiff,Primary,224.0,CF14 3BL,51.50187710485865,-3.1951256939854926,True
ST. MARY'S R.C. PRIMARY SCHOOL,"Nursery, Infants & Juniors",Cardiff,Primary,206.0,CF11 9EF,51.48352328067454,-3.1987789790446777,True
ST PATRICK'S R C SCHOOL,Infants & Juniors,Cardiff,Primary,302.0,CF11 6NA,51.470046697813174,-3.1888369635379257,True
ST. PETER'S PRIMARY SCHOOL,"Nursery, Infants & Juniors",Cardiff,Primary,441.0,CF24 3SP,51.4871623078796,-3.1615279963677128,True
St Cadoc's Catholic Primary,"Nursery, Infants & Juniors",Cardiff,Primary,332.0,CF3 5NX,51.52663789021851,-3.126364740917869,True
ST.PAUL'S C/W PRIMARY SCHOOL,Infants & Juniors,Cardiff,Primary,225.0,CF11 7EU,51.464694879130064,-3.185444411577753,True
TREDEGARVILLE C/W PRIMARY,"Nursery, Infants & Juniors",Cardiff,Primary,237.0,CF24 0JT,51.484242208416276,-3.164924628873342,True
LLANDAFF CITY PRIMARY SCHOOL,Infants & Juniors,Cardiff,Primary,402.0,CF5 2HT,51.49317865336326,-3.221618905139588,True
CHRIST THE KING PRIMARY SCHOOL,Infants & Juniors,Cardiff,Primary,236.0,CF14 5AS,51.533059182774124,-3.182880280933854,True
St John Lloyd,"Nursery, Infants & Juniors",Cardiff,Primary,337.0,CF3 1TA,51.51420438566755,-3.107251280975467,True
HOLY FAMILY R.C. PRIMARY,Infants & Juniors,Cardiff,Primary,156.0,CF5 3SN,51.493810972610575,-3.256236520602636,True
ST MARY THE VIRGIN C/W PRIMARY SCHOOL,"Nursery, Infants & Juniors",Cardiff,Primary,211.0,CF10 5HB,51.47390006365492,-3.173185072131458,True
ALL SAINTS C/W PRIMARY,Infants & Juniors,Cardiff,Primary,138.0,CF23 9LF,51.50901393366357,-3.155930825854464,True
ST FAGANS CHURCH IN WALES,"Nursery, Infants & Juniors",Cardiff,Primary,201.0,CF5 4SZ,51.473194685948144,-3.272223791539735,True
ST BERNADETTES PRIMARY SCHOOL,"Nursery, Infants & Juniors",Cardiff,Primary,244.0,CF23 7JB,51.52734617370368,-3.1433059254660582,True
ST DAVID'S C/W PRIMARY SCHOOL,"Nursery, Infants & Juniors",Cardiff,Primary,217.0,CF23 7ED,51.52204899390198,-3.14617128963552,True
BISHOP CHILDS C/W PRIMARY,Infants & Juniors,Cardiff,Primary,201.0,CF3 0AY,51.52714058936912,-3.101842255463292,True
ST PHILIP EVANS PRIMARY SCHOOL,"Nursery, Infants & Juniors",Cardiff,Primary,370.0,CF23 9NX,51.51728490765919,-3.149683557078728,True
St. Francis R. C. Primary Sch.,"Nursery, Infants & Juniors",Cardiff,Primary,332.0,CF5 4JL,51.47783314763343,-3.2544725996549877,True
CARDIFF HIGH SCHOOL,Secondary (ages 11-19),Cardiff,Secondary,1794.0,CF23 6WG,51.517811279760515,-3.1746015085217847,True
Willows High School,Secondary (ages 11-16),Cardiff,Secondary,809.0,CF24 2YE,51.484261078334804,-3.137359979361834,True
Fitzalan High School,Secondary (ages 11-19),Cardiff,Secondary,1833.0,CF11 8XB,51.47623792732366,-3.2120801522298454,True
Cantonian High School,Secondary (ages 11-19),Cardiff,Secondary,947.0,CF5 3JR,51.491640662640734,-3.23367736262604,True
Llanishen High School,Secondary (ages 11-19),Cardiff,Secondary,1715.0,CF14 5YL,51.53204953429549,-3.1875828683347227,True
Cathays High School,Secondary (ages 11-19),Cardiff,Secondary,1247.0,CF14 3XG,51.498690673418615,-3.191916127372756,True
Radyr Comprehensive School,Secondary (ages 11-19),Cardiff,Secondary,1426.0,CF15 8XG,51.509032164877276,-3.2471735977280494,True
Ysgol Gyfun Gymraeg Glantaf,Secondary (ages 11-19),Cardiff,Secondary,1498.0,CF14 2JL,51.501096368899454,-3.2263257138664554,True
Ysgol Gyfun Gymraeg Plasmawr,Secondary (ages 11-19),Cardiff,Secondary,1181.0,CF5 3PZ,51.4969563281201,-3.246296462391309,True
Ysgol Gyfun Gymraeg Bro Edern,Secondary (ages 11-19),Cardiff,Secondary,935.0,CF23 9DT,51.50474329581002,-3.155880363875758,True
Cardiff West Community High School,Secondary (ages 11-19),Cardiff,Secondary,1061.0,CF5 5XP,51.4748114109024,-3.2324289427381565,True
Eastern High,Secondary (ages 11-16),Cardiff,Secondary,1185.0,CF3 1XZ,51.51333728936301,-3.110381642216364,True
St. Illtyd's Catholic High School,Secondary (ages 11-16),Cardiff,Secondary,990.0,CF3 1XQ,51.51763164686768,-3.114699107971809,True
Mary Immaculate High School,Secondary (ages 11-16),Cardiff,Secondary,871.0,CF5 5QZ,51.46378116072762,-3.2584345910207895,True
Bishop of Llandaff Church in Wales High School,Secondary (ages 11-19),Cardiff,Secondary,1263.0,CF5 2NR,51.49623382156437,-3.231266278044985,True
St Teilo's C-in-W High School,Secondary (ages 11-19),Cardiff,Secondary,1375.0,CF23 9PD,51.51223323000836,-3.1456559592383124,True
CORPUS CHRISTI CATHOLIC HIGH SCHOOL,Secondary (ages 11-16),Cardiff,Secondary,1132.0,CF23 6XL,51.53361940701373,-3.1610091270558303,True
Whitchurch High School,Secondary (ages 11-19),Cardiff,Secondary,2459.0,CF14 2XJ,51.51341169153506,-3.223226631637287,True
Ysgol Minafon,"Nursery, Infants & Juniors",Conwy,Primary,105.0,LL28 5AU,53.29080332293426,-3.760345441714047,True
Ysgol Cae’r Gwenyn,Special (without post-16 provision),Wrexham,Special,,LL13 8TH,53.04438246199439,-2.9723439868374255,True
Ysgol Calon Lan,Special (with post-16 provision),Swansea,Special,230.0,SA6 7PA,51.66026941468991,-3.9411426414390354,True
Hendre Primary School,"Nursery, Infants & Juniors",Caerphilly,Primary,291.0,CF83 2RP,51.58025082061173,-3.2409541131304334,True
Hendre Primary School,"Nursery, Infants & Juniors",Caerphilly,Primary,291.0,CF83 2RP,51.58073244436806,-3.2396250193844205,True
Fairoak Primary School,"Nursery, Infants & Juniors",Cardiff,Primary,409.0,CF14 3JL,51.49721761653032,-3.1829039257945344,True
King Henry VIII 319,Middle (ages 3-19),Monmouthshire,Middle,1310.0,NP7 6EP,51.831212905899044,-3.0208752655394178,True
THE COURT SCHOOL,Special (without post-16 provision),Cardiff,Special,42.0,CF14 5UX,51.53154981969369,-3.1827546485818776,True
Park Community Primary School Llay,"Nursery, Infants & Juniors",Wrexham,Primary,337.0,LL12 0TR,53.09641550005346,-2.997227651450571,True
YSGOL GYMRAEG Y TRALLWNG,"Nursery, Infants & Juniors",Powys,Primary,114.0,SY21 7AT,52.6554075472803,-3.1429755724969337,True
RHYDAMAN,"Nursery, Infants & Juniors",Carmarthenshire,Primary,288.0,SA18 2NS,51.79392047496395,-3.986260891214406,True
HAY-ON-WYE C.P. SCHOOL,"Nursery, Infants & Juniors",Powys,Primary,185.0,HR3 5BT,52.07198586572851,-3.126076948581779,True
YGG Rhosafan,"Nursery, Infants & Juniors",Neath Port Talbot,Primary,388.0,SA12 7NN,51.599092679427876,-3.820488102706452,True
YSGOL MYNYDD BYCHAN,"Nursery, Infants & Juniors",Cardiff,Primary,258.0,CF14 3QE,51.50205551783994,-3.185579618706096,True
Durand Primary School,"Nursery, Infants & Juniors",Monmouthshire,Primary,229.0,NP26 5DF,51.58648799629566,-2.7511004706524513,True
Osbaston Church in Wales School,Infants & Juniors,Monmouthshire,Primary,197.0,NP25 3AX,51.82074853120733,-2.7190146153589962,True
YSGOL Y MYNYDD DU ,"Nursery, Infants & Juniors",Powys,Primary,91.0,LD3 0DQ,52.001437472685545,-3.2324741591956356,True
Ysgol Dyffryn Nantlle,Secondary (ages 11-19),Gwynedd,Secondary,397.0,LL54 6AA,53.053678368652676,-4.278762911293659,True
Chepstow Comprehensive School,Secondary (ages 11-19),Monmouthshire,Secondary,860.0,NP16 5LR,51.64710304118688,-2.6839205633924674,True
Ysgol Llandrillo yn Rhos,"Nursery, Infants & Juniors",Conwy,Primary,427.0,LL28 4LX,53.16719347733876,-3.0821167465025603,True
ARCHDEACON GRIFFITHS C.I.W. PRIMARY SCHOOL,"Nursery, Infants & Juniors",Powys,Primary,135.0,LD3 0YB,52.0379775138129,-3.2723110423142963,True
Ysgol Penyffordd,"Nursery, Infants & Juniors",Flintshire,Primary,345.0,CH4 0LQ,53.14287242423345,-3.0468920657117073,True
Argoed School,Secondary (ages 11-16),Flintshire,Secondary,599.0,CH7 6RY,53.173824697733075,-3.1020020469899974,True
ST MONICAS C/W PRIMARY SCHOOL,Infants & Juniors,Cardiff,Primary,151.0,CF14 3BR,51.501319578285226,-3.1888875855931964,True
ST. MELLONS CHURCH IN WALES PRIMARY,Infants & Juniors,Cardiff,Primary,229.0,CF3 5TP,51.53470332463532,-3.121135862874199,True
ADAMSDOWN PRIMARY,"Nursery, Infants & Juniors",Cardiff,Primary,373.0,CF24 0JF,51.483308373084675,-3.1592795994975136,True
GLYNCOED PRIMARY,"Nursery, Infants & Juniors",Blaenau Gwent,Primary,372.0,NP23 5UL,51.791966452440526,-3.211139718526584,True
Edwardsville Primary School,Infants & Juniors,Merthyr Tydfil,Primary,335.0,CF46 5NE,51.66320524876079,-3.320900458637085,True
CWMBACH CHURCH IN WALES,"Nursery, Infants & Juniors",Rhondda Cynon Taf,Primary,120.0,CF44 0AT,51.703165934147485,-3.411589756707981,True
GLYNCOED PRIMARY,"Nursery, Infants & Juniors",Blaenau Gwent,Primary,372.0,NP23 5UL,51.793769396454856,-3.2124507190014495,True
Y.G.G. Llyn-y-Forwyn,"Nursery, Infants & Juniors",Rhondda Cynon Taf,Primary,170.0,CF43 4AB,51.65854744368591,-3.449786633568979,True
SOUTH POINT PRIMARY SCHOOL,Infants & Juniors,The Vale of Glamorgan,Primary,117.0,CF62 3FD,51.3884404277426,-3.3414803021032395,True
Brynmenyn Primary,"Nursery, Infants & Juniors",Bridgend,Primary,411.0,CF32 9LA,51.55175710865675,-3.5817970092797515,True
