code,local_authority,error,wkt_length,wkt_sample
W01000989,Bridgend,ParseException: Expected word but encountered end of stream,32767,"DATA TRUNCATED MULTIPOLYGON (((287365.175 181421.72, 287365.186 181421.756, 287367.5 181429.597, 287367.65 181430.543, 287368.594 181436.5, 287369.094 181443.5, 287369.061 181444.169, 287368.5 181455.5, 287368.585 181506.31, 287368.588 181508.04, 287368.588 181508.194, 287368.594 181511.499, 287369 "
W01001649,Newport,ParseException: Expected word but encountered end of stream,32767,"DATA TRUNCATED MULTIPOLYGON (((337905.446 188691.719, 337905.406 188695.891, 337907.312 188716.203, 337899.812 188748.595, 337899.326 188749.105, 337898.187 188750.297, 337862.687 188766.703, 337852 188770.297, 337850.688 188771.506, 337850.643 188771.828, 337850.453 188771.747, 337829.995 188763.06"
W01000159,Conwy,ParseException: Expected word but encountered end of stream,32767,"DATA TRUNCATED MULTIPOLYGON (((290679.425 364713.328, 290681.406 364715.187, 290681.788 364715.447, 290682.783 364716.125, 290685.84 364718.208, 290686.406 364718.594, 290687.261 364718.969, 290692.812 364721.406, 290698.012 364722.59, 290699.811 364723, 290701.325 364723.125, 290703.594 364723.312,"
W01000006,Isle of Anglesey,ParseException: Expected number but encountered end of stream,32767,"DATA TRUNCATED MULTIPOLYGON (((240218.821 376899.873, 240221.5 376897.906, 240238.406 376881.812, 240246 376876.5, 240253.594 376871.187, 240269.391 376862, 240279.5 376852.187, 240294.891 376846.594, 240323 376828.094, 240326.639 376824.612, 240337.406 376814.312, 240357.132 376797.09, 240364 37679"
W01000007,Isle of Anglesey,ParseException: Expected word but encountered end of stream,32767,"DATA TRUNCATED MULTIPOLYGON (((241641.432 373167.409, 241636.302 373160.21, 241632.053 373155.605, 241614.159 373136.2, 241611.297 373133.094, 241607.131 373129.545, 241595.703 373119.812, 241583.44 373110.798, 241575.55 373104.998, 241575 373104.594, 241570.973 373101.3, 241555.594 373088.719, 2415"
W01000086,Gwynedd,ParseException: Expected word but encountered end of stream,32767,"DATA TRUNCATED MULTIPOLYGON (((239939.339 349022.535, 239907.8 349005.9, 239859.5 348974.9, 239836.7 348962.6, 239815.8 348949, 239793.7 348932, 239762.199 348901.8, 239718.6 348857.7, 239700.3 348834, 239662.2 348771.8, 239623.7 348692, 239590 348630.8, 239570.8 348591.6, 239553.3 348565.3, 239536."
W01000004,Isle of Anglesey,ParseException: Expected number but encountered end of stream,32767,"DATA TRUNCATED MULTIPOLYGON (((243343.0639995466 392766.4570004628, 243347.6049992663 392767.09599964955, 243358.9060002169 392768.68700025784, 243362.90599947877 392770.4999987736, 243371.40499900506 392772.5000011582, 243385.5939994778 392773.59399995126, 243390.48199863092 392774.92200003663, 243"
W01000085,Gwynedd,ParseException: Expected number but encountered end of stream,32767,"DATA TRUNCATED MULTIPOLYGON (((258337.674 309618.756, 258333.40000000002 309613, 258328.8 309606.1, 258320.69900000002 309591.7, 258310 309558, 258304.09999999998 309522.9, 258302.962 309517.278, 258295.59999999998 309480.9, 258285.8 309454, 258281.8 309447, 258270.799 309433.101, 258241.59999999998"
W01000084,Gwynedd,ParseException: Expected number but encountered end of stream,32767,"DATA TRUNCATED MULTIPOLYGON (((230618.832 332350.149, 230614.886 332362.812, 230595.906 332423.719, 230597.398 332437.814, 230586.275 332441.237, 230584.406 332441.812, 230586.203 332506.187, 230592.553 332502.891, 230605.405 332496.219, 230616.111 332493.79, 230618.667 332493.21, 230619.594 332493,"
W01000083,Gwynedd,ParseException: Expected word but encountered end of stream,32767,"DATA TRUNCATED MULTIPOLYGON (((292243 335071.281, 292242.941 335071.337, 292178.875 335131.725, 292175.5 335134.906, 292164.528 335145.118, 291989 335308.5, 291939.786 335355.068, 291880.727 335410.951, 291878.273 335413.273, 291871.595 335419.594, 291860.948 335427.132, 291847.719 335436.5, 291836."
W01000082,Gwynedd,ParseException: Expected word but encountered end of stream,32767,"DATA TRUNCATED MULTIPOLYGON (((294324.711 336716.949, 294326.187 336720.5, 294328.044 336723.414, 294329.312 336725.406, 294330.598 336726.806, 294335.281 336731.906, 294404.5 336746, 294509.593 336774.187, 294533.105 336778.073, 294535.693 336778.501, 294575 336781, 294581.596 336780.499, 294603.18"
W01000081,Gwynedd,ParseException: Expected word but encountered end of stream,32767,"DATA TRUNCATED MULTIPOLYGON (((257584.43699999998 355306.783, 257622.08299999998 355304.79, 257631.109 355304.312, 257665.70299999998 355297.406, 257718 355230, 257739.227 355238.212, 257869.20299999998 355288.5, 257909.29700000002 355282.312, 257931 355313.812, 258084.92099999997 355359.982, 258227"
W01000001,Isle of Anglesey,ParseException: Expected number but encountered end of stream,32767,"DATA TRUNCATED MULTIPOLYGON (((232759.296 371827.405, 232759.3 371827.4, 232776.5 371797.6, 232802.8 371759.4, 232819.2 371721, 232823.2 371704.1, 232827.5 371701, 232851.6 371686.9, 232855.9 371683.7, 232863.5 371676.7, 232869.3 371670.2, 232873.1 371664.6, 232907 371605.4, 232909.1 371599.4, 23291"
W01000080,Gwynedd,ParseException: Expected number but encountered end of stream,32767,"DATA TRUNCATED MULTIPOLYGON (((230264.334 327896.212, 230268.994 327882.953, 230270 327880.093, 230278.864 327882.599, 230299.096 327888.307, 230304.297 327873.281, 230305.094 327867, 230301.094 327850.312, 230300.204 327839.177, 230300.737 327834.8, 230300.797 327834.312, 230264.543 327809.076, 230"
W01000089,Gwynedd,ParseException: Expected word but encountered end of stream,32767,"DATA TRUNCATED MULTIPOLYGON (((241687.023 338743.596, 241691.204 338713, 241692.649 338704.123, 241693.215 338700.649, 241703.094 338640, 241705.391 338628.094, 241708.602 338616.467, 241711.406 338606.311, 241717.703 338591.812, 241720.854 338586.25, 241738.094 338555.812, 241762.5 338528.687, 2417"
W01000009,Isle of Anglesey,ParseException: Expected word but encountered end of stream,32767,"DATA TRUNCATED MULTIPOLYGON (((234196.104 377594.402, 234166.698 377563.676, 234156.781 377553.313, 234155.703 377552.187, 234147.153 377540.234, 234146.203 377538.905, 234143.569 377524.806, 234142 377516.406, 234152.798 377505.806, 234155.594 377489.719, 234149.941 377478.05, 234145.406 377468.687"
W01000088,Gwynedd,ParseException: Expected word but encountered end of stream,32767,"DATA TRUNCATED MULTIPOLYGON (((248431.557 356977.1, 248438.703 356975.781, 248447.797 356973.187, 248452.097 356972.501, 248456.594 356972.312, 248470.891 356977, 248472.415 356977.78, 248479.5 356981.406, 248487.158 356987.439, 248491.797 356991.094, 248522.5 356943.095, 248527.203 356938.281, 2485"
W01000367,Wrexham,ParseException: Expected number but encountered end of stream,32767,"DATA TRUNCATED MULTIPOLYGON (((331348.459 349005.078, 331359 349009, 331375 349013, 331378.36 349013.7, 331380.998 349014.25, 331392.936 349016.737, 331399 349018, 331405.273 349018.784, 331405.311 349018.789, 331407 349019, 331411.938 349019.871, 331420.425 349021.369, 331424 349022, 331427.034 349"
W01000365,Wrexham,ParseException: Expected number but encountered end of stream,32767,"DATA TRUNCATED MULTIPOLYGON (((333158.361 349403.512, 333157.139 349399.371, 333155.406 349393.5, 333154.281 349389.811, 333151.406 349379.687, 333148.425 349370.716, 333148.094 349369.719, 333147.547 349368.255, 333145.094 349361.687, 333140.905 349351.906, 333137.475 349345.171, 333137.148 349344."
W01000361,Wrexham,ParseException: Expected number but encountered end of stream,32767,"DATA TRUNCATED MULTIPOLYGON (((329018.568 338349.021, 329018.014 338348.943, 329017.094 338348.812, 329014.406 338356.187, 329013.5 338370.687, 329010.687 338395.719, 329008.848 338431.578, 329007.465 338458.509, 329007.452 338458.786, 329006.683 338473.784, 329006.292 338481.417, 329006.011 338486."
W01000258,Flintshire,ParseException: Expected word but encountered end of stream,32767,"DATA TRUNCATED MULTIPOLYGON (((318988.906 372621.595, 318988.964 372621.508, 319006.906 372594.781, 319038.406 372551.312, 319049.094 372537.312, 319061.906 372519.656, 319069.187 372509.094, 319076 372498.812, 319082.281 372488.395, 319082.403 372488.195, 319086.5 372480.687, 319086.866 372479.968,"
W01000259,Flintshire,ParseException: Expected number but encountered end of stream,32767,"DATA TRUNCATED MULTIPOLYGON (((328286.691 363923.233, 328284.007 363923.751, 328262.462 363927.894, 328261.773 363928.027, 328261.028 363928.169, 328257.303 363928.886, 328253.546 363929.609, 328249.867 363930.316, 328246.592 363930.946, 328245.158 363931.221, 328242.99 363931.638, 328234.342 363933"
W01000586,Pembrokeshire,ParseException: Expected word but encountered end of stream,32767,"DATA TRUNCATED MULTIPOLYGON (((194229.049 214259.901, 194228.919 214259.812, 194228.297 214259.391, 194225.391 214257.094, 194222.413 214254.789, 194221.663 214254.194, 194220.924 214253.573, 194219.406 214252.297, 194219.09 214251.99, 194217.987 214250.919, 194217.29 214250.257, 194216.57 214249.62"
W01000507,Ceredigion,ParseException: Expected word but encountered end of stream,32767,"DATA TRUNCATED MULTIPOLYGON (((225914 250852, 225919 250859, 225921 250865, 225923.1 250872.2, 225928 250889.001, 225934.716 250903.653, 225939 250913, 225943.001 250924, 225943.888 250932.001, 225947.037 250929.795, 225971.613 250912.58, 225988.48 250900.764, 225999.314 250947.349, 225999.097 25094"
W01000585,Pembrokeshire,ParseException: Expected number but encountered end of stream,32767,"DATA TRUNCATED MULTIPOLYGON (((202038.606 212219.241, 202036 212217.3, 202017 212193.1, 202003.1 212184.199, 201985.3 212170, 201966.7 212152.4, 201959 212143.1, 201934.9 212129.3, 201934.1 212126.9, 201929.9 212107.8, 201928.1 212090.7, 201924 212070, 201923.6 212054.4, 201925.1 212045.7, 201932.6 "
W01000584,Pembrokeshire,ParseException: Expected number but encountered end of stream,32767,"DATA TRUNCATED MULTIPOLYGON (((207223.317 196773.71, 207224.366 196773.037, 207224.499 196772.951, 207224.592 196772.975, 207232 196774.906, 207232.407 196773.218, 207234.3 196765.4, 207234.27 196765.305, 207232.704 196760.391, 207233.5 196749.202, 207229.8 196740.5, 207229.509 196737.062, 207229.47"
W01000505,Powys,ParseException: Expected number but encountered end of stream,32767,"DATA TRUNCATED MULTIPOLYGON (((278441.589 210564.187, 278442.812 210563.094, 278449.261 210557.779, 278466.096 210543.903, 278520.687 210499.906, 278556.506 210470.261, 278556.688 210470.11, 278596.812 210443.297, 278602.904 210437.004, 278607.499 210432.257, 278607.846 210431.897, 278609.094 210430"
W01000583,Pembrokeshire,ParseException: Expected number but encountered end of stream,32767,"DATA TRUNCATED MULTIPOLYGON (((209898.596 221026.703, 209900.033 221015.51, 209900.703 221010.297, 209900 220976.5, 209899.297 220967.891, 209895.8 220945.797, 209895.406 220943.312, 209890.796 220932.5, 209890.541 220931.946, 209885.906 220921.906, 209880.906 220916.703, 209880.842 220916.644, 2098"
W01000582,Pembrokeshire,ParseException: Expected number but encountered end of stream,32767,"DATA TRUNCATED MULTIPOLYGON (((213031.77 232455.695, 212979.703 232426.094, 212979.203 232425.934, 212972.203 232423.703, 212729.906 232365.5, 212492.297 232344.906, 212412.199 232341.905, 212408.955 232340.722, 212408.094 232340.406, 212363.77 232331.459, 212363.632 232331.431, 212168.297 232292, 2"
W01000503,Powys,ParseException: Expected number but encountered end of stream,32767,"DATA TRUNCATED MULTIPOLYGON (((301576.311 234648.907, 301585.499 234654.094, 301587.142 234655.171, 301608.811 234669.39, 301633.406 234682.703, 301638.764 234684.484, 301639.094 234684.594, 301650.906 234687.594, 301662.693 234689.746, 301665.187 234690.203, 301676.545 234702.963, 301678.003 234704"
W01000581,Pembrokeshire,ParseException: Expected word but encountered end of stream,32767,"DATA TRUNCATED MULTIPOLYGON (((186840.65 229362.769, 186850.094 229368.703, 186872.138 229383.101, 186873.203 229383.797, 186893.891 229392.594, 186909.233 229404.43, 186910.5 229405.406, 186923.853 229411.277, 186936.406 229416.797, 186956.256 229424.397, 186967.499 229428.703, 187021.094 229457, 1"
W01000500,Powys,ParseException: Expected word but encountered end of stream,32767,"DATA TRUNCATED MULTIPOLYGON (((323236.65 308171.286, 323235.311 308165.258, 323235.276 308165.103, 323222.987 308129.733, 323220.814 308125.268, 323217.035 308117.505, 323215.734 308114.592, 323207.753 308094.933, 323205.756 308089.268, 323204.728 308086.351, 323203.677 308083.371, 323193.963 308062"
W01000580,Pembrokeshire,ParseException: Expected number but encountered end of stream,32767,"DATA TRUNCATED MULTIPOLYGON (((196203.5 210000, 196203.453 209999.8, 196178.5 209893.809, 196178.236 209892.688, 196177.211 209888.333, 196175.297 209880.203, 196176.11 209876.497, 196178.1 209867.436, 196178.5 209865.614, 196181.094 209853.797, 196186.703 209833.812, 196190.116 209823.23, 196193.09"
W01000501,Powys,ParseException: Expected number but encountered end of stream,32767,"DATA TRUNCATED MULTIPOLYGON (((321866.41 308932.424, 321808.483 309047.653, 321805.875 309052.841, 321800.572 309063.389, 321767.817 309128.549, 321767.198 309129.78, 321703.768 309255.954, 321669.812 309323.5, 321652.093 309361.094, 321636.094 309399.406, 321599.597 309480.806, 321599.102 309483.61"
W01001926,Conwy,ParseException: Expected number but encountered end of stream,32767,"DATA TRUNCATED MULTIPOLYGON (((280163.538 375953.852, 280152.1 375917.8, 280136.2 375878.7, 280122.7 375854.199, 280110.5 375818.701, 280076.2 375763.7, 280045.6 375708.6, 280011.3 375690.899, 280006.5 375687.3, 280001.6 375680.299, 280000.1 375674.5, 279999.995 375671.153, 279999.1 375642.499, 2799"
W01001925,Carmarthenshire,ParseException: Expected word but encountered end of stream,32767,"DATA TRUNCATED MULTIPOLYGON (((250005.71 201493.152, 250061.752 201480.102, 250063.876 201479.608, 250070.945 201477.962, 250074.67 201477.094, 250076.339 201477.439, 250080.956 201478.582, 250083.749 201479.502, 250084.195 201479.649, 250087.764 201480.825, 250107.983 201488.588, 250108.809 201488."
W01000464,Powys,ParseException: Expected word but encountered end of stream,32767,"DATA TRUNCATED MULTIPOLYGON (((318799.187 265057.406, 318927.906 265000, 318953.312 264987.812, 318977.5 264977.812, 318991.187 264972.5, 319001.141 264969.408, 319007.541 264967.421, 319008.594 264967.094, 319015.716 264967.083, 319136.812 264966.906, 319153.094 264965.219, 319166.187 264962.5, 319"
W01000465,Powys,ParseException: Expected word but encountered end of stream,32767,"DATA TRUNCATED MULTIPOLYGON (((314433.02 220063.337, 314428.312 220059.891, 314425.511 220058.311, 314423.906 220057.406, 314417.906 220054.797, 314411.523 220052.738, 314408.312 220051.703, 314398.719 220049.5, 314390.75 220048.375, 314388.097 220048, 314375.406 220047, 314375.305 220047.001, 31436"
W01000460,Powys,ParseException: Expected word but encountered end of stream,32767,"DATA TRUNCATED MULTIPOLYGON (((305388.068 309973.812, 305328.133 309962.387, 305312.5 309959.406, 305297.244 309936.417, 305282.906 309914.812, 305250.094 309853.094, 305225.812 309842.094, 305231.812 309834.5, 305236.605 309820.241, 305246.435 309790.996, 305247.155 309788.856, 305253.187 309770.90"
W01000461,Powys,ParseException: Expected word but encountered end of stream,32767,"DATA TRUNCATED MULTIPOLYGON (((315700.549 320128.203, 315699.406 320128.5, 315706.768 320138.192, 315732.687 320172.312, 315737.094 320179, 315739.166 320182.526, 315748.094 320197.719, 315766.862 320218.463, 315776.594 320229.219, 315829.967 320300.954, 315834.094 320306.5, 315833.97 320307.954, 31"
W01001897,Powys,ParseException: Expected number but encountered end of stream,32767,"DATA TRUNCATED MULTIPOLYGON (((298656.587 227176.037, 298559.905 227144.594, 298532.634 227135.945, 298510.478 227128.918, 298465.827 227114.758, 298464.245 227114.256, 298462.5 227113.703, 298453.404 227109.141, 298452.312 227108.594, 298448.812 227106.594, 298321.979 227014.456, 298300.067 226998."
W01001899,Powys,ParseException: Expected number but encountered end of stream,32767,"DATA TRUNCATED MULTIPOLYGON (((276097.039 210791.319, 276110.687 210796.406, 276134.063 210802.527, 276134.642 210802.678, 276134.756 210802.708, 276142.2 210804.657, 276143.789 210805.074, 276144.999 210805.392, 276159.347 210806.791, 276159.406 210806.797, 276171.927 210804.402, 276175.094 210803."
W01001898,Merthyr Tydfil,ParseException: Expected number but encountered end of stream,32767,"DATA TRUNCATED MULTIPOLYGON (((303696 209043, 303694.462 209023, 303694 209017, 303693.766 209013.029, 303693 209000, 303692.556 208996.221, 303691.044 208983.371, 303691 208983, 303690.844 208981.719, 303690.648 208980.114, 303690.457 208978.543, 303690.435 208978.366, 303688.805 208965, 303687.781"
W01000687,Carmarthenshire,ParseException: Expected number but encountered end of stream,32767,"DATA TRUNCATED MULTIPOLYGON (((270884.19 229999.998, 270874.555 229991.104, 270862.312 229979.797, 270851.75 229969, 270848.798 229965.983, 270841.187 229958.203, 270821.469 229936.056, 270813.406 229927, 270812.701 229926.369, 270799.094 229914.203, 270787.049 229906.057, 270781.187 229902.094, 270"
W01000686,Carmarthenshire,ParseException: Expected word but encountered end of stream,32767,"DATA TRUNCATED MULTIPOLYGON (((245049.065 236288.661, 245087.497 236232.197, 245100.753 236212.721, 245104.561 236211.179, 245186.901 236177.842, 245197.424 236173.581, 245196.156 236148.715, 245196.077 236148.02, 245174.098 235953.431, 245173.858 235951.309, 245168 235950, 245150 235946, 245130 235"
W01000685,Carmarthenshire,ParseException: Expected number but encountered end of stream,32767,"DATA TRUNCATED MULTIPOLYGON (((242027.747 236969.056, 242026.024 236963.35, 242025.406 236961.297, 242019.745 236953.486, 241999.618 236925.713, 241998.501 236924.172, 241976.703 236894.094, 241975.5 236886.5, 241988.798 236880.797, 241988.967 236880.706, 241992.906 236878.609, 241994.797 236876.5, "
W01000684,Carmarthenshire,ParseException: Expected number but encountered end of stream,32767,"DATA TRUNCATED MULTIPOLYGON (((257609.28399999999 215449.158, 257612.972 215446.524, 257658.09399999998 215414.297, 257601.09399999998 215289.297, 257583 215250.906, 257530.907 215215.109, 257496.13400000002 215194.237, 257494.90600000002 215193.499, 257470.83299999998 215179.167, 257458.79700000002"
W01000683,Carmarthenshire,ParseException: Expected word but encountered end of stream,32767,"DATA TRUNCATED MULTIPOLYGON (((248343.391 228430.12, 248340.906 228425.703, 248327.594 228405.297, 248322.094 228392.001, 248321 228374.391, 248321.001 228374.314, 248321.203 228358.406, 248316.878 228334.927, 248314.203 228320.406, 248307.406 228288.999, 248312.402 228288.5, 248313.511 228288.697, "
W01000682,Carmarthenshire,ParseException: Expected number but encountered end of stream,32767,"DATA TRUNCATED MULTIPOLYGON (((250064.431 220024.13, 250098.039 220015.254, 250155.622 220000.046, 250155.8 220000.026, 250195.203 219995.594, 250210.024 219993.59, 250211.5 219993.391, 250228.297 219991.594, 250231.434 219991.533, 250261.585 219990.953, 250264.797 219990.891, 250294.832 219994.7, 2"
W01000681,Carmarthenshire,ParseException: Expected number but encountered end of stream,32767,"DATA TRUNCATED MULTIPOLYGON (((261908.91999999998 216071.16, 261911.026 216072.571, 262099.202 216198.638, 262100.16499999998 216199.958, 262105.20500000002 216206.866, 262106.15000000002 216208.163, 262109.50199999998 216220.74, 262109.85100000002 216221.645, 262236.715 216174.766, 262255.094 21616"
W01000680,Carmarthenshire,ParseException: Expected word but encountered end of stream,32767,"DATA TRUNCATED MULTIPOLYGON (((261893.984 214639.301, 261886.974 214621.352, 261886.41600000003 214620.696, 261861.24800000002 214591.1, 261850.62099999998 214572.76, 261824.57799999998 214508.475, 261821.35700000002 214500.524, 261820.195 214489.68, 261819.70299999998 214488.19, 261791.29200000002 "
W01000689,Carmarthenshire,ParseException: Expected number but encountered end of stream,32767,"DATA TRUNCATED MULTIPOLYGON (((237203.664 237889.706, 237206.395 237899.07, 237209 237908, 237215 237919, 237224.878 237945.672, 237245 238000, 237249 238011, 237261.591 238049.474, 237267 238066, 237270.7 238077.001, 237275.027 238089.868, 237280.457 238106.017, 237288.793 238130.804, 237291.921 23"
W01000688,Carmarthenshire,ParseException: Expected number but encountered end of stream,32767,"DATA TRUNCATED MULTIPOLYGON (((237565.713 238249.628, 237601.113 238196.584, 237613.305 238183.523, 237614.735 238182.145, 237615.352 238181.55, 237634.526 238164.555, 237637.768 238161.681, 237653.154 238149.317, 237654.326 238148.542, 237673.348 238135.961, 237685.64 238127.83, 237687.722 238126.6"
W01001000,Bridgend,ParseException: Expected number but encountered end of stream,32767,"DATA TRUNCATED MULTIPOLYGON (((280812.534 181577.706, 280812.257 181577.694, 280600.55 181568.063, 280594.049 181567.208, 280591.041 181573.685, 280590.377 181576.136, 280571.288 181646.42, 280564.529 181671.311, 280556.516 181683.373, 280553.108 181704.364, 280553.344 181720.443, 280553.695 181744."
W01000573,Pembrokeshire,ParseException: Expected number but encountered end of stream,32767,"DATA TRUNCATED MULTIPOLYGON (((193569.633 214979.773, 193564.849 214976.543, 193564.656 214976.412, 193553.823 214969.099, 193552.92 214968.489, 193525.074 214949.689, 193519.232 214945.745, 193506.319 214937.027, 193505.908 214936.748, 193501.696 214933.905, 193500.632 214933.187, 193498.928 214932"
W01001312,Merthyr Tydfil,ParseException: Expected word but encountered end of stream,32767,"DATA TRUNCATED MULTIPOLYGON (((307294.114 205662.383, 307294.08 205662.412, 307290.681 205664.99, 307285.893 205668.622, 307277.216 205675.202, 307262.879 205686.074, 307258.78 205689.184, 307258.1 205689.7, 307257.545 205690.212, 307257.519 205690.234, 307253.007 205694.403, 307235.906 205710.203, "
W01000694,Carmarthenshire,ParseException: Expected word but encountered end of stream,32767,"DATA TRUNCATED MULTIPOLYGON (((242090.641 219282.86, 242079.036 219275.169, 242078.035 219274.942, 242076.606 219274.618, 242075.602 219273.897, 242070.659 219270.345, 242070.614 219270.247, 242070.496 219270.133, 242070.043 219269.694, 242065.349 219265.151, 242064.773 219264.227, 242064.53 219263."
W01000612,Pembrokeshire,ParseException: Expected word but encountered end of stream,32767,"DATA TRUNCATED MULTIPOLYGON (((165010.3 222592.9, 165006.5 222585.3, 165002.6 222573.4, 165006.2 222561.8, 165010 222559.7, 165018.1 222564.5, 165023.4 222569.5, 165031.1 222574.2, 165044.3 222565.2, 165044.3 222562.9, 165042.4 222556, 165028.2 222528.6, 165031.3 222526.7, 165037.8 222524.1, 165043."
W01001524,Torfaen,ParseException: Expected number but encountered end of stream,32767,"DATA TRUNCATED MULTIPOLYGON (((328233.42 200532.26, 328236.312 200527, 328244.188 200514, 328244.929 200512.866, 328249.095 200506.5, 328257.594 200494, 328267 200482, 328271.594 200477, 328273.563 200475.113, 328276.5 200472.297, 328281.595 200467.703, 328282.768 200466.712, 328283.381 200466.195, "
W01001525,Torfaen,ParseException: Expected number but encountered end of stream,32767,"DATA TRUNCATED MULTIPOLYGON (((328326.567 202020.002, 328323.406 202019.109, 328322.836 202018.989, 328316.312 202017.609, 328311.232 202016.842, 328311.146 202016.829, 328310.819 202016.78, 328308.969 202016.5, 328308.508 202016.474, 328305.369 202016.3, 328305.312 202016.297, 328301.937 202016.297"
W01001529,Torfaen,ParseException: Expected number but encountered end of stream,32767,"DATA TRUNCATED MULTIPOLYGON (((327006.518 202927.301, 327006.54 202927.436, 327006.571 202927.665, 327006.687 202928.5, 327007.152 202930.956, 327007.29 202931.681, 327007.406 202932.297, 327007.766 202934.602, 327008 202936.097, 327008.102 202936.745, 327008.594 202939.891, 327008.948 202943.295, 3"
W01001418,Caerphilly,ParseException: Expected number but encountered end of stream,32767,"DATA TRUNCATED MULTIPOLYGON (((312549.738 195340.837, 312582.906 195327.703, 312628.594 195304.406, 312646.687 195294.298, 312702.053 195257.892, 312703.675 195256.826, 312706 195255.297, 312714.003 195251.023, 312733.111 195240.819, 312737.486 195238.483, 312774.906 195218.5, 312777.998 195216.731,"
W01001419,Caerphilly,ParseException: Expected word but encountered end of stream,32767,"DATA TRUNCATED MULTIPOLYGON (((316267.362 186755.959, 316267.548 186747.147, 316273.242 186745.507, 316273.316 186745.486, 316279.346 186743.751, 316270.431 186716.53, 316270.094 186715.5, 316269.92 186715.08, 316260.955 186693.386, 316258.812 186688.203, 316257.399 186685.483, 316250.5 186672.203, "
W01000847,Swansea,ParseException: Expected word but encountered end of stream,32767,"DATA TRUNCATED MULTIPOLYGON (((259824.745 204346.648, 259899.897 204356.974, 259901.45500000002 204357.187, 259901.62900000002 204357.212, 259901.71999999997 204356.372, 259902.13400000002 204352.567, 259903.66999999998 204338.433, 259905.276 204323.661, 259906 204317.001, 259906 204315.567, 259906 "
W01001625,Newport,ParseException: Expected word but encountered end of stream,32767,"DATA TRUNCATED MULTIPOLYGON (((334345.478 191202.458, 334330.114 191199.541, 334322 191198, 334296 191191, 334262.926 191177.63, 334249 191172, 334225.628 191162.355, 334208.528 191155.298, 334186 191146, 334162.569 191134.601, 334158.548 191132.645, 334149 191128, 334138 191123, 334137.127 191122.6"
W01001105,Vale of Glamorgan,ParseException: Expected number but encountered end of stream,32767,"DATA TRUNCATED MULTIPOLYGON (((293627.312 177735.702, 293628.677 177729.623, 293630.078 177723.379, 293630.187 177722.891, 293632.934 177714.751, 293635.312 177707.702, 293639.542 177699.131, 293640.541 177697.105, 293644.594 177688.891, 293649.942 177670.499, 293656.312 177648.594, 293658.631 17763"
W01000137,Conwy,ParseException: Expected number but encountered end of stream,32767,"DATA TRUNCATED MULTIPOLYGON (((278412.406 363670.493, 278415.5 363667.8, 278423.8 363663.9, 278435.3 363653.2, 278448 363643.199, 278458.701 363630.1, 278465.4 363623.8, 278520.5 363577.5, 278549.5 363561, 278595.8 363529.5, 278609 363523.5, 278616.2 363521.2, 278629.5 363508.3, 278638.4 363502, 278"
W01000346,Wrexham,ParseException: Expected word but encountered end of stream,32767,"DATA TRUNCATED MULTIPOLYGON (((345811.312 341400.906, 345827.594 341410.094, 345843 341414.187, 345851 341415, 345859 341415.812, 345868.934 341415.979, 345870.187 341416, 345880.406 341419, 345887.366 341424.127, 345913.996 341443.75, 345920.187 341448.312, 345927.5 341455, 345932.312 341457.312, 3"
W01000347,Wrexham,ParseException: Expected number but encountered end of stream,32767,"DATA TRUNCATED MULTIPOLYGON (((328422.093 351894.093, 328421.094 351888.906, 328429.187 351882.312, 328438.687 351877.406, 328438.843 351877.404, 328452.215 351877.266, 328452.653 351877.261, 328457.466 351877.211, 328459.687 351877.187, 328471 351878.187, 328471.407 351877.968, 328495.483 351864.95"
W01000345,Wrexham,ParseException: Expected number but encountered end of stream,32767,"DATA TRUNCATED MULTIPOLYGON (((338764.096 346513.136, 338762.984 346511.787, 338756.406 346503.813, 338752.926 346497.62, 338746.5 346486.187, 338738.687 346467.907, 338735.094 346459.5, 338723.594 346425.906, 338711.094 346397.5, 338705.678 346387.656, 338700.812 346378.812, 338654.116 346325.332, "
W01000340,Flintshire,ParseException: Expected word but encountered end of stream,32767,"DATA TRUNCATED MULTIPOLYGON (((313944.926 379360.094, 313944.094 379360.406, 313944.087 379360.367, 313935.594 379312.594, 313935.5 379312.599, 313928.687 379313, 313922.187 379312.5, 313916.721 379317.723, 313915.187 379319.187, 313891.094 379332.594, 313881.122 379337.786, 313833.849 379362.399, 3"
W01001906,Powys,ParseException: Expected word but encountered end of stream,32767,"DATA TRUNCATED MULTIPOLYGON (((302560.189 330660.5, 302496.948 330648.962, 301707.223 330504.879, 301703.424 330504.186, 301471 330461.781, 301398.594 330439.187, 301368.807 330429.117, 301313.187 330410.312, 301184.573 330397.774, 301177.594 330397.094, 301158.055 330409.129, 300932.906 330547.811,"
W01001907,Powys,ParseException: Expected number but encountered end of stream,32767,"DATA TRUNCATED MULTIPOLYGON (((313721.004 324352.308, 313721.825 324351.625, 313732.999 324342.312, 313737.816 324295.967, 313738.312 324291.187, 313738 324277.094, 313736.812 324269.906, 313730.312 324246.094, 313738.719 324239, 313741.812 324235, 313743 324233.001, 313744.187 324231, 313744.437 32"
W01001904,Powys,ParseException: Expected word but encountered end of stream,32767,"DATA TRUNCATED MULTIPOLYGON (((317256.839 213370.25, 317257.64 213370.081, 317261.812 213369.204, 317274 213367.25, 317286.187 213365.297, 317312.637 213367.34, 317362.687 213371.203, 317442.694 213374.299, 317491.905 213376.203, 317625.917 213382.553, 317650.187 213383.703, 317673.955 213384.586, 3"
W01001905,Powys,ParseException: Expected word but encountered end of stream,32767,"DATA TRUNCATED MULTIPOLYGON (((313184.906 223188.109, 313184.927 223188.09, 313298.594 223079.203, 313336.812 223044.609, 313358.687 223032.594, 313360.524 223031.448, 313361.807 223030.647, 313387.501 223014.609, 313510.312 222929.094, 313518.723 222922.82, 313518.923 222922.671, 313530 222914.406,"
W01001900,Neath Port Talbot,ParseException: Expected number but encountered end of stream,32767,"DATA TRUNCATED MULTIPOLYGON (((276776.34 208847.21, 276771.114 208849.615, 276755.364 208853.857, 276755.003 208853.954, 276751.001 208854.489, 276747.608 208854.243, 276744.321 208854.004, 276741.18 208853.368, 276741.027 208853.337, 276740.111 208852.952, 276739.48 208852.371, 276730.89 208844.461"
W01000447,Powys,ParseException: Expected word but encountered end of stream,32767,"DATA TRUNCATED MULTIPOLYGON (((319008.26 292434.084, 319020.906 292396, 319023.187 292391.406, 319024.5 292383.281, 319024.494 292383.238, 319024.445 292382.892, 319024.094 292380.406, 319022.748 292376.734, 319022.594 292376.312, 319021.792 292374.959, 319020.093 292372.093, 319004.5 292348, 318997"
W01000444,Powys,ParseException: Expected word but encountered end of stream,32767,"DATA TRUNCATED MULTIPOLYGON (((314717.187 309355.594, 314717.162 309355.62, 314703.641 309369.733, 314702.906 309370.5, 314698.094 309374.405, 314698.035 309374.372, 314689.501 309369.406, 314686.187 309368.094, 314686.103 309368.1, 314684.184 309368.265, 314674.5 309369.094, 314673.861 309369.412, "
W01000445,Powys,ParseException: Expected word but encountered end of stream,32767,"DATA TRUNCATED MULTIPOLYGON (((316160.557 236194.632, 316134.594 236164.31, 316127.905 236156.5, 316123.959 236149.881, 316123.5 236149.109, 316121.458 236142.543, 316116.406 236126.297, 316114.129 236122.793, 316110.687 236117.5, 316107 236113.906, 316105.3 236112.731, 316103.812 236111.703, 316103"
W01000442,Powys,ParseException: Expected word but encountered end of stream,32767,"DATA TRUNCATED MULTIPOLYGON (((269359.6 298366.2, 269361.5 298342.599, 269364.7 298285.2, 269365.4 298262.4, 269371.6 298229.8, 269380.4 298216.6, 269394.9 298200.3, 269402.4 298189.5, 269409.8 298174.3, 269419 298151.4, 269436.4 298113.499, 269456.8 298083.4, 269462 298077.5, 269478.501 298061.1, 2"
W01000443,Powys,ParseException: Expected number but encountered end of stream,32767,"DATA TRUNCATED MULTIPOLYGON (((310499.594 242832.703, 310499.633 242832.607, 310507.501 242813.109, 310516.352 242784.24, 310535.594 242721.5, 310536.213 242719.795, 310540.408 242708.242, 310550.406 242680.703, 310564.487 242631.408, 310565.687 242627.203, 310568.077 242621.319, 310586.687 242575.5"
W01000440,Powys,ParseException: Expected word but encountered end of stream,32767,"DATA TRUNCATED MULTIPOLYGON (((305756.5 237688.203, 305739.668 237701.109, 305709.529 237724.217, 305688.631 237740.239, 305672.906 237752.297, 305648.812 237770.094, 305645.661 237772.226, 305645.469 237772.356, 305643.701 237773.551, 305643.569 237773.641, 305636.687 237778.297, 305620.187 237783."
W01000441,Powys,ParseException: Expected number but encountered end of stream,32767,"DATA TRUNCATED MULTIPOLYGON (((322184.249 302741.532, 322144.5 302717.687, 322004.816 302641.794, 322000.594 302639.499, 321999.529 302638.819, 321967.312 302618.187, 321946.312 302603.5, 321920.638 302583.816, 321916.312 302580.5, 321916.192 302580.376, 321916.158 302580.341, 321878 302541.094, 321"
W01000448,Powys,ParseException: Expected word but encountered end of stream,32767,"DATA TRUNCATED MULTIPOLYGON (((328290.353 272300.343, 328292.527 272301.844, 328292.997 272302.168, 328289.86 272312.881, 328289.152 272314.182, 328287.226 272317.71, 328284 272321.111, 328263.481 272342.739, 328262.217 272342.849, 328261.301 272342.928, 328261.21 272343.804, 328261.183 272344.066, "
W01000449,Powys,ParseException: Expected word but encountered end of stream,32767,"DATA TRUNCATED MULTIPOLYGON (((329157 271931.999, 329159.333 271930, 329162.505 271927.281, 329164 271926, 329184 271906, 329187 271902, 329187.168 271901.664, 329252.045 271916.673, 329255.989 271917.757, 329263.455 271919.808, 329267.752 271909.627, 329275.17 271892.055, 329272.113 271883.584, 329"
W01000735,Carmarthenshire,ParseException: Expected number but encountered end of stream,32767,"DATA TRUNCATED MULTIPOLYGON (((219521.906 218176.797, 219500 218194.296, 219462.906 218220, 219420.906 218251.203, 219411.619 218258.467, 219407.999 218261.297, 219388.297 218281.5, 219373.16 218302.537, 219358.797 218322.5, 219357.346 218324.969, 219356.218 218326.887, 219330 218371.5, 219309.097 2"
W01000730,Carmarthenshire,ParseException: Expected number but encountered end of stream,32767,"DATA TRUNCATED MULTIPOLYGON (((245329.446 203063.318, 245331.959 203055.742, 245333.347 203051.563, 245333.797 203050.203, 245348.162 203039.267, 245356.905 203032.609, 245378.544 203006.386, 245379.609 203005.094, 245404.201 202979.798, 245411.5 202973.797, 245421.5 202959, 245435.634 202954.501, 2"
W01000731,Carmarthenshire,ParseException: Expected number but encountered end of stream,32767,"DATA TRUNCATED MULTIPOLYGON (((260679.858 211239.813, 260671.76899999997 211236.344, 260669.109 211235.204, 260668.79599999997 211234.954, 260666.04700000002 211232.768, 260665.702 211232.494, 260659.79700000002 211227.797, 260657.68199999997 211223.113, 260657.40600000002 211222.5, 260655.406000000"
W01001085,Vale of Glamorgan,ParseException: Expected word but encountered end of stream,32767,"DATA TRUNCATED MULTIPOLYGON (((301671.027 177738.739, 301685.406 177751.5, 301733.596 177796.596, 301769.5 177836.109, 301776.202 177846.905, 301776.412 177847.241, 301790.286 177869.587, 301790.621 177870.126, 301793.094 177874.109, 301805.689 177899.378, 301806.665 177901.335, 301807.049 177902.10"
W01001083,Vale of Glamorgan,ParseException: Expected word but encountered end of stream,32767,"DATA TRUNCATED MULTIPOLYGON (((297988.588 174590.68, 297988.282 174590.602, 297987.096 174590.298, 297974.594 174585.406, 297944.406 174565.406, 297941.288 174563.788, 297926.687 174556.203, 297908.406 174555.703, 297902.312 174576.594, 297901.662 174578.194, 297900.687 174580.594, 297896.38 174588."
W01001003,Bridgend,ParseException: Expected word but encountered end of stream,32767,"DATA TRUNCATED MULTIPOLYGON (((293160.684 179868.112, 293161.856 179866.084, 293165.339 179860.083, 293165.371 179860.025, 293171.187 179850, 293172.312 179847.368, 293174.12 179843.137, 293174.933 179841.232, 293175.415 179840.108, 293176.782 179836.906, 293176.837 179836.778, 293180.5 179828.201, "
W01001250,Rhondda Cynon Taf,ParseException: Expected number but encountered end of stream,32767,"DATA TRUNCATED MULTIPOLYGON (((301237.764 187216.161, 301241 187166, 301241 187163, 301231 187131, 301230 187132, 301223.913 187133.442, 301223 187117, 301219 187101, 301223 187094, 301257 187076, 301275.079 187068.289, 301283.118 187064.862, 301284.067 187067.13, 301284.562 187066.904, 301290.129 1"
W01000496,Powys,ParseException: Expected number but encountered end of stream,32767,"DATA TRUNCATED MULTIPOLYGON (((285896.404 210903, 285916.065 210897.638, 285921.003 210896.291, 285929.405 210894, 285937.812 210894.797, 285938.083 210894.902, 285941.687 210896.297, 285944.672 210898.117, 285944.812 210898.203, 285946.368 210899.832, 285949.735 210903.358, 285949.781 210903.406, 2"
W01000627,Carmarthenshire,ParseException: Expected word but encountered end of stream,32767,"DATA TRUNCATED MULTIPOLYGON (((262576.148 210938.458, 262575.687 210937.406, 262569.687 210923.202, 262552.457 210875.932, 262548 210863.703, 262532.906 210802.594, 262529.624 210787.743, 262527.251 210777.013, 262523.094 210758.203, 262516.406 210732.391, 262514.448 210725.717, 262503.001 210686.70"
W01000624,Carmarthenshire,ParseException: Expected word but encountered end of stream,32767,"DATA TRUNCATED MULTIPOLYGON (((243877.223 228831.342, 243873.297 228829.594, 243858.703 228824.203, 243819.5 228811.406, 243802.503 228804.816, 243797.297 228802.797, 243796.714 228802.608, 243791.721 228800.994, 243771.297 228794.391, 243760.346 228797.919, 243760.096 228797.998, 243753.797 228782."
W01001505,Torfaen,ParseException: Expected word but encountered end of stream,32767,"DATA TRUNCATED MULTIPOLYGON (((329673.796 193549.067, 329665 193547.155, 329658.68 193545.781, 329648.15 193558.066, 329642.794 193565.207, 329640.253 193568.595, 329618.316 193574.737, 329605.154 193577.37, 329603.061 193578.765, 329594.625 193584.389, 329585.85 193624.752, 329584.4 193633.45, 3295"
W01001583,Monmouthshire,ParseException: Expected word but encountered end of stream,32767,"DATA TRUNCATED MULTIPOLYGON (((351569.746 198532.702, 351548.904 198525.324, 351546.307 198524.403, 351534.906 198518.609, 351513.575 198506.556, 351487.812 198491.999, 351487.562 198491.203, 351487.312 198490.406, 351503.92 198476.14, 351504.328 198475.764, 351524.308 198472.727, 351525.187 198472."
W01001581,Monmouthshire,ParseException: Expected number but encountered end of stream,32767,"DATA TRUNCATED MULTIPOLYGON (((338463.719 205402.119, 338463.733 205402.092, 338465.64 205398.708, 338468.407 205393.797, 338484.312 205362.203, 338520.999 205295.906, 338523.218 205292.02, 338523.354 205291.781, 338547.312 205249.797, 338558.082 205227.743, 338572.624 205197.968, 338574.219 205194."
W01000974,Bridgend,ParseException: Expected word but encountered end of stream,32767,"DATA TRUNCATED MULTIPOLYGON (((288509.509 187069.904, 288472.406 187088.891, 288453.613 187096.815, 288452.688 187097.203, 288452.603 187097.227, 288425.5 187105, 288402.107 187115.584, 288401.187 187116, 288400.675 187116.172, 288389.594 187119.891, 288378.812 187121.703, 288370.466 187121.881, 288"
W01000828,Swansea,ParseException: Expected number but encountered end of stream,32767,"DATA TRUNCATED MULTIPOLYGON (((251499.355 195059.68, 251497.1 195058, 251481.9 195061.2, 251470.4 195072, 251460.89 195078.757, 251455.2 195082.8, 251452.001 195083.761, 251427.9 195091, 251417.7 195082.1, 251423.4 195061.8, 251435.5 195038.3, 251436.1 195019.9, 251409.5 194990.1, 251408.2 195009.1,"
W01000197,Denbighshire,ParseException: Expected number but encountered end of stream,32767,"DATA TRUNCATED MULTIPOLYGON (((306065.669 366565.835, 306064.023 366564.81, 306041.421 366550.736, 306035.946 366547.327, 306019.238 366539.616, 306016.025 366533.19, 306015.359 366530.526, 306013.455 366522.908, 306007.671 366518.409, 305998.932 366505.301, 306004.366 366494.771, 306000 366491, 305"
W01000116,Gwynedd,ParseException: Expected number but encountered end of stream,32767,"DATA TRUNCATED MULTIPOLYGON (((258240.811 300704.306, 258232.408 300711.3, 258218.59000000003 300722.799, 258215.95 300724.997, 258212.51400000002 300727.856, 258214.11700000003 300728.962, 258217.782 300731.106, 258220.239 300732.544, 258224.62099999998 300734.831, 258225.141 300734.962, 258241.706"
W01000114,Gwynedd,ParseException: Expected number but encountered end of stream,32767,"DATA TRUNCATED MULTIPOLYGON (((266128.074 340558.1, 266120.7 340554.1, 266103 340545.9, 266097 340543.7, 266074.2 340538.4, 266060 340519.3, 266061.8 340532.8, 266061 340539.6, 266031.3 340541.1, 266004 340546, 265999 340549, 265982.9 340560.5, 265966.5 340576.3, 265947.8 340599.3, 265941 340604.1, "
W01000053,Gwynedd,ParseException: Expected number but encountered end of stream,32767,"DATA TRUNCATED MULTIPOLYGON (((252982.428 363375.479, 252966.86099999998 363388.577, 252954.153 363399.271, 252953.54700000002 363399.781, 252946.53499999997 363401.233, 252933.511 363403.928, 252929.495 363404.759, 252926.67200000002 363405.344, 252926.82299999997 363406.142, 252927.327 363408.81, "
W01000050,Gwynedd,ParseException: Expected word but encountered end of stream,32767,"DATA TRUNCATED MULTIPOLYGON (((261559.38799999998 372414.754, 261546.3 372413.8, 261518.5 372413.6, 261506.8 372409.7, 261491.40000000002 372402.9, 261489.2 372408.2, 261476.7 372406.3, 261478.5 372399.7, 261472.7 372395.5, 261431.90000000002 372383.5, 261413 372379.8, 261389.8 372378, 261353.2 3723"
W01000115,Gwynedd,ParseException: Expected number but encountered end of stream,32767,"DATA TRUNCATED MULTIPOLYGON (((260107.45299999998 369195.54, 260107.038 369195.633, 260024.09499999997 369214.306, 260020.37 369215.144, 260020.322 369215.155, 260004.07799999998 369218.812, 259976.63299999997 369224.992, 259949.95299999998 369231, 259840.31199999998 369255.689, 259824.21899999998 3"
W01000193,Denbighshire,ParseException: Expected number but encountered end of stream,32767,"DATA TRUNCATED MULTIPOLYGON (((307696.622 344311.147, 307709 344311, 307754.94 344307.987, 307770 344307, 307785 344304, 307793 344304, 307798 344304, 307800 344304, 307802 344306, 307804 344309, 307804.611 344310.154, 307810 344320.333, 307811.2 344322.6, 307811.746 344323.631, 307813 344326, 30782"
W01000113,Gwynedd,ParseException: Expected word but encountered end of stream,32767,"DATA TRUNCATED MULTIPOLYGON (((269930.14 341383.856, 269944.601 341317.86, 269950.906 341289.098, 270000 341287.281, 270015.406 341287.687, 270031.281 341288.781, 270035.812 341289.687, 270060.653 341309.286, 270060.687 341309.312, 270098.813 341298.983, 270100.596 341298.5, 270114 341296.812, 27012"
W01000190,Conwy,ParseException: Expected word but encountered end of stream,32767,"DATA TRUNCATED MULTIPOLYGON (((292763.808 347230.187, 292766.333 347209.333, 292767.594 347198.906, 292773.687 347159.5, 292770.959 347150.729, 292767.719 347140.312, 292766.37 347127.914, 292766.094 347125.375, 292769.841 347116.161, 292771 347113.312, 292772 347101, 292767.719 347086.906, 292765.5"
W01000199,Denbighshire,ParseException: Expected number but encountered end of stream,32767,"DATA TRUNCATED MULTIPOLYGON (((301708.001 366604.307, 301707.5 366577.594, 301707.274 366574.898, 301706.213 366562.257, 301704.219 366538.5, 301695.187 366507.187, 301679.594 366472, 301670.719 366443.594, 301671.594 366433.187, 301675 366408.187, 301677.005 366394.422, 301677.094 366393.812, 30167"
W01000074,Gwynedd,ParseException: Expected number but encountered end of stream,32767,"DATA TRUNCATED MULTIPOLYGON (((257083.114 331096.96, 257104.7 331042.7, 257127.2 330988.001, 257138.40000000002 330958.2, 257149.3 330928.4, 257169.2 330870.4, 257190.2 330813.8, 257221.5 330718, 257242.59999999998 330663.1, 257265.5 330588.9, 257286 330513.1, 257324.89899999998 330354, 257342.8 330"
W01000073,Gwynedd,ParseException: Expected word but encountered end of stream,32767,"DATA TRUNCATED MULTIPOLYGON (((247915.833 354734.072, 247921.406 354735.406, 247932.625 354737.281, 247942.594 354736.97, 247951.016 354740.062, 247956.922 354746.937, 247965.344 354745.375, 247975.625 354753.781, 247995.891 354760.031, 248003.359 354760.969, 248006.484 354758.469, 248008.969 354758"
W01000070,Gwynedd,ParseException: Expected word but encountered end of stream,32767,"DATA TRUNCATED MULTIPOLYGON (((233705.403 339793.5, 233684.609 339788.5, 233638.406 339775.681, 233623 339771.406, 233579.221 339753.46, 233568.797 339749.187, 233556.222 339741.065, 233553.797 339739.5, 233549.791 339737.388, 233542.594 339733.594, 233530 339728.499, 233508.203 339721, 233470.406 3"
W01000071,Gwynedd,ParseException: Expected word but encountered end of stream,32767,"DATA TRUNCATED MULTIPOLYGON (((262790.15 366821.095, 262805 366809.812, 262808.852 366808.556, 262817.968 366805.582, 262829 366801.983, 262837.881 366799.086, 262839.65 366798.509, 262840.387 366798.268, 262842.519 366797.573, 262850.406 366795, 262851.742 366794.307, 262859.083 366790.497, 262859."
W01000078,Gwynedd,ParseException: Expected number but encountered end of stream,32767,"DATA TRUNCATED MULTIPOLYGON (((238229.328 347180.849, 238178.1 347160.9, 238159.301 347153.9, 238142 347149.4, 238122.9 347147, 238114 347146.9, 238102.1 347147.5, 238093.2 347148.6, 238075.7 347152.6, 238061.5 347158, 238047.9 347164.2, 238028.6 347173.3, 238017.1 347180, 238011.5 347183.8, 238007."
W01000118,Gwynedd,ParseException: Expected word but encountered end of stream,32767,"DATA TRUNCATED MULTIPOLYGON (((251057.701 359490.5, 251054.907 359448.812, 251048.5 359420.781, 251047.392 359408.23, 251045.297 359384.5, 251044.844 359372.168, 251043.906 359346.594, 251047.906 359319, 251061.609 359296.187, 251066.406 359287.312, 251074.109 359259.094, 251077.064 359241.714, 2510"
W01000079,Gwynedd,ParseException: Expected number but encountered end of stream,32767,"DATA TRUNCATED MULTIPOLYGON (((258067.511 327506.306, 258067.5 327506.3, 258057.90000000002 327502.1, 258031.2 327553.6, 257978.5 327645.6, 257954.40000000002 327685.6, 257904.3 327724.5, 257888.59999999998 327732.9, 257883.40000000002 327737.9, 257875.09999999998 327748.5, 257857.90000000002 327782"
W01000323,Flintshire,ParseException: Expected number but encountered end of stream,32767,"DATA TRUNCATED MULTIPOLYGON (((324827.24 366490.52, 324817.475 366495.69, 324815 366497, 324807.61 366502.08, 324801.37 366506.37, 324799 366508, 324782.073 366516.463, 324778.374 366518.313, 324769 366523, 324767.031 366523.578, 324752 366528, 324749.43 366528.429, 324740 366530.001, 324726.761 366"
W01000296,Flintshire,ParseException: Expected number but encountered end of stream,32767,"DATA TRUNCATED MULTIPOLYGON (((319241.272 377415.009, 319226.047 377391.94, 319225.2 377390.657, 319227.973 377389.865, 319231 377389, 319235.964 377388.291, 319238 377388, 319239.331 377388, 319240.597 377388, 319241 377388, 319245.632 377387.158, 319261.609 377384.253, 319260 377382, 319262 377381"
W01000293,Flintshire,ParseException: Expected number but encountered end of stream,32767,"DATA TRUNCATED MULTIPOLYGON (((325348.805 372287.036, 325348.686 372280.77, 325349.064 372279.205, 325349.025 372278.682, 325348.964 372277.864, 325348.65 372273.651, 325348.492 372271.512, 325350.093 372262.047, 325350.237 372261.886, 325363.993 372246.603, 325360.101 372242.806, 325354.074 372236."
W01000210,Denbighshire,ParseException: Expected word but encountered end of stream,32767,"DATA TRUNCATED MULTIPOLYGON (((321172.005 340777.518, 321411.052 340647.27, 321487.124 340605.821, 321520.548 340587.61, 321544.928 340574.326, 321591.47 340527.41, 321853.298 339716.578, 321851.741 339710.657, 321832.812 339638.699, 321847.9 339639.176, 321864.094 339639.687, 321975.162 339644.793,"
W01000211,Denbighshire,ParseException: Expected number but encountered end of stream,32767,"DATA TRUNCATED MULTIPOLYGON (((297698.192 355802, 297703.641 355802.02, 297811.416 355802.432, 297855.394 355802.599, 297911.5 355802.812, 297945.353 355802.566, 298158.9 355801.013, 298160.694 355801, 298252.187 355801.812, 298522.306 355805.499, 298541.918 355804.571, 298583.687 355802.594, 298655"
W01000576,Pembrokeshire,ParseException: Expected number but encountered end of stream,32767,"DATA TRUNCATED MULTIPOLYGON (((209939.868 206812.633, 209949.203 206809.797, 209966.797 206793.891, 210000 206765.5, 210027.407 206745.905, 210058.364 206720.922, 210075.5 206707.094, 210097.009 206685.658, 210107.796 206674.906, 210127.275 206652.773, 210143 206634.906, 210157.332 206619.5, 210164."
W01000577,Pembrokeshire,ParseException: Expected word but encountered end of stream,32767,"DATA TRUNCATED MULTIPOLYGON (((217923.025 213727.702, 217917.297 213752.797, 217916.594 213765.703, 217916.297 213779, 217922.094 213815.094, 217918.878 213823.155, 217917.5 213826.609, 217895.406 213876.391, 217892.784 213885.209, 217886.391 213906.703, 217880.822 213915.216, 217871.406 213929.609,"
W01000574,Pembrokeshire,ParseException: Expected number but encountered end of stream,32767,"DATA TRUNCATED MULTIPOLYGON (((188496.904 199663.593, 188497.4 199662.6, 188500.4 199659, 188510.6 199669.999, 188518.4 199649.8, 188526.5 199621.5, 188526 199589.099, 188528.2 199573.6, 188530.2 199563.401, 188536.3 199537.8, 188530.9 199508.199, 188528.2 199481.8, 188525.6 199470, 188519.801 19944"
W01000575,Pembrokeshire,ParseException: Expected word but encountered end of stream,32767,"DATA TRUNCATED MULTIPOLYGON (((194483.852 210419.307, 194484.297 210423.391, 194484.25 210427.846, 194484.203 210432.203, 194483.109 210453.203, 194477.703 210493.094, 194467.001 210589.403, 194465.5 210598.298, 194456.5 210624.25, 194447.5 210650.203, 194441.703 210665.703, 194429.203 210692, 19441"
W01000571,Pembrokeshire,ParseException: Expected number but encountered end of stream,32767,"DATA TRUNCATED MULTIPOLYGON (((195109.058 215690.378, 195112.993 215696.439, 195113.727 215697.571, 195120.777 215708.43, 195121.097 215708.922, 195121.797 215710, 195123.726 215713.457, 195124.291 215714.47, 195124.411 215714.685, 195125.702 215716.997, 195125.703 215718.417, 195125.703 215720.104,"
W01000578,Pembrokeshire,ParseException: Expected number but encountered end of stream,32767,"DATA TRUNCATED MULTIPOLYGON (((200000 203340.2, 199994 203336.5, 199987.9 203340.3, 199978.501 203343, 199969.399 203343.5, 199961.9 203342.7, 199942.9 203329.5, 199937.2 203310.8, 199927.9 203307.9, 199920.7 203297.3, 199919.9 203296.999, 199914.9 203298.7, 199912.699 203300.7, 199911.1 203303.4, 1"
W01000579,Pembrokeshire,ParseException: Expected word but encountered end of stream,32767,"DATA TRUNCATED MULTIPOLYGON (((193030.5 228236.5, 193030.434 228236.49, 193008.1 228233.27, 193002 228232.391, 192997.726 228231.528, 192986.203 228229.203, 192971 228225.906, 192941.594 228218.5, 192917.5 228213.906, 192911.431 228212.288, 192910 228211.906, 192902.406 228209.5, 192883.203 228201, "
W01000427,Powys,ParseException: Expected word but encountered end of stream,32767,"DATA TRUNCATED MULTIPOLYGON (((308217.812 273183.594, 308230.069 273176.207, 308266.093 273154.5, 308272.333 273150.334, 308284.812 273142, 308311.906 273119.312, 308321.219 273114.5, 308351.5 273100.719, 308359.313 273095.281, 308366.812 273089.594, 308368.932 273086.967, 308373.594 273081.187, 308"
W01000428,Powys,ParseException: Expected word but encountered end of stream,32767,"DATA TRUNCATED MULTIPOLYGON (((318453.269 303536.524, 318449.172 303533.829, 318440.594 303528.187, 318412.687 303505.406, 318396.406 303502.094, 318393.056 303500.963, 318391.406 303500.406, 318390.992 303500.202, 318380.094 303494.812, 318368.406 303487.188, 318356.539 303482.106, 318354.687 30348"
W01000429,Powys,ParseException: Expected word but encountered end of stream,32767,"DATA TRUNCATED MULTIPOLYGON (((299357.906 289316.906, 299323.999 289383.219, 299329.094 289385.594, 299329.936 289385.868, 299346.687 289391.312, 299414.687 289416.219, 299498.193 289483.355, 299498.219 289483.375, 299497.593 289489.093, 299483.812 289504.5, 299479.113 289510.939, 299478.999 289511."
W01001843,Cardiff,ParseException: Expected number but encountered end of stream,32767,"DATA TRUNCATED MULTIPOLYGON (((321582.164 182190.032, 321582 182192.001, 321580 182204, 321577 182214, 321576 182216, 321576.226 182216.075, 321575.867 182216.42, 321575.752 182216.581, 321575.257 182217.737, 321574.584 182218.194, 321561.054 182227.422, 321560.888 182227.251, 321560.021 182226.367,"
W01000716,Carmarthenshire,ParseException: Expected number but encountered end of stream,32767,"DATA TRUNCATED MULTIPOLYGON (((250177.436 211459.958, 250173.4 211473.074, 250172.978 211474.446, 250172.551 211474.409, 250144 211471.893, 250143.865 211471.881, 250142.074 211471.723, 250140.007 211471.325, 250132.136 211470.368, 250131.606 211470.336, 250128.984 211470.178, 250126.458 211470.379,"
W01000793,Swansea,ParseException: Expected number but encountered end of stream,32767,"DATA TRUNCATED MULTIPOLYGON (((262037.539 199791.968, 262162.682 199796.992, 262180.415 199797.704, 262231.171 199799.742, 262241.783 199800.168, 262256.288 199800.75, 262260.797 199799.628, 262276.366 199795.755, 262281.112 199790.626, 262286.388 199783.559, 262288.299 199780.999, 262295.415 199771"
W01000710,Carmarthenshire,ParseException: Expected word but encountered end of stream,32767,"DATA TRUNCATED MULTIPOLYGON (((239998.901 204970.9, 239996 204965.5, 239994.8 204956.9, 239995.8 204949, 239998.5 204941.2, 239978.6 204916, 239980.4 204911.6, 239993.8 204898, 239999.994 204893.104, 240000 204893.1, 240014.4 204893.7, 240019.9 204895.9, 240025.3 204898.2, 240038.3 204905.3, 240043."
W01000711,Carmarthenshire,ParseException: Expected word but encountered end of stream,32767,"DATA TRUNCATED MULTIPOLYGON (((242983.912 201085.752, 242969.947 201101.105, 242967.475 201103.823, 242955.671 201119.111, 242955.608 201119.203, 242953.329 201122.501, 242917.866 201178.999, 242879.635 201181.78, 242879.271 201181.878, 242879.215 201181.893, 242879.137 201181.979, 242877.905 201183"
W01000719,Carmarthenshire,ParseException: Expected number but encountered end of stream,32767,"DATA TRUNCATED MULTIPOLYGON (((272877.683 213944.621, 272885.508 213942.514, 272886.306 213942.298, 272886.934 213942.064, 272892.187 213940.094, 272902.176 213933.641, 272907.812 213930, 272919.312 213924.109, 272932.116 213919.718, 272938.906 213917.391, 272950.687 213915.391, 272961.391 213910.64"
W01000676,Carmarthenshire,ParseException: Expected word but encountered end of stream,32767,"DATA TRUNCATED MULTIPOLYGON (((263200.867 221211.68, 263193.911 221212.368, 263190.438 221212.713, 263183.473 221213.401, 263163.498 221217.747, 263158.41 221218.664, 263156.245 221219.054, 263153.151 221219.611, 263028.211 221266.235, 263025.462 221267.261, 262981.598 221297.315, 262974.74 221304.2"
W01000674,Carmarthenshire,ParseException: Expected word but encountered end of stream,32767,"DATA TRUNCATED MULTIPOLYGON (((218936.498 220816.715, 218933.609 220805.906, 218928.703 220793.593, 218926.906 220782.703, 218928.109 220771.999, 218927.979 220771.652, 218927.928 220771.517, 218927.725 220770.975, 218926.609 220768, 218920.797 220757.797, 218920.733 220757.464, 218918.391 220745.29"
W01000675,Carmarthenshire,ParseException: Expected word but encountered end of stream,32767,"DATA TRUNCATED MULTIPOLYGON (((248535.297 217629.203, 248521.109 217622.392, 248482.297 217573.203, 248468.754 217556.57, 248459.906 217545.703, 248459.626 217545.367, 248450.891 217534.906, 248449.537 217533.482, 248447.628 217531.473, 248439.797 217523.233, 248438.906 217522.297, 248437.262 217519"
W01000672,Carmarthenshire,ParseException: Expected number but encountered end of stream,32767,"DATA TRUNCATED MULTIPOLYGON (((223907.406 215134.704, 223909.298 215142.39, 223913.797 215149, 223920.849 215153.534, 223921.891 215154.203, 223934.297 215158.297, 223937.806 215159.831, 223938.406 215160.094, 223947.203 215167.094, 223949.703 215175.891, 223949.406 215185.609, 223947.798 215188.702"
W01000673,Carmarthenshire,ParseException: Expected word but encountered end of stream,32767,"DATA TRUNCATED MULTIPOLYGON (((226722.391 209343.094, 226723.112 209341.57, 226723.243 209341.291, 226742.449 209300.594, 226750.797 209282.906, 226753.436 209276.899, 226761.176 209259.28, 226786.297 209202.094, 226787.471 209199.57, 226818.322 209133.175, 226819.703 209130.203, 226827.203 209112.5"
W01000671,Carmarthenshire,ParseException: Expected word but encountered end of stream,32767,"DATA TRUNCATED MULTIPOLYGON (((239897.034 206605.356, 239893.7 206595.6, 239925.1 206578.4, 239916.3 206559.7, 239897.4 206562, 239891.1 206549.7, 239891.4 206536.6, 239896 206528, 239895.2 206525.1, 239886.199 206526.5, 239872.1 206522.2, 239870.9 206511.6, 239874.6 206501.5, 239862.3 206498.3, 239"
W01000678,Carmarthenshire,ParseException: Expected number but encountered end of stream,32767,"DATA TRUNCATED MULTIPOLYGON (((280282.096 234873.794, 280282.664 234872.822, 280287 234865.406, 280289.811 234862.703, 280292.482 234860.588, 280292.594 234860.5, 280292.731 234860.448, 280298.906 234858.109, 280305.349 234858.992, 280305.404 234859, 280309 234860.75, 280312.594 234862.5, 280317.194"
W01001135,Vale of Glamorgan,ParseException: Expected word but encountered end of stream,32767,"DATA TRUNCATED MULTIPOLYGON (((304922.547 174270.259, 304921.626 174268.237, 304922.653 174267.644, 304987.095 174230.391, 304973.575 174188.621, 304973.5 174188.391, 304965.406 174159.5, 304965.542 174158.922, 304982.887 174084.953, 304984.187 174079.406, 304987.425 174066.969, 304992.303 174048.23"
W01001234,Rhondda Cynon Taf,ParseException: Expected number but encountered end of stream,32767,"DATA TRUNCATED MULTIPOLYGON (((306533.617 190642.114, 306534.5 190648.391, 306541.226 190668.274, 306541.25 190668.344, 306541.327 190668.385, 306545.42 190670.605, 306548.884 190672.484, 306549 190672.547, 306549.027 190672.627, 306555.562 190692.25, 306549.382 190694.822, 306535.741 190700.5, 3065"
W01001233,Rhondda Cynon Taf,ParseException: Expected word but encountered end of stream,32767,"DATA TRUNCATED MULTIPOLYGON (((291547.393 202774.862, 291659.812 202758.297, 291842.302 202732.752, 291958.402 202716.5, 292105.5 202694.095, 292207.316 202678.039, 292226.058 202675.084, 292262.327 202669.365, 292297.829 202663.767, 292299.341 202663.529, 292301.406 202663.203, 292309.903 202669.36"
W01000954,Neath Port Talbot,ParseException: Expected word but encountered end of stream,32767,"DATA TRUNCATED MULTIPOLYGON (((281942.421 202142.068, 281941.246 202143.807, 281936.365 202151.045, 281918.187 202178.001, 281905.395 202191.343, 281899.687 202197.297, 281892 202202.25, 281891.116 202202.819, 281888.431 202204.549, 281884.312 202207.203, 281883.268 202207.587, 281878.407 202209.374"
W01000955,Neath Port Talbot,ParseException: Expected word but encountered end of stream,32767,"DATA TRUNCATED MULTIPOLYGON (((273942.889 203118.966, 273943.974 203106.164, 273949.966 203094.654, 273972.552 203051.267, 273986.955 203023.602, 274041.813 203032.522, 274063.023 203035.971, 274064.419 203034.052, 274048.253 202959.512, 274045.324 202941.763, 274043.93 202933.319, 274043.019 202927"
W01000953,Neath Port Talbot,ParseException: Expected number but encountered end of stream,32767,"DATA TRUNCATED MULTIPOLYGON (((280207.877 201084.241, 280205.192 201082.251, 280200.687 201078.906, 280194.32 201073.32, 280189.096 201068.737, 280185.406 201065.5, 280182.19 201061.19, 280178.351 201056.046, 280177.051 201054.303, 280167.564 201041.59, 280156 201026.094, 280155.085 201024.717, 2801"
W01000887,Neath Port Talbot,ParseException: Expected number but encountered end of stream,32767,"DATA TRUNCATED MULTIPOLYGON (((276885.649 200792.223, 276883.75 200787.75, 276879.187 200777, 276879.983 200767.899, 276880 200767.703, 276872.383 200767.139, 276868.269 200766.834, 276862.5 200766.406, 276857.094 200765.5, 276846.5 200762.406, 276836.594 200763.406, 276836.452 200763.398, 276829.16"
W01000383,Wrexham,ParseException: Expected number but encountered end of stream,32767,"DATA TRUNCATED MULTIPOLYGON (((335338.312 351240, 335339.406 351229.687, 335338.312 351216.094, 335336.32 351202.913, 335334.187 351188.812, 335325.812 351195.187, 335325.788 351195.134, 335322.5 351188, 335319.578 351183.89, 335317.812 351181.406, 335317.54 351181.233, 335316.676 351180.683, 335311"
W01000803,Swansea,ParseException: Expected number but encountered end of stream,32767,"DATA TRUNCATED MULTIPOLYGON (((262803.219 201649.086, 262807.245 201650.949, 262810.594 201652.499, 262817.824 201659.459, 262818.5 201660.109, 262818.596 201660.097, 262823.166 201659.491, 262828.406 201658.797, 262845.246 201659.499, 262845.281 201659.5, 262851.5 201659.406, 262863.5 201657.797, 2"
W01000403,Wrexham,ParseException: Expected word but encountered end of stream,32767,"DATA TRUNCATED MULTIPOLYGON (((342160.514 338932.548, 342170.187 338934.094, 342179.75 338935, 342189.312 338935.906, 342213.312 338935.312, 342221.469 338932.13, 342226.687 338930.094, 342227.648 338929.16, 342237.594 338919.501, 342250.273 338910.63, 342250.906 338910.187, 342258.404 338914.439, 3"
W01000482,Powys,ParseException: Expected word but encountered end of stream,32767,"DATA TRUNCATED MULTIPOLYGON (((309073.811 293522.98, 309073.891 293522.454, 309073.959 293522, 309075.906 293509, 309080.312 293496.781, 309085 293486.603, 309085.594 293485.313, 309091.5 293474.812, 309096.406 293467.406, 309102.187 293459.906, 309108.552 293452.348, 309109.187 293451.594, 309114.3"
W01000162,Conwy,ParseException: Expected number but encountered end of stream,32767,"DATA TRUNCATED MULTIPOLYGON (((300063.711 372119.136, 300061.312 372120.187, 300055.362 372121.855, 300044.812 372124.812, 300023.613 372133.113, 300016 372136.094, 300015.214 372136.214, 300005 372137.781, 300000.001 372139.406, 299993.078 372140.156, 299991.906 372140.281, 299989.999 372140.731, 2"
W01000056,Gwynedd,ParseException: Expected number but encountered end of stream,32767,"DATA TRUNCATED MULTIPOLYGON (((266641.454 347617.332, 266641.327 347616.893, 266639.812 347611.688, 266637.324 347604.244, 266636.406 347601.5, 266633.546 347597.51, 266626.594 347587.812, 266592.187 347560, 266461.187 347420.5, 266446.962 347392.025, 266443.403 347384.903, 266431.5 347374.219, 2664"
W01000057,Gwynedd,ParseException: Expected number but encountered end of stream,32767,"DATA TRUNCATED MULTIPOLYGON (((266140.138 323508.753, 266140 323508.5, 266129.5 323458.187, 266120.903 323409.71, 266110.5 323380.687, 266094.324 323327.012, 266094.222 323326.672, 266093.812 323325.312, 266080.906 323278.906, 266070.312 323218.312, 266069.812 323212.187, 266045.406 323189.187, 2659"
W01000054,Gwynedd,ParseException: Expected word but encountered end of stream,32767,"DATA TRUNCATED MULTIPOLYGON (((247614.121 360384.212, 247609.297 360389.812, 247583.594 360356.812, 247571.89 360340.188, 247571.376 360339.457, 247555.5 360316.906, 247545.827 360325.193, 247545.515 360325.46, 247545.209 360325.722, 247540.797 360329.5, 247488.906 360380.094, 247483.499 360374, 247"
W01000307,Flintshire,ParseException: Expected number but encountered end of stream,32767,"DATA TRUNCATED MULTIPOLYGON (((330792.62 360247.031, 330760.442 360219.685, 330738.618 360201.138, 330723.064 360187.918, 330722.097 360187.097, 330714.096 360173.098, 330707.472 360181.248, 330704.5 360184.906, 330702.284 360188.198, 330695.687 360198, 330693.786 360201.371, 330686.094 360215, 3306"
W01000300,Flintshire,ParseException: Expected word but encountered end of stream,32767,"DATA TRUNCATED MULTIPOLYGON (((323007.686 362675.781, 322993.64 362676.442, 322993.313 362676.457, 322968.31 362677.634, 322968.273 362677.636, 322946.607 362678.656, 322946.274 362678.672, 322939.969 362678.969, 322928.482 362682.886, 322924.96 362684.087, 322924.283 362684.318, 322842.392 362712.2"
W01000301,Flintshire,ParseException: Expected number but encountered end of stream,32767,"DATA TRUNCATED MULTIPOLYGON (((320636.867 367562.26, 320636.687 367561.781, 320631.219 367552.187, 320617.094 367540.186, 320616.743 367539.827, 320613.906 367536.906, 320615.253 367535.253, 320633.312 367513.094, 320640.895 367509.431, 320641.594 367509.094, 320644.187 367507, 320644.395 367506.786"
W01000389,Wrexham,ParseException: Expected word but encountered end of stream,32767,"DATA TRUNCATED MULTIPOLYGON (((326789.724 342080.128, 326797.599 342058.298, 326798 342057.187, 326798.429 342055.527, 326803.312 342036.594, 326803.282 342036.572, 326772.6 342015.293, 326746.812 341997.406, 326733.354 341988.33, 326715.812 341976.5, 326684.999 341961.5, 326671.492 341954.89, 32666"
W01000309,Flintshire,ParseException: Expected word but encountered end of stream,32767,"DATA TRUNCATED MULTIPOLYGON (((326676.621 359444.115, 326680.345 359441.542, 326680.406 359441.5, 326683.684 359439.568, 326696.687 359431.906, 326711.78 359426.642, 326720.429 359423.626, 326731.092 359419.906, 326733.785 359420.119, 326739.876 359420.6, 326750.094 359421.406, 326751.36 359421.337,"
W01000556,Pembrokeshire,ParseException: Expected number but encountered end of stream,32767,"DATA TRUNCATED MULTIPOLYGON (((188970.394 222582.428, 188952.991 222562.2, 188932.391 222552.906, 188899.797 222550.312, 188868.757 222529.871, 188864.701 222527.201, 188832 222512.391, 188804.946 222503.405, 188792.906 222499.406, 188763 222491.406, 188759.358 222489.947, 188742.297 222483.109, 188"
W01000557,Pembrokeshire,ParseException: Expected number but encountered end of stream,32767,"DATA TRUNCATED MULTIPOLYGON (((202930.806 205459.901, 202935 205456.7, 202945.6 205445.101, 202966.7 205428.8, 202970.2 205417.901, 202976.2 205410.8, 202985.4 205398.199, 202988.8 205394.5, 203001.401 205387.2, 203001.8 205381.8, 202985.9 205380.9, 202981 205376.9, 202973.2 205369.501, 202969.4 205"
W01000554,Pembrokeshire,ParseException: Expected number but encountered end of stream,32767,"DATA TRUNCATED MULTIPOLYGON (((196453.595 206862.094, 196446.578 206852.232, 196430.906 206830.203, 196429.771 206829.236, 196426.797 206826.703, 196425.907 206825.278, 196424.609 206823.203, 196424.578 206823.08, 196423.609 206819.297, 196423.609 206815.797, 196439.5 206759.406, 196439.917 206757.4"
W01000555,Pembrokeshire,ParseException: Expected word but encountered end of stream,32767,"DATA TRUNCATED MULTIPOLYGON (((189583.878 220193.223, 189582.094 220187.5, 189576.128 220177.294, 189575.609 220176.406, 189574.906 220174.906, 189574.83 220174.748, 189573.797 220172.594, 189572.797 220170.203, 189572.47 220169.321, 189571.906 220167.797, 189571.843 220167.628, 189571 220165.391, 1"
W01000552,Ceredigion,ParseException: Expected word but encountered end of stream,32767,"DATA TRUNCATED MULTIPOLYGON (((262357 276302, 262282.094 276298.406, 262267.5 276284.906, 262262.594 276278.594, 262244.687 276252.812, 262233.55 276233.287, 262229.5 276226.187, 262227.922 276224.153, 262223.687 276218.687, 262217.686 276211.5, 262203.594 276196.906, 262199.395 276197.383, 262192.3"
W01000553,Pembrokeshire,ParseException: Expected number but encountered end of stream,32767,"DATA TRUNCATED MULTIPOLYGON (((214211.188 207271.436, 214213.797 207241.703, 214214.703 207235.203, 214214.7 207235.1, 214214.623 207232.111, 214214.594 207230.999, 214214.562 207230.782, 214214.094 207227.5, 214212.518 207223.254, 214212.5 207223.203, 214210 207218.5, 214199.406 207204.891, 214199."
W01000550,Ceredigion,ParseException: Expected word but encountered end of stream,32767,"DATA TRUNCATED MULTIPOLYGON (((267403.601 263009.894, 267402.107 263016.186, 267396.593 263039.406, 267391.5 263056.187, 267384.5 263068.597, 267384.498 263068.69, 267384.407 263073.406, 267385.284 263085.772, 267386.094 263097.187, 267381.187 263105, 267374.999 263107.75, 267368.811 263110.5, 26736"
W01000551,Ceredigion,ParseException: Expected number but encountered end of stream,32767,"DATA TRUNCATED MULTIPOLYGON (((234081.045 247202, 234082.203 247183.797, 234081.991 247178.93, 234081.594 247169.797, 234080.39 247159.906, 234086.109 247140.999, 234090.701 247133.597, 234091.858 247130.921, 234092.297 247129.903, 234094.391 247122.5, 234094.622 247120.389, 234094.795 247118.786, 2"
W01000558,Pembrokeshire,ParseException: Expected number but encountered end of stream,32767,"DATA TRUNCATED MULTIPOLYGON (((219196.477 243587.664, 219193.7 243589.4, 219190.6 243591.5, 219187.5 243593.5, 219184.5 243595.7, 219181.6 243598, 219179.6 243599.8, 219172.9 243606.3, 219166.4 243613.1, 219164.5 243615.1, 219161.499 243618.3, 219158.6 243621.6, 219158.2 243622, 219157.2 243623.2, 2"
W01000559,Pembrokeshire,ParseException: Expected number but encountered end of stream,32767,"DATA TRUNCATED MULTIPOLYGON (((221069.203 232957.203, 221074.906 232944.906, 221081.797 232933.61, 221098.406 232916.501, 221121.297 232890.5, 221135.609 232875.797, 221137.203 232867.5, 221137.201 232864.191, 221135.297 232849, 221135.303 232848.662, 221135.5 232837.703, 221138 232833.5, 221141.001"
W01000406,Wrexham,ParseException: Expected number but encountered end of stream,32767,"DATA TRUNCATED MULTIPOLYGON (((328922.046 345124.389, 328922.156 345124.437, 328927.844 345126, 328931 345126.687, 328934.031 345127.094, 328937.507 345127.121, 328938 345127.125, 328938.521 345127.033, 328943.123 345126.218, 328947.105 345123.595, 328947.345 345123.437, 328948.188 345122.555, 32894"
W01000487,Powys,ParseException: Expected number but encountered end of stream,32767,"DATA TRUNCATED MULTIPOLYGON (((296432.564 269133.154, 296430.881 269131.988, 296429.906 269131.313, 296429.863 269131.243, 296422.5 269119.5, 296411.992 269106.101, 296390 269125.906, 296365.095 269138.594, 296342 269148.094, 296333.812 269152.875, 296328.687 269156.719, 296322.312 269162.906, 29628"
W01000407,Wrexham,ParseException: Expected word but encountered end of stream,32767,"DATA TRUNCATED MULTIPOLYGON (((329094.055 343669.633, 329095.057 343669.675, 329096.096 343669.709, 329097.116 343663.707, 329099.884 343647.449, 329099.906 343647.312, 329100.197 343646.773, 329103.065 343641.462, 329106.021 343635.984, 329106.464 343635.163, 329109.547 343629.453, 329110.5 343627."
W01000486,Powys,ParseException: Expected number but encountered end of stream,32767,"DATA TRUNCATED MULTIPOLYGON (((331283.786 264012.08, 331273.222 263906.792, 331267.747 263852.222, 331260.95 263842.196, 331243.86 263807.572, 331229.338 263778.149, 331210.947 263740.888, 331195.547 263707.734, 331195.375 263707.364, 331194.81 263706.104, 331174.482 263660.767, 331171.974 263654.76"
W01000404,Wrexham,ParseException: Expected number but encountered end of stream,32767,"DATA TRUNCATED MULTIPOLYGON (((341912.164 340027.163, 341909.19 340038.721, 341909.051 340039.26, 341900.148 340073.863, 341901.445 340075.16, 341903.376 340077.091, 341929.601 340090.002, 341962.687 340104.123, 342001.017 340121.876, 342015.945 340127.121, 342028.857 340131.156, 342033.698 340134.3"
W01000485,Powys,ParseException: Expected number but encountered end of stream,32767,"DATA TRUNCATED MULTIPOLYGON (((331037.735 264957.323, 331035.969 264961.125, 331035.435 264962.125, 331032.77 264967.126, 331031.576 264969.364, 331031.187 264970.094, 331027.906 264974.906, 331020.097 264984.402, 331021.843 264985.796, 331025.385 264988.611, 331027.39 264990.204, 331035.151 264996."
W01000484,Powys,ParseException: Expected number but encountered end of stream,32767,"DATA TRUNCATED MULTIPOLYGON (((320537.5 263825, 320518.812 263850.5, 320504.352 263873.572, 320503.906 263874.281, 320496.187 263892.406, 320493.669 263897.448, 320478.5 263927.811, 320455.812 263969.594, 320425.187 264029.094, 320385.094 264098.812, 320362.812 264143.812, 320332 264201.687, 320314."
W01000408,Wrexham,ParseException: Expected number but encountered end of stream,32767,"DATA TRUNCATED MULTIPOLYGON (((328052.065 345411.317, 328049.031 345412.781, 328046.594 345414.5, 328044.406 345416.406, 328040.687 345419.844, 328038.5 345422.5, 328036.656 345425.438, 328035.415 345428.394, 328035.344 345428.562, 328032.842 345433.288, 328032.812 345433.345, 328032.377 345434.377,"
W01000488,Powys,ParseException: Expected word but encountered end of stream,32767,"DATA TRUNCATED MULTIPOLYGON (((301541.503 297802.405, 301550.001 297799.202, 301620 297772.812, 301638.474 297767.868, 301639.5 297767.594, 301658.445 297756.469, 301768.594 297691.781, 301882.352 297629.094, 301882.493 297629.016, 301942.406 297596, 302034.312 297543.906, 302055.219 297523.094, 302"
W01000656,Carmarthenshire,ParseException: Expected word but encountered end of stream,32767,"DATA TRUNCATED MULTIPOLYGON (((267988.806 212937.547, 267992.001 212919, 268006.187 212909.203, 268007.021 212908.361, 268015.406 212899.891, 268025.954 212887.172, 268027.094 212885.797, 268034 212876.667, 268047.811 212858.406, 268048.705 212856.692, 268051.721 212850.899, 268053.906 212846.702, 2"
W01000650,Carmarthenshire,ParseException: Expected number but encountered end of stream,32767,"DATA TRUNCATED MULTIPOLYGON (((261350.29700000002 240412.703, 261346 240401.094, 261345.01899999997 240392.296, 261344.40600000002 240386.797, 261340.25199999998 240377.402, 261339.5 240375.703, 261337.00199999998 240376.044, 261328.582 240377.192, 261328.5 240377.203, 261324.20299999998 240375.297,"
W01001194,Rhondda Cynon Taf,ParseException: Expected number but encountered end of stream,32767,"DATA TRUNCATED MULTIPOLYGON (((305458.188 183403.133, 305254.21 183459.673, 305253.469 183459.878, 305250.167 183460.951, 305196.685 183420.474, 305145.402 183381.661, 305122.606 183374.807, 305115.586 183372.696, 305115.207 183372.655, 305105.899 183371.642, 305083.347 183369.188, 305082.529 183369"
W01001113,Vale of Glamorgan,ParseException: Expected word but encountered end of stream,32767,"DATA TRUNCATED MULTIPOLYGON (((303555.813 179798.109, 303544.073 179794.17, 303536.999 179791.797, 303536.725 179791.66, 303536.584 179791.591, 303515.059 179780.973, 303514.419 179780.945, 303498.801 179782.253, 303498.281 179782.297, 303478 179788.594, 303467.294 179790.106, 303458.094 179791.406,"
W01001110,Vale of Glamorgan,ParseException: Expected number but encountered end of stream,32767,"DATA TRUNCATED MULTIPOLYGON (((291089.693 169344.693, 291093.7 169336.4, 291105.1 169316.3, 291108.2 169309.4, 291113.3 169301.6, 291116.6 169294.6, 291120.4 169289.4, 291135.2 169262.4, 291142.4 169252, 291150.9 169233.1, 291156.7 169224.8, 291159.8 169219.2, 291161.6 169214.5, 291165 169210.8, 291"
W01001191,Rhondda Cynon Taf,ParseException: Expected word but encountered end of stream,32767,"DATA TRUNCATED MULTIPOLYGON (((303232.85 181521.454, 303245.693 181524.042, 303260.395 181527.004, 303266.812 181528.297, 303272.173 181528.855, 303293.687 181531.094, 303306.573 181531.462, 303321.499 181531.891, 303323.889 181531.7, 303351.5 181529.5, 303375.475 181525.387, 303377.187 181525.094, "
W01001190,Rhondda Cynon Taf,ParseException: Expected number but encountered end of stream,32767,"DATA TRUNCATED MULTIPOLYGON (((299576.515 182431.915, 299579.219 182415.406, 299605.421 182416.361, 299607.806 182416.448, 299609 182416.491, 299614.646 182416.697, 299614.812 182416.702, 299614.94 182416.564, 299620.386 182410.592, 299623.998 182406.631, 299632.594 182397.203, 299632.915 182396.914"
W01001199,Rhondda Cynon Taf,ParseException: Expected word but encountered end of stream,32767,"DATA TRUNCATED MULTIPOLYGON (((307518.376 184881.509, 307509.301 184858.035, 307509.261 184857.754, 307509.216 184857.437, 307509.129 184857.323, 307507.077 184854.631, 307506.165 184853.897, 307504.259 184852.362, 307504.023 184851.976, 307502.884 184850.109, 307502.79 184849.955, 307495.613 184847"
W01001119,Vale of Glamorgan,ParseException: Expected word but encountered end of stream,32767,"DATA TRUNCATED MULTIPOLYGON (((307494.141 166520.52, 307431 166532, 307402.117 166537.035, 307395.025 166538.271, 307394.994 166538.276, 307322 166551, 307310.6 166552.6, 307265 166559, 307237.688 166562.767, 307227.507 166564.171, 307224.004 166564.654, 307207 166567, 307181.038 166569.997, 307168."
W01001327,Caerphilly,ParseException: Expected word but encountered end of stream,32767,"DATA TRUNCATED MULTIPOLYGON (((321672.958 195589.667, 321678.398 195590.842, 321693 195594, 321700 195595, 321705.513 195598.675, 321708.144 195600.429, 321709 195601, 321735.911 195616.979, 321741 195620, 321746.374 195626.568, 321747.127 195627.488, 321750 195631, 321754 195635, 321764.543 195642."
W01001575,Monmouthshire,ParseException: Expected word but encountered end of stream,32767,"DATA TRUNCATED MULTIPOLYGON (((344233.083 208929.553, 344251.204 208903.751, 344268.701 208878.836, 344274.483 208870.605, 344290.311 208848.066, 344301.594 208832, 344306.539 208824.443, 344312.41 208815.47, 344314.812 208811.797, 344318.25 208807.25, 344321.687 208802.703, 344322.217 208801.403, 3"
W01001573,Monmouthshire,ParseException: Expected word but encountered end of stream,32767,"DATA TRUNCATED MULTIPOLYGON (((342464 186869, 342461 186869, 342448.941 186865.29, 342443.097 186865.29, 342443.068 186865.117, 342440.202 186865.29, 342395.746 186867.972, 342376.293 186869.146, 342361.849 186870.018, 342343.667 186871.115, 342341.854 186871.224, 342329 186872, 342323 186874, 34231"
W01001571,Monmouthshire,ParseException: Expected number but encountered end of stream,32767,"DATA TRUNCATED MULTIPOLYGON (((331131.844 215582.157, 331137.5 215562, 331130.312 215527.797, 331129.055 215520.761, 331122.61 215484.681, 331118.594 215462.203, 331115.809 215447.973, 331111.692 215426.911, 331120.593 215429.027, 331155.263 215437.279, 331171.272 215441.089, 331178.481 215442.805, "
W01000933,Neath Port Talbot,ParseException: Expected number but encountered end of stream,32767,"DATA TRUNCATED MULTIPOLYGON (((278410.73 186564.838, 278396.6 186610.5, 278350.835 186747.037, 278350.723 186747.37, 278351.835 186751.531, 278353.634 186757.569, 278354.04 186758.933, 278356.886 186768.489, 278357.434 186771.185, 278366.401 186815.332, 278370.32 186834.626, 278378.728 186873.836, 2"
W01001670,Newport,ParseException: Expected number but encountered end of stream,32767,"DATA TRUNCATED MULTIPOLYGON (((326872.605 189789.023, 326879.771 189794.797, 326890.901 189803.765, 326899.619 189810.79, 326903.288 189813.746, 327017.796 189906.01, 327029.997 189915.841, 327033 189915, 327045.25 189911.5, 327047.75 189910.5, 327053 189907, 327055 189906, 327056.999 189902, 327064"
W01000248,Denbighshire,ParseException: Expected number but encountered end of stream,32767,"DATA TRUNCATED MULTIPOLYGON (((307662.812 370772.097, 307659.5 370757.687, 307651.687 370742.594, 307646.313 370736.187, 307630.5 370719.594, 307608.484 370690.7, 307606.187 370687.687, 307588.5 370665.5, 307584.251 370659.412, 307584.093 370659.189, 307577 370646.687, 307566.999 370631.094, 307564."
W01000536,Ceredigion,ParseException: Expected number but encountered end of stream,32767,"DATA TRUNCATED MULTIPOLYGON (((264269.42 252598.233, 264311.78 252574.90600000002, 264313.906 252564.20299999998, 264325.312 252558.891, 264349.687 252545.09399999998, 264362.328 252542.00699999998, 264364.406 252541.5, 264369.732 252537.88400000002, 264381.781 252529.70299999998, 264397.687 252521."
W01000537,Ceredigion,ParseException: Expected word but encountered end of stream,32767,"DATA TRUNCATED MULTIPOLYGON (((259159.798 250977.5, 259162.59399999998 250944.703, 259166.135 250923.727, 259171.609 250891.297, 259184.924 250868.829, 259199.809 250843.713, 259200.29700000002 250842.891, 259203.83399999997 250833.519, 259208.40600000002 250821.406, 259208.999 250819.318, 259215.90"
W01000534,Ceredigion,ParseException: Expected number but encountered end of stream,32767,"DATA TRUNCATED MULTIPOLYGON (((256146.69400000002 276457.785, 256130.2 276421.2, 256113.40000000002 276390.1, 256085.90000000002 276345.8, 256040 276269.8, 256014.09999999998 276222.5, 255991.09999999998 276174.8, 255980.3 276149.5, 255965.5 276085.6, 255959 276063.3, 255953.2 276046.2, 255901.7 275"
W01000535,Ceredigion,ParseException: Expected word but encountered end of stream,32767,"DATA TRUNCATED MULTIPOLYGON (((256126.499 256332, 256134 256357.59399999998, 256140.61 256367.70299999998, 256160.40600000002 256395.70299999998, 256167.61599999998 256408.44300000003, 256169.79700000002 256412.29700000002, 256174.75 256423.5, 256179.70299999998 256434.70299999998, 256184.5310000000"
W01000532,Ceredigion,ParseException: Expected word but encountered end of stream,32767,"DATA TRUNCATED MULTIPOLYGON (((236238.197 258285.397, 236226.3 258273.09999999998, 236218.2 258266.8, 236214 258264.5, 236202.2 258263.90000000002, 236190 258265.2, 236177.6 258273.09999999998, 236158.8 258280.09999999998, 236135.808 258286.598, 236135.796 258286.59399999998, 236132.162 258286.353, "
W01000531,Ceredigion,ParseException: Expected number but encountered end of stream,32767,"DATA TRUNCATED MULTIPOLYGON (((230257.587 240844.973, 230260.703 240841.203, 230270.074 240829.541, 230297.456 240795.464, 230319.808 240767.65, 230324.109 240762.297, 230333.655 240752.333, 230347.297 240738.094, 230347.528 240738.063, 230356.906 240736.797, 230360.738 240738.633, 230383.797 240749"
W01000538,Ceredigion,ParseException: Expected word but encountered end of stream,32767,"DATA TRUNCATED MULTIPOLYGON (((254920.68 267557.997, 254935.09600000002 267524.905, 254945.575 267521.543, 254961 267516.594, 254983.79700000002 267502, 254994.74699999997 267496.467, 254994.88400000002 267496.397, 255000 267493.812, 255010.29700000002 267489.5, 255014.33299999998 267482.5, 255022.4"
W01000539,Ceredigion,ParseException: Expected number but encountered end of stream,32767,"DATA TRUNCATED MULTIPOLYGON (((252763.97100000002 264721.131, 252746.174 264716.833, 252665.70299999998 264697.406, 252651.109 264694.812, 252584.163 264695.668, 252550.79700000002 264696.094, 252551.499 264693.107, 252551.761 264691.992, 252621.239 264396.286, 252633.40600000002 264344.5, 252632.59"
W01001956,Swansea,ParseException: Expected word but encountered end of stream,32767,"DATA TRUNCATED MULTIPOLYGON (((261070.15899999999 193185.479, 261062.157 193181.169, 261061.988 193181.078, 261060.10700000002 193180.064, 261059.99800000002 193180.005, 261057.20400000003 193178.5, 261054.62800000003 193175.971, 261051.65399999998 193173.05, 261051.36700000003 193172.768, 261049.02"
W01000035,Isle of Anglesey,ParseException: Expected word but encountered end of stream,32767,"DATA TRUNCATED MULTIPOLYGON (((251743.719 379240.463, 251741.109 379240.406, 251720.044 379238.345, 251719.703 379238.312, 251707.607 379237.835, 251701.5 379237.594, 251698.667 379237.667, 251693 379237.812, 251683.166 379239.611, 251677.797 379240.594, 251672.369 379242.325, 251663.007 379245.302,"
W01000032,Isle of Anglesey,ParseException: Expected number but encountered end of stream,32767,"DATA TRUNCATED MULTIPOLYGON (((251451.873 386364.28, 251457.4 386371.1, 251472.4 386376.7, 251485.2 386390, 251487.4 386405.1, 251487.3 386419.8, 251488.7 386429.1, 251490.4 386438.4, 251494.2 386446.1, 251498.399 386453.8, 251529.5 386498.599, 251542.999 386513.2, 251553 386520.7, 251555.2 386538.1"
W01000031,Isle of Anglesey,ParseException: Expected number but encountered end of stream,32767,"DATA TRUNCATED MULTIPOLYGON (((226597.094 394786.391, 226577.5 394788.7, 226552.5 394778.7, 226530.5 394774.3, 226523.8 394771.3, 226520.5 394768.2, 226517.8 394764, 226515.8 394757.7, 226507.9 394753.9, 226508 394750.407, 226510.885 394746.268, 226511.057 394746.022, 226511.7 394745.1, 226517 39474"
W01000038,Isle of Anglesey,ParseException: Expected word but encountered end of stream,32767,"DATA TRUNCATED MULTIPOLYGON (((241715.406 362381.295, 241773.5 362325.2, 241796.5 362307.4, 241891.9 362257.4, 241933.3 362234.5, 241953.1 362222.7, 241988.8 362195.999, 242017 362172.7, 242050.1 362139.5, 242076.5 362116.3, 242115.3 362097.2, 242181.5 362050.5, 242220.9 362019.7, 242232.399 362011."
W01000039,Isle of Anglesey,ParseException: Expected number but encountered end of stream,32767,"DATA TRUNCATED MULTIPOLYGON (((226148.546 378980.872, 226154.3 378984.8, 226164.6 378986.3, 226174.2 378992.801, 226186.2 378997.8, 226196.7 378996.8, 226199.5 378990.2, 226193.7 378989.3, 226185.1 378989.4, 226178.4 378984.3, 226172.3 378977.2, 226152.65 378968.293, 226115.6 378951.5, 226111.9 3789"
W01000247,Denbighshire,ParseException: Expected number but encountered end of stream,32767,"DATA TRUNCATED MULTIPOLYGON (((302214.687 370305, 302214.675 370304.903, 302213.024 370292.171, 302212.789 370290.357, 302212.406 370287.406, 302209 370278.187, 302208.312 370273.906, 302208.105 370269.816, 302208.094 370269.594, 302208.684 370267.506, 302211 370259.312, 302212.687 370248.501, 30221"
W01001161,Rhondda Cynon Taf,ParseException: Expected number but encountered end of stream,32767,"DATA TRUNCATED MULTIPOLYGON (((299200.9 183527.013, 299207.361 183516.513, 299210 183513.355, 299210 183514, 299211 183516, 299213 183517, 299215 183517, 299216 183517, 299218 183516, 299220 183514, 299220 183512, 299220 183509, 299217 183507, 299215.309 183507, 299216.005 183506.168, 299216.863 183"
W01001555,Monmouthshire,ParseException: Expected number but encountered end of stream,32767,"DATA TRUNCATED MULTIPOLYGON (((333289.844 204479.683, 333361.562 204333.673, 333361.598 204333.598, 333354.206 204291.347, 333340.61 204277.008, 333273.998 204206.754, 333178.232 204105.753, 333183.973 204043.54, 333194.477 203929.706, 333196.958 203902.818, 333224 203880, 333229.387 203874.614, 333"
W01000917,Neath Port Talbot,ParseException: Expected word but encountered end of stream,32767,"DATA TRUNCATED MULTIPOLYGON (((271266.298 197169.996, 271264.626 197169.745, 271264.076 197169.662, 271236.871 197165.556, 271231.895 197164.805, 271231.669 197164.771, 271230.451 197164.586, 271226.436 197163.979, 271219.348 197162.91, 271213.84 197162.079, 271211.205 197161.681, 271210.487 197161."
W01000919,Neath Port Talbot,ParseException: Expected number but encountered end of stream,32767,"DATA TRUNCATED MULTIPOLYGON (((274927.656 212565.545, 274927.679 212565.615, 274930 212572.906, 274930.106 212573.382, 274930.124 212573.463, 274930.283 212574.174, 274931.312 212578.797, 274932.5 212591.701, 274933.97 212593.966, 274934.906 212595.407, 274935.241 212595.806, 274941.187 212602.906, "
W01001657,Newport,ParseException: Expected word but encountered end of stream,32767,"DATA TRUNCATED MULTIPOLYGON (((325004.186 181976.89, 325054.993 181929.471, 325059.407 181925.352, 325094.597 181946.298, 325094.642 181946.328, 325121.437 181964, 325151.144 181915.442, 325155.323 181908.611, 325227.36 181790.859, 325192.97 181766.014, 325190.312 181764.094, 325184.687 181759.594, "
W01000124,Conwy,ParseException: Expected word but encountered end of stream,32767,"DATA TRUNCATED MULTIPOLYGON (((273630.5 372922.407, 273630.415 372922.376, 273568.312 372900.406, 273476.834 372867.332, 273469 372864.5, 273180.719 372757.312, 273118.764 372733.571, 272935.906 372663.501, 272911.5 372643, 272895.687 372624.906, 272887.618 372619.596, 272877.595 372613, 272876.385 "
W01000122,Conwy,ParseException: Expected number but encountered end of stream,32767,"DATA TRUNCATED MULTIPOLYGON (((289052.692 371188.686, 289052.675 371188.475, 289052.635 371187.748, 289052.503 371185.299, 289053.406 371180.812, 289054.25 371178.501, 289055.093 371176.187, 289056.978 371173.026, 289058 371171.312, 289060.812 371167.719, 289065.5 371163.594, 289075.906 371144.5, 28"
W01000123,Conwy,ParseException: Expected number but encountered end of stream,32767,"DATA TRUNCATED MULTIPOLYGON (((268528.24 374357.409, 268528.183 374357.566, 268527.934 374358.251, 268527.152 374360.402, 268526.035 374363.473, 268525.594 374364.687, 268525.574 374365.123, 268525.331 374370.356, 268525.219 374372.782, 268525.636 374375.645, 268525.842 374377.061, 268525.906 374377"
W01000121,Conwy,ParseException: Expected number but encountered end of stream,32767,"DATA TRUNCATED MULTIPOLYGON (((267631 354236.5, 267634.687 353827.687, 267600.242 353768.887, 267593.097 353756.693, 267608.594 353706.5, 267600.75 353688.749, 267577.219 353635.5, 267568.641 353613.889, 267565.187 353605.187, 267562.636 353597.305, 267558.906 353585.781, 267554.077 353570.728, 2675"
W01000015,Isle of Anglesey,ParseException: Expected number but encountered end of stream,32767,"DATA TRUNCATED MULTIPOLYGON (((253159.999 371541.714, 253161.49200000003 371541.284, 253160.05800000002 371540.035, 253130.972 371514.885, 253124.45799999998 371509.253, 253124.10600000003 371508.949, 253115.91100000002 371501.864, 253108.73700000002 371495.661, 253104.86599999998 371492.314, 253104"
W01000094,Gwynedd,ParseException: Expected number but encountered end of stream,32767,"DATA TRUNCATED MULTIPOLYGON (((226690.903 340865.93, 226687.001 340860.5, 226691.7 340854.8, 226686.8 340843.5, 226688.501 340837, 226691 340833.8, 226690.5 340828.7, 226691.8 340821.7, 226689.5 340817.6, 226682.7 340821.3, 226664.7 340810.3, 226662.4 340812.2, 226657.9 340818.3, 226652.4 340818.7, "
W01000013,Isle of Anglesey,ParseException: Expected number but encountered end of stream,32767,"DATA TRUNCATED MULTIPOLYGON (((253421.86700000003 373578.668, 253449.5 373534.687, 253455.5 373524, 253455.59100000001 373524.017, 253470.48700000002 373526.66, 253481.90600000002 373528.687, 253493.09399999998 373529.594, 253500.61 373529.749, 253508.20299999998 373529.906, 253523.74 373528.958, 25"
W01000011,Isle of Anglesey,ParseException: Expected number but encountered end of stream,32767,"DATA TRUNCATED MULTIPOLYGON (((255942.39899999998 372098.366, 255943.7 372098.8, 255949.59999999998 372103, 255952.40000000002 372106.5, 255955.3 372111.4, 255956.7 372116, 255956.90000000002 372118.1, 255950.7 372123.599, 255958.8 372142, 255961.90000000002 372144, 255968.09999999998 372146.8, 2559"
W01000018,Isle of Anglesey,ParseException: Expected word but encountered end of stream,32767,"DATA TRUNCATED MULTIPOLYGON (((235519.253 393124.345, 235517.909 393123.508, 235515.799 393122.188, 235516.5 393108.406, 235520.501 393085.687, 235535.5 393047, 235550.498 393008.31, 235548.903 393006.443, 235535.797 392991.094, 235532 392985.687, 235527.391 392976.312, 235524.906 392968.594, 235520"
W01000099,Gwynedd,ParseException: Expected word but encountered end of stream,32767,"DATA TRUNCATED MULTIPOLYGON (((255221.52000000002 363029.177, 255227.79700000002 363022, 255230.84999999998 363019.377, 255247.109 363005.406, 255254.05599999998 363000.597, 255259.70299999998 362996.687, 255275.5 362990.594, 255278.957 362987.441, 255290.609 362976.812, 255293.31900000002 362972.72"
W01000019,Isle of Anglesey,ParseException: Expected word but encountered end of stream,32767,"DATA TRUNCATED MULTIPOLYGON (((250136.598 379987.565, 250142.298 379987, 250156.5 379991.905, 250157.627 379991.921, 250177.891 379992.187, 250211.799 379984.597, 250220.406 380000, 250220.394 380000.088, 250220 380003, 250231.594 380015.312, 250238.194 380013.981, 250242.594 380013.094, 250257.694 "
W01000223,Denbighshire,ParseException: Expected number but encountered end of stream,32767,"DATA TRUNCATED MULTIPOLYGON (((302649.891 378952.584, 302626.64 378967.372, 302625.189 378968.295, 302619.169 378976.931, 302618.864 378977.369, 302622.567 379073.644, 302622.592 379074.298, 302608.839 379090.536, 302623.258 379091.606, 302744.721 379115.442, 302745.511 379116.049, 302794.873 379153"
W01000597,Pembrokeshire,ParseException: Expected number but encountered end of stream,32767,"DATA TRUNCATED MULTIPOLYGON (((204112.522 239884.147, 204098 239882, 204068.6 239875.6, 204048.2 239868.2, 204046.6 239861.6, 204042.8 239852, 204036.4 239847.1, 204028.1 239843.7, 203994.7 239839.9, 203987.5 239841.2, 203980.7 239842.9, 203971.8 239848.2, 203968.5 239851.6, 203963 239859.3, 203951."
W01000596,Pembrokeshire,ParseException: Expected number but encountered end of stream,32767,"DATA TRUNCATED MULTIPOLYGON (((210023.201 213464.393, 210023.013 213464.133, 210022.086 213462.879, 210017 213456.001, 210004.203 213427.797, 210000 213424.203, 209999.811 213424.053, 209995.596 213420.704, 209984.621 213398.531, 209960.5 213349.797, 209944 213315, 209943.919 213314.828, 209936.309 "
W01000593,Pembrokeshire,ParseException: Expected word but encountered end of stream,32767,"DATA TRUNCATED MULTIPOLYGON (((191544.107 208529.988, 191512.203 208519, 191414.903 208484.946, 191276.923 208436.654, 191266.499 208433.006, 191264.56 208432.327, 191234.203 208421.703, 191138.671 208388.94, 191116.703 208381.406, 191101.594 208375.703, 191086.703 208369.5, 191072 208362.703, 19106"
W01000599,Pembrokeshire,ParseException: Expected word but encountered end of stream,32767,"DATA TRUNCATED MULTIPOLYGON (((195933.999 206275.605, 195933.5 206279.203, 195932.703 206286.203, 195924.534 206309.438, 195922.999 206313.798, 195922.994 206313.826, 195921.999 206319, 195921.518 206323.049, 195919.891 206336.704, 195919.962 206342.234, 195921.413 206454.113, 195921.609 206469.203,"
W01000519,Ceredigion,ParseException: Expected word but encountered end of stream,32767,"DATA TRUNCATED MULTIPOLYGON (((224231.256 242519.137, 224231.797 242511.095, 224235.926 242489.681, 224236.499 242486.701, 224241.5 242470.907, 224242.594 242468.541, 224246.594 242459.891, 224251.601 242451.631, 224292.297 242384.5, 224307.5 242353.891, 224316.5 242333.109, 224323.274 242314.983, 2"
W01001937,Ceredigion,ParseException: Expected number but encountered end of stream,32767,"DATA TRUNCATED MULTIPOLYGON (((261634 289835.4, 261626.2 289836.2, 261628.2 290000, 261631.7 290019.2, 261632.5 290034.5, 261630.5 290221.1, 261632.59999999998 290276.9, 261632.59999999998 290310.5, 261631.40000000002 290337.3, 261630.7 290385.3, 261632.59999999998 290429, 261632.59999999998 290438."
W01001934,Ceredigion,ParseException: Expected word but encountered end of stream,32767,"DATA TRUNCATED MULTIPOLYGON (((258640.473 281826.536, 258640.57299999997 281826.533, 258640.631 281826.531, 258644.391 281826.406, 258650.038 281825.802, 258656.689 281825.09, 258666.65999999997 281824.023, 258668.685 281823.806, 258673.288 281823.313, 258674.28399999999 281823.207, 258674.599999999"
W01001932,Gwynedd,ParseException: Expected number but encountered end of stream,32767,"DATA TRUNCATED MULTIPOLYGON (((210859.40000267644 321257.59999680636, 210860.3039967151 321257.65800311486, 210860.4810010448 321257.67100469646, 210862.49999983254 321257.81300102774, 210864.4500036901 321258.3200043646, 210865.50000053097 321258.60000028065, 210866.78499828558 321259.46700253437, "
W01001933,Gwynedd,ParseException: Expected word but encountered end of stream,32767,"DATA TRUNCATED MULTIPOLYGON (((271713.594 305403, 271707.178 305439.007, 271701.906 305468.594, 271699.574 305472.116, 271676.687 305506.687, 271664 305507.25, 271651.312 305507.812, 271612.777 305546.722, 271603.094 305556.5, 271598.86 305560.944, 271582.312 305578.312, 271519.811 305664.812, 27144"
W01001930,Wrexham,ParseException: Expected number but encountered end of stream,32767,"DATA TRUNCATED MULTIPOLYGON (((311080.001 337979.718, 310929.906 338041.406, 310928.205 338040.306, 310926.812 338039.406, 310693.594 337745.687, 310672.784 337725.056, 310672.592 337724.866, 310588.428 337641.42, 310587.403 337640.403, 310510.097 337564.597, 310389.931 337526.512, 310333.094 337508"
W01000476,Powys,ParseException: Expected number but encountered end of stream,32767,"DATA TRUNCATED MULTIPOLYGON (((323010.859 297918.325, 323010.594 297918.812, 322990.031 297943.594, 322989.5 297953.5, 322989.5 298010, 322991.812 298042.906, 322974.812 298157.906, 322971.406 298189.219, 322969.312 298195, 322969.143 298196.009, 322967.812 298203.906, 322968.187 298208.812, 322969."
W01000477,Powys,ParseException: Expected word but encountered end of stream,32767,"DATA TRUNCATED MULTIPOLYGON (((298761.594 278095.781, 298758.187 278101.312, 298756.312 278104.594, 298753.813 278107.594, 298750.312 278110.812, 298735.687 278119.406, 298729.094 278120, 298706.187 278114.406, 298699 278117.312, 298689.187 278125.281, 298675.526 278138.36, 298673.717 278140.091, 29"
W01000474,Powys,ParseException: Expected word but encountered end of stream,32767,"DATA TRUNCATED MULTIPOLYGON (((285394.716 235210.516, 285394.312 235210, 285393.508 235209.278, 285386.407 235202.906, 285382.187 235193.891, 285381 235185.797, 285373.906 235167.5, 285361.687 235147.094, 285348 235143.203, 285339.627 235142.589, 285338.406 235142.5, 285338.199 235142.379, 285331.90"
W01000475,Powys,ParseException: Expected number but encountered end of stream,32767,"DATA TRUNCATED MULTIPOLYGON (((309566 310093, 309567.334 310092.336, 309602.187 310074.999, 309609.744 310070.071, 309610.906 310069.312, 309625.5 310062.094, 309628.839 310059.247, 309634.187 310054.688, 309651 310042.094, 309653.186 310039.379, 309660.812 310029.906, 309666.22 310023.781, 309669.0"
W01000472,Powys,ParseException: Expected number but encountered end of stream,32767,"DATA TRUNCATED MULTIPOLYGON (((301373.54 257690.854, 301358.906 257674, 301358.863 257673.972, 301343.781 257664.29700000002, 301336.5 257661.40600000002, 301313.687 257654.20299999998, 301300.094 257652.391, 301285.519 257652.113, 301284.5 257652.09399999998, 301262.094 257658.484, 301257.076 25766"
W01000470,Powys,ParseException: Expected number but encountered end of stream,32767,"DATA TRUNCATED MULTIPOLYGON (((316030.098 320831.852, 316030.906 320829.5, 316031.13 320829.063, 316032.906 320825.594, 316035 320823.307, 316037.312 320820.781, 316051.854 320812.547, 316056.187 320810.094, 316057.662 320807.512, 316058.812 320805.5, 316059.306 320804.852, 316062 320801.312, 316065"
W01000471,Powys,ParseException: Expected number but encountered end of stream,32767,"DATA TRUNCATED MULTIPOLYGON (((296965.904 249503.5, 296967.806 249509.417, 296970.687 249518.391, 296974.298 249533.439, 296974.312 249533.5, 296973.94 249539.861, 296973.687 249544.203, 296974.094 249547.797, 296974.461 249549.308, 296979.906 249571.703, 296980.465 249582.34, 296980.5 249583, 29698"
W01000726,Carmarthenshire,ParseException: Expected word but encountered end of stream,32767,"DATA TRUNCATED MULTIPOLYGON (((251676.277 202900.152, 251676.5 202895, 251677.594 202879, 251677.094 202862.5, 251674.039 202844.665, 251673.703 202842.703, 251673.343 202841.611, 251670.832 202834, 251670.667 202833.5, 251670.189 202832.048, 251666.297 202820.252, 251664.889 202815.985, 251664.179 "
W01000725,Carmarthenshire,ParseException: Expected number but encountered end of stream,32767,"DATA TRUNCATED MULTIPOLYGON (((261608.267 213424.062, 261582 213425.094, 261569.20299999998 213427.297, 261568.776 213427.2, 261558.59399999998 213424.891, 261553.891 213418.406, 261548.59399999998 213404, 261546.749 213400.583, 261543.40600000002 213394.391, 261543.05 213393.899, 261540.29700000002"
W01000722,Carmarthenshire,ParseException: Expected number but encountered end of stream,32767,"DATA TRUNCATED MULTIPOLYGON (((240007.47 214660.775, 240007.7 214660.2, 240007.5 214659.6, 240007.201 214659, 240006.8 214658.5, 240006.2 214658, 240004.8 214657.3, 240003.1 214656.7, 240000 214655.899, 239999.994 214655.898, 239993.2 214654.5, 239989.9 214650.8, 239984.499 214654.2, 239979 214648.9"
W01000723,Carmarthenshire,ParseException: Expected number but encountered end of stream,32767,"DATA TRUNCATED MULTIPOLYGON (((236422.562 209915.281, 236422.9 209899.2, 236419.8 209856, 236415.699 209827.2, 236410.8 209800.2, 236402.099 209734.4, 236400.1 209729.4, 236395.6 209721, 236393.1 209717.5, 236381.6 209714, 236373 209714, 236368.9 209711.1, 236374.3 209706.9, 236384.9 209695.8, 23638"
W01000720,Carmarthenshire,ParseException: Expected number but encountered end of stream,32767,"DATA TRUNCATED MULTIPOLYGON (((226562.371 218548.567, 226554.139 218543.727, 226553.595 218543.406, 226493.703 218490.594, 226476.5 218477.406, 226454.5 218465.608, 226414.094 218448.499, 226385 218438.109, 226369.25 218428.875, 226364 218425.797, 226354.703 218420.891, 226347.831 218417.503, 226346"
W01000721,Carmarthenshire,ParseException: Expected number but encountered end of stream,32767,"DATA TRUNCATED MULTIPOLYGON (((229454.417 215981.76, 229435.7 215937.329, 229252.194 215501.682, 229251.512 215501.668, 228801.735 215492.229, 228801.54 215492.485, 228578.08 215785.941, 228460.328 215940.577, 228455.466 215969.832, 228455.376 215970.374, 228421.732 215994.574, 228421.644 215994.638"
W01000728,Carmarthenshire,ParseException: Expected word but encountered end of stream,32767,"DATA TRUNCATED MULTIPOLYGON (((229792.023 218022.499, 229802.5 218012.797, 229809.799 218001.202, 229814.094 217996.5, 229839.297 217977.5, 229876 217945.609, 229890.427 217931.968, 229897.798 217925, 229957.797 217960.407, 229986.5 217975.703, 230000 217982.406, 230016.74 217991.154, 230037.11 2180"
W01000617,Pembrokeshire,ParseException: Expected number but encountered end of stream,32767,"DATA TRUNCATED MULTIPOLYGON (((193555.594 231830.793, 193581.5 231827.5, 193619.109 231818.5, 193631.609 231813.703, 193644 231804.44, 193667.203 231787.094, 193674.406 231782.406, 193681.797 231779.203, 193689.406 231776.297, 193719.1 231772.346, 193720.999 231772.094, 193722.037 231772.051, 193737"
W01000696,Carmarthenshire,ParseException: Expected number but encountered end of stream,32767,"DATA TRUNCATED MULTIPOLYGON (((249230.9 215758.508, 249222.891 215759.797, 249223.482 215766.347, 249223.703 215768.797, 249223.109 215777.906, 249206.298 215790.701, 249173.927 215811.392, 249173.857 215811.437, 249144.144 215830.428, 249128.703 215840.298, 249127.793 215842.194, 249120.891 215856."
W01000614,Pembrokeshire,ParseException: Expected word but encountered end of stream,32767,"DATA TRUNCATED MULTIPOLYGON (((146616.3 208836.3, 146625 208841, 146631.101 208851.6, 146642.399 208863.6, 146643.9 208874.6, 146644.1 208882.5, 146639.3 208886.2, 146644.1 208890.4, 146642.7 208891.9, 146641.1 208892.8, 146639 208892, 146628.9 208885.6, 146621.3 208882.7, 146616.3 208881.601, 14661"
W01000695,Carmarthenshire,ParseException: Expected number but encountered end of stream,32767,"DATA TRUNCATED MULTIPOLYGON (((245233.829 206884.329, 245239.203 206884.594, 245274.094 206878.094, 245276.596 206877.445, 245278.155 206877.04, 245279.814 206876.609, 245296.797 206872.203, 245320.702 206869.737, 245323 206869.5, 245326.524 206868.457, 245338.203 206865, 245343.667 206862.263, 2453"
W01000613,Pembrokeshire,ParseException: Expected number but encountered end of stream,32767,"DATA TRUNCATED MULTIPOLYGON (((208033.359 243498.79, 208027 243497.2, 207999.6 243510.9, 207991 243513.4, 207978.3 243513.3, 207972.8 243513.7, 207966.701 243517.8, 207962.4 243517.1, 207952.8 243509.8, 207944.8 243506.1, 207931.5 243510.199, 207908 243523.9, 207897.7 243522.2, 207892.2 243518.2, 20"
W01000610,Pembrokeshire,ParseException: Expected word but encountered end of stream,32767,"DATA TRUNCATED MULTIPOLYGON (((211800.5 200471.5, 211769.608 200510.204, 211767.477 200512.874, 211740.207 200547.038, 211730.82 200558.8, 211730.028 200559.792, 211729.819 200560.054, 211695.096 200603.557, 211670.817 200633.975, 211670.797 200634, 211658.297 200647.609, 211653.788 200653.046, 2116"
W01000611,Pembrokeshire,ParseException: Expected number but encountered end of stream,32767,"DATA TRUNCATED MULTIPOLYGON (((194250.447 219127.126, 194250.496 219125.53, 194250.5 219125.395, 194249 219118.891, 194245.406 219112.5, 194244.328 219111.326, 194243.296 219110.203, 194240.094 219108, 194239.366 219107.667, 194229.405 219103.109, 194206.5 219093.797, 194194.703 219080.391, 194180.2"
W01000690,Carmarthenshire,ParseException: Expected number but encountered end of stream,32767,"DATA TRUNCATED MULTIPOLYGON (((255708.82 201197.956, 255688.58399999997 201214.013, 255688.53000000003 201214.134, 255679.501 201234.199, 255678.71000000002 201235.955, 255678.38199999998 201235.713, 255678.08399999997 201235.492, 255668.96899999998 201229.853, 255668.74699999997 201229.716, 255659."
W01000618,Pembrokeshire,ParseException: Expected word but encountered end of stream,32767,"DATA TRUNCATED MULTIPOLYGON (((180109.485 223956.061, 180108.8 223953, 180110.885 223942.124, 180111.1 223941, 180110.989 223940.443, 180109.5 223933, 180110.217 223929.056, 180110.5 223927.5, 180111.904 223922.167, 180112 223921.8, 180118.8 223910.7, 180123.299 223900.3, 180125.1 223888, 180124.1 2"
W01000699,Carmarthenshire,ParseException: Expected word but encountered end of stream,32767,"DATA TRUNCATED MULTIPOLYGON (((254952.43300000002 211724.746, 254970.956 211736.99, 254904.94199999998 211793.732, 254882.637 211812.286, 254878.238 211815.023, 254876.71000000002 211815.975, 254827.92099999997 211846.337, 254827.90600000002 211846.4, 254826.96500000003 211850.474, 254826.6120000000"
W01001533,Torfaen,ParseException: Expected word but encountered end of stream,32767,"DATA TRUNCATED MULTIPOLYGON (((325273.639 194958.252, 325259.585 194948.764, 325258.593 194948.094, 325251 194941.5, 325228.812 194920.406, 325218.75 194914, 325208.687 194907.594, 325198.312 194896.406, 325189.623 194888.903, 325188.812 194888.203, 325178.5 194882.5, 325147.405 194860.5, 325139.812"
W01001531,Torfaen,ParseException: Expected number but encountered end of stream,32767,"DATA TRUNCATED MULTIPOLYGON (((327280.3 202189.694, 327281.209 202186.121, 327281.463 202185.124, 327281.635 202184.624, 327281.667 202184.533, 327281.814 202184.11, 327282.929 202180.907, 327283 202180.703, 327283.148 202180.377, 327283.375 202179.875, 327284.193 202178.069, 327284.395 202177.62, 3"
W01001636,Newport,ParseException: Expected number but encountered end of stream,32767,"DATA TRUNCATED MULTIPOLYGON (((325865.501 189199.467, 325865.51 189199.787, 325865.824 189211.932, 325865.906 189215.095, 325865.776 189220.113, 325865.742 189221.427, 325865.594 189227.109, 325864.414 189237.148, 325864.372 189237.5, 325863.186 189247.593, 325862.487 189251.212, 325859.12 189268.65"
W01000106,Gwynedd,ParseException: Expected number but encountered end of stream,32767,"DATA TRUNCATED MULTIPOLYGON (((256839.086 338706.578, 256816.375 338730.426, 256816.19900000002 338730.611, 256814.054 338732.863, 256812.403 338734.597, 256806.956 338740.258, 256803.744 338743.596, 256792.548 338755.232, 256788.914 338759.01, 256786.25900000002 338761.769, 256783.162 338764.988, 2"
W01000107,Gwynedd,ParseException: Expected number but encountered end of stream,32767,"DATA TRUNCATED MULTIPOLYGON (((258112.29700000002 344080.686, 258106.09399999998 344078.344, 258096.96899999998 344005.719, 258098.625 343998.25, 258113.984 343958.812, 258125.59399999998 343922.688, 258145.93699999998 343893.656, 258136.81199999998 343871.219, 257989.04700000002 343894.062, 257957."
W01000185,Conwy,ParseException: Expected word but encountered end of stream,32767,"DATA TRUNCATED MULTIPOLYGON (((271671.593 360953.191, 271677.479 360951.974, 271692.812 360948.812, 271717.812 360929.812, 271757.812 360894.406, 271778.5 360865.594, 271829.66 360758.812, 271836.072 360745.427, 271836.187 360745.187, 271850.594 360689.5, 271851.427 360683.634, 271853.906 360666.187"
W01000103,Gwynedd,ParseException: Expected number but encountered end of stream,32767,"DATA TRUNCATED MULTIPOLYGON (((254756.46600000001 369504.385, 254787.148 369521.02, 254795.62800000003 369525.617, 254800.005 369527.99, 254803.03999999998 369529.636, 254804.87099999998 369530.629, 254812.24800000002 369534.628, 254814.445 369535.82, 254824 369541, 254826.92099999997 369542.461, 25"
W01000100,Gwynedd,ParseException: Expected number but encountered end of stream,32767,"DATA TRUNCATED MULTIPOLYGON (((261072.441 339361.978, 261071.89399999997 339388.355, 261071.37 339413.613, 261071.244 339419.756, 261071.22100000002 339420.848, 261070.89299999998 339429.579, 261069.09999999998 339439.312, 261068.98200000002 339439.947, 261136.49099999998 339444.843, 261138.55800000"
W01000101,Gwynedd,ParseException: Expected number but encountered end of stream,32767,"DATA TRUNCATED MULTIPOLYGON (((259741.836 338721.67, 259735.48599999998 338727.296, 259734.685 338728.006, 259727.70299999998 338734.187, 259727.30699999997 338734.506, 259710.402 338748.097, 259710.14500000002 338748.36, 259692.79700000002 338766.094, 259678.43 338778.769, 259677.88900000002 338779"
W01000180,Conwy,ParseException: Expected number but encountered end of stream,32767,"DATA TRUNCATED MULTIPOLYGON (((283256.859 378299.295, 283243.906 378284.406, 283238.654 378276.028, 283235.5 378271, 283234.687 378268.067, 283232.312 378259.5, 283233.406 378246.687, 283233.211 378239.37, 283233.187 378238.5, 283233.393 378237.893, 283235.5 378231.687, 283244.594 378221.812, 283273"
W01000189,Conwy,ParseException: Expected number but encountered end of stream,32767,"DATA TRUNCATED MULTIPOLYGON (((279841.593 354261.405, 279824.094 354233.906, 279818.333 354227, 279816.048 354224.26, 279806.812 354213.186, 279788.406 354205.594, 279785.997 354204.876, 279766.594 354199.094, 279719.774 354182.173, 279713.5 354179.906, 279705.699 354178.094, 279694.71 354175.542, 2"
W01000066,Gwynedd,ParseException: Expected word but encountered end of stream,32767,"DATA TRUNCATED MULTIPOLYGON (((252307.42700000003 338412.052, 252305.70299999998 338378.094, 252304.5 338360, 252303.29700000002 338341.906, 252302.891 338308.094, 252308.653 338294.294, 252310.40600000002 338290.095, 252330.20299999998 338229, 252342.40600000002 338196.406, 252370.109 338114, 25237"
W01000067,Gwynedd,ParseException: Expected word but encountered end of stream,32767,"DATA TRUNCATED MULTIPOLYGON (((271899.484 318776.817, 271891.6 318776.203, 271886.594 318775.812, 271884.744 318775.343, 271872.812 318772.313, 271866.593 318769.006, 271866.406 318768.906, 271856.5 318762.251, 271846.594 318755.594, 271834.501 318749.687, 271825.812 318747, 271823 318745.333, 27182"
W01000060,Gwynedd,ParseException: Expected number but encountered end of stream,32767,"DATA TRUNCATED MULTIPOLYGON (((277022.189 309491.497, 277027.5 309495.312, 277031.394 309496.584, 277036.594 309498.281, 277041.406 309498.687, 277046.5 309498.594, 277064.081 309494.983, 277071.312 309493.498, 277100.812 309491.406, 277115.905 309488.5, 277131.906 309489.687, 277136.062 309490.503,"
W01000354,Wrexham,ParseException: Expected number but encountered end of stream,32767,"DATA TRUNCATED MULTIPOLYGON (((327503.12 342612.438, 327503.584 342610.496, 327456.906 342591.594, 327422.943 342579.867, 327421.6 342579.4, 327422.948 342578.012, 327445.009 342555.296, 327447.906 342552.312, 327465.5 342533.312, 327474.687 342526.5, 327483.712 342520.325, 327484.187 342520, 327485"
W01000206,Denbighshire,ParseException: Expected number but encountered end of stream,32767,"DATA TRUNCATED MULTIPOLYGON (((312091.906 369013.689, 312091.65 369016.526, 312090.312 369031.281, 312088.341 369046.08, 312084.312 369076.312, 312080.674 369094.443, 312076.812 369113.687, 312073 369139.687, 312062.406 369232.406, 312062.224 369234.648, 312053.5 369342, 312044.99 369432.121, 312044"
W01000207,Denbighshire,ParseException: Expected number but encountered end of stream,32767,"DATA TRUNCATED MULTIPOLYGON (((312181.906 353524.781, 312131.675 353549.812, 312126.094 353552.594, 312122.962 353561.6, 312119.306 353572.098, 312067.81 353600.803, 312051.5 353517.499, 312032.594 353450.594, 312032.472 353447.898, 312030.687 353408.406, 312030.6 353408.408, 312028.743 353408.453, "
W01000204,Denbighshire,ParseException: Expected word but encountered end of stream,32767,"DATA TRUNCATED MULTIPOLYGON (((311990.906 360804.687, 311990.925 360804.613, 311996.312 360782.906, 312004.519 360751.244, 312009.094 360733.594, 312016.421 360684.572, 312017.636 360676.438, 312018.687 360669.406, 312020.525 360645.881, 312021.406 360634.594, 312023.906 360611.094, 312032.094 36053"
W01000205,Denbighshire,ParseException: Expected word but encountered end of stream,32767,"DATA TRUNCATED MULTIPOLYGON (((300540.871 335524.045, 300516.019 335197.406, 300501 335000, 300496.276 334937.408, 300492.094 334882, 300488.984 334881.247, 300484.31 334880.116, 300467.691 334876.095, 300452.186 334860.594, 300437.594 334839.812, 300427.884 334827.837, 300423.406 334822.312, 300422"
W01000202,Denbighshire,ParseException: Expected number but encountered end of stream,32767,"DATA TRUNCATED MULTIPOLYGON (((312263.979 355893.064, 312268.5 355899.719, 312290.523 355945.467, 312290.724 355945.885, 312298.809 355962.68, 312300.812 355988.311, 312306.999 356016.597, 312310.406 356049.812, 312308.187 356083, 312301.5 356109.093, 312295.312 356128, 312292.103 356147.349, 312292"
W01000203,Denbighshire,ParseException: Expected number but encountered end of stream,32767,"DATA TRUNCATED MULTIPOLYGON (((316976.097 353055.187, 316989.094 352921.5, 316988.706 352919.617, 316982.5 352889.5, 316977.131 352860.997, 316976.245 352856.292, 316975.091 352850.166, 316974.812 352848.687, 316968.522 352813.895, 316951.312 352718.719, 316950.892 352714.16, 316950.831 352713.497, "
W01000208,Denbighshire,ParseException: Expected word but encountered end of stream,32767,"DATA TRUNCATED MULTIPOLYGON (((317371.312 343681.312, 317391.812 343647, 317418.187 343617.186, 317438.812 343609.5, 317465 343601.219, 317619.094 343579.406, 317641.5 343574.906, 317663.517 343567.234, 317664.187 343567, 317687.313 343555.186, 317689.618 343553.389, 317757.687 343500.312, 317810.5 "
W01000567,Pembrokeshire,ParseException: Expected number but encountered end of stream,32767,"DATA TRUNCATED MULTIPOLYGON (((193918.613 238821.372, 193933 238797.906, 193940.906 238787.5, 193957.109 238771.001, 193963.625 238763.5, 193965.797 238761, 193973.614 238749.828, 193973.795 238749.479, 193959.771 238721.052, 193955.797 238713, 193955.722 238713.044, 193943.406 238720.391, 193938.70"
W01000565,Pembrokeshire,ParseException: Expected number but encountered end of stream,32767,"DATA TRUNCATED MULTIPOLYGON (((195298.144 237417.466, 195301.041 237414.767, 195302.5 237413.406, 195306 237410.001, 195316.016 237400.287, 195319.369 237397.036, 195326.109 237390.5, 195329.955 237386.492, 195335.346 237380.872, 195343.52 237372.351, 195346.931 237368.796, 195347.5 237368.203, 1953"
W01000562,Pembrokeshire,ParseException: Expected word but encountered end of stream,32767,"DATA TRUNCATED MULTIPOLYGON (((201513.653 240067.186, 201504.1 240085, 201489.6 240119.4, 201487.1 240129, 201489.6 240137.1, 201508.4 240158.399, 201512.9 240162, 201516.9 240161.9, 201519 240155.8, 201519.9 240148.7, 201521.5 240144.4, 201526.2 240146.5, 201530.1 240155.1, 201539.3 240164.8, 20153"
W01000563,Pembrokeshire,ParseException: Expected number but encountered end of stream,32767,"DATA TRUNCATED MULTIPOLYGON (((208962.904 204694.395, 208965.499 204683.703, 208966.538 204682.365, 208971.797 204675.594, 208976.355 204673.406, 208980.094 204671.609, 208990.391 204668.297, 209000.312 204661.808, 209001.094 204661.297, 209001.809 204660.974, 209005.507 204659.305, 209006.627 20465"
W01000560,Pembrokeshire,ParseException: Expected word but encountered end of stream,32767,"DATA TRUNCATED MULTIPOLYGON (((217607.374 234012.439, 217605 234016, 217603 234018, 217601 234019, 217596 234023, 217591 234026, 217590.06 234026.94, 217588 234029, 217586 234030, 217581.999 234033.999, 217580 234039, 217578 234042, 217575 234047, 217574 234053, 217572 234058, 217565 234070, 217562 "
W01000561,Pembrokeshire,ParseException: Expected number but encountered end of stream,32767,"DATA TRUNCATED MULTIPOLYGON (((220420.03 233195.904, 220414.809 233201.727, 220414.297 233202.297, 220397.703 233196.5, 220397.5 233190.094, 220397.401 233190.012, 220387.095 233181.501, 220386.732 233181.733, 220377.797 233187.5, 220375.397 233192.454, 220374.891 233193.499, 220360.406 233191.203, "
W01000569,Pembrokeshire,ParseException: Expected number but encountered end of stream,32767,"DATA TRUNCATED MULTIPOLYGON (((194819.779 215923.881, 194803.958 215923.295, 194796 215923, 194791.875 215922.484, 194791.088 215922.385, 194788 215922, 194787.191 215921.944, 194784.122 215921.733, 194782.853 215921.645, 194779.5 215921.414, 194766.504 215920.517, 194761.137 215920.147, 194759 2159"
W01000457,Powys,ParseException: Expected word but encountered end of stream,32767,"DATA TRUNCATED MULTIPOLYGON (((325799.421 317477.343, 325795.634 317473.345, 325794.094 317471.719, 325789.335 317467.506, 325767.406 317448.094, 325717.812 317376.187, 325688.406 317330.906, 325679.632 317318.274, 325679.095 317317.501, 325635.594 317339.594, 325618 317344.187, 325597.013 317357.39"
W01000452,Powys,ParseException: Expected number but encountered end of stream,32767,"DATA TRUNCATED MULTIPOLYGON (((296103.905 302280.596, 296115.806 302281.574, 296125.906 302282.406, 296195.187 302291.812, 296250.815 302300.292, 296282.312 302305.094, 296286.533 302305.69, 296305.967 302308.433, 296345.403 302314, 296406.187 302325.594, 296530 302345.406, 296601.312 302356.5, 2966"
W01000453,Powys,ParseException: Expected number but encountered end of stream,32767,"DATA TRUNCATED MULTIPOLYGON (((305579.719 291769.594, 305579.671 291769.578, 305533.5 291754.594, 305510.187 291746.5, 305504.106 291744.335, 305487.187 291738.312, 305461.746 291728.483, 305441.812 291720.781, 305424.571 291713.513, 305414.313 291709.187, 305397.783 291701.604, 305392.312 291699.09"
W01000450,Powys,ParseException: Expected word but encountered end of stream,32767,"DATA TRUNCATED MULTIPOLYGON (((297864.406 249186.5, 297860.312 249172.703, 297847.5 249152.797, 297842.812 249147.406, 297842.738 249147.443, 297832.594 249152.5, 297828.812 249152.406, 297825.313 249149.789, 297823.87 249130.172, 297823.83 249129.628, 297823.813 249129.391, 297821.812 249116.5, 297"
W01000451,Powys,ParseException: Expected number but encountered end of stream,32767,"DATA TRUNCATED MULTIPOLYGON (((308587.84 265313.996, 308587.094 265299.406, 308588.187 265275.812, 308587.935 265274.38, 308586.406 265265.687, 308581.989 265248.616, 308581.312 265246, 308578.187 265236.5, 308578.033 265236.356, 308567.594 265226.593, 308560.877 265221.405, 308554.811 265216.72, 30"
W01000458,Powys,ParseException: Expected number but encountered end of stream,32767,"DATA TRUNCATED MULTIPOLYGON (((327106.362 317738.225, 327109.648 317741.036, 327110.2 317741.508, 327113 317743.906, 327123.312 317751.719, 327184.187 317802.906, 327207.501 317797, 327213.403 317796, 327234.094 317794, 327242.194 317794.5, 327250.205 317795.302, 327250.312 317795.312, 327269.312 31"
W01000459,Powys,ParseException: Expected number but encountered end of stream,32767,"DATA TRUNCATED MULTIPOLYGON (((306626.313 249890.5, 306618.783 249857.847, 306618.727 249857.603, 306617.687 249853.094, 306608.594 249798.687, 306603.5 249754.5, 306601.943 249745.03, 306587.687 249658.297, 306587.102 249647.29, 306586.219 249630.703, 306584.594 249575.797, 306581.82 249548.189, 30"
W01000700,Carmarthenshire,ParseException: Expected word but encountered end of stream,32767,"DATA TRUNCATED MULTIPOLYGON (((231562.2 212312.7, 231562.8 212311.3, 231596.9 212280.7, 231598.4 212280.1, 231604.7 212281.5, 231633.5 212315, 231635.3 212315.1, 231638.2 212314.2, 231640.4 212312.3, 231641.5 212309.7, 231641.5 212308.1, 231612.1 212277.5, 231610.1 212272.4, 231609.7 212264.9, 23163"
W01000701,Carmarthenshire,ParseException: Expected number but encountered end of stream,32767,"DATA TRUNCATED MULTIPOLYGON (((252966.59499999997 244761.391, 252964.217 244752.108, 252963.24300000002 244748.303, 252956.40600000002 244721.594, 252954.90600000002 244712.203, 252950.499 244666.798, 252948.20299999998 244660.094, 252944.782 244654.527, 252943.59399999998 244652.593, 252921.7970000"
W01000708,Carmarthenshire,ParseException: Expected number but encountered end of stream,32767,"DATA TRUNCATED MULTIPOLYGON (((253203.03000000003 199575.129, 253197.82 199575.709, 253158.32 199580.105, 253156.59600000002 199580.296, 253154.897 199572.375, 253153.403 199565.406, 253140.712 199567.246, 253138.22600000002 199567.606, 253131.08299999998 199568.641, 253087.29700000002 199574.986, 2"
W01000709,Carmarthenshire,ParseException: Expected number but encountered end of stream,32767,"DATA TRUNCATED MULTIPOLYGON (((257826.501 226822.903, 257826.90600000002 226812, 257829.90600000002 226803.297, 257834.20299999998 226798.406, 257846.109 226801.797, 257857.09399999998 226803, 257866.89 226803.101, 257885.913 226803.297, 257900.609 226805.5, 257900.68300000002 226805.498, 257915.403"
W01000665,Carmarthenshire,ParseException: Expected word but encountered end of stream,32767,"DATA TRUNCATED MULTIPOLYGON (((256911.29499999998 206485.693, 256906.391 206484.609, 256898.506 206481.283, 256885.5 206475.797, 256877.90600000002 206466, 256866.5 206435.094, 256859.499 206417.798, 256857.79700000002 206412, 256856.29700000002 206399, 256856.49300000002 206391.843, 256856.70299999"
W01000662,Carmarthenshire,ParseException: Expected number but encountered end of stream,32767,"DATA TRUNCATED MULTIPOLYGON (((246846.153 208062.547, 246838.594 208056.5, 246791.094 208021.203, 246759.371 207995.567, 246754.944 207991.99, 246718.625 207962.64, 246705.594 207952.109, 246571.406 207841.203, 246571.401 207841.101, 246571.28 207838.699, 246569.297 207799.297, 246582.538 207791.207"
W01001128,Vale of Glamorgan,ParseException: Expected number but encountered end of stream,32767,"DATA TRUNCATED MULTIPOLYGON (((290980.825 172991.019, 290980.761 172991.053, 290975.597 172993.795, 290983.194 172968.133, 290984.594 172963.406, 290987.992 172946.685, 290997.094 172901.891, 291001.999 172870.097, 291005.594 172808.797, 291008.187 172774.109, 291013 172744.798, 291014.395 172738.82"
W01001012,Bridgend,ParseException: Expected number but encountered end of stream,32767,"DATA TRUNCATED MULTIPOLYGON (((286654.379 189642.099, 286654.871 189658.228, 286654.936 189660.365, 286654.95 189660.835, 286654.996 189662.362, 286655.059 189664.445, 286655.362 189674.448, 286655.433 189676.816, 286655.444 189677.171, 286656.386 189708.329, 286656.397 189708.71, 286656.406 189709,"
W01001090,Vale of Glamorgan,ParseException: Expected word but encountered end of stream,32767,"DATA TRUNCATED MULTIPOLYGON (((315913.097 172635.202, 315935.316 172664.934, 315939.406 172670.406, 315944.794 172680.964, 315959.351 172709.496, 315961.187 172713.094, 315965.706 172723.62, 315966.815 172726.202, 315989.312 172778.609, 316056.915 172954.038, 316058.406 172957.906, 316060.333 172962"
W01001225,Rhondda Cynon Taf,ParseException: Expected word but encountered end of stream,32767,"DATA TRUNCATED MULTIPOLYGON (((305044.32 181348.64, 305043 181346, 305041 181341, 305041 181336, 305042 181331, 305043 181326, 305046 181321, 305049 181317, 305053.001 181314, 305059 181311, 305064 181309, 305065.84 181309, 305069 181309, 305075 181309, 305077 181310, 305080 181311, 305085 181314, 3"
W01001594,Monmouthshire,ParseException: Expected word but encountered end of stream,32767,"DATA TRUNCATED MULTIPOLYGON (((351772.648 204945.855, 351357.846 205595.514, 351349.874 205602.436, 351235.882 205701.408, 351240 205722, 351272 205899, 351274.693 205913.811, 351278 205932, 351285 205932, 351341 205945, 351362 205948, 351397.574 205955.079, 351558 205987, 351618 205998, 351627.999 "
W01001513,Torfaen,ParseException: Expected number but encountered end of stream,32767,"DATA TRUNCATED MULTIPOLYGON (((329370.746 200283.026, 329376.312 200272.703, 329390.312 200249.203, 329398 200234.5, 329404.99 200217.998, 329405.5 200216.797, 329405.844 200216, 329406.187 200215.203, 329408.889 200209.555, 329409.799 200207.652, 329410.09 200207.045, 329410.392 200206.413, 329414."
W01001590,Monmouthshire,ParseException: Expected number but encountered end of stream,32767,"DATA TRUNCATED MULTIPOLYGON (((347576.59 195563.191, 347572.406 195569.5, 347571.75 195570, 347569.782 195571.5, 347554.186 195577.594, 347548.687 195580.187, 347535.405 195587.797, 347535 195587.833, 347534.187 195587.906, 347527.667 195586.167, 347524.405 195585.299, 347524.192 195585.719, 347523."
W01000946,Neath Port Talbot,ParseException: Expected word but encountered end of stream,32767,"DATA TRUNCATED MULTIPOLYGON (((273708.935 204908.383, 273722.906 204919, 273781.485 204967.61, 273796.903 204980.403, 273797.336 204980.718, 273808.841 204989.067, 273821.595 204998.323, 273823.906 205000, 273825.826 205004.018, 273828.177 205008.937, 273830.5 205013.797, 273833.717 205018.239, 2738"
W01000945,Neath Port Talbot,ParseException: Expected number but encountered end of stream,32767,"DATA TRUNCATED MULTIPOLYGON (((279102.257 197364.345, 279085.812 197386.891, 279077.86 197397.971, 278971.187 197546.61, 278829.687 197754.297, 278829.595 197754.626, 278828.812 197757.407, 278830.406 197774.594, 278830.48 197774.918, 278834.601 197792.954, 278802.906 197784, 278801.297 197783.005, "
W01001478,Blaenau Gwent,ParseException: Expected number but encountered end of stream,32767,"DATA TRUNCATED MULTIPOLYGON (((314492.551 208297.4, 314450.511 208283.852, 314453 208288, 314453 208291, 314453 208296, 314450 208301, 314446.923 208304.847, 314445.999 208306, 314445.225 208306, 314445 208306, 314442 208307, 314439 208306, 314437.468 208303.702, 314437 208303, 314434 208298, 314432"
W01000839,Swansea,ParseException: Expected number but encountered end of stream,32767,"DATA TRUNCATED MULTIPOLYGON (((255279.499 189076.396, 255275.45500000002 189074.805, 255251.20299999998 189065.297, 255225.59399999998 189061.797, 255216.826 189059.039, 255216.70299999998 189059.001, 255212.90600000002 189056, 255209.309 189052.509, 255209.20299999998 189052.405, 255202.798 189043."
W01001727,Cardiff,ParseException: Expected number but encountered end of stream,32767,"DATA TRUNCATED MULTIPOLYGON (((307410.449 180827.671, 307392.909 180828.852, 307389.307 180829.093, 307386.54 180828.927, 307377.346 180828.374, 307374.5 180828.203, 307358.312 180824.906, 307337.612 180822.342, 307330.812 180821.5, 307320.812 180818.094, 307317.875 180816.44, 307317.094 180816, 307"
W01001729,Cardiff,ParseException: Expected word but encountered end of stream,32767,"DATA TRUNCATED MULTIPOLYGON (((310260.925 177894.577, 310266.901 177884.905, 310257.825 177882.787, 310252.312 177881.5, 310273.594 177851.703, 310300.883 177814.571, 310302.459 177812.427, 310304.094 177810.203, 310300.073 177806.038, 310289.312 177794.891, 310312.452 177771.738, 310315.576 177768."
W01000047,Gwynedd,ParseException: Expected word but encountered end of stream,32767,"DATA TRUNCATED MULTIPOLYGON (((240276.969 339641.002, 240275.905 339663.406, 240278 339685.791, 240278.203 339701.187, 240283.906 339719.5, 240286.902 339727.71, 240290.391 339734.312, 240294.203 339740.812, 240308.797 339758.906, 240310.749 339762.25, 240312.703 339765.594, 240313.351 339767.095, 2"
W01000040,Isle of Anglesey,ParseException: Expected word but encountered end of stream,32767,"DATA TRUNCATED MULTIPOLYGON (((224745.72 380551.438, 224733.785 380564.785, 224731.443 380567.403, 224724.737 380574.899, 224698.703 380604, 224698.587 380604.126, 224695.748 380607.207, 224637.703 380670.219, 224583.097 380735.404, 224522.594 380801.781, 224465.181 380868.586, 224465.094 380868.687"
W01000338,Flintshire,ParseException: Expected word but encountered end of stream,32767,"DATA TRUNCATED MULTIPOLYGON (((307804.016 380672.142, 307804.276 380672.235, 307814 380676, 307856.187 380697.906, 307932.594 380717.311, 307970.878 380724.281, 307972.594 380724.594, 308002.594 380731.187, 308004.213 380731.467, 308016 380733.5, 308029.906 380737.719, 308031.128 380738.202, 308034."
W01000339,Flintshire,ParseException: Expected word but encountered end of stream,32767,"DATA TRUNCATED MULTIPOLYGON (((325529.217 360065.413, 325528.063 360065.7, 325527.326 360065.883, 325490.312 360075.094, 325482.675 360076.048, 325482.312 360076.094, 325457.594 360081.187, 325454.306 360081.615, 325433.812 360084.281, 325430.144 360084.281, 325429.406 360084.281, 325426.543 360083."
W01000546,Ceredigion,ParseException: Expected word but encountered end of stream,32767,"DATA TRUNCATED MULTIPOLYGON (((218911.674 245325.16, 218922.428 245325.095, 218922.609 245325.094, 218929.5 245326.5, 218941.094 245330.406, 218953.151 245337.214, 218953.297 245337.297, 218953.3 245337.299, 218961.1 245364, 218951 245379.9, 218950.7 245382.4, 218951 245387.8, 218952 245393, 218953."
W01000547,Ceredigion,ParseException: Expected word but encountered end of stream,32767,"DATA TRUNCATED MULTIPOLYGON (((215901.3 251399.8, 215908.1 251401.7, 215911.6 251402.1, 215915.4 251402, 215924 251399.9, 215939.4 251402.2, 215953.8 251405.3, 215968.499 251408.7, 216003.301 251426.1, 216017.1 251434, 216022.9 251435.8, 216026.6 251436.2, 216029.7 251435.9, 216034.1 251434.7, 21603"
W01000545,Ceredigion,ParseException: Expected number but encountered end of stream,32767,"DATA TRUNCATED MULTIPOLYGON (((228993.054 249190.013, 229008.298 249187.001, 229020.217 249187.112, 229030 249187.203, 229043.104 249186.742, 229044.203 249186.703, 229058.906 249185.594, 229066.724 249184.656, 229068.515 249184.441, 229080.521 249183, 229080.568 249183, 229083.9 249182.6, 229085.99"
W01000542,Ceredigion,ParseException: Expected number but encountered end of stream,32767,"DATA TRUNCATED MULTIPOLYGON (((266814.906 271128.842, 266814.755 271126.656, 266814.282 271119.599, 266809.555 271120.436, 266744.093 271132.094, 266745.779 271135.236, 266749.406 271142, 266755.292 271150.492, 266757.094 271153.094, 266757.348 271154.165, 266758.094 271157.312, 266758.306 271158.87"
W01000543,Ceredigion,ParseException: Expected number but encountered end of stream,32767,"DATA TRUNCATED MULTIPOLYGON (((270230.191 277159.599, 270200.088 277120.469, 270188.812 277105.812, 270180.628 277094.365, 270141.687 277039.906, 270282.594 276946.594, 270309.812 276945.094, 270343.687 276946.312, 270377.855 276945.932, 270380.187 276945.906, 270385.991 276945.348, 270407.5 276943."
W01000541,Ceredigion,ParseException: Expected word but encountered end of stream,32767,"DATA TRUNCATED MULTIPOLYGON (((252954.59399999998 245837.406, 252954.65500000003 245837.497, 252975 245867.703, 252991.891 245891, 253014.5 245919.203, 253017.148 245921.638, 253027.109 245930.797, 253027.761 245931.504, 253033.20299999998 245937.406, 253044.642 245951.532, 253045.90600000002 245953"
W01000548,Ceredigion,ParseException: Expected word but encountered end of stream,32767,"DATA TRUNCATED MULTIPOLYGON (((262281.916 285310.426, 262280.654 285309.183, 262276.268 285304.861, 262275.879 285304.479, 262274.187 285302.812, 262273.753 285301.455, 262269.187 285287.187, 262267.789 285283.887, 262264.312 285275.687, 262251.906 285261.094, 262249.219 285255.594, 262249.5 285199."
W01000549,Ceredigion,ParseException: Expected word but encountered end of stream,32767,"DATA TRUNCATED MULTIPOLYGON (((263501.528 284127.687, 263496.094 284123.187, 263491 284122.094, 263480.812 284111.5, 263438.34 284085.045, 263391.405 284055.812, 263365.5 284036.5, 263339.179 284023.282, 263338.358 284022.87, 263336.812 284022.094, 263321.858 284012.448, 263304.593 284001.312, 26329"
W01000434,Powys,ParseException: Expected number but encountered end of stream,32767,"DATA TRUNCATED MULTIPOLYGON (((327336.194 295656.969, 327327.5 295656.593, 327326.315 295656.467, 327308.812 295654.594, 327295.47 295652.247, 327287.312 295650.812, 327275.593 295648.518, 327275.5 295648.5, 327256.5 295643.031, 327247.5 295639, 327238.501 295634.969, 327230.877 295629.73, 327230.40"
W01000433,Powys,ParseException: Expected number but encountered end of stream,32767,"DATA TRUNCATED MULTIPOLYGON (((300611.503 291037.703, 300617.878 291043.075, 300624.687 291048.812, 300625.842 291049.045, 300630.344 291049.951, 300635.683 291048.443, 300635.812 291048.406, 300640.275 291043.371, 300646.281 291036.594, 300650 291029.187, 300650.027 291029.058, 300651.094 291024, 3"
W01000430,Powys,ParseException: Expected number but encountered end of stream,32767,"DATA TRUNCATED MULTIPOLYGON (((313118.186 234313.22, 313119.906 234314.891, 313123.312 234317.297, 313123.599 234317.44, 313126.5 234318.891, 313151.53 234327.01, 313158 234329.109, 313159.137 234329.272, 313161.5 234329.609, 313166.5 234329.856, 313169.338 234329.997, 313169.406 234330, 313182.687 "
W01000438,Powys,ParseException: Expected number but encountered end of stream,32767,"DATA TRUNCATED MULTIPOLYGON (((302852.462 257566.936, 302850.906 257567, 302835.687 257570.5, 302822.846 257578.613, 302822.406 257578.891, 302821.39 257580.12099999998, 302811.906 257591.609, 302803.437 257598.65600000002, 302795.812 257605, 302787.217 257609.41100000002, 302784.308 257610.90399999"
W01000439,Powys,ParseException: Expected number but encountered end of stream,32767,"DATA TRUNCATED MULTIPOLYGON (((314674.372 292835.522, 314676.094 292828.812, 314695.906 292823.906, 314699.687 292827, 314702.793 292828.448, 314702.906 292828.501, 314706.403 292829, 314709.687 292828.5, 314712.389 292827.29, 314712.674 292827.162, 314712.732 292827.04, 314715.942 292820.302, 31471"
W01000646,Carmarthenshire,ParseException: Expected number but encountered end of stream,32767,"DATA TRUNCATED MULTIPOLYGON (((227102.114 237100.509, 227102.797 237096.297, 227102.794 237096.236, 227100.797 237051.5, 227101.08 237050.927, 227104.797 237043.391, 227113.703 237038.297, 227124.227 237036.015, 227124.298 237036, 227127.594 237034.703, 227130.096 237033.213, 227130.297 237033.094, "
W01000647,Carmarthenshire,ParseException: Expected word but encountered end of stream,32767,"DATA TRUNCATED MULTIPOLYGON (((269554.999 235791.906, 269552.719 235813.203, 269547.406 235825.312, 269541.594 235833.906, 269539.406 235838.094, 269537.187 235843.797, 269533.854 235857.019, 269532.094 235864, 269531.363 235865.625, 269527.187 235874.906, 269514.31 235881.796, 269513.831 235881.659"
W01000648,Carmarthenshire,ParseException: Expected number but encountered end of stream,32767,"DATA TRUNCATED MULTIPOLYGON (((238448.366 227242.455, 238447.5 227241.297, 238440.561 227229.885, 238440.203 227229.297, 238423.406 227199.406, 238413.109 227166.703, 238412.406 227151.594, 238410.703 227136.5, 238411.329 227134.074, 238412.094 227131.109, 238418 227115, 238422.297 227109.094, 23842"
W01000649,Carmarthenshire,ParseException: Expected number but encountered end of stream,32767,"DATA TRUNCATED MULTIPOLYGON (((242202.271 225853.041, 242197.502 225849.608, 242086.891 225770, 242052.944 225817.662, 242050.5 225821.094, 242034.938 225863.996, 242029.094 225880.109, 242056.369 225895.475, 242060.078 225897.564, 242066.703 225901.297, 242072.498 225903.262, 242077.903 225905.096,"
W01001107,Vale of Glamorgan,ParseException: Expected word but encountered end of stream,32767,"DATA TRUNCATED MULTIPOLYGON (((297281.073 168752.691, 297281.754 168752.546, 297281.889 168752.517, 297299.68 168745.124, 297301.328 168744.285, 297301.929 168743.979, 297302.413 168743.637, 297311.24 168737.399, 297314.88 168734.336, 297315.6 168733.73, 297321.12 168730.755, 297323.851 168729.282, "
W01001287,Rhondda Cynon Taf,ParseException: Expected number but encountered end of stream,32767,"DATA TRUNCATED MULTIPOLYGON (((297817 194955, 297815 194947, 297802.54 194946.196, 297793.144 194945.59, 297790 194945.387, 297784 194945, 297783.473 194945, 297778.667 194945, 297777.801 194945, 297770.597 194945, 297768.636 194945, 297769.431 194944.127, 297768.868 194943.526, 297765.308 194940.22"
W01001566,Monmouthshire,ParseException: Expected number but encountered end of stream,32767,"DATA TRUNCATED MULTIPOLYGON (((336027.405 215054.799, 336024.406 215063.094, 336018 215074.812, 336008.812 215082.906, 336000.617 215093.81, 335999.5 215095.297, 335993.906 215101.891, 335975 215122.093, 335967.5 215137.297, 335948.578 215138.787, 335940.906 215134.891, 335936.812 215136.391, 335928"
W01001567,Monmouthshire,ParseException: Expected number but encountered end of stream,32767,"DATA TRUNCATED MULTIPOLYGON (((332953.193 206869.017, 332955.735 206869.381, 332970.501 206871.5, 332974.594 206871.701, 332975.649 206860.918, 332977.812 206838.797, 332978.748 206835.978, 332985.812 206814.703, 332995.311 206807.297, 333005.094 206802.109, 333014.406 206795.312, 333017.682 206783."
W01001564,Monmouthshire,ParseException: Expected word but encountered end of stream,32767,"DATA TRUNCATED MULTIPOLYGON (((327600.498 209189.08, 327711.687 209030.312, 327760.929 208960.613, 327852.89 208830.444, 328093.404 208489.998, 328132.299 208431.373, 328184.094 208353.297, 328207.095 208316.498, 328208.5 208314.25, 328210.258 208311.438, 328222.864 208291.269, 328232.906 208275.203"
W01001565,Monmouthshire,ParseException: Expected word but encountered end of stream,32767,"DATA TRUNCATED MULTIPOLYGON (((338771.001 193845.298, 338785.812 193869.109, 338795.312 193867.391, 338821.187 193854.594, 338827.881 193852.433, 338828.594 193852.203, 338836.094 193851.703, 338838.25 193852.5, 338840.405 193853.297, 338845.406 193856, 338853.487 193866.068, 338862.5 193877.297, 33"
W01001562,Monmouthshire,ParseException: Expected word but encountered end of stream,32767,"DATA TRUNCATED MULTIPOLYGON (((322697.798 213890.977, 322704.198 213933.038, 322739.731 213998.877, 322749.305 214013.519, 322757.497 214026.049, 322788.297 214049.895, 322789.805 214051.062, 322789.894 214051.131, 322810.795 214065.762, 322810.967 214066.5, 322818.111 214097.113, 322828.562 214101."
W01001560,Monmouthshire,ParseException: Expected number but encountered end of stream,32767,"DATA TRUNCATED MULTIPOLYGON (((336301.986 199217.9, 336308.406 199214.609, 336311.312 199215.609, 336313.555 199217.603, 336313.565 199217.631, 336313.999 199220.942, 336314.238 199222.763, 336314.272 199223.019, 336315.215 199230.212, 336324.5 199233.047, 336327.219 199230.781, 336327.312 199230.70"
W01001568,Monmouthshire,ParseException: Expected number but encountered end of stream,32767,"DATA TRUNCATED MULTIPOLYGON (((339643.312 220616.891, 339618.906 220644.906, 339607.927 220658.576, 339598.187 220670.703, 339585.138 220692.428, 339566.719 220723.094, 339566.143 220724.638, 339566.021 220724.966, 339555.195 220754.028, 339552.308 220761.784, 339550.418 220766.87, 339549.7 220768.8"
W01000923,Neath Port Talbot,ParseException: Expected word but encountered end of stream,32767,"DATA TRUNCATED MULTIPOLYGON (((272994.939 198180.111, 272995.11 198181.223, 272996 198187, 272998.163 198201.598, 272999.4 198209.952, 272999.928 198213.516, 273000 198214, 273000.31 198216.328, 273002 198229, 273002.311 198230.659, 273004.539 198242.543, 273005.783 198249.18, 273006.47 198252.842, "
W01000027,Isle of Anglesey,ParseException: Expected number but encountered end of stream,32767,"DATA TRUNCATED MULTIPOLYGON (((249362.004 371436.544, 249350.406 371426.312, 249292.297 371380.906, 249283.659 371372.516, 249280.853 371369.789, 249261.703 371351.187, 249255.5 371343, 249238 371325, 249232.703 371320.812, 249216.906 371309.812, 249213.931 371307.227, 249206.406 371300.687, 249203."
W01000024,Isle of Anglesey,ParseException: Expected word but encountered end of stream,32767,"DATA TRUNCATED MULTIPOLYGON (((232439.062 377845.449, 232437.718 377858.907, 232435.379 377882.334, 232435 377886.126, 232434.142 377894.72, 232433.306 377903.086, 232432.907 377907.094, 232419.598 377964.816, 232419.588 377964.855, 232417.781 377972.694, 232401.196 378044.621, 232393.594 378077.593"
W01000025,Isle of Anglesey,ParseException: Expected number but encountered end of stream,32767,"DATA TRUNCATED MULTIPOLYGON (((249882.8 371920.313, 249890.798 371921.999, 249891.847 371921.881, 249909.297 371919.906, 249914.094 371920.312, 249915.268 371921.086, 249923.906 371926.78, 249928.5 371929.281, 249959.001 371944, 249975.109 371958.094, 249979.5 371960.5, 249984 371960.594, 249989.492"
W01000022,Isle of Anglesey,ParseException: Expected number but encountered end of stream,32767,"DATA TRUNCATED MULTIPOLYGON (((229476.3 382716.00049999997, 229473.8 382663.5, 229439.1 382478.3, 229437.7 382471.9, 229428.9 382442.901, 229410.7 382394, 229398.8 382358, 229390.801 382339, 229382.4 382326.9, 229374.899 382318.5, 229363.3 382308.9, 229355 382303.3, 229340.7 382291.7, 229336.2 38228"
W01000023,Isle of Anglesey,ParseException: Expected number but encountered end of stream,32767,"DATA TRUNCATED MULTIPOLYGON (((233603.273 377655.036, 233619.761 377634.55, 233620.203 377634, 233667.249 377593.148, 233678 377583.812, 233696.797 377566.906, 233714.403 377550.406, 233733.609 377532.406, 233751.703 377514.312, 233756.443 377507.387, 233772.734 377483.581, 233773.018 377483.228, 23"
W01000020,Isle of Anglesey,ParseException: Expected number but encountered end of stream,32767,"DATA TRUNCATED MULTIPOLYGON (((246685.297 384252.813, 246681.797 384268, 246677.797 384289.687, 246672.097 384296.403, 246650.297 384319.094, 246643.703 384327.187, 246630.464 384340.133, 246621.907 384348.5, 246607.806 384359.54, 246603.906 384362.594, 246599.571 384365.276, 246587.392 384372.811, "
W01000021,Isle of Anglesey,ParseException: Expected word but encountered end of stream,32767,"DATA TRUNCATED MULTIPOLYGON (((242724.361 389620.888, 242707.703 389613.906, 242699.403 389611.079, 242687.703 389607.097, 242684.406 389620.406, 242659.905 389628.812, 242652.008 389633.224, 242646.703 389636.187, 242644.922 389637.829, 242644.296 389638.406, 242641.847 389641.121, 242638.797 38964"
W01000028,Isle of Anglesey,ParseException: Expected number but encountered end of stream,32767,"DATA TRUNCATED MULTIPOLYGON (((233584.397 384015.537, 233560.797 384009.812, 233545.534 384004.293, 233532.797 383999.687, 233515.373 383989.215, 233508.201 383984.904, 233492.594 383956.594, 233489.931 383947.259, 233483.297 383924, 233482.472 383921.918, 233472.796 383897.5, 233466.703 383867.687,"
W01000394,Wrexham,ParseException: Expected number but encountered end of stream,32767,"DATA TRUNCATED MULTIPOLYGON (((336894.109 346744.384, 336630.127 347093.177, 336629.622 347093.157, 336371.064 347083.068, 336308.75 347077.092, 336299 347087.123, 336295.694 347090.525, 336250.747 347136.768, 336235.626 347151.799, 336202.707 347182.905, 336195.15 347190.045, 336147.624 347229.537,"
W01000310,Flintshire,ParseException: Expected number but encountered end of stream,32767,"DATA TRUNCATED MULTIPOLYGON (((330284.372 355298.024, 330282.906 355300.781, 330281.843 355305.906, 330282.65 355307.183, 330285.812 355312.187, 330289.825 355315.673, 330290.041 355315.861, 330290.094 355315.906, 330297.787 355314.45, 330301.812 355313.687, 330326.16 355309.944, 330326.198 355309.9"
W01000398,Wrexham,ParseException: Expected word but encountered end of stream,32767,"DATA TRUNCATED MULTIPOLYGON (((327534 352512, 327531 352515, 327517.695 352523.87, 327510 352529, 327450.956 352566.574, 327444 352571, 327419 352585, 327399 352595, 327387 352602, 327366 352615, 327353.239 352623.506, 327351.89 352624.406, 327344.572 352557.9, 327344.562 352557.811, 327354.959 3525"
W01000275,Flintshire,ParseException: Expected word but encountered end of stream,32767,"DATA TRUNCATED MULTIPOLYGON (((328566.913 370109.912, 328567.796 370110.552, 328569.37 370111.691, 328570.227 370112.312, 328570.798 370112.861, 328574.604 370115.046, 328575.208 370115.559, 328583.969 370123.017, 328584.961 370123.862, 328591.294 370132.853, 328591.622 370133.319, 328593.154 370138"
W01000272,Flintshire,ParseException: Expected number but encountered end of stream,32767,"DATA TRUNCATED MULTIPOLYGON (((317759.808 369427.597, 317758.293 369428.558, 317758.013 369428.736, 317753.442 369431.637, 317751.594 369432.812, 317746.406 369435.312, 317738.505 369438.537, 317715.095 369448.094, 317702.781 369455.5, 317698.723 369458.504, 317697.401 369459.483, 317694 369462, 317"
W01000270,Flintshire,ParseException: Expected word but encountered end of stream,32767,"DATA TRUNCATED MULTIPOLYGON (((316049.224 373684.728, 316046.5 373686.094, 316046.515 373686.135, 316046.765 373686.841, 316071.406 373756.406, 316072.087 373758.878, 316075.988 373773.051, 316076 373773.093, 316070.875 373794.975, 316070.094 373798.312, 316069.594 373799.812, 316062 373822.594, 316"
W01000524,Ceredigion,ParseException: Expected word but encountered end of stream,32767,"DATA TRUNCATED MULTIPOLYGON (((243965.045 259151.189, 243968.824 259147.64, 243969.403 259147.097, 243977.391 259143, 243989.094 259126.29700000002, 244005.768 259115.42099999997, 244012.999 259110.70299999998, 244034.203 259098.001, 244040.903 259090.814, 244046.702 259084.59499999997, 244048.702 2"
W01000522,Ceredigion,ParseException: Expected word but encountered end of stream,32767,"DATA TRUNCATED MULTIPOLYGON (((240436.433 248569.698, 240425.703 248566.203, 240386.895 248551.799, 240306 248517.906, 240192.298 248471.812, 240174.297 248463.297, 240153.703 248456.406, 240139.001 248453.196, 240122.5 248449.594, 240061.249 248434.25, 240000 248418.906, 239927.786 248398.628, 2399"
W01000523,Ceredigion,ParseException: Expected word but encountered end of stream,32767,"DATA TRUNCATED MULTIPOLYGON (((264727.192 290780.5, 264638.594 290752.312, 264505 290708.406, 264498.632 290706.423, 264388.406 290672.094, 264286.812 290639.5, 264300.22 290608.72, 264307.219 290590.812, 264326.906 290558.312, 264331.406 290552, 264344 290511.312, 264347.812 290505.187, 264349.812 "
W01000528,Ceredigion,ParseException: Expected number but encountered end of stream,32767,"DATA TRUNCATED MULTIPOLYGON (((255558.412 248971.502, 255647.89 248857.414, 255650.09399999998 248854.603, 255763.59399999998 248709.891, 255766.75 248706.096, 255768.348 248704.174, 255774.38900000002 248696.906, 255741.59600000002 248699, 255731.70299999998 248698.406, 255720.501 248698.703, 25570"
W01000529,Ceredigion,ParseException: Expected word but encountered end of stream,32767,"DATA TRUNCATED MULTIPOLYGON (((245771.101 250914.291, 245773.796 250900.094, 245777.456 250892.413, 245781.251 250884.445, 245799.148 250846.884, 245806 250832.5, 245818.907 250810.703, 245825.177 250802.015, 245826.203 250800.594, 245842.586 250788.845, 245855.201 250779.798, 245868.837 250770.276,"
W01001542,Monmouthshire,ParseException: Expected word but encountered end of stream,32767,"DATA TRUNCATED MULTIPOLYGON (((349359.166 191300.821, 349364.187 191326.203, 349365.559 191333.778, 349366.812 191340.703, 349370.007 191393.001, 349371.406 191415.891, 349371.557 191420.252, 349372 191433.04, 349373.457 191475.123, 349373.47 191475.494, 349373.812 191485.391, 349370 191538.43, 3493"
W01001541,Torfaen,ParseException: Expected word but encountered end of stream,32767,"DATA TRUNCATED MULTIPOLYGON (((326197.366 201040.235, 326196.882 201039.981, 326186.594 201034.5, 326175.493 201028.617, 326142.812 201011.297, 326111.812 200992.797, 326102.26 200987.042, 326101.892 200986.819, 326100.687 200986.094, 326098.544 200984.775, 326091.523 200980.455, 326073.259 200969.2"
W01001548,Monmouthshire,ParseException: Expected word but encountered end of stream,32767,"DATA TRUNCATED MULTIPOLYGON (((327742.893 220653.448, 327742.336 220653.714, 327729.687 220659.703, 327690.686 220683.297, 327676 220695, 327668.187 220699.906, 327657.312 220704.406, 327651.906 220705.609, 327624.5 220707.406, 327613.293 220707.014, 327612.902 220707.001, 327612.452 220706.965, 327"
W01001549,Monmouthshire,ParseException: Expected number but encountered end of stream,32767,"DATA TRUNCATED MULTIPOLYGON (((345012.906 203427.299, 345012.102 203430.847, 345010.187 203439.297, 345007.594 203454.594, 345006.75 203458.25, 345005.906 203461.906, 345003.499 203468.201, 345003.466 203468.307, 345000 203478.797, 344987.9 203512.978, 344987.5 203514.109, 344982.406 203529, 344967."
W01000494,Powys,ParseException: Expected word but encountered end of stream,32767,"DATA TRUNCATED MULTIPOLYGON (((314296.18 234303.202, 314286.403 234303.202, 314286.308 234303.152, 314286.108 234303.049, 314285.775 234302.877, 314272.687 234296.11, 314258.533 234286.938, 314256 234285.297, 314240.906 234276.391, 314220.812 234252.797, 314218.11 234250.776, 314217.594 234250.391, "
W01000412,Wrexham,ParseException: Expected number but encountered end of stream,32767,"DATA TRUNCATED MULTIPOLYGON (((328817.746 346511.87, 328815.961 346509.6, 328804.746 346495.325, 328798.887 346487.867, 328795.456 346484.264, 328823.087 346460.138, 328823.254 346460.025, 328830.032 346455.413, 328831.978 346454.089, 328841.357 346449.936, 328843.472 346449.423, 328847.052 346448.5"
W01000410,Wrexham,ParseException: Expected word but encountered end of stream,32767,"DATA TRUNCATED MULTIPOLYGON (((329404.957 346551.44, 329398.669 346543.26, 329398.483 346543.017, 329396.325 346541.416, 329394.042 346540.509, 329393.741 346540.39, 329392.293 346539.815, 329333.339 346530.052, 329332.618 346529.355, 329287.314 346485.562, 329289 346484.999, 329292 346482.001, 3292"
W01000411,Wrexham,ParseException: Expected number but encountered end of stream,32767,"DATA TRUNCATED MULTIPOLYGON (((328795.456 346484.264, 328798.887 346487.867, 328804.746 346495.325, 328815.961 346509.6, 328817.746 346511.87, 328819.921 346514.638, 328826.493 346524.995, 328829 346527, 328832.042 346530.042, 328834 346532, 328834.75 346533.5, 328836 346536, 328836.093 346536.326, "
W01000418,Wrexham,ParseException: Expected word but encountered end of stream,32767,"DATA TRUNCATED MULTIPOLYGON (((336591.18 357115.505, 336605.087 357118.131, 336609.965 357118.003, 336626.198 357117.576, 336641.198 357113.687, 336652.303 357108.801, 336655.034 357107.599, 336655.312 357108.27, 336656.026 357109.995, 336656.609 357110.853, 336661.572 357137.986, 336661.752 357138."
W01000498,Powys,ParseException: Expected number but encountered end of stream,32767,"DATA TRUNCATED MULTIPOLYGON (((320959.258 307163.572, 320958.312 307163.312, 320953.577 307162.273, 320944.5 307160.281, 320914.518 307152.19, 320885.327 307144.312, 320871.92 307140.694, 320870.553 307140.325, 320836.812 307131.219, 320825.102 307127.941, 320743.992 307105.233, 320717.194 307097.72"
W01000776,Swansea,ParseException: Expected number but encountered end of stream,32767,"DATA TRUNCATED MULTIPOLYGON (((245704.37 196683.526, 245682.501 196674.8, 245592.2 196650.4, 245402.6 196591.6, 245267.7 196574.4, 245092.2 196598.7, 245017.2 196613.9, 244985.8 196624.1, 244942.1 196634.2, 244906.6 196653.5, 244879.3 196662.6, 244828.6 196670.7, 244794.1 196680.9, 244764.7 196694.0"
W01000775,Swansea,ParseException: Expected number but encountered end of stream,32767,"DATA TRUNCATED MULTIPOLYGON (((238573.893 187740.2, 238536.2 187740.2, 238517.4 187740.7, 238510.099 187741.3, 238493.501 187743.6, 238481.6 187743.7, 238469.7 187744.6, 238457.9 187742.7, 238438.4 187734.199, 238419.401 187736.3, 238394 187737.4, 238383.101 187739.6, 238371.5 187738.6, 238367.4 187"
W01000772,Swansea,ParseException: Expected number but encountered end of stream,32767,"DATA TRUNCATED MULTIPOLYGON (((255696.463 194627.799, 255689 194582.597, 255686.90600000002 194559.391, 255685.586 194547.955, 255681.69799999997 194514.286, 255681.65399999998 194513.907, 255679.912 194498.822, 255679.26 194493.179, 255678.50400000002 194486.587, 255691.40600000002 194466.906, 2556"
W01000622,Pembrokeshire,ParseException: Expected word but encountered end of stream,32767,"DATA TRUNCATED MULTIPOLYGON (((185711.202 212979.822, 185711.4 212965.7, 185704.5 212952.3, 185691.5 212942.601, 185680.6 212936.5, 185674.4 212929.9, 185648.4 212930.7, 185644 212941.3, 185636 212953.3, 185628.5 212961.6, 185626.4 212965.5, 185624.9 212969.4, 185623.5 212977.3, 185616.9 212982.8, 1"
W01000623,Pembrokeshire,ParseException: Expected word but encountered end of stream,32767,"DATA TRUNCATED MULTIPOLYGON (((200135.703 221002.096, 200124.5 220999, 200115.203 220995.906, 200109.207 220995.342, 200102.406 220994.703, 200102.361 220994.706, 200090.095 220995.406, 200085.701 221002.798, 200076.094 221008.797, 200059.906 221008.594, 200033.906 220996.094, 200020.408 220989.959,"
W01000621,Pembrokeshire,ParseException: Expected word but encountered end of stream,32767,"DATA TRUNCATED MULTIPOLYGON (((211839.298 200378.251, 211847.203 200365.297, 211861.406 200330.297, 211863.919 200322.347, 211864.095 200321.797, 211865.956 200318.537, 211867.406 200316, 211869.734 200312.976, 211871.798 200310.297, 211874.5 200307.797, 211879.96 200304.217, 211887.297 200299.407, "
W01001040,Bridgend,ParseException: Expected word but encountered end of stream,32767,"DATA TRUNCATED MULTIPOLYGON (((297109.053 182287.741, 297119.906 182290.203, 297164.321 182299.056, 297175.094 182301.203, 297184.999 182302.915, 297189.075 182303.62, 297230.594 182310.797, 297286.312 182318.906, 297313.963 182321.911, 297314.064 182321.922, 297313.897 182322.403, 297313.633 182323"
W01000497,Powys,ParseException: Expected word but encountered end of stream,32767,"DATA TRUNCATED MULTIPOLYGON (((330792.915 312279.292, 330793.906 312287.187, 330793.406 312296.093, 330793.758 312298.48, 330794.187 312301.375, 330795.187 312304.033, 330801.687 312321.312, 330801.698 312321.394, 330801.785 312322.091, 330803.312 312334.281, 330803.406 312341.187, 330804.312 312345"
W01000417,Wrexham,ParseException: Expected number but encountered end of stream,32767,"DATA TRUNCATED MULTIPOLYGON (((337080.596 357067.86, 337081.898 357067.022, 337113.967 357046.393, 337132.722 357034.328, 337138.812 357024.424, 337212.117 356846.851, 337189.349 356783.4, 337188.128 356779.996, 337180.968 356756.598, 337267.512 356642.846, 337274.51 356633.647, 337274.59 356633.506"
