FID,uprn,school_code,school_name,la_code,local_authority,sector,governance,wm_code,welsh_medium,school_type,religious_character,address_1,address_2,address_3,address_4,postcode,phone_number,pupils,rhif_yr_ysgol,enwr_ysgol,cod_all,awdurdod_lleol,llywodraethu,cod_cc,math_o_gyfrwng_cymraeg,math_o_ysgol,cymeriad_crefyddol,cyfeiriad_1,cyfeiriad_2,cyfeiriad_3,cyfeiriad_4,cod_post,rhif_ffon,disgyblion,id,geom
maintained_schools_wg.1,100100936625,6662156,YSGOL GOLWG PEN Y FAN,666,Powys,Primary,Community,EM,English medium school / provision,Infants & Juniors,Not available,Ysgol Golwg Pen y Fan,,,Brecon,LD3 7LU,01874622262,300,6662156,Ysgol Golwg Pen y Fan,666,Powys,Ddim yn gymwys,EM,Cyfrwng Saesneg,Iau a babanod,Ddim ar gael,Ysgol Golwg Pen y Fan,,,Brecon,LD3 7LU,,300,1,POINT (-3.3900193005579826 51.94967941892604)
maintained_schools_wg.2,49062016,6672374,YSGOL DYFFRYN AERON,667,Ceredigion,Primary,Community,WM,Welsh medium school / provision (including transitional),"Nursery, Infants & Juniors",Not available,Ysgol Dyffryn Aeron,A482 Felinfach,Felinfach,Ceredigion,SA48 8AE,01545908908,180,6672374,Ysgol Dyffryn Aeron,667,Ceredigion,Cymuned,WM,Cyfrwng Cymraeg,"Iau, babanod a meithrin",Ddim ar gael,Ysgol Dyffryn Aeron,A482 Felinfach,Felinfach,Ceredigion,SA48 8AE,,180,2,POINT (-4.1505815959846855 52.17942776042268)
maintained_schools_wg.3,10096056843,6682398,Ysgol Bro Penfro,668,Pembrokeshire,Primary,Community,0 ,Welsh medium school / provision (including transitional),"Nursery, Infants & Juniors",Not available,Old Bush Farm,Bush Hill,Pembroke,Pembrokeshire,SA71 4RJ,01646233150,149,6682398,Ysgol Bro Penfro,668,Sir Benfro,Ddim yn gymwys,0 ,Dim ar gael,Cynradd,Ddim ar gael,Old Bush Farm,Bush Hill,Pembroke,Pembrokeshire,SA71 4RJ,,149,3,POINT (-4.926974126027117 51.682969840138064)
maintained_schools_wg.4,10094265618,6712242,YGG Tregeles,671,Neath Port Talbot,Primary,Community,WM,Welsh medium school / provision (including transitional),"Nursery, Infants & Juniors",Not available,St John’s Terrace,Neath Abbey,Neath Port Talbot,,SA10 7ND,01792966655,43,6712242,YGG Tregeles,671,Castell-nedd Port Talbot,Cymuned,WM,Cyfrwng Cymraeg,"Iau, babanod a meithrin",Ddim ar gael,St John’s Terrace,Neath Abbey,Neath Port Talbot,,SA10 7ND,01792966655,43,4,POINT (-3.8343244798607596 51.66150729369913)
maintained_schools_wg.5,200001851135,6735501,COWBRIDGE SCHOOL,673,The Vale of Glamorgan,Middle,Community,EM,English medium school / provision,Middle (ages 3-19),Not available,Cowbridge Comprehensive School,,Cowbridge Comprehensive School,Cowbridge,CF71 7EN,01446772311,1559,6735501,COWBRIDGE SCHOOL,673,Bro Morgannwg,Cymuned,EM,Cyfrwng Saesneg,Canol (ystod oedran 3-19),Ddim ar gael,Cowbridge Comprehensive School,,Cowbridge Comprehensive School,Cowbridge,CF71 7EN,01446772311,1559,5,POINT (-3.437574982124888 51.463357654385334)
maintained_schools_wg.6,200002935843,6742388,Ysgol Gynradd Gymraeg Awel Taf,674,Rhondda Cynon Taf,Primary,Community,WM,Welsh medium school / provision (including transitional),"Nursery, Infants & Juniors",Not available,Ysgol Gynradd Gymraeg Awel Taf,Holly Street,Rhydyfelin Pontypridd,Rhondda Cynon Taf,CF37 5DB,01443490750,346,6742388,Ysgol Gynradd Gymraeg Awel Taf,674,Rhondda Cynon Taf,Ddim yn gymwys,WM,Cyfrwng Cymraeg,"Iau, babanod a meithrin",Ddim ar gael,Ysgol Gynradd Gymraeg Awel Taf,Holly Street,Rhydyfelin Pontypridd,Rhondda Cynon Taf,CF37 5DB,,346,6,POINT (-3.310188411054282 51.586420812409884)
maintained_schools_wg.7,200001850995,6745505,Ysgol Afon Wen,674,Rhondda Cynon Taf,Middle,Community,WM,English medium school / provision,Middle (ages 3-16),Not available,Ysgol Afonwen,School Lane,RHYDYFELIN PONTYPRIDD,RHONDDA CYNON TAF,CF37 5AL,01443841228,1165,6745505,Ysgol Afonwen,674,Rhondda Cynon Taf,Ddim yn gymwys,WM,Cyfrwng Cymraeg,Canol (ystod oedran 3-16),Ddim ar gael,Ysgol Afonwen,School Lane,RHYDYFELIN PONTYPRIDD,RHONDDA CYNON TAF,CF37 5AL,,1165,7,POINT (-3.306651976063282 51.578305701517706)
maintained_schools_wg.8,100101050180,6745506,Ysgol Bro Taf,674,Rhondda Cynon Taf,Middle,Community,0 ,English medium school / provision,Middle (ages 3-16),Not available,Albion Site,Cilfynydd,Pontypridd,Rhondda Cynon Taf,CF37 4SF,01443486133,902,6745506,Ysgol Bro Taf,674,Rhondda Cynon Taf,Ddim yn gymwys,0 ,Dim ar gael,Canol (ystod oedran 3-16),Ddim ar gael,Albion Site,Cilfynydd,Pontypridd,Rhondda Cynon Taf,CF37 4SF,,902,8,POINT (-3.3219639834433443 51.62453213894413)
maintained_schools_wg.9,100101032966,6792325,Ysgol Gymraeg Trefynwy,679,Monmouthshire,Primary,Community,0 ,Welsh medium school / provision (including transitional),"Nursery, Infants & Juniors",Not available,Rockfield Road,,,Monmouth,NP25 5BA,01600738103,21,6792325,Ysgol Gymraeg Trefynwy,679,Sir Fynwy,Ddim yn gymwys,0 ,Dim ar gael,"Iau, babanod a meithrin",Ddim ar gael,Rockfield Road,,,Monmouth,NP25 5BA,,21,9,POINT (-2.726796931616041 51.81033429535239)
maintained_schools_wg.11,10095991599,6812333,Ysgol Gynradd Groes Wen,681,Cardiff,Primary,Community,DS,Dual language school / provision (Welsh and English) (including transitional),"Nursery, Infants & Juniors",Not available,Rhodfa Plasdwr,St Fagans,Cardiff,,CF5 2FG,02920598950,124,6812333,Ysgol Gynradd Groes Wen,681,Caerdydd,Cymuned,DS,Ddwy ffrwd,"Iau, babanod a meithrin",Ddim ar gael,Rhodfa Plasdwr,St Fagans,Cardiff,,CF5 2FG,02920598950,124,11,POINT (-3.2536034518063452 51.50362823824956)
maintained_schools_wg.12,10024359822,6607011,Canolfan Addysg y Bont,660,Isle of Anglesey,Special,Not Applicable,0 ,Not available,Special (with post-16 provision),---,Ffordd Cildwrn,Llangefni,Ynys Mon,,LL77 7PG,01248750151,123,6607011,Canolfan Addysg y Bont,660,Ynys Môn,Ddim yn gymwys,0 ,Dim ar gael,Arbennig gyda darpariaeth ôl-16,---,Ffordd Cildwrn,Llangefni,Ynys Mon,,LL77 7PG,01248750151,123,12,POINT (-4.321524632471142 53.25722538176075)
maintained_schools_wg.13,10024096065,6617002,Ysgol Pendalar,661,Gwynedd,Special,Not Applicable,0 ,Not available,Special (with post-16 provision),---,Ffordd Bethel,Caernarfon,Gwynedd,,LL55 1DU,01286672141,115,6617002,Ysgol Pendalar,661,Gwynedd,Ddim yn gymwys,0 ,Dim ar gael,Arbennig gyda darpariaeth ôl-16,---,Ffordd Bethel,Caernarfon,Gwynedd,,LL55 1DU,01286672141,115,13,POINT (-4.258541331752011 53.14912555274232)
maintained_schools_wg.14,10090572351,6617010,Ysgol Hafod Lon,661,Gwynedd,Special,Not Applicable,0 ,Not available,Special (with post-16 provision),---,Parc Busnes Eryri, Penrhyndeudraeth,Gwynedd,,LL48 6LD,01766772140,116,6617010,Ysgol Hafod Lon,661,Gwynedd,Ddim yn gymwys,0 ,Dim ar gael,Arbennig gyda darpariaeth ôl-16,---,Parc Busnes Eryri, Penrhyndeudraeth,Gwynedd,,LL48 6LD,01766772140,116,14,POINT (-4.0799407920244715 52.92419638633302)
maintained_schools_wg.15,50000002949,6627007,Ysgol Y Gogarth,662,Conwy,Special,Not Applicable,0 ,Not available,Special (with post-16 provision),---,Nant y Gamar Road,Craig Y Don,Llandudno,,LL30 1YE,01492860077,272,6627007,Ysgol Y Gogarth,662,Conwy,Ddim yn gymwys,0 ,Dim ar gael,Arbennig gyda darpariaeth ôl-16,---,Nant y Gamar Road,Craig Y Don,Llandudno,,LL30 1YE,01492860077,272,15,POINT (-3.8032663224737115 53.32064729025752)
maintained_schools_wg.16,200001782272,6637000,YSGOL TIR MORFA,663,Denbighshire,Special,Not Applicable,0 ,Not available,Special (with post-16 provision),---,Ffordd Derwen,Rhyl,Denbighshire,,LL18 2RN,01745350388,114,6637000,YSGOL TIR MORFA,663,Sir Ddinbych,Ddim yn gymwys,0 ,Dim ar gael,Arbennig gyda darpariaeth ôl-16,---,Ffordd Derwen,Rhyl,Denbighshire,,LL18 2RN,01745350388,114,16,POINT (-3.4792841726925166 53.31009281575085)
maintained_schools_wg.17,10002231443,6637010,Ysgol Plas Brondyffryn,663,Denbighshire,Special,Not Applicable,0 ,Not available,Special (with post-16 provision),---,Park Street,Denbigh,,,LL16 3DR,01745813914,119,6637010,Ysgol Plas Brondyffryn,663,Sir Ddinbych,Ddim yn gymwys,0 ,Dim ar gael,Arbennig gyda darpariaeth ôl-16,---,Park Street,Denbigh,,,LL16 3DR,01745813914,119,17,POINT (-3.409398179016274 53.18511239004361)
maintained_schools_wg.18,10023845552,6647020,Pen Coch,664,Flintshire,Special,Not Applicable,0 ,Not available,Special (without post-16 provision),---,Prince of Wales Avenue,Flint,Flintshire,,CH6 5DL,01352792730,100,6647020,Pen Coch,664,Sir y Fflint,Ddim yn gymwys,0 ,Dim ar gael,Arbennig heb ddarpariaeth ôl-16,---,Prince of Wales Avenue,Flint,Flintshire,,CH6 5DL,01352792730,100,18,POINT (-3.132917770787216 53.244535712107414)
maintained_schools_wg.19,10023845551,6647021,Ysgol Maes Hyfryd,664,Flintshire,Special,Not Applicable,0 ,Not available,Special (with post-16 provision),---,Fifth Avenue,Flint,Flintshire,,CH6 5QL,01352792720,131,6647021,Ysgol Maes Hyfryd,664,Sir y Fflint,Ddim yn gymwys,0 ,Dim ar gael,Arbennig gyda darpariaeth ôl-16,---,Fifth Avenue,Flint,Flintshire,,CH6 5QL,01352792720,131,19,POINT (-3.1351702857564288 53.23918461397852)
maintained_schools_wg.20,10013548742,6657005,St Christophers School,665,Wrexham,Special,Not Applicable,0 ,Not available,Special (with post-16 provision),---,Stockwell Grove,Wrexham,,,LL13 7BW,01978346910,304,6657005,St Christophers School,665,Wrecsam,Ddim yn gymwys,0 ,Dim ar gael,Arbennig gyda darpariaeth ôl-16,---,Stockwell Grove,Wrexham,,,LL13 7BW,01978346910,304,20,POINT (-2.9893012974464637 53.036613337807644)
maintained_schools_wg.21,10011778025,6667001,BRYNLLYWARCH HALL SCHOOL,666,Powys,Special,Not Applicable,0 ,Not available,Special (with post-16 provision),---,Kerry,Nr Newtown,Powys,,SY16 4PB,01686670276,87,6667001,BRYNLLYWARCH HALL SCHOOL,666,Powys,Ddim yn gymwys,0 ,Dim ar gael,Arbennig gyda darpariaeth ôl-16,---,Kerry,Nr Newtown,Powys,,SY16 4PB,01686670276,87,21,POINT (-3.2519163708696914 52.49515531086347)
maintained_schools_wg.22,200002961920,6667002,YSGOL ROBERT OWEN,666,Powys,Special,Not Applicable,0 ,Not available,Special (with post-16 provision),---,Maesyrhandir,Newtown,Powys,,SY16 1LH,01686627454,112,6667002,YSGOL CEDEWAIN,666,Powys,Ddim yn gymwys,0 ,Dim ar gael,Arbennig gyda darpariaeth ôl-16,---,Maesyrhandir,Newtown,Powys,,SY16 1LH,01686627454,112,22,POINT (-3.3289674009807 52.503871789996374)
maintained_schools_wg.23,10011751551,6667004,YSGOL PENMAES,666,Powys,Special,Not Applicable,0 ,Not available,Special (with post-16 provision),---,Canal Road,Brecon,Powys,,LD3 7HL,01874623508,115,6667004,YSGOL PENMAES,666,Powys,Ddim yn gymwys,0 ,Dim ar gael,Arbennig gyda darpariaeth ôl-16,---,Canal Road,Brecon,Powys,,LD3 7HL,01874623508,115,23,POINT (-3.3889846169530355 51.943366267749404)
maintained_schools_wg.24,200002959908,6687001,Portfield Special School,668,Pembrokeshire,Special,Not Applicable,0 ,Not available,Special (with post-16 provision),---,Off Portfield,Haverfordwest,Pembrokeshire,,SA61 1BS,01437762701,187,6687001,Portfield Special School,668,Sir Benfro,Ddim yn gymwys,0 ,Dim ar gael,Arbennig gyda darpariaeth ôl-16,---,Off Portfield,Haverfordwest,Pembrokeshire,,SA61 1BS,01437762701,187,24,POINT (-4.984109857013898 51.796692212625025)
maintained_schools_wg.25,10024323649,6691000,AMMANFORD NURSERY,669,Carmarthenshire,Nursery,Not Applicable,0 ,Not available,Nursery,---,Stryd Fawr,Rhydaman,Sir Gaerfryrddin,,SA18 2NS,01269592605,81,6691000,AMMANFORD NURSERY,669,Sir Gaerfyrddin,Ddim yn gymwys,0 ,Dim ar gael,Meithrin,---,Stryd Fawr,Rhydaman,Sir Gaerfryrddin,,SA18 2NS,01269592605,81,25,POINT (-3.9857919040259837 51.79399629188132)
maintained_schools_wg.27,10023949022,6717006,Ysgol Maes y Coed,671,Neath Port Talbot,Special,Not Applicable,0 ,Not available,Special (with post-16 provision),---,Heol Hendre,Bryncoch,Neath,,SA10 7TY,01639643648,125,6717006,Ysgol Maes y Coed,671,Castell-nedd Port Talbot,Ddim yn gymwys,0 ,Dim ar gael,Arbennig gyda darpariaeth ôl-16,---,Heol Hendre,Bryncoch,Neath,,SA10 7TY,01639643648,125,27,POINT (-3.819705763375519 51.68868992557795)
maintained_schools_wg.28,10023949301,6717008,Ysgol Hendrefelin,671,Neath Port Talbot,Special,Not Applicable,0 ,Not available,Special (without post-16 provision),---,Heol Hendre,Bryncoch,Neath,,SA10 7TY,01639642786,175,6717008,Ysgol Hendrefelin,671,Castell-nedd Port Talbot,Ddim yn gymwys,0 ,Dim ar gael,Arbennig heb ddarpariaeth ôl-16,---,Heol Hendre,Bryncoch,Neath,,SA10 7TY,01639642786,175,28,POINT (-3.8194732256670796 51.6877979038128)
maintained_schools_wg.29,10013369425,6727003,Heronsbridge Special School,672,Bridgend,Special,Not Applicable,0 ,Not available,Special (with post-16 provision),---,Ewenny Road,Bridgend,,,CF31 3HT,01656815725,269,6727003,Heronsbridge Special School,672,Pen-y-bont ar Ogwr,Ddim yn gymwys,0 ,Dim ar gael,Arbennig gyda darpariaeth ôl-16,---,Ewenny Road,Bridgend,,,CF31 3HT,01656815725,269,29,POINT (-3.57453415760825 51.49877874837693)
maintained_schools_wg.30,10090816561,6727012,Ysgol Bryn Castell,672,Bridgend,Special,Not Applicable,0 ,Not available,Special (with post-16 provision),---,Llangewydd Road,Cefn Glas,Bridgend,,CF32 9NZ,01656815595,181,6727012,Ysgol Bryn Castell,672,Pen-y-bont ar Ogwr,Ddim yn gymwys,0 ,Dim ar gael,Arbennig gyda darpariaeth ôl-16,---,Llangewydd Road,Cefn Glas,Bridgend,,CF32 9NZ,01656815595,181,30,POINT (-3.5674567845974483 51.552037512883516)
maintained_schools_wg.31,64108337,6737024,Ysgol Y Deri,673,The Vale of Glamorgan,Special,Not Applicable,0 ,Not available,Special (with post-16 provision),---,Sully Road,Penarth,,,CF64 2TP,02920352280,523,6737024,Ysgol Y Deri,673,Bro Morgannwg,Ddim yn gymwys,0 ,Dim ar gael,Arbennig gyda darpariaeth ôl-16,---,Sully Road,Penarth,,,CF64 2TP,02920352280,523,31,POINT (-3.195997981835996 51.438653746163276)
maintained_schools_wg.32,200002937215,6747006,MAESGWYN,674,Rhondda Cynon Taf,Special,Not Applicable,0 ,Not available,Special (with post-16 provision),---,Cwmdare Road,Cwmdare,Aberdare,,CF44 8RE,01685873933,134,6747006,MAESGWYN,674,Rhondda Cynon Taf,Ddim yn gymwys,0 ,Dim ar gael,Arbennig gyda darpariaeth ôl-16,---,Cwmdare Road,Cwmdare,Aberdare,,CF44 8RE,01685873933,134,32,POINT (-3.470431230339976 51.72275577441742)
maintained_schools_wg.33,200002937306,6747008,Park Lane Special School,674,Rhondda Cynon Taf,Special,Not Applicable,0 ,Not available,Special (with post-16 provision),---,Park Lane,Trecynon,Aberdare,Rhondda Cynon Taf,CF44 8HN,01685874489,146,6747008,Park Lane Special School,674,Rhondda Cynon Taf,Ddim yn gymwys,0 ,Dim ar gael,Arbennig gyda darpariaeth ôl-16,---,Park Lane,Trecynon,Aberdare,Rhondda Cynon Taf,CF44 8HN,01685874489,146,33,POINT (-3.4630129172081476 51.72000815789275)
maintained_schools_wg.34,10001302041,6747011,Ysgol Hen Felin,674,Rhondda Cynon Taf,Special,Not Applicable,0 ,Not available,Special (with post-16 provision),---,Gelligaled Park,Ystrad ,Rhondda,,CF41 7SZ,01443431571,244,6747011,Ysgol Hen Felin,674,Rhondda Cynon Taf,Ddim yn gymwys,0 ,Dim ar gael,Arbennig gyda darpariaeth ôl-16,---,Gelligaled Park,Ystrad ,Rhondda,,CF41 7SZ,01443431571,244,34,POINT (-3.462035763557477 51.642895986136814)
maintained_schools_wg.35,200001851001,6747015,Ysgol Ty Coch,674,Rhondda Cynon Taf,Special,Not Applicable,0 ,Not available,Special (with post-16 provision),---,Lansdale Drive,Tonteg,Pontypridd,Rhondda Cynon Taf,CF38 1PG,01443203471,241,6747015,Ysgol Ty Coch,674,Rhondda Cynon Taf,Ddim yn gymwys,0 ,Dim ar gael,Arbennig gyda darpariaeth ôl-16,---,Lansdale Drive,Tonteg,Pontypridd,Rhondda Cynon Taf,CF38 1PG,01443203471,241,35,POINT (-3.306120104375455 51.56831265265312)
maintained_schools_wg.36,10034661501,6757013,Greenfield School,675,Merthyr Tydfil,Special,Not Applicable,0 ,Not available,Special (with post-16 provision),---,Duffryn Road,Pentrebach,Merthyr Tydfil,,CF48 4BJ,01685351817,204,6757013,Greenfield School,675,Merthyr Tudful,Ddim yn gymwys,0 ,Dim ar gael,Arbennig gyda darpariaeth ôl-16,---,Duffryn Road,Pentrebach,Merthyr Tydfil,,CF48 4BJ,01685351817,204,36,POINT (-3.358808715100796 51.72619501529096)
maintained_schools_wg.37,43020848,6767011,Trinity Fields School,676,Caerphilly,Special,Not Applicable,0 ,Not available,Special (with post-16 provision),---,Caerphilly Road,Ystrad Mynach,Hengoed,,CF82 7XW,01443866000,306,6767011,Trinity Fields School,676,Caerffili,Ddim yn gymwys,0 ,Dim ar gael,Arbennig gyda darpariaeth ôl-16,---,Caerphilly Road,Ystrad Mynach,Hengoed,,CF82 7XW,01443866000,306,37,POINT (-3.2371036351614855 51.63825244856617)
maintained_schools_wg.38,10093452461,6777011,Pen-y-Cwm Special School,677,Blaenau Gwent,Special,Not Applicable,0 ,Not available,Special (with post-16 provision),---,Strand Annealing Lane,Ebbw Vale,Blaenau Gwent,,NP23 6AN,01495369535,174,6777011,Pen-y-Cwm Special School,677,Blaenau Gwent,Ddim yn gymwys,0 ,Dim ar gael,Arbennig gyda darpariaeth ôl-16,---,Strand Annealing Lane,Ebbw Vale,Blaenau Gwent,,NP23 6AN,01495357758,174,38,POINT (-3.1990684908528397 51.766680032024205)
maintained_schools_wg.39,200001099018,6777012,The River Centre 3-16 Learning Community,677,Blaenau Gwent,Special,Not Applicable,0 ,Not available,Special (without post-16 provision),---,Pontygof,,Ebbw Vale,Blaenau Gwent,NP23 6EH,01495369628,61,6777012,The River Centre 3-16 Learning Community,677,Blaenau Gwent,Ddim yn gymwys,0 ,Dim ar gael,Arbennig heb ddarpariaeth ôl-16,---,Pontygof,,Ebbw Vale,Blaenau Gwent,NP23 6EH,01495357714,61,39,POINT (-3.20521024862488 51.78268475517607)
maintained_schools_wg.40,10013482822,6787012,Crownbridge Special School,678,Torfaen,Special,Not Applicable,0 ,Not available,Special (with post-16 provision),---,Turnpike Road,Croesyceiliog,Cwmbran,Torfaen,NP44 2BJ,01633624201,142,6787012,Crownbridge Special School,678,Torfaen,Ddim yn gymwys,0 ,Dim ar gael,Arbennig gyda darpariaeth ôl-16,---,Turnpike Road,Croesyceiliog,Cwmbran,Torfaen,NP44 2BJ,01633624201,142,40,POINT (-3.005358975287597 51.65345255407233)
maintained_schools_wg.41,100101046554,6801019,Newport Nursery School,680,Newport,Nursery,Not Applicable,0 ,Not available,Nursery,Not available,Newport Nursery School,Church Road,Newport,,NP19 7EJ,01633259415,68,6801019,Newport Nursery School,680,Casnewydd,Ddim yn gymwys,0 ,Dim ar gael,Meithrin,Ddim ar gael,Newport Nursery School,Church Road,Newport,,NP19 7EJ,01633259415,68,41,POINT (-2.984077251701153 51.59297281052022)
maintained_schools_wg.42,200001852535,6807002,MAES EBBW SCHOOL,680,Newport,Special,Not Applicable,0 ,Not available,Special (with post-16 provision),---,Maesglas Road,Maesglas,Newport,,NP20 3DG,01633815480,157,6807002,MAES EBBW SCHOOL,680,Casnewydd,Ddim yn gymwys,0 ,Dim ar gael,Arbennig gyda darpariaeth ôl-16,---,Maesglas Road,Maesglas,Newport,,NP20 3DG,01633815480,157,42,POINT (-3.0131060718480365 51.567576112620976)
maintained_schools_wg.43,10093296174,6807004,Ysgol Bryn Derw,680,Newport,Special,Not Applicable,0 ,Not available,Special (with post-16 provision),---,Melfort Road,,,Newport,NP20 3FQ,01633414988,111,6807004,Ysgol Bryn Derw,680,Casnewydd,Ddim yn gymwys,0 ,Dim ar gael,Arbennig gyda darpariaeth ôl-16,---,Melfort Road,,,Newport,NP20 3FQ,01633414988,111,43,POINT (-3.0160967916895016 51.577821435952515)
maintained_schools_wg.44,200002932337,6811003,GRANGETOWN NURSERY SCHOOL,681,Cardiff,Nursery,Not Applicable,0 ,Not available,Nursery,---,Avondale Road,Grangetown,Cardiff,,CF11 7DT,02920345026,114,6811003,GRANGETOWN NURSERY SCHOOL,681,Caerdydd,Ddim yn gymwys,0 ,Dim ar gael,Meithrin,---,Avondale Road,Grangetown,Cardiff,,CF11 7DT,02920345026,114,44,POINT (-3.1800916020986447 51.46338741783851)
maintained_schools_wg.45,100101042753,6811017,TREMORFA NURSERY,681,Cardiff,Nursery,Not Applicable,0 ,Not available,Nursery,---,"Willows High School, Willows Avenue",Splott,Cardiff,,CF24 2YE,02920462581,41,6811017,TREMORFA NURSERY,681,Caerdydd,Ddim yn gymwys,0 ,Dim ar gael,Meithrin,---,"Willows High School, Willows Avenue",Splott,Cardiff,,CF24 2YE,02920462581,41,45,POINT (-3.139892003191421 51.487617436222415)
maintained_schools_wg.46,10013081413,6811018,Ely and Caerau Children's Centre,681,Cardiff,Nursery,Not Applicable,0 ,Not available,Nursery,---,Michaelston Road,Ely,Cardiff,,CF5 4SX,02920671421,76,6811018,Ely and Caerau Children's Centre,681,Caerdydd,Ddim yn gymwys,0 ,Dim ar gael,Meithrin,---,Michaelston Road,Ely,Cardiff,,CF5 4SX,02920671421,76,46,POINT (-3.2700793351401645 51.47296346503139)
maintained_schools_wg.47,200001850866,6817001,GREENHILL SPECIAL SCHOOL,681,Cardiff,Special,Not Applicable,0 ,Not available,Special (without post-16 provision),---,Heol Brynglas,Rhiwbina,Cardiff,,CF14 6UJ,02920693786,77,6817001,GREENHILL SPECIAL SCHOOL,681,Caerdydd,Ddim yn gymwys,0 ,Dim ar gael,Arbennig heb ddarpariaeth ôl-16,---,Heol Brynglas,Rhiwbina,Cardiff,,CF14 6UJ,02920693786,77,47,POINT (-3.2202859306205616 51.52739774323022)
maintained_schools_wg.49,200002938874,6817006,WOODLANDS HIGH SCHOOL,681,Cardiff,Special,Not Applicable,0 ,Not available,Special (with post-16 provision),---,Vincent Road,Caerau,Cardiff,,CF5 5AQ,02920561279,182,6817006,WOODLANDS HIGH SCHOOL,681,Caerdydd,Ddim yn gymwys,0 ,Dim ar gael,Arbennig gyda darpariaeth ôl-16,---,Vincent Road,Caerau,Cardiff,,CF5 5AQ,02920561279,182,49,POINT (-3.2328930029247265 51.47783817256209)
maintained_schools_wg.50,200001850895,6817008,RIVERBANK SCHOOL,681,Cardiff,Special,Not Applicable,0 ,Not available,Special (without post-16 provision),---,Vincent Road,Caerau,Cardiff,,CF5 5AQ,02920563860,80,6817008,RIVERBANK SCHOOL,681,Caerdydd,Ddim yn gymwys,0 ,Dim ar gael,Arbennig heb ddarpariaeth ôl-16,---,Vincent Road,Caerau,Cardiff,,CF5 5AQ,02920563860,80,50,POINT (-3.2353276388925045 51.4789374384821)
maintained_schools_wg.51,10023550350,6817011,TY-GWYN SPECIAL SCHOOL,681,Cardiff,Special,Not Applicable,0 ,Not available,Special (with post-16 provision),---,Vincent Road,Caerau,Cardiff,,CF5 5AQ,02920838560,251,6817011,TY-GWYN SPECIAL SCHOOL,681,Caerdydd,Ddim yn gymwys,0 ,Dim ar gael,Arbennig gyda darpariaeth ôl-16,---,Vincent Road,Caerau,Cardiff,,CF5 5AQ,02920838560,251,51,POINT (-3.23426617178979 51.478099237558496)
maintained_schools_wg.52,200002933500,6817019,THE HOLLIES SCHOOL,681,Cardiff,Special,Not Applicable,0 ,Not available,Special (without post-16 provision),---,Bryn Heulog,Pentwyn,Cardiff,,CF23 7XG,02920734411,135,6817019,THE HOLLIES SCHOOL,681,Caerdydd,Ddim yn gymwys,0 ,Dim ar gael,Arbennig heb ddarpariaeth ôl-16,---,Bryn Heulog,Pentwyn,Cardiff,,CF23 7XG,02920734411,135,52,POINT (-3.142423439928552 51.526068942081615)
maintained_schools_wg.53,200001775886,6817021,MEADOWBANK SPECIAL SCHOOL,681,Cardiff,Special,Not Applicable,0 ,Not available,Special (without post-16 provision),---,Colwill Road,Llandaff North,Cardiff,,CF14 2QQ,02920616018,98,6817021,MEADOWBANK SPECIAL SCHOOL,681,Caerdydd,Ddim yn gymwys,0 ,Dim ar gael,Arbennig heb ddarpariaeth ôl-16,---,Colwill Road,Llandaff North,Cardiff,,CF14 2QQ,02920616018,98,53,POINT (-3.21681752594211 51.499495950810434)
maintained_schools_wg.54,10013458731,6602130,Ysgol Gynradd Amlwch,660,Isle of Anglesey,Primary,Community,WM,Welsh medium school / provision (including transitional),"Nursery, Infants & Juniors",---,Amlwch,Ynys Môn,,,LL68 9DU,01407830414,258,6602130,Ysgol Gynradd Amlwch,660,Ynys Môn,Cymuned,WM,Cyfrwng Cymraeg,"Iau, babanod a meithrin",---,Amlwch,Ynys Môn,,,LL68 9DU,01407830414,258,54,POINT (-4.3474269122121765 53.4118816235288)
maintained_schools_wg.55,10013458740,6602131,Ysgol Gynradd Beaumaris,660,Isle of Anglesey,Primary,Community,WM,Welsh medium school / provision (including transitional),"Nursery, Infants & Juniors",---,Maeshyfryd,Beaumaris,Ynys Môn,,LL58 8HL,01248810451,32,6602131,Ysgol Gynradd Beaumaris,660,Ynys Môn,Cymuned,WM,Cyfrwng Cymraeg,"Iau, babanod a meithrin",---,Maeshyfryd,Beaumaris,Ynys Môn,,LL58 8HL,01248810451,32,55,POINT (-4.102486860188932 53.26472586468607)
maintained_schools_wg.56,200002641735,6602132,Ysgol Gynradd Bodedern,660,Isle of Anglesey,Primary,Community,WM,Welsh medium school / provision (including transitional),"Nursery, Infants & Juniors",---,Bodedern,Caergybi,Ynys Môn,,LL65 3TZ,01407740201,85,6602132,Ysgol Gynradd Bodedern,660,Ynys Môn,Cymuned,WM,Cyfrwng Cymraeg,"Iau, babanod a meithrin",---,Bodedern,Caergybi,Ynys Môn,,LL65 3TZ,01407740201,85,56,POINT (-4.499031594048755 53.293311673938646)
maintained_schools_wg.57,10013462245,6602133,Ysgol Gymuned Bodffordd,660,Isle of Anglesey,Primary,Community,WM,Welsh medium school / provision (including transitional),"Nursery, Infants & Juniors",---,Bodffordd,Llangefni,Ynys Môn,,LL77 7LZ,01248723384,76,6602133,Ysgol Gymuned Bodffordd,660,Ynys Môn,Cymuned,WM,Cyfrwng Cymraeg,"Iau, babanod a meithrin",---,Bodffordd,Llangefni,Ynys Môn,,LL77 7LZ,01248723384,76,57,POINT (-4.361256934467891 53.264599600311506)
maintained_schools_wg.58,100101029742,6602135,Ysgol Gymuned Bryngwran,660,Isle of Anglesey,Primary,Community,WM,Welsh medium school / provision (including transitional),"Nursery, Infants & Juniors",---,Bryngwran,Caergybi,Ynys Môn,,LL65 3PP,01407720400,49,6602135,Ysgol Gymuned Bryngwran,660,Ynys Môn,Cymuned,WM,Cyfrwng Cymraeg,"Iau, babanod a meithrin",---,Bryngwran,Caergybi,Ynys Môn,,LL65 3PP,01407720400,49,58,POINT (-4.477269444126652 53.26880775252295)
maintained_schools_wg.59,10013466993,6602136,Ysgol Gynradd Brynsiencyn,660,Isle of Anglesey,Primary,Community,WM,Welsh medium school / provision (including transitional),"Nursery, Infants & Juniors",---,Brynsiencyn,Llanfairpwll,Ynys Môn,,LL61 6HZ,01248430457,35,6602136,Ysgol Gynradd Brynsiencyn,660,Ynys Môn,Sefydledig,WM,Cyfrwng Cymraeg,"Iau, babanod a meithrin",---,Brynsiencyn,Llanfairpwll,Ynys Môn,,LL61 6HZ,01248430457,35,59,POINT (-4.272533579147194 53.17703670783465)
maintained_schools_wg.60,10013464727,6602138,Ysgol Cemaes,660,Isle of Anglesey,Primary,Community,WM,Welsh medium school / provision (including transitional),"Nursery, Infants & Juniors",---,Cemaes,Ynys Môn,,,LL67 0LB,01407710225,63,6602138,Ysgol Cemaes,660,Ynys Môn,Cymuned,WM,Cyfrwng Cymraeg,"Iau, babanod a meithrin",---,Cemaes,Ynys Môn,,,LL67 0LB,01407710225,63,60,POINT (-4.456240878784054 53.40802841168306)
maintained_schools_wg.61,200002639720,6602140,Ysgol Esceifiog,660,Isle of Anglesey,Primary,Community,WM,Welsh medium school / provision (including transitional),Infants & Juniors,---,Y Gaerwen,Ynys Môn,,,LL60 6DD,01248421669,129,6602140,Ysgol Esceifiog,660,Ynys Môn,Cymuned,WM,Cyfrwng Cymraeg,Iau a babanod,---,Y Gaerwen,Ynys Môn,,,LL60 6DD,01248421669,129,61,POINT (-4.278878243553984 53.22132132405932)
maintained_schools_wg.62,10013464586,6602142,Ysgol Gymuned y Ffridd,660,Isle of Anglesey,Primary,Community,WM,Welsh medium school / provision (including transitional),"Nursery, Infants & Juniors",---,Gwalchmai,Caergybi,Ynys Môn,,LL65 4SG,01407720477,82,6602142,Ysgol Gymuned y Ffridd,660,Ynys Môn,Cymuned,WM,Cyfrwng Cymraeg,"Iau, babanod a meithrin",---,Gwalchmai,Caergybi,Ynys Môn,,LL65 4SG,01407720477,82,62,POINT (-4.414105371964091 53.25374042418781)
maintained_schools_wg.63,10013461204,6602145,Ysgol Gymuned Moelfre,660,Isle of Anglesey,Primary,Community,WM,Welsh medium school / provision (including transitional),"Nursery, Infants & Juniors",---,Moelfre,Ynys Môn,,,LL72 8NA,01248410546,51,6602145,Ysgol Gymuned Moelfre,660,Ynys Môn,Cymuned,WM,Cyfrwng Cymraeg,"Iau, babanod a meithrin",---,Moelfre,Ynys Môn,,,LL72 8NA,01248410546,51,63,POINT (-4.241059169115791 53.353545631290956)
maintained_schools_wg.64,10013461391,6602146,Ysgol Gynradd Llanbedrgoch,660,Isle of Anglesey,Primary,Community,WM,Welsh medium school / provision (including transitional),"Nursery, Infants & Juniors",---,Llanbedrgoch,Ynys Môn,,,LL76 8SX,01248450291,22,6602146,Ysgol Gynradd Llanbedrgoch,660,Ynys Môn,Cymuned,WM,Cyfrwng Cymraeg,"Iau, babanod a meithrin",---,Llanbedrgoch,Ynys Môn,,,LL76 8SX,01248450291,22,64,POINT (-4.232008501988371 53.30140791054622)
maintained_schools_wg.65,200002640080,6602152,Ysgol Gynradd Llanfairpwll,660,Isle of Anglesey,Primary,Foundation,WM,Welsh medium school / provision (including transitional),Infants & Juniors,---,Llanfairpwll,Ynys Môn,,,LL61 5TX,01248714478,330,6602152,Ysgol Gynradd Llanfairpwll,660,Ynys Môn,Sefydledig,WM,Cyfrwng Cymraeg,Iau a babanod,---,Llanfairpwll,Ynys Môn,,,LL61 5TX,01248714478,330,65,POINT (-4.20411443273086 53.22137960252854)
maintained_schools_wg.66,10013462258,6602153,Ysgol Gymuned Llanfechell,660,Isle of Anglesey,Primary,Community,WM,Welsh medium school / provision (including transitional),"Nursery, Infants & Juniors",---,Llanfechell,Amlwch,Ynys Môn,,LL68 0SA,01407710512,81,6602153,Ysgol Gymuned Llanfechell,660,Ynys Môn,Cymuned,WM,Cyfrwng Cymraeg,"Iau, babanod a meithrin",---,Llanfechell,Amlwch,Ynys Môn,,LL68 0SA,01407710512,81,66,POINT (-4.459317068764798 53.3904147253115)
maintained_schools_wg.67,10013851380,6602154,Ysgol Y Graig,660,Isle of Anglesey,Primary,Community,WM,Welsh medium school / provision (including transitional),"Nursery, Infants & Juniors",---,Ffordd Colleg,Lon Talwrn,Llangefni,Ynys Môn,LL77 7LP,01248723092,367,6602154,Ysgol Y Graig,660,Ynys Môn,Cymuned,WM,Cyfrwng Cymraeg,"Iau, babanod a meithrin",---,Ffordd Colleg,Lon Talwrn,Llangefni,Ynys Môn,LL77 7LP,01248723092,367,67,POINT (-4.297094089150464 53.26080104845266)
maintained_schools_wg.68,10024356753,6602155,YSGOL GYNRADD LLANGOED,660,Isle of Anglesey,Primary,Community,WM,Welsh medium school / provision (including transitional),"Nursery, Infants & Juniors",---,Llangoed,Beaumaris,Ynys Môn,,LL58 8LU,01248490680,85,6602155,YSGOL GYNRADD LLANGOED,660,Ynys Môn,Cymuned,WM,Cyfrwng Cymraeg,"Iau, babanod a meithrin",---,Llangoed,Beaumaris,Ynys Môn,,LL58 8LU,01248490680,85,68,POINT (-4.090467220292215 53.291815227567895)
maintained_schools_wg.69,10013463519,6602156,Ysgol Henblas,660,Isle of Anglesey,Primary,Community,WM,Welsh medium school / provision (including transitional),Infants & Juniors,---,Llangristiolus,Bodorgan,Ynys Môn,,LL62 5DR,01248723944,90,6602156,Ysgol Henblas,660,Ynys Môn,Cymuned,WM,Cyfrwng Cymraeg,Iau a babanod,---,Llangristiolus,Bodorgan,Ynys Môn,,LL62 5DR,01248723944,90,69,POINT (-4.354113499253534 53.23584406554945)
maintained_schools_wg.70,200002644014,6602157,Ysgol Gymuned Llannerch-y-medd,660,Isle of Anglesey,Primary,Community,WM,Welsh medium school / provision (including transitional),"Nursery, Infants & Juniors",---,Llanerchymedd,Ynys Môn,,,LL71 8DP,01248470466,123,6602157,Ysgol Gymuned Llannerch-y-medd,660,Ynys Môn,Cymuned,WM,Cyfrwng Cymraeg,"Iau, babanod a meithrin",---,Llanerchymedd,Ynys Môn,,,LL71 8DP,01248470466,123,70,POINT (-4.375744021152566 53.33137489763596)
maintained_schools_wg.71,10013462701,6602160,Ysgol Pencarnisiog,660,Isle of Anglesey,Primary,Community,WM,Welsh medium school / provision (including transitional),"Nursery, Infants & Juniors",---,Pencarnisiog,Ty Croes,Ynys Môn,,LL63 5RY,01407810622,64,6602160,Ysgol Pencarnisiog,660,Ynys Môn,Cymuned,WM,Cyfrwng Cymraeg,"Iau, babanod a meithrin",---,Pencarnisiog,Ty Croes,Ynys Môn,,LL63 5RY,01407810622,64,71,POINT (-4.469660883441454 53.23490720277186)
maintained_schools_wg.72,10013462104,6602161,Ysgol Gymuned Pentraeth,660,Isle of Anglesey,Primary,Community,WM,Welsh medium school / provision (including transitional),"Nursery, Infants & Juniors",---,Pentraeth,Ynys Môn,,,LL75 8UP,01248450315,77,6602161,Ysgol Gymuned Pentraeth,660,Ynys Môn,Cymuned,WM,Cyfrwng Cymraeg,"Iau, babanod a meithrin",---,Pentraeth,Ynys Môn,,,LL75 8UP,01248450315,77,72,POINT (-4.218848735074131 53.28139477135768)
maintained_schools_wg.73,200002646412,6602162,Ysgol Penysarn,660,Isle of Anglesey,Primary,Community,WM,Welsh medium school / provision (including transitional),"Nursery, Infants & Juniors",---,Penysarn,Ynys Môn,,,LL69 9AZ,01407830678,64,6602162,Ysgol Penysarn,660,Ynys Môn,Cymuned,WM,Cyfrwng Cymraeg,"Iau, babanod a meithrin",---,Penysarn,Ynys Môn,,,LL69 9AZ,01407830678,64,73,POINT (-4.314213683547529 53.39044412488108)
maintained_schools_wg.74,10013466505,6602163,Ysgol Santes Gwenfaen,660,Isle of Anglesey,Primary,Community,WM,Welsh medium school / provision (including transitional),"Nursery, Infants & Juniors",---,Rhoscolyn,Caergybi,Ynys Môn,,LL65 2DX,01407860264,106,6602163,Ysgol Santes Gwenfaen,660,Ynys Môn,Cymuned,WM,Cyfrwng Cymraeg,"Iau, babanod a meithrin",---,Rhoscolyn,Caergybi,Ynys Môn,,LL65 2DX,01407860264,106,74,POINT (-4.598128413213581 53.26634683435473)
maintained_schools_wg.75,10013457895,6602164,Ysgol Gynradd Rhosneigr,660,Isle of Anglesey,Primary,Community,WM,Welsh medium school / provision (including transitional),"Nursery, Infants & Juniors",---,Rhosneigr,Ynys Môn,,,LL64 5XA,01407810571,75,6602164,Ysgol Gynradd Rhosneigr,660,Ynys Môn,Cymuned,WM,Cyfrwng Cymraeg,"Iau, babanod a meithrin",---,Rhosneigr,Ynys Môn,,,LL64 5XA,01407810571,75,75,POINT (-4.517090079023803 53.23131594443653)
maintained_schools_wg.76,10013459967,6602165,Ysgol Gynradd Rhosybol,660,Isle of Anglesey,Primary,Community,WM,Welsh medium school / provision (including transitional),Infants & Juniors,---,Rhosybol,Amlwch,Ynys Môn,,LL68 9PP,01407830484,75,6602165,Ysgol Gynradd Rhosybol,660,Ynys Môn,Cymuned,WM,Cyfrwng Cymraeg,Iau a babanod,---,Rhosybol,Amlwch,Ynys Môn,,LL68 9PP,01407830484,75,76,POINT (-4.364845818324719 53.37353373294612)
maintained_schools_wg.77,200001858850,6602168,Ysgol Gymuned y Fali,660,Isle of Anglesey,Primary,Community,WM,Welsh medium school / provision (including transitional),"Nursery, Infants & Juniors",---,Y Fali,Ynys Môn,,,LL65 3EU,01407740518,118,6602168,Ysgol Gymuned y Fali,660,Ynys Môn,Cymuned,WM,Cyfrwng Cymraeg,"Iau, babanod a meithrin",---,Y Fali,Ynys Môn,,,LL65 3EU,01407740518,118,77,POINT (-4.5686143413093045 53.28119687874881)
maintained_schools_wg.78,100101029790,6602169,Ysgol Llanfawr,660,Isle of Anglesey,Primary,Community,WM,Welsh medium school / provision (including transitional),"Nursery, Infants & Juniors",---,Caergybi,Ynys Môn,,,LL65 2DS,01407762552,256,6602169,Ysgol Llanfawr,660,Ynys Môn,Cymuned,WM,Cyfrwng Cymraeg,"Iau, babanod a meithrin",---,Caergybi,Ynys Môn,,,LL65 2DS,01407762552,256,78,POINT (-4.623830281709193 53.30774143505739)
maintained_schools_wg.79,10013459435,6602170,Ysgol Goronwy Owen,660,Isle of Anglesey,Primary,Community,WM,Welsh medium school / provision (including transitional),Infants & Juniors,---,Benllech,Ynys Môn,,,LL74 8SG,01248852667,138,6602170,Ysgol Goronwy Owen,660,Ynys Môn,Cymuned,WM,Cyfrwng Cymraeg,Iau a babanod,---,Benllech,Ynys Môn,,,LL74 8SG,01248852667,138,79,POINT (-4.228446074609745 53.32175742340089)
maintained_schools_wg.80,10013461260,6602173,Ysgol Gynradd Y Tywyn,660,Isle of Anglesey,Primary,Community,WM,Welsh medium school / provision (including transitional),"Nursery, Infants & Juniors",---,Caergeiliog,Ynys Môn,,,LL65 3LW,01407740781,100,6602173,Ysgol Gynradd Y Tywyn,660,Ynys Môn,Cymuned,WM,Cyfrwng Cymraeg,"Iau, babanod a meithrin",---,Caergeiliog,Ynys Môn,,,LL65 3LW,01407740781,100,80,POINT (-4.523271346204689 53.26312257187157)
maintained_schools_wg.81,10013460204,6602174,Ysgol Gynradd Llandegfan,660,Isle of Anglesey,Primary,Community,WM,Welsh medium school / provision (including transitional),Infants & Juniors,---,Llandegfan,Porthaethwy,Ynys Môn,,LL59 5UW,01248713431,160,6602174,Ysgol Gynradd Llandegfan,660,Ynys Môn,Cymuned,WM,Cyfrwng Cymraeg,Iau a babanod,---,Llandegfan,Porthaethwy,Ynys Môn,,LL59 5UW,01248713431,160,81,POINT (-4.146589878414956 53.24381874135882)
maintained_schools_wg.82,10013462553,6602175,Ysgol Gynradd y Borth,660,Isle of Anglesey,Primary,Community,WM,Welsh medium school / provision (including transitional),Infants & Juniors,---,Porthaethwy,Ynys Môn,,,LL59 5DS,01248713000,192,6602175,Ysgol Gynradd y Borth,660,Ynys Môn,Cymuned,WM,Cyfrwng Cymraeg,Iau a babanod,---,Porthaethwy,Ynys Môn,,,LL59 5DS,01248713000,192,82,POINT (-4.1691046755305115 53.22965531827187)
maintained_schools_wg.83,200002641625,6602176,Ysgol Gynradd Kingsland,660,Isle of Anglesey,Primary,Community,WM,Welsh medium school / provision (including transitional),"Nursery, Infants & Juniors",---,Caergybi,Ynys Môn,,,LL65 2TH,01407763295,166,6602176,Ysgol Gynradd Kingsland,660,Ynys Môn,Cymuned,WM,Cyfrwng Cymraeg,"Iau, babanod a meithrin",---,Caergybi,Ynys Môn,,,LL65 2TH,01407763295,166,83,POINT (-4.625953405877423 53.300267787494086)
maintained_schools_wg.84,100101029760,6602177,Ysgol Gymraeg Morswyn,660,Isle of Anglesey,Primary,Community,WM,Welsh medium school / provision (including transitional),"Nursery, Infants & Juniors",---,Caergybi,Ynys Môn,,,LL65 2PU,01407762233,178,6602177,Ysgol Gymraeg Morswyn,660,Ynys Môn,Cymuned,WM,Cyfrwng Cymraeg,"Iau, babanod a meithrin",---,Caergybi,Ynys Môn,,,LL65 2PU,01407762233,178,84,POINT (-4.62326341441751 53.300947426897956)
maintained_schools_wg.86,10024359940,6602227,Rhyd y Llan,660,Isle of Anglesey,Primary,Community,WM,Welsh medium school / provision (including transitional),"Nursery, Infants & Juniors",---,Llanfaethlu,Caergybi,Ynys Môn,,LL65 4PQ,01407887922,118,6602227,Rhyd y Llan,660,Ynys Môn,Cymuned,WM,Cyfrwng Cymraeg,"Iau, babanod a meithrin",---,Llanfaethlu,Caergybi,Ynys Môn,,LL65 4PQ,01407887922,118,86,POINT (-4.534727699244426 53.35381272364793)
maintained_schools_wg.87,10013466226,6602228,Ysgol Parc y Bont,660,Isle of Anglesey,Primary,Community,WM,Welsh medium school / provision (including transitional),"Nursery, Infants & Juniors",---,Llanddaniel Fab,,,Ynys Môn,LL60 6ES,01248422350,113,6602228,Ysgol Parc y Bont,660,Ynys Môn,Cymuned,WM,Cyfrwng Cymraeg,"Iau, babanod a meithrin",---,Llanddaniel Fab,,,Ynys Môn,LL60 6ES,01248422350,113,87,POINT (-4.252540402160438 53.211860499649625)
maintained_schools_wg.88,10024360082,6603036,Cybi,660,Isle of Anglesey,Primary,Community,WM,Welsh medium school / provision (including transitional),"Nursery, Infants & Juniors",Church in Wales,Ffordd Garreglwyd,,,CAERGYBI,LL65 1NS,01407883150,425,6603036,Cybi,660,Ynys Môn,Cymuned,WM,Cyfrwng Cymraeg,"Iau, babanod a meithrin",Eglwys yng Nghymru,Ffordd Garreglwyd,,,CAERGYBI,LL65 1NS,01407883150,425,88,POINT (-4.640300942225867 53.310002167404924)
maintained_schools_wg.89,10090599433,6603037,Ysgol Santes Dwynwen,660,Isle of Anglesey,Primary,Voluntary controlled,WM,Welsh medium school / provision (including transitional),"Nursery, Infants & Juniors",Church in Wales,Niwbwrch,,,Ynys Môn,LL61 6TE,01248663894,106,6603037,Ysgol Santes Dwynwen,660,Ynys Môn,Gwirfoddol a Reolir,WM,Cyfrwng Cymraeg,"Iau, babanod a meithrin",Eglwys yng Nghymru,Niwbwrch,,,Ynys Môn,LL61 6TE,01248663894,106,89,POINT (-4.358142171459067 53.16785154826625)
maintained_schools_wg.90,100100961887,6603304,Ysgol Santes Fair,660,Isle of Anglesey,Primary,Voluntary aided,EM,Welsh medium school / provision (including transitional),"Nursery, Infants & Juniors",Roman Catholic,Longford Road,Holyhead,Anglesey,,LL65 1TR,01407763176,99,6603304,Ysgol Santes Fair,660,Ynys Môn,Gwirfoddol a Gynorthwyir,EM,Cyfrwng Saesneg,"Iau, babanod a meithrin",Eglwys Gatholig,Longford Road,Holyhead,Anglesey,,LL65 1TR,01407763176,99,90,POINT (-4.634425200611712 53.3081731176448)
maintained_schools_wg.91,10013458732,6604025,Ysgol Syr Thomas Jones,660,Isle of Anglesey,Secondary,Community,BB,Welsh medium school / provision (including transitional),Secondary (ages 11-19),---,Pentrefelin,Amlwch,Ynys Mon,,LL68 9TH,01407830287,537,6604025,Ysgol Syr Thomas Jones,660,Ynys Môn,Cymuned,BB,Ddwyieithog (Categori B),Uwchradd (ystod oedran 11-19),---,Pentrefelin,Amlwch,Ynys Mon,,LL68 9TH,01407830287,537,91,POINT (-4.351810914505163 53.402705684104795)
maintained_schools_wg.92,200002640554,6604026,Ysgol Uwchradd Caergybi,660,Isle of Anglesey,Secondary,Community,EW,Welsh medium school / provision (including transitional),Secondary (ages 11-19),---,Caergybi,Ynys Môn,,,LL65 1NP,01407762219,818,6604026,Ysgol Uwchradd Caergybi,660,Ynys Môn,Cymuned,EW,Cyfrwng Saesneg yn bennaf ond â defnydd sylweddol or Gymraeg,Uwchradd (ystod oedran 11-19),---,Caergybi,Ynys Môn,,,LL65 1NP,01407762219,818,92,POINT (-4.639679660391474 53.311338744349456)
maintained_schools_wg.93,200002644703,6604027,Ysgol Gyfun Llangefni,660,Isle of Anglesey,Secondary,Community,BB,Welsh medium school / provision (including transitional),Secondary (ages 11-19),---,Llangefni,Ynys Môn,,,LL77 7NG,01248723441,761,6604027,Ysgol Gyfun Llangefni,660,Ynys Môn,Cymuned,BB,Ddwyieithog (Categori B),Uwchradd (ystod oedran 11-19),---,Llangefni,Ynys Môn,,,LL77 7NG,01248723441,761,93,POINT (-4.320262520409446 53.25609032286881)
maintained_schools_wg.94,200002638290,6604028,Ysgol David Hughes,660,Isle of Anglesey,Secondary,Community,BB,Welsh medium school / provision (including transitional),Secondary (ages 11-19),---,Ffordd Pentraeth,Porthaethwy,Ynys Môn,,LL59 5SS,01248712287,1123,6604028,Ysgol David Hughes,660,Ynys Môn,Cymuned,BB,Ddwyieithog (Categori B),Uwchradd (ystod oedran 11-19),---,Ffordd Pentraeth,Porthaethwy,Ynys Môn,,LL59 5SS,01248712287,1123,94,POINT (-4.17712147276993 53.2281964430146)
maintained_schools_wg.95,200002642180,6604029,Ysgol Uwchradd Bodedern,660,Isle of Anglesey,Secondary,Community,BB,Welsh medium school / provision (including transitional),Secondary (ages 11-19),---,Bro Alaw,Bodedern,Caergybi,Ynys Môn,LL65 3TL,01407741000,810,6604029,Ysgol Uwchradd Bodedern,660,Ynys Môn,Cymuned,BB,Ddwyieithog (Categori B),Uwchradd (ystod oedran 11-19),---,Bro Alaw,Bodedern,Caergybi,Ynys Môn,LL65 3TL,01407741000,810,95,POINT (-4.5050642638568394 53.29118117500753)
maintained_schools_wg.96,200002642487,6605200,Ysgol Caergeiliog,660,Isle of Anglesey,Primary,Foundation,DS,Dual language school / provision (Welsh and English) (including transitional),"Nursery, Infants & Juniors",---,Caergeiliog,Caergybi,Ynys Môn,,LL65 3NP,01407740619,309,6605200,Ysgol Caergeiliog,660,Ynys Môn,Sefydledig,DS,Ddwy ffrwd,"Iau, babanod a meithrin",---,Caergeiliog,Caergybi,Ynys Môn,,LL65 3NP,01407740619,309,96,POINT (-4.531010876140553 53.274466772304706)
maintained_schools_wg.97,200003183969,6612000,Ysgol Gwaun Gyfni,661,Gwynedd,Primary,Community,WM,Welsh medium school / provision (including transitional),"Nursery, Infants & Juniors",---,Deiniolen,Gwynedd,,,LL55 3LT,01286870687,131,6612000,Ysgol Gwaun Gyfni,661,Gwynedd,Cymuned,WM,Cyfrwng Cymraeg,"Iau, babanod a meithrin",---,Deiniolen,Gwynedd,,,LL55 3LT,01286870687,131,97,POINT (-4.128440788367132 53.1474772488586)
maintained_schools_wg.98,200002950191,6612004,YSGOL GYNRADD NEFYN,661,Gwynedd,Primary,Community,WM,Welsh medium school / provision (including transitional),"Nursery, Infants & Juniors",---,Ffordd Dewi Sant,Nefyn,Pwllheli,Gwynedd,LL53 6EA,01758720765,131,6612004,YSGOL GYNRADD NEFYN,661,Gwynedd,Cymuned,WM,Cyfrwng Cymraeg,"Iau, babanod a meithrin",---,Ffordd Dewi Sant,Nefyn,Pwllheli,Gwynedd,LL53 6EA,01758720765,131,98,POINT (-4.524316068429425 52.9352359448037)
maintained_schools_wg.99,10070368307,6612006,Ysgol Llanrug,661,Gwynedd,Primary,Community,WM,Welsh medium school / provision (including transitional),"Nursery, Infants & Juniors",---,Caernarfon,Gwynedd,,,LL55 4AL,01286674905,265,6612006,Ysgol Llanrug,661,Gwynedd,Cymuned,WM,Cyfrwng Cymraeg,"Iau, babanod a meithrin",---,Caernarfon,Gwynedd,,,LL55 4AL,01286674905,265,99,POINT (-4.191381377817464 53.14743198313801)
maintained_schools_wg.100,10070365300,6612008,Ysgol Gynradd Abererch,661,Gwynedd,Primary,Community,WM,Welsh medium school / provision (including transitional),"Nursery, Infants & Juniors",---,Abererch,Pwllheli,Gwynedd,,LL53 6YU,01758613441,71,6612008,Ysgol Gynradd Abererch,661,Gwynedd,Cymuned,WM,Cyfrwng Cymraeg,"Iau, babanod a meithrin",---,Abererch,Pwllheli,Gwynedd,,LL53 6YU,01758613441,71,100,POINT (-4.384425150392043 52.90354611086936)
maintained_schools_wg.101,200003180072,6612010,YSGOL BEDDGELERT,661,Gwynedd,Primary,Community,WM,Welsh medium school / provision (including transitional),"Nursery, Infants & Juniors",---,Beddgelert,Gwynedd,,,LL55 4UY,01766890307,31,6612010,YSGOL BEDDGELERT,661,Gwynedd,Cymuned,WM,Cyfrwng Cymraeg,"Iau, babanod a meithrin",---,Beddgelert,Gwynedd,,,LL55 4UY,01766890307,31,101,POINT (-4.105634580846022 53.01237747765601)
maintained_schools_wg.102,10070343104,6612011,Ysgol Bethel,661,Gwynedd,Primary,Community,WM,Welsh medium school / provision (including transitional),"Nursery, Infants & Juniors",---,Caernarfon,Gwynedd,,,LL55 1AX,01248670663,147,6612011,Ysgol Bethel,661,Gwynedd,Cymuned,WM,Cyfrwng Cymraeg,"Iau, babanod a meithrin",---,Caernarfon,Gwynedd,,,LL55 1AX,01248670663,147,102,POINT (-4.205227711324747 53.16490610062095)
maintained_schools_wg.103,10070282906,6612013,Ysgol Bodfeurig,661,Gwynedd,Primary,Community,WM,Welsh medium school / provision (including transitional),"Nursery, Infants & Juniors",---,Tregarth,Gwynedd,,,LL57 4RN,01248600760,55,6612013,Ysgol Bodfeurig,661,Gwynedd,Cymuned,WM,Cyfrwng Cymraeg,"Iau, babanod a meithrin",---,Tregarth,Gwynedd,,,LL57 4RN,01248600760,55,103,POINT (-4.090034584613782 53.178177406995985)
maintained_schools_wg.104,10070344813,6612015,YSGOL GYNRADD BORTH-Y-GEST,661,Gwynedd,Primary,Community,WM,Welsh medium school / provision (including transitional),"Nursery, Infants & Juniors",---,Porthmadog,Gwynedd,,,LL49 9UF,01766513285,32,6612015,YSGOL GYNRADD BORTH-Y-GEST,661,Gwynedd,Cymuned,WM,Cyfrwng Cymraeg,"Iau, babanod a meithrin",---,Porthmadog,Gwynedd,,,LL49 9UF,01766513285,32,104,POINT (-4.139385890000816 52.91431915063054)
maintained_schools_wg.105,10070338482,6612017,Ysgol Brynaerau,661,Gwynedd,Primary,Community,WM,Welsh medium school / provision (including transitional),"Nursery, Infants & Juniors",---,Pontllyfni,Caernarfon,Gwynedd,,LL54 5EU,01286660428,57,6612017,Ysgol Brynaerau,661,Gwynedd,Cymuned,WM,Cyfrwng Cymraeg,"Iau, babanod a meithrin",---,Pontllyfni,Caernarfon,Gwynedd,,LL54 5EU,01286660428,57,105,POINT (-4.325835822356838 53.041366159245946)
maintained_schools_wg.106,200003178610,6612026,Ysgol Y Gelli,661,Gwynedd,Primary,Community,WM,Welsh medium school / provision (including transitional),"Nursery, Infants & Juniors",---,Ffordd Bethel,Caernarfon,Gwynedd,,LL55 1DU,01286674847,222,6612026,Ysgol Y Gelli,661,Gwynedd,Cymuned,WM,Cyfrwng Cymraeg,"Iau, babanod a meithrin",---,Ffordd Bethel,Caernarfon,Gwynedd,,LL55 1DU,01286674847,222,106,POINT (-4.25744536036105 53.14875973564346)
maintained_schools_wg.107,200003181071,6612028,Ysgol Penybryn,661,Gwynedd,Primary,Community,WM,Welsh medium school / provision (including transitional),Juniors,---,Bethesda,Gwynedd,,,LL57 3BE,01248600375,106,6612028,Ysgol Penybryn,661,Gwynedd,Cymuned,WM,Cyfrwng Cymraeg,Iau,---,Bethesda,Gwynedd,,,LL57 3BE,01248600375,106,107,POINT (-4.057577095385574 53.1807026426383)
maintained_schools_wg.108,10070341029,6612033,Ysgol Treferthyr,661,Gwynedd,Primary,Community,WM,Welsh medium school / provision (including transitional),"Nursery, Infants & Juniors",---,Ysgol Treferthyr,Ffordd Pwllheli,Cricieth,Gwynedd,LL52 0RR,01766522300,118,6612033,Ysgol Treferthyr,661,Gwynedd,Cymuned,WM,Cyfrwng Cymraeg,"Iau, babanod a meithrin",---,Ysgol Treferthyr,Ffordd Pwllheli,Cricieth,Gwynedd,LL52 0RR,01766522300,118,108,POINT (-4.23400951801224 52.91712616130107)
maintained_schools_wg.109,10070338137,6612036,Ysgol Gynradd Chwilog,661,Gwynedd,Primary,Community,WM,Welsh medium school / provision (including transitional),"Nursery, Infants & Juniors",---,Chwilog,Pwllheli,Gwynedd,,LL53 6PS,01766810627,91,6612036,Ysgol Gynradd Chwilog,661,Gwynedd,Cymuned,WM,Cyfrwng Cymraeg,"Iau, babanod a meithrin",---,Chwilog,Pwllheli,Gwynedd,,LL53 6PS,01766810627,91,109,POINT (-4.334139228933401 52.920262231188076)
maintained_schools_wg.110,10070341785,6612039,YSGOL CRUD-Y-WERIN,661,Gwynedd,Primary,Community,WM,Welsh medium school / provision (including transitional),"Nursery, Infants & Juniors",---,Aberdaron,Pwllheli,Gwynedd,,LL53 8BP,01758760205,55,6612039,YSGOL CRUD-Y-WERIN,661,Gwynedd,Cymuned,WM,Cyfrwng Cymraeg,"Iau, babanod a meithrin",---,Aberdaron,Pwllheli,Gwynedd,,LL53 8BP,01758760205,55,110,POINT (-4.71055427781875 52.80756148684016)
maintained_schools_wg.111,200003183926,6612042,Ysgol Dolbadarn,661,Gwynedd,Primary,Community,WM,Welsh medium school / provision (including transitional),"Nursery, Infants & Juniors",---,Llanberis,Gwynedd,,,LL55 4SH,01286870711,132,6612042,Ysgol Dolbadarn,661,Gwynedd,Cymuned,WM,Cyfrwng Cymraeg,"Iau, babanod a meithrin",---,Llanberis,Gwynedd,,,LL55 4SH,01286870711,132,111,POINT (-4.128319819510598 53.117819102423596)
maintained_schools_wg.112,10070340556,6612046,Ysgol Gynradd Edern,661,Gwynedd,Primary,Community,WM,Welsh medium school / provision (including transitional),"Nursery, Infants & Juniors",---,Ffordd y Rhos,Edern,Pwllheli,Gwynedd,LL53 8YW,01758720272,78,6612046,Ysgol Gynradd Edern,661,Gwynedd,Cymuned,WM,Cyfrwng Cymraeg,"Iau, babanod a meithrin",---,Ffordd y Rhos,Edern,Pwllheli,Gwynedd,LL53 8YW,01758720272,78,112,POINT (-4.564844544964797 52.92348751177801)
maintained_schools_wg.113,10024258673,6612048,Ysgol Bro Plenydd,661,Gwynedd,Primary,Community,WM,Welsh medium school / provision (including transitional),"Nursery, Infants & Juniors",---,Y Ffor,Pwllheli,Gwynedd,,LL53 6UP,01766810625,91,6612048,Ysgol Bro Plenydd,661,Gwynedd,Cymuned,WM,Cyfrwng Cymraeg,"Iau, babanod a meithrin",---,Y Ffor,Pwllheli,Gwynedd,,LL53 6UP,01766810625,91,113,POINT (-4.385318662407055 52.92602468604424)
maintained_schools_wg.114,10070341288,6612049,Ysgol Gynradd Garndolbenmaen,661,Gwynedd,Primary,Community,WM,Welsh medium school / provision (including transitional),"Nursery, Infants & Juniors",---,Garndolbenmaen,Gwynedd,,,LL51 9SZ,01766530626,15,6612049,Ysgol Gynradd Garndolbenmaen,661,Gwynedd,Cymuned,WM,Cyfrwng Cymraeg,"Iau, babanod a meithrin",---,Garndolbenmaen,Gwynedd,,,LL51 9SZ,01766530626,15,114,POINT (-4.242450661797491 52.97249627847855)
maintained_schools_wg.115,10070352481,6612060,Ysgol Gynradd Llanbedrog,661,Gwynedd,Primary,Community,WM,Welsh medium school / provision (including transitional),"Nursery, Infants & Juniors",---,Llanbedrog,Pwllheli,Gwynedd,,LL53 7NU,01758740631,97,6612060,Ysgol Gynradd Llanbedrog,661,Gwynedd,Cymuned,WM,Cyfrwng Cymraeg,"Iau, babanod a meithrin",---,Llanbedrog,Pwllheli,Gwynedd,,LL53 7NU,01758740631,97,115,POINT (-4.488580229534629 52.85942649998156)
maintained_schools_wg.116,10070337786,6612066,Ysgol Gynradd Llangybi,661,Gwynedd,Primary,Community,WM,Welsh medium school / provision (including transitional),"Nursery, Infants & Juniors",---,Llangybi,Pwllheli,Gwynedd,,LL53 6DQ,01766810564,23,6612066,Ysgol Gynradd Llangybi,661,Gwynedd,Cymuned,WM,Cyfrwng Cymraeg,"Iau, babanod a meithrin",---,Llangybi,Pwllheli,Gwynedd,,LL53 6DQ,01766810564,23,116,POINT (-4.35289248975994 52.94154326429713)
maintained_schools_wg.117,10070352509,6612069,Ysgol Llanllechid,661,Gwynedd,Primary,Community,WM,Welsh medium school / provision (including transitional),"Nursery, Infants & Juniors",---,Llanllechid,Bangor,Gwynedd,,LL57 3EH,01248600600,260,6612069,Ysgol Llanllechid,661,Gwynedd,Cymuned,WM,Cyfrwng Cymraeg,"Iau, babanod a meithrin",---,Llanllechid,Bangor,Gwynedd,,LL57 3EH,01248600600,260,117,POINT (-4.065622211481323 53.18866381705405)
maintained_schools_wg.118,10070339135,6612070,Ysgol Gynradd Llanllyfni,661,Gwynedd,Primary,Community,WM,Welsh medium school / provision (including transitional),"Nursery, Infants & Juniors",---,Llanllyfni,Caernarfon,Gwynedd,,LL54 6SH,01286880729,77,6612070,Ysgol Gynradd Llanllyfni,661,Gwynedd,Cymuned,WM,Cyfrwng Cymraeg,"Iau, babanod a meithrin",---,Llanllyfni,Caernarfon,Gwynedd,,LL54 6SH,01286880729,77,118,POINT (-4.28293259693682 53.04110080296953)
maintained_schools_wg.119,200002950212,6612075,YSGOL BABANOD MORFA NEFYN,661,Gwynedd,Primary,Community,WM,Welsh medium school / provision (including transitional),"Nursery, Infants & Juniors",---,Morfa Nefyn,Pwllheli,Gwynedd,,LL53 6AR,01758720870,22,6612075,YSGOL BABANOD MORFA NEFYN,661,Gwynedd,Cymuned,WM,Cyfrwng Cymraeg,"Iau, babanod a meithrin",---,Morfa Nefyn,Pwllheli,Gwynedd,,LL53 6AR,01758720870,22,119,POINT (-4.549117384475002 52.931064514102076)
maintained_schools_wg.120,10070342268,6612078,Ysgol Baladeulyn,661,Gwynedd,Primary,Community,WM,Welsh medium school / provision (including transitional),"Nursery, Infants & Juniors",---,Nantlle,Caernarfon,Gwynedd,,LL54 6BT,01286880884,13,6612078,Ysgol Baladeulyn,661,Gwynedd,Cymuned,WM,Cyfrwng Cymraeg,"Iau, babanod a meithrin",---,Nantlle,Caernarfon,Gwynedd,,LL54 6BT,01286880884,13,120,POINT (-4.215058138923155 53.05799298942015)
maintained_schools_wg.121,10070339127,6612081,Ysgol Gynradd Nebo,661,Gwynedd,Primary,Community,WM,Welsh medium school / provision (including transitional),"Nursery, Infants & Juniors",---,Nebo,Caernarfon,Gwynedd,,LL54 6EE,01286881273,10,6612081,Ysgol Gynradd Nebo,661,Gwynedd,Cymuned,WM,Cyfrwng Cymraeg,"Iau, babanod a meithrin",---,Nebo,Caernarfon,Gwynedd,,LL54 6EE,01286881273,10,121,POINT (-4.269440872651781 53.02991348078727)
maintained_schools_wg.122,10070344501,6612085,Ysgol Gymuned Penisarwaun,661,Gwynedd,Primary,Community,WM,Welsh medium school / provision (including transitional),"Nursery, Infants & Juniors",---,Penisarwaen,Caernarfon,Gwynedd,,LL55 3BW,01286870879,39,6612085,Ysgol Gymuned Penisarwaun,661,Gwynedd,Cymuned,WM,Cyfrwng Cymraeg,"Iau, babanod a meithrin",---,Penisarwaen,Caernarfon,Gwynedd,,LL55 3BW,01286870879,39,122,POINT (-4.162283114583755 53.152549418085854)
maintained_schools_wg.123,10070362519,6612089,Ysgol Bro Lleu,661,Gwynedd,Primary,Community,WM,Welsh medium school / provision (including transitional),"Nursery, Infants & Juniors",---,Penygroes,Caernarfon,Gwynedd,,LL54 6RL,01286880883,190,6612089,Ysgol Bro Lleu,661,Gwynedd,Cymuned,WM,Cyfrwng Cymraeg,"Iau, babanod a meithrin",---,Penygroes,Caernarfon,Gwynedd,,LL54 6RL,01286880883,190,123,POINT (-4.277793002411892 53.05367897000049)
maintained_schools_wg.124,10070355963,6612093,YSGOL GYNRADD  PENTREUCHAF,661,Gwynedd,Primary,Community,WM,Welsh medium school / provision (including transitional),"Nursery, Infants & Juniors",---,Pentreuchaf,Pwllheli,Gwynedd,,LL53 8DZ,01758750600,93,6612093,YSGOL GYNRADD  PENTREUCHAF,661,Gwynedd,Cymuned,WM,Cyfrwng Cymraeg,"Iau, babanod a meithrin",---,Pentreuchaf,Pwllheli,Gwynedd,,LL53 8DZ,01758750600,93,124,POINT (-4.4518073770932585 52.928590786853626)
maintained_schools_wg.125,10070346815,6612097,Ysgol Rhiwlas,661,Gwynedd,Primary,Community,WM,Welsh medium school / provision (including transitional),"Nursery, Infants & Juniors",---,Rhiwlas,Bangor,Gwynedd,,LL57 4EH,01248352483,36,6612097,Ysgol Rhiwlas,661,Gwynedd,Cymuned,WM,Cyfrwng Cymraeg,"Iau, babanod a meithrin",---,Rhiwlas,Bangor,Gwynedd,,LL57 4EH,01248352483,36,125,POINT (-4.132861759509006 53.17360590957828)
maintained_schools_wg.126,10070342147,6612098,Ysgol Gynradd Rhosgadfan,661,Gwynedd,Primary,Community,WM,Welsh medium school / provision (including transitional),"Nursery, Infants & Juniors",---,Rhosgadfan,Caernarfon,Gwynedd,,LL54 7EU,01286830160,39,6612098,Ysgol Gynradd Rhosgadfan,661,Gwynedd,Cymuned,WM,Cyfrwng Cymraeg,"Iau, babanod a meithrin",---,Rhosgadfan,Caernarfon,Gwynedd,,LL54 7EU,01286830160,39,126,POINT (-4.230934764503631 53.091151495499496)
maintained_schools_wg.127,10070341648,6612099,Ysgol Gynradd Rhostryfan,661,Gwynedd,Primary,Community,WM,Welsh medium school / provision (including transitional),"Nursery, Infants & Juniors",---,Rhostryfan,Caernarfon,Gwynedd,,LL54 7LR,01286830727,78,6612099,Ysgol Gynradd Rhostryfan,661,Gwynedd,Cymuned,WM,Cyfrwng Cymraeg,"Iau, babanod a meithrin",---,Rhostryfan,Caernarfon,Gwynedd,,LL54 7LR,01286830727,78,127,POINT (-4.246051799638748 53.097511331859515)
maintained_schools_wg.128,10070271373,6612103,YSGOL SARN BACH,661,Gwynedd,Primary,Community,WM,Welsh medium school / provision (including transitional),"Nursery, Infants & Juniors",---,Sarn Bach,Pwllheli,Gwynedd,,LL53 7LF,01758712714,24,6612103,YSGOL SARN BACH,661,Gwynedd,Cymuned,WM,Cyfrwng Cymraeg,"Iau, babanod a meithrin",---,Sarn Bach,Pwllheli,Gwynedd,,LL53 7LF,01758712714,24,128,POINT (-4.519401192769673 52.81061625796214)
maintained_schools_wg.129,10070345043,6612104,Ysgol Eifion Wyn,661,Gwynedd,Primary,Community,WM,Welsh medium school / provision (including transitional),"Nursery, Infants & Juniors",---,Porthmadog,Gwynedd,,,LL49 9NU,01766513286,212,6612104,Ysgol Eifion Wyn,661,Gwynedd,Cymuned,WM,Cyfrwng Cymraeg,"Iau, babanod a meithrin",---,Porthmadog,Gwynedd,,,LL49 9NU,01766513286,212,129,POINT (-4.136411210953459 52.929423617664)
maintained_schools_wg.130,10070340077,6612108,Ysgol Gynradd Talysarn,661,Gwynedd,Primary,Community,WM,Welsh medium school / provision (including transitional),"Nursery, Infants & Juniors",---,COED MADOG,TALYSARN,Gwynedd,,LL54 6HR,01286880885,96,6612108,Ysgol Gynradd Talysarn,661,Gwynedd,Cymuned,WM,Cyfrwng Cymraeg,"Iau, babanod a meithrin",---,COED MADOG,TALYSARN,Gwynedd,,LL54 6HR,01286880885,96,130,POINT (-4.255279465810182 53.05461159977858)
maintained_schools_wg.131,10070344342,6612110,YSGOL Y GORLAN,661,Gwynedd,Primary,Community,WM,Welsh medium school / provision (including transitional),"Nursery, Infants & Juniors",---,Tremadog,Porthmadog,Gwynedd,,LL49 9RN,01766512773,109,6612110,YSGOL Y GORLAN,661,Gwynedd,Cymuned,WM,Cyfrwng Cymraeg,"Iau, babanod a meithrin",---,Tremadog,Porthmadog,Gwynedd,,LL49 9RN,01766512773,109,131,POINT (-4.147662102750064 52.93968620782636)
maintained_schools_wg.132,10070364993,6612111,Ysgol yr Eifl,661,Gwynedd,Primary,Community,WM,Welsh medium school / provision (including transitional),"Nursery, Infants & Juniors",---,Trefor,Caernarfon,Gwynedd,,LL54 5LU,01286660523,44,6612111,Ysgol yr Eifl,661,Gwynedd,Cymuned,WM,Cyfrwng Cymraeg,"Iau, babanod a meithrin",---,Trefor,Caernarfon,Gwynedd,,LL54 5LU,01286660523,44,132,POINT (-4.423614789130038 52.99306260886166)
maintained_schools_wg.133,10070338077,6612112,YSGOL GYNRADD TUDWEILIOG,661,Gwynedd,Primary,Community,WM,Welsh medium school / provision (including transitional),"Nursery, Infants & Juniors",---,Tudweiliog,Pwllheli,Gwynedd,,LL53 8ND,01758770669,51,6612112,YSGOL GYNRADD TUDWEILIOG,661,Gwynedd,Cymuned,WM,Cyfrwng Cymraeg,"Iau, babanod a meithrin",---,Tudweiliog,Pwllheli,Gwynedd,,LL53 8ND,01758770669,51,133,POINT (-4.6235459827691745 52.89875416493065)
maintained_schools_wg.134,10070342790,6612113,Ysgol Waunfawr,661,Gwynedd,Primary,Community,WM,Welsh medium school / provision (including transitional),"Nursery, Infants & Juniors",---,Waunfawr,Caernarfon,Gwynedd,,LL55 4LJ,01286650451,116,6612113,Ysgol Waunfawr,661,Gwynedd,Cymuned,WM,Cyfrwng Cymraeg,"Iau, babanod a meithrin",---,Waunfawr,Caernarfon,Gwynedd,,LL55 4LJ,01286650451,116,134,POINT (-4.206062118496361 53.11175490160705)
maintained_schools_wg.135,100101030683,6612116,Ysgol Glancegin,661,Gwynedd,Primary,Community,WM,Welsh medium school / provision (including transitional),"Nursery, Infants & Juniors",---,Maesgeirchen,Bangor,Gwynedd,,LL57 1ST,01248353097,219,6612116,Ysgol Glancegin,661,Gwynedd,Cymuned,WM,Cyfrwng Cymraeg,"Iau, babanod a meithrin",---,Maesgeirchen,Bangor,Gwynedd,,LL57 1ST,01248353097,219,135,POINT (-4.117337107695628 53.22598347775924)
maintained_schools_wg.136,10024260615,6612119,Ysgol Yr Hendre,661,Gwynedd,Primary,Community,WM,Welsh medium school / provision (including transitional),"Nursery, Infants & Juniors",---,Caernarfon,Gwynedd,,,LL55 2AT,01286674332,378,6612119,Ysgol Yr Hendre,661,Gwynedd,Cymuned,WM,Cyfrwng Cymraeg,"Iau, babanod a meithrin",---,Caernarfon,Gwynedd,,,LL55 2AT,01286674332,378,136,POINT (-4.2595246826481015 53.136594337183894)
maintained_schools_wg.137,10094365667,6612122,Ysgol Bontnewydd,661,Gwynedd,Primary,Community,WM,Welsh medium school / provision (including transitional),"Nursery, Infants & Juniors",---,Bontnewydd,Caernarfon,Gwynedd,,LL55 2UF,01286673880,214,6612122,Ysgol Bontnewydd,661,Gwynedd,Cymuned,WM,Cyfrwng Cymraeg,"Iau, babanod a meithrin",---,Bontnewydd,Caernarfon,Gwynedd,,LL55 2UF,01286673880,214,137,POINT (-4.2694273483020115 53.115072920296804)
maintained_schools_wg.138,10070345543,6612123,Ysgol Gymraeg y Garnedd,661,Gwynedd,Primary,Community,WM,Welsh medium school / provision (including transitional),"Nursery, Infants & Juniors",---,Ffordd Penrhos,Bangor,Gwynedd,,LL57 2LX,01248352534,394,6612123,Ysgol Gymraeg y Garnedd,661,Gwynedd,Cymuned,WM,Cyfrwng Cymraeg,"Iau, babanod a meithrin",---,Ffordd Penrhos,Bangor,Gwynedd,,LL57 2LX,01248352534,394,138,POINT (-4.15625340438259 53.2139392491225)
maintained_schools_wg.139,200001887002,6612125,Ysgol Cymerau,661,Gwynedd,Primary,Community,WM,Welsh medium school / provision (including transitional),"Nursery, Infants & Juniors",---,Ffordd Mela,Pwllheli,Gwynedd,,LL53 5AR,01758612001,253,6612125,Ysgol Cymerau,661,Gwynedd,Cymuned,WM,Cyfrwng Cymraeg,"Iau, babanod a meithrin",---,Ffordd Mela,Pwllheli,Gwynedd,,LL53 5AR,01758612001,253,139,POINT (-4.417367594640481 52.88251416634054)
maintained_schools_wg.140,200003198409,6612126,Ysgol Abercaseg (Babanod),661,Gwynedd,Primary,Community,WM,Welsh medium school / provision (including transitional),Nursery & Infants,---,Bethesda,Bangor,Gwynedd,,LL57 3PL,01248600194,76,6612126,Ysgol Abercaseg (Babanod),661,Gwynedd,Cymuned,WM,Cyfrwng Cymraeg,Babanod a meithrin,---,Bethesda,Bangor,Gwynedd,,LL57 3PL,01248600194,76,140,POINT (-4.054775813049252 53.17782909739466)
maintained_schools_wg.141,10070343161,6612127,Ysgol y Felinheli,661,Gwynedd,Primary,Community,WM,Welsh medium school / provision (including transitional),"Nursery, Infants & Juniors",---,Felinheli,Gwynedd,,,LL56 4TZ,01248670748,157,6612127,Ysgol y Felinheli,661,Gwynedd,Cymuned,WM,Cyfrwng Cymraeg,"Iau, babanod a meithrin",---,Felinheli,Gwynedd,,,LL56 4TZ,01248670748,157,141,POINT (-4.216423569070941 53.17690768087688)
maintained_schools_wg.142,200001847832,6612181,Ysgol y Traeth,661,Gwynedd,Primary,Community,WM,Welsh medium school / provision (including transitional),"Nursery, Infants & Juniors",---,Abermaw,Gwynedd,,,LL42 1HH,01341280479,185,6612181,Ysgol y Traeth,661,Gwynedd,Cymuned,WM,Cyfrwng Cymraeg,"Iau, babanod a meithrin",---,Abermaw,Gwynedd,,,LL42 1HH,01341280479,185,142,POINT (-4.061401271710739 52.724936376587465)
maintained_schools_wg.143,10070356007,6612185,Ysgol Gynradd Dyffryn Dulas,661,Gwynedd,Primary,Community,WM,Welsh medium school / provision (including transitional),"Nursery, Infants & Juniors",---,Corris,Machynlleth,Powys,,SY20 9TQ,01654761622,33,6612185,Ysgol Gynradd Dyffryn Dulas,661,Gwynedd,Cymuned,WM,Cyfrwng Cymraeg,"Iau, babanod a meithrin",---,Corris,Machynlleth,Powys,,SY20 9TQ,01654761622,33,143,POINT (-3.8408353366682157 52.653088646851096)
maintained_schools_wg.144,10070347679,6612189,Ysgol Gynradd Dyffryn Ardudwy,661,Gwynedd,Primary,Community,WM,Welsh medium school / provision (including transitional),Infants & Juniors,---,Dyffryn Ardudwy,Gwynedd,,,LL44 2EP,01341247294,68,6612189,Ysgol Gynradd Dyffryn Ardudwy,661,Gwynedd,Cymuned,WM,Cyfrwng Cymraeg,Iau a babanod,---,Dyffryn Ardudwy,Gwynedd,,,LL44 2EP,01341247294,68,144,POINT (-4.094991185570051 52.78427339639453)
maintained_schools_wg.145,200003184962,6612190,Ysgol Bro Cynfal,661,Gwynedd,Primary,Community,WM,Welsh medium school / provision (including transitional),"Nursery, Infants & Juniors",---,Ffestiniog,Blaenau Ffestiniog,Gwynedd,,LL41 4NF,01766762668,40,6612190,Ysgol Bro Cynfal,661,Gwynedd,Cymuned,WM,Cyfrwng Cymraeg,"Iau, babanod a meithrin",---,Ffestiniog,Blaenau Ffestiniog,Gwynedd,,LL41 4NF,01766762668,40,145,POINT (-3.932305208240191 52.95847101562034)
maintained_schools_wg.146,10070353659,6612192,Ysgol Edmwnd Prys,661,Gwynedd,Primary,Community,WM,Welsh medium school / provision (including transitional),"Nursery, Infants & Juniors",---,Gellilydan,Blaenau Ffestiniog,Gwynedd,,LL41 4DY,01766590348,18,6612192,Ysgol Edmwnd Prys,661,Gwynedd,Cymuned,WM,Cyfrwng Cymraeg,"Iau, babanod a meithrin",---,Gellilydan,Blaenau Ffestiniog,Gwynedd,,LL41 4DY,01766590348,18,146,POINT (-3.959795983892374 52.939526892508354)
maintained_schools_wg.147,10070347951,6612194,Ysgol Gynradd Llanbedr,661,Gwynedd,Primary,Community,WM,Welsh medium school / provision (including transitional),Infants & Juniors,---,Llanbedr,Gwynedd,,,LL45 2NW,01341241422,43,6612194,Ysgol Gynradd Llanbedr,661,Gwynedd,Cymuned,WM,Cyfrwng Cymraeg,Iau a babanod,---,Llanbedr,Gwynedd,,,LL45 2NW,01341241422,43,147,POINT (-4.096142240565407 52.82146713883087)
maintained_schools_wg.148,10070351866,6612198,YSGOL Y GARREG,661,Gwynedd,Primary,Community,WM,Welsh medium school / provision (including transitional),"Nursery, Infants & Juniors",---,Llanfrothen,Penrhyndeudraeth,Gwynedd,,LL48 6LJ,01766770727,17,6612198,YSGOL Y GARREG,661,Gwynedd,Cymuned,WM,Cyfrwng Cymraeg,"Iau, babanod a meithrin",---,Llanfrothen,Penrhyndeudraeth,Gwynedd,,LL48 6LJ,01766770727,17,148,POINT (-4.063223939915499 52.95416569277377)
maintained_schools_wg.149,10070357039,6612199,Ysgol O M Edwards,661,Gwynedd,Primary,Community,WM,Welsh medium school / provision (including transitional),"Nursery, Infants & Juniors",---,Llanuwchllyn,Bala,Gwynedd,,LL23 7UB,01678540242,74,6612199,Ysgol O M Edwards,661,Gwynedd,Cymuned,WM,Cyfrwng Cymraeg,"Iau, babanod a meithrin",---,Llanuwchllyn,Bala,Gwynedd,,LL23 7UB,01678540242,74,149,POINT (-3.674826429781378 52.85971868384215)
maintained_schools_wg.150,10070369953,6612205,Ysgol Manod,661,Gwynedd,Primary,Community,WM,Welsh medium school / provision (including transitional),"Nursery, Infants & Juniors",---,Ysgol Manod,Ffordd Manod,Blaenau Ffestiniog,Gwynedd,LL41 4AF,01766830272,86,6612205,Ysgol Manod,661,Gwynedd,Cymuned,WM,Cyfrwng Cymraeg,"Iau, babanod a meithrin",---,Blaenau Ffestiniog,Gwynedd,,,LL41 4AF,01766830272,86,150,POINT (-3.9311007711023978 52.98455436997613)
maintained_schools_wg.151,10070353780,6612207,Ysgol Gynradd Pennal,661,Gwynedd,Primary,Community,WM,Welsh medium school / provision (including transitional),"Nursery, Infants & Juniors",---,Pennal,Machynlleth,Gwynedd,,SY20 9JT,01654791225,34,6612207,Ysgol Gynradd Pennal,661,Gwynedd,Cymuned,WM,Cyfrwng Cymraeg,"Iau, babanod a meithrin",---,Pennal,Machynlleth,Gwynedd,,SY20 9JT,01654791225,34,151,POINT (-3.9219270108652653 52.585995009774045)
maintained_schools_wg.152,200001847833,6612208,Ysgol Cefn Coch,661,Gwynedd,Primary,Community,WM,Welsh medium school / provision (including transitional),"Nursery, Infants & Juniors",---,Penrhyndeudraeth,Gwynedd,,,LL48 6AE,01766770291,157,6612208,Ysgol Cefn Coch,661,Gwynedd,Cymuned,WM,Cyfrwng Cymraeg,"Iau, babanod a meithrin",---,Penrhyndeudraeth,Gwynedd,,,LL48 6AE,01766770291,157,152,POINT (-4.068115496655505 52.9300121254461)
maintained_schools_wg.153,10070351544,6612210,Ysgol Talsarnau,661,Gwynedd,Primary,Community,WM,Welsh medium school / provision (including transitional),"Nursery, Infants & Juniors",---,Talsarnau,Gwynedd,,,LL47 6TA,01766770768,26,6612210,Ysgol Talsarnau,661,Gwynedd,Cymuned,WM,Cyfrwng Cymraeg,"Iau, babanod a meithrin",---,Talsarnau,Gwynedd,,,LL47 6TA,01766770768,26,153,POINT (-4.066899150129124 52.90167604647292)
maintained_schools_wg.154,10070353728,6612211,Ysgol Gynradd Tanygrisiau,661,Gwynedd,Primary,Community,WM,Welsh medium school / provision (including transitional),"Nursery, Infants & Juniors",---,Blaenau Ffestiniog,Gwynedd,,,LL41 3SU,01766830795,32,6612211,Ysgol Gynradd Tanygrisiau,661,Gwynedd,Cymuned,WM,Cyfrwng Cymraeg,"Iau, babanod a meithrin",---,Blaenau Ffestiniog,Gwynedd,,,LL41 3SU,01766830795,32,154,POINT (-3.957484990834872 52.98655017482461)
maintained_schools_wg.155,200002949745,6612212,Ysgol Gynradd Penybryn,661,Gwynedd,Primary,Community,WM,Welsh medium school / provision (including transitional),Infants & Juniors,---,Tywyn,Gwynedd,,,LL36 9EF,01654710237,240,6612212,Ysgol Gynradd Penybryn,661,Gwynedd,Cymuned,WM,Cyfrwng Cymraeg,Iau a babanod,---,Tywyn,Gwynedd,,,LL36 9EF,01654710237,240,155,POINT (-4.08277799809307 52.58516223916459)
maintained_schools_wg.156,10070354316,6612213,Ysgol Bro Hedd Wyn,661,Gwynedd,Primary,Community,WM,Welsh medium school / provision (including transitional),"Nursery, Infants & Juniors",---,Trawsfynydd,Blaenau Ffestiniog,Gwynedd,,LL41 4SE,01766540247,64,6612213,Ysgol Bro Hedd Wyn,661,Gwynedd,Cymuned,WM,Cyfrwng Cymraeg,"Iau, babanod a meithrin",---,Trawsfynydd,Blaenau Ffestiniog,Gwynedd,,LL41 4SE,01766540247,64,156,POINT (-3.92303285381858 52.90116220073437)
maintained_schools_wg.157,10070357388,6612214,Ysgol Bro Tryweryn,661,Gwynedd,Primary,Community,WM,Welsh medium school / provision (including transitional),"Nursery, Infants & Juniors",---,Frongoch,Bala,Gwynedd,,LL23 7NT,01678520740,61,6612214,Ysgol Bro Tryweryn,661,Gwynedd,Cymuned,WM,Cyfrwng Cymraeg,"Iau, babanod a meithrin",---,Frongoch,Bala,Gwynedd,,LL23 7NT,01678520740,61,157,POINT (-3.631468883418968 52.93928439049888)
maintained_schools_wg.158,10070348107,6612219,Ysgol Tanycastell,661,Gwynedd,Primary,Community,WM,Welsh medium school / provision (including transitional),"Nursery, Infants & Juniors",---,Harlech,Gwynedd,,,LL46 2UE,01766780454,77,6612219,Ysgol Tanycastell,661,Gwynedd,Cymuned,WM,Cyfrwng Cymraeg,"Iau, babanod a meithrin",---,Harlech,Gwynedd,,,LL46 2UE,01766780454,77,158,POINT (-4.106901679873401 52.86345354216151)
maintained_schools_wg.159,10070357857,6612220,Ysgol Ffridd y LLyn,661,Gwynedd,Primary,Community,WM,Welsh medium school / provision (including transitional),"Nursery, Infants & Juniors",---,Cefnddwysarn,Bala,Gwynedd,,LL23 7HE,01678530373,45,6612220,Ysgol Ffridd y LLyn,661,Gwynedd,Cymuned,WM,Cyfrwng Cymraeg,"Iau, babanod a meithrin",---,Cefnddwysarn,Bala,Gwynedd,,LL23 7HE,01678530373,45,159,POINT (-3.5386031687942134 52.93277392915098)
maintained_schools_wg.160,200003181300,6612221,Ysgol Maenofferen,661,Gwynedd,Primary,Community,WM,Welsh medium school / provision (including transitional),"Nursery, Infants & Juniors",---,Blaenau Ffestiniog,Gwynedd,,,LL41 3UL,01766831256,214,6612221,Ysgol Maenofferen,661,Gwynedd,Cymuned,WM,Cyfrwng Cymraeg,"Iau, babanod a meithrin",---,Blaenau Ffestiniog,Gwynedd,,,LL41 3UL,01766831256,214,160,POINT (-3.9382608020827186 52.99440837506219)
maintained_schools_wg.161,200003183285,6612227,Ysgol Hirael,661,Gwynedd,Primary,Community,WM,Welsh medium school / provision (including transitional),"Nursery, Infants & Juniors",---,Orme Road,Bangor,Gwynedd,,LL57 1BA,01248352182,191,6612227,Ysgol Hirael,661,Gwynedd,Cymuned,WM,Cyfrwng Cymraeg,"Iau, babanod a meithrin",---,Orme Road,Bangor,Gwynedd,,LL57 1BA,01248352182,191,161,POINT (-4.1220265033738075 53.23143822244637)
maintained_schools_wg.162,10090569137,6612228,Ysgol Craig y Deryn,661,Gwynedd,Primary,Community,WM,Welsh medium school / provision (including transitional),"Nursery, Infants & Juniors",---,Llanegryn,Gwynedd,,,LL36 9SG,01654710463,95,6612228,Ysgol Craig y Deryn,661,Gwynedd,Cymuned,WM,Cyfrwng Cymraeg,"Iau, babanod a meithrin",---,Llanegryn,Gwynedd,,,LL36 9SG,01654710463,95,162,POINT (-4.072698701027032 52.62575202826715)
maintained_schools_wg.163,10070339460,6612229,Ysgol Bro Llifon,661,Gwynedd,Primary,Community,WM,Welsh medium school / provision (including transitional),"Nursery, Infants & Juniors",---,Groeslon,Caernarfon,,,LL54 7DT,01286831033,150,6612229,Ysgol Bro Llifon,661,Gwynedd,Cymuned,WM,Cyfrwng Cymraeg,"Iau, babanod a meithrin",---,Groeslon,Caernarfon,,,LL54 7DT,01286831033,150,163,POINT (-4.275466592024407 53.07776552946313)
maintained_schools_wg.164,10070338950,6613004,YSGOL PONT Y GOF,661,Gwynedd,Primary,Voluntary controlled,WM,Welsh medium school / provision (including transitional),"Nursery, Infants & Juniors",Church in Wales,Botwnnog,Pwllheli,Gwynedd,,LL53 8RA,01758730318,101,6613004,YSGOL PONT Y GOF,661,Gwynedd,Gwirfoddol a Reolir,WM,Cyfrwng Cymraeg,"Iau, babanod a meithrin",Eglwys yng Nghymru,Botwnnog,Pwllheli,Gwynedd,,LL53 8RA,01758730318,101,164,POINT (-4.587309317042189 52.84986060281763)
maintained_schools_wg.165,10070340522,6613005,Ysgol Gynradd Maesincla,661,Gwynedd,Primary,Voluntary controlled,WM,Welsh medium school / provision (including transitional),"Nursery, Infants & Juniors",Church in Wales,Maesincla Caernarfon,Gwynedd,,,LL55 1DF,01286673787,266,6613005,Ysgol Gynradd Maesincla,661,Gwynedd,Gwirfoddol a Reolir,WM,Cyfrwng Cymraeg,"Iau, babanod a meithrin",Eglwys yng Nghymru,Maesincla Caernarfon,Gwynedd,,,LL55 1DF,01286673787,266,165,POINT (-4.259686250881916 53.14159641910913)
maintained_schools_wg.166,10070344661,6613009,Ysgol Y Faenol,661,Gwynedd,Primary,Voluntary controlled,WM,Welsh medium school / provision (including transitional),"Nursery, Infants & Juniors",Church in Wales,Penrhosgarnedd,Bangor,Gwynedd,,LL57 2NN,01248352162,225,6613009,Ysgol Y Faenol,661,Gwynedd,Gwirfoddol a Reolir,WM,Cyfrwng Cymraeg,"Iau, babanod a meithrin",Eglwys yng Nghymru,Penrhosgarnedd,Bangor,Gwynedd,,LL57 2NN,01248352162,225,166,POINT (-4.168790535863565 53.20832622244081)
maintained_schools_wg.167,10070346319,6613010,YSGOL FOEL GRON,661,Gwynedd,Primary,Voluntary controlled,WM,Welsh medium school / provision (including transitional),"Nursery, Infants & Juniors",Church in Wales,Mynytho,Pwllheli,Gwynedd,,LL53 7RN,01758740567,29,6613010,YSGOL FOEL GRON,661,Gwynedd,Gwirfoddol a Reolir,WM,Cyfrwng Cymraeg,"Iau, babanod a meithrin",Eglwys yng Nghymru,Mynytho,Pwllheli,Gwynedd,,LL53 7RN,01758740567,29,167,POINT (-4.522016110845564 52.850888774474925)
maintained_schools_wg.168,200002950563,6613013,Ysgol Llandygai,661,Gwynedd,Primary,Voluntary controlled,WM,Welsh medium school / provision (including transitional),"Nursery, Infants & Juniors",Church in Wales,Llandygai,Bangor,Gwynedd,,LL57 4HU,01248352163,80,6613013,Ysgol Llandygai,661,Gwynedd,Gwirfoddol a Reolir,WM,Cyfrwng Cymraeg,"Iau, babanod a meithrin",Eglwys yng Nghymru,Llandygai,Bangor,Gwynedd,,LL57 4HU,01248352163,80,168,POINT (-4.097846839779422 53.216807325599405)
maintained_schools_wg.169,10070338648,6613018,Ysgol Gynradd Llandwrog,661,Gwynedd,Primary,Voluntary controlled,WM,Welsh medium school / provision (including transitional),"Nursery, Infants & Juniors",Church in Wales,Llandwrog,Caernarfon,Gwynedd,,LL54 5ST,01286830223,42,6613018,Ysgol Gynradd Llandwrog,661,Gwynedd,Gwirfoddol a Reolir,WM,Cyfrwng Cymraeg,"Iau, babanod a meithrin",Eglwys yng Nghymru,Llandwrog,Caernarfon,Gwynedd,,LL54 5ST,01286830223,42,169,POINT (-4.312858423188397 53.078986350433446)
maintained_schools_wg.170,10070366956,6613023,Ysgol Gynradd Llanystumdwy,661,Gwynedd,Primary,Voluntary controlled,WM,Welsh medium school / provision (including transitional),"Nursery, Infants & Juniors",Church in Wales,Llanystumdwy,Criccieth,Gwynedd,,LL52 0SP,01766522961,25,6613023,Ysgol Gynradd Llanystumdwy,661,Gwynedd,Gwirfoddol a Reolir,WM,Cyfrwng Cymraeg,"Iau, babanod a meithrin",Eglwys yng Nghymru,Llanystumdwy,Criccieth,Gwynedd,,LL52 0SP,01766522961,25,170,POINT (-4.272517313953091 52.922734256262544)
maintained_schools_wg.171,10070350841,6613029,Ysgol Tregarth,661,Gwynedd,Primary,Voluntary controlled,WM,Welsh medium school / provision (including transitional),"Nursery, Infants & Juniors",Church in Wales,Tregarth,Bangor,Gwynedd,,LL57 4PG,01248600735,114,6613029,Ysgol Tregarth,661,Gwynedd,Gwirfoddol a Reolir,WM,Cyfrwng Cymraeg,"Iau, babanod a meithrin",Eglwys yng Nghymru,Tregarth,Bangor,Gwynedd,,LL57 4PG,01248600735,114,171,POINT (-4.087064078593206 53.19034878948913)
maintained_schools_wg.172,10024259617,6613030,Ysgol Cae Top,661,Gwynedd,Primary,Voluntary controlled,WM,Welsh medium school / provision (including transitional),"Nursery, Infants & Juniors",Church in Wales,Ffordd Eithinog,Bangor,Gwynedd,,LL57 2GZ,01248352325,236,6613030,Ysgol Cae Top,661,Gwynedd,Gwirfoddol a Reolir,WM,Cyfrwng Cymraeg,"Iau, babanod a meithrin",Eglwys yng Nghymru,Ffordd Eithinog,Bangor,Gwynedd,,LL57 2GZ,01248352325,236,172,POINT (-4.153104535689736 53.21864436633071)
maintained_schools_wg.173,200003183492,6613300,Ysgol Santes Helen,661,Gwynedd,Primary,Voluntary aided,WM,Welsh medium school / provision (including transitional),"Nursery, Infants & Juniors",Roman Catholic,Twtil,Caernarfon,Gwynedd,,LL55 1PF,01286674856,40,6613300,Ysgol Santes Helen,661,Gwynedd,Gwirfoddol a Gynorthwyir,WM,Cyfrwng Cymraeg,"Iau, babanod a meithrin",Eglwys Gatholig,Twtil,Caernarfon,Gwynedd,,LL55 1PF,01286674856,40,173,POINT (-4.269669482478973 53.14291692949223)
maintained_schools_wg.174,200003182877,6613301,Ysgol Ein Harglwyddes,661,Gwynedd,Primary,Voluntary aided,EW,Dual language school / provision (Welsh and English) (including transitional),"Nursery, Infants & Juniors",Roman Catholic,Caernarfon Road,Bangor,Gwynedd,,LL57 2UT,01248352463,152,6613301,Ysgol Ein Harglwyddes,661,Gwynedd,Gwirfoddol a Gynorthwyir,EW,Cyfrwng Saesneg yn bennaf ond â defnydd sylweddol or Gymraeg,"Iau, babanod a meithrin",Eglwys Gatholig,Caernarfon Road,Bangor,Gwynedd,,LL57 2UT,01248352463,152,174,POINT (-4.134051605487572 53.22166643132038)
maintained_schools_wg.175,200001703484,6614002,Ysgol Dyffryn Ogwen Bethesda,661,Gwynedd,Secondary,Community,AB,Welsh medium school / provision (including transitional),Secondary (ages 11-19),---,Ffordd Coetmor,Bethesda,Gwynedd,,LL57 3NN,01248600291,398,6614002,Ysgol Dyffryn Ogwen Bethesda,661,Gwynedd,Cymuned,AB,Ddwyieithog (Categori A),Uwchradd (ystod oedran 11-19),---,Ffordd Coetmor,Bethesda,Gwynedd,,LL57 3NN,01248600291,398,175,POINT (-4.064840259488562 53.18267170771386)
maintained_schools_wg.176,10070339324,6614003,Ysgol Botwnnog,661,Gwynedd,Secondary,Community,WM,Welsh medium school / provision (including transitional),Secondary (ages 11-16),---,Botwnnog,Llyn,Gwynedd,,LL53 8PY,01758730220,469,6614003,Ysgol Botwnnog,661,Gwynedd,Cymuned,WM,Cyfrwng Cymraeg,Uwchradd (ystod oedran 11-16),---,Botwnnog,Llyn,Gwynedd,,LL53 8PY,01758730220,469,176,POINT (-4.581583431731723 52.85273683499613)
maintained_schools_wg.177,10070343591,6614004,Ysgol Brynrefail,661,Gwynedd,Secondary,Community,AB,Welsh medium school / provision (including transitional),Secondary (ages 11-19),---,Llanrug,Caernarfon,Gwynedd,,LL55 4AD,01286672381,764,6614004,Ysgol Brynrefail,661,Gwynedd,Cymuned,AB,Ddwyieithog (Categori A),Uwchradd (ystod oedran 11-19),---,Llanrug,Caernarfon,Gwynedd,,LL55 4AD,01286672381,764,177,POINT (-4.191305205629353 53.15063410321116)
maintained_schools_wg.179,10070345151,6614009,YSGOL EIFIONYDD,661,Gwynedd,Secondary,Community,AB,Welsh medium school / provision (including transitional),Secondary (ages 11-16),---,Porthmadog,Gwynedd,,,LL49 9HS,01766512114,373,6614009,YSGOL EIFIONYDD,661,Gwynedd,Cymuned,AB,Ddwyieithog (Categori A),Uwchradd (ystod oedran 11-16),---,Porthmadog,Gwynedd,,,LL49 9HS,01766512114,373,179,POINT (-4.131130133306722 52.931865141036184)
maintained_schools_wg.180,200003181235,6614031,Ysgol Y Moelwyn,661,Gwynedd,Secondary,Community,WM,Welsh medium school / provision (including transitional),Secondary (ages 11-16),---,Heol Wynne,Blaenau Ffestiniog,Gwynedd,,LL41 3DW,01766830435,355,6614031,Ysgol Y Moelwyn,661,Gwynedd,Cymuned,WM,Cyfrwng Cymraeg,Uwchradd (ystod oedran 11-16),---,Heol Wynne,Blaenau Ffestiniog,Gwynedd,,LL41 3DW,01766830435,355,180,POINT (-3.938100637994435 52.99183068800888)
maintained_schools_wg.181,200001845319,6614032,YSGOL UWCHRADD TYWYN,661,Gwynedd,Secondary,Community,AB,Dual language school / provision (Welsh and English) (including transitional),Secondary (ages 11-16),---,Station Road,Tywyn,Gwynedd,,LL36 9EU,01654710256,376,6614032,YSGOL UWCHRADD TYWYN,661,Gwynedd,Cymuned,AB,Ddwyieithog (Categori A),Uwchradd (ystod oedran 11-16),---,Station Road,Tywyn,Gwynedd,,LL36 9EU,01654710256,376,181,POINT (-4.0895304923167135 52.584674584884404)
maintained_schools_wg.182,200003179376,6614034,Ysgol Ardudwy,661,Gwynedd,Secondary,Community,AB,Welsh medium school / provision (including transitional),Secondary (ages 11-16),---,Ffordd y Traeth,Harlech,Gwynedd,,LL46 2UH,01766780331,331,6614034,Ysgol Ardudwy,661,Gwynedd,Cymuned,AB,Ddwyieithog (Categori A),Uwchradd (ystod oedran 11-16),---,Ffordd y Traeth,Harlech,Gwynedd,,LL46 2UH,01766780331,331,182,POINT (-4.11139798095136 52.8621238882702)
maintained_schools_wg.183,200003179321,6614036,Ysgol Friars,661,Gwynedd,Secondary,Community,EW,Dual language school / provision (Welsh and English) (including transitional),Secondary (ages 11-19),---,Lon y Bryn,Bangor,Gwynedd,,LL57 2LN,01248364905,1383,6614036,Ysgol Friars,661,Gwynedd,Cymuned,EW,Cyfrwng Saesneg yn bennaf ond â defnydd sylweddol or Gymraeg,Uwchradd (ystod oedran 11-19),---,Lon y Bryn,Bangor,Gwynedd,,LL57 2LN,01248364905,1383,183,POINT (-4.152326169500751 53.21775937080398)
maintained_schools_wg.184,100101030747,6614037,Ysgol Tryfan,661,Gwynedd,Secondary,Community,AB,Welsh medium school / provision (including transitional),Secondary (ages 11-19),---,Lon Powys,Bangor,Gwynedd,,LL57 2TY,01248352633,513,6614037,Ysgol Tryfan,661,Gwynedd,Cymuned,AB,Ddwyieithog (Categori A),Uwchradd (ystod oedran 11-19),---,Lon Powys,Bangor,Gwynedd,,LL57 2TY,01248352633,513,184,POINT (-4.14499616136492 53.2200493397834)
maintained_schools_wg.185,200003178111,6614039,Ysgol Syr Hugh Owen,661,Gwynedd,Secondary,Community,AB,Welsh medium school / provision (including transitional),Secondary (ages 11-19),---,Bethel Road,Caernarfon,Gwynedd,,LL55 1HW,01286673076,873,6614039,Ysgol Syr Hugh Owen,661,Gwynedd,Cymuned,AB,Ddwyieithog (Categori A),Uwchradd (ystod oedran 11-19),---,Bethel Road,Caernarfon,Gwynedd,,LL55 1HW,01286673076,873,185,POINT (-4.264127888367573 53.14587259761795)
maintained_schools_wg.186,200003203928,6614040,Ysgol Glan y Mor,661,Gwynedd,Secondary,Community,AB,Welsh medium school / provision (including transitional),Secondary (ages 11-16),---,Ffordd Caerdydd,Pwllheli,Gwynedd,,LL53 5NU,01758701244,474,6614040,Ysgol Glan y Mor,661,Gwynedd,Cymuned,AB,Ddwyieithog (Categori A),Uwchradd (ystod oedran 11-16),---,Ffordd Caerdydd,Pwllheli,Gwynedd,,LL53 5NU,01758701244,474,186,POINT (-4.4225612874981435 52.88209357421646)
maintained_schools_wg.187,200003181906,6615500,Bro Idris,661,Gwynedd,Middle,Community,AB,Welsh medium school / provision (including transitional),Middle (ages 3-16),---,Dolgellau,,,Gwynedd,LL40 1HY,01341424949,541,6615500,Bro Idris,661,Gwynedd,Cymuned,AB,Ddwyieithog (Categori A),Canol (ystod oedran 3-16),---,Dolgellau,,,Gwynedd,LL40 1HY,01341424949,541,187,POINT (-3.879782925432673 52.74137907460575)
maintained_schools_wg.188,10070357707,6615501,YSGOL Godre'r Berwyn,661,Gwynedd,Middle,Community,WM,Welsh medium school / provision (including transitional),Middle (ages 3-19),---,Heol Ffrydan,,,Bala,LL23 7RU,01678520259,571,6615501,YSGOL Godre'r Berwyn,661,Gwynedd,Cymuned,WM,Cyfrwng Cymraeg,Canol (ystod oedran 3-19),---,Heol Ffrydan,,,Bala,LL23 7RU,01678520259,571,188,POINT (-3.5982768187746195 52.912845813054545)
maintained_schools_wg.189,10024340587,6622012,Ysgol Betws y Coed,662,Conwy,Primary,Community,WM,Welsh medium school / provision (including transitional),"Nursery, Infants & Juniors",---,Bro Gethun,Betws-Y-Coed,Conwy,,LL24 0BP,01690710581,14,6622012,Ysgol Betws y Coed,662,Conwy,Cymuned,WM,Cyfrwng Cymraeg,"Iau, babanod a meithrin",---,Bro Gethun,Betws-Y-Coed,Conwy,,LL24 0BP,01690710581,14,189,POINT (-3.8188217592746923 53.092645726040814)
maintained_schools_wg.190,10024342240,6622023,Ysgol Capelulo,662,Conwy,Primary,Community,EW,Dual language school / provision (Welsh and English) (including transitional),"Nursery, Infants & Juniors",---,Ffordd Treforus,Dwygyfylchi,Penmaenmawr,Conwy,LL34 6RA,01492622693,136,6622023,Ysgol Capelulo,662,Conwy,Cymuned,EW,Cyfrwng Saesneg yn bennaf ond â defnydd sylweddol or Gymraeg,"Iau, babanod a meithrin",---,Ffordd Treforus,Dwygyfylchi,Penmaenmawr,Conwy,LL34 6RA,01492622693,136,190,POINT (-3.9038876114876384 53.27468064156368)
maintained_schools_wg.191,200001847814,6622038,Ysgol Deganwy,662,Conwy,Primary,Community,EW,Dual language school / provision (Welsh and English) (including transitional),"Nursery, Infants & Juniors",---,Park Drive,Deganwy,Conwy,,LL31 9YB,01492574600,327,6622038,Ysgol Deganwy,662,Conwy,Cymuned,EW,Cyfrwng Saesneg yn bennaf ond â defnydd sylweddol or Gymraeg,"Iau, babanod a meithrin",---,Park Drive,Deganwy,Conwy,,LL31 9YB,01492574600,327,191,POINT (-3.821181890406145 53.29250561321279)
maintained_schools_wg.192,10024341078,6622043,Ysgol Dolwyddelan,662,Conwy,Primary,Community,WM,Welsh medium school / provision (including transitional),"Nursery, Infants & Juniors",---,Dolwyddelan,,,,LL25 0SZ,01690750293,19,6622043,Ysgol Dolwyddelan,662,Conwy,Cymuned,WM,Cyfrwng Cymraeg,"Iau, babanod a meithrin",---,Dolwyddelan,,,,LL25 0SZ,01690750293,19,192,POINT (-3.8850716338471027 53.05199375608816)
maintained_schools_wg.193,200001852377,6622044,Ysgol Ffordd Dyffryn,662,Conwy,Primary,Community,EW,Dual language school / provision (Welsh and English) (including transitional),"Nursery, Infants & Juniors",---,Ffordd Dyffryn,Llandudno,Conwy,,LL30 2LZ,01492878907,174,6622044,Ysgol Ffordd Dyffryn,662,Conwy,Cymuned,EW,Cyfrwng Saesneg yn bennaf ond â defnydd sylweddol or Gymraeg,"Iau, babanod a meithrin",---,Ffordd Dyffryn,Llandudno,Conwy,,LL30 2LZ,01492878907,174,193,POINT (-3.8349056014565592 53.316532270831495)
maintained_schools_wg.194,10024340562,6622053,Ysgol Glanwydden,662,Conwy,Primary,Community,EW,Dual language school / provision (Welsh and English) (including transitional),"Nursery, Infants & Juniors",---,Ffordd Derwen,Bae Penrhyn,Llandudno,Conwy,LL30 3LB,01492540798,296,6622053,Ysgol Glanwydden,662,Conwy,Cymuned,EW,Cyfrwng Saesneg yn bennaf ond â defnydd sylweddol or Gymraeg,"Iau, babanod a meithrin",---,Ffordd Derwen,Bae Penrhyn,Llandudno,Conwy,LL30 3LB,01492540798,296,194,POINT (-3.778947042979873 53.31059276535664)
maintained_schools_wg.195,200002948968,6622061,Ysgol Tudno,662,Conwy,Primary,Community,EW,Dual language school / provision (Welsh and English) (including transitional),"Nursery, Infants & Juniors",---,Trinity Avenue,Llandudno,,,LL30 2SJ,01492875252,184,6622061,Ysgol Tudno,662,Conwy,Cymuned,EW,Cyfrwng Saesneg yn bennaf ond â defnydd sylweddol or Gymraeg,"Iau, babanod a meithrin",---,Trinity Avenue,Llandudno,,,LL30 2SJ,01492875252,184,195,POINT (-3.8308448526995256 53.319867041139034)
maintained_schools_wg.196,50000008088,6622063,Ysgol Morfa Rhianedd,662,Conwy,Primary,Community,WM,Welsh medium school / provision (including transitional),"Nursery, Infants & Juniors",---,Ffordd Cwm,Llandudno,Conwy,,LL30 1EG,01492577150,153,6622063,Ysgol Morfa Rhianedd,662,Conwy,Cymuned,WM,Cyfrwng Cymraeg,"Iau, babanod a meithrin",---,Ffordd Cwm,Llandudno,Conwy,,LL30 1EG,01492577150,153,196,POINT (-3.8263944394071228 53.316555047232015)
maintained_schools_wg.197,10024341072,6622086,Ysgol Penmachno,662,Conwy,Primary,Community,WM,Welsh medium school / provision (including transitional),"Nursery, Infants & Juniors",---,Penmachno,Betws-Y-Coed,Conwy,,LL24 0PT,01690760394,38,6622086,Ysgol Penmachno,662,Conwy,Cymuned,WM,Cyfrwng Cymraeg,"Iau, babanod a meithrin",---,Penmachno,Betws-Y-Coed,Conwy,,LL24 0PT,01690760394,38,197,POINT (-3.8015991408723036 53.0407280951212)
maintained_schools_wg.199,10024340827,6622104,Ysgol Talhaiarn,662,Conwy,Primary,Community,EW,Dual language school / provision (Welsh and English) (including transitional),"Nursery, Infants & Juniors",---,Llanfair Talhaiarn,Abergele,Conwy,,LL22 8SD,01745720242,45,6622104,Ysgol Talhaiarn,662,Conwy,Cymuned,EW,Cyfrwng Saesneg yn bennaf ond â defnydd sylweddol or Gymraeg,"Iau, babanod a meithrin",---,Llanfair Talhaiarn,Abergele,Conwy,,LL22 8SD,01745720242,45,199,POINT (-3.6103829041728437 53.217247190992296)
maintained_schools_wg.200,50000009046,6622108,Ysgol  T. Gwynn Jones,662,Conwy,Primary,Community,EM,English medium school / provision,Nursery & Infants,---,Llanelian Road,Old Colwyn,Colwyn Bay,,LL29 9UA,01492516594,187,6622108,Ysgol  T. Gwynn Jones,662,Conwy,Cymuned,EM,Cyfrwng Saesneg,Babanod a meithrin,---,Llanelian Road,Old Colwyn,Colwyn Bay,,LL29 9UA,01492516594,187,200,POINT (-3.7026740403883664 53.28819778707669)
maintained_schools_wg.201,50000009466,6622110,Ysgol Maes Owen,662,Conwy,Primary,Community,EM,English medium school / provision,Juniors,---,Morfa Avenue,Foryd,Rhyl,,LL18 5LE,01745353721,204,6622110,Ysgol Maes Owen,662,Conwy,Cymuned,EM,Cyfrwng Saesneg,Iau,---,Morfa Avenue,Foryd,Rhyl,,LL18 5LE,01745353721,204,201,POINT (-3.5256030917889514 53.304600925603914)
maintained_schools_wg.202,50000006429,6622111,Ysgol Glan Gele,662,Conwy,Primary,Community,EM,English medium school / provision,Nursery & Infants,---,Ffordd y Morfa,Abergele,Conwy,,LL22 7NU,01745823584,285,6622111,Ysgol Glan Gele,662,Conwy,Cymuned,EM,Cyfrwng Saesneg,Babanod a meithrin,---,Ffordd y Morfa,Abergele,Conwy,,LL22 7NU,01745823584,285,202,POINT (-3.575564092457881 53.287077626075074)
maintained_schools_wg.203,50000006430,6622112,Ysgol Glan Morfa,662,Conwy,Primary,Community,WM,Welsh medium school / provision (including transitional),"Nursery, Infants & Juniors",---,Ffordd y Morfa,Abergele,Conwy,,LL22 7NU,01745832922,247,6622112,Ysgol Glan Morfa,662,Conwy,Cymuned,WM,Cyfrwng Cymraeg,"Iau, babanod a meithrin",---,Ffordd y Morfa,Abergele,Conwy,,LL22 7NU,01745832922,247,203,POINT (-3.575140825604364 53.28739785826511)
maintained_schools_wg.204,200001751344,6622114,Ysgol Bod Alaw,662,Conwy,Primary,Community,WM,Welsh medium school / provision (including transitional),"Nursery, Infants & Juniors",---,Abergele Road,Colwyn Bay,,,LL29 7ST,01492530420,331,6622114,Ysgol Bod Alaw,662,Conwy,Cymuned,WM,Cyfrwng Cymraeg,"Iau, babanod a meithrin",---,Abergele Road,Colwyn Bay,,,LL29 7ST,01492530420,331,204,POINT (-3.7191472532774696 53.28821309817682)
maintained_schools_wg.205,200002949539,6622115,Ysgol Pant y Rhedyn,662,Conwy,Primary,Community,EW,Dual language school / provision (Welsh and English) (including transitional),Juniors,---,Ffordd Penmaenmawr,Llanfairfechan,Conwy,,LL33 0PA,01248680642,108,6622115,Ysgol Pant y Rhedyn,662,Conwy,Cymuned,EW,Cyfrwng Saesneg yn bennaf ond â defnydd sylweddol or Gymraeg,Iau,---,Ffordd Penmaenmawr,Llanfairfechan,Conwy,,LL33 0PA,01248680642,108,205,POINT (-3.973864275903541 53.25830384769571)
maintained_schools_wg.206,50000009465,6622118,Ysgol Y Foryd,662,Conwy,Primary,Community,EM,English medium school / provision,Nursery & Infants,---,Morfa Avenue,Foryd,Conwy,,LL18 5LE,01745351892,193,6622118,Ysgol Y Foryd,662,Conwy,Cymuned,EM,Cyfrwng Saesneg,Babanod a meithrin,---,Morfa Avenue,Foryd,Conwy,,LL18 5LE,01745351892,193,206,POINT (-3.524373018732937 53.30461665656855)
maintained_schools_wg.207,200002948707,6622121,Ysgol Craig y Don,662,Conwy,Primary,Community,EW,Dual language school / provision (Welsh and English) (including transitional),"Nursery, Infants & Juniors",---,Clarence Drive,Craig Y Don,Llandudno,Conwy,LL30 1TR,01492878906,298,6622121,Ysgol Craig y Don,662,Conwy,Cymuned,EW,Cyfrwng Saesneg yn bennaf ond â defnydd sylweddol or Gymraeg,"Iau, babanod a meithrin",---,Clarence Drive,Craig Y Don,Llandudno,Conwy,LL30 1TR,01492878906,298,207,POINT (-3.814220095923322 53.3179904868614)
maintained_schools_wg.208,10024342934,6622123,Ysgol Cerrigydrudion,662,Conwy,Primary,Community,WM,Welsh medium school / provision (including transitional),"Nursery, Infants & Juniors",---,Ffordd Yr Alwen,Cerrigydrudion,Corwen,,LL21 9SW,01490420328,91,6622123,Ysgol Cerrigydrudion,662,Conwy,Cymuned,WM,Cyfrwng Cymraeg,"Iau, babanod a meithrin",---,Ffordd Yr Alwen,Cerrigydrudion,Corwen,,LL21 9SW,01490420328,91,208,POINT (-3.560187444038958 53.02687956349677)
maintained_schools_wg.209,10024340742,6622132,"Ysgol Bro Aled, Llansannan",662,Conwy,Primary,Community,WM,Welsh medium school / provision (including transitional),"Nursery, Infants & Juniors",---,Llansannan,Dinbych,Conwy,,LL16 5HN,01745870660,64,6622132,"Ysgol Bro Aled, Llansannan",662,Conwy,Cymuned,WM,Cyfrwng Cymraeg,"Iau, babanod a meithrin",---,Llansannan,Dinbych,Conwy,,LL16 5HN,01745870660,64,209,POINT (-3.60019632029027 53.17821566925039)
maintained_schools_wg.210,10024339815,6622148,Ysgol Gynradd Bro Cernyw,662,Conwy,Primary,Community,WM,Welsh medium school / provision (including transitional),"Nursery, Infants & Juniors",---,Llangernyw,Abergele,Conwy,,LL22 8PP,01745860238,103,6622148,Ysgol Gynradd Bro Cernyw,662,Conwy,Cymuned,WM,Cyfrwng Cymraeg,"Iau, babanod a meithrin",---,Llangernyw,Abergele,Conwy,,LL22 8PP,01745860238,103,210,POINT (-3.684763598746809 53.190606156359664)
maintained_schools_wg.211,100101036635,6622221,Ysgol Sant Elfod,662,Conwy,Primary,Community,EM,English medium school / provision,Juniors,---,Ffordd Y Morfa,Abergele,Conwy,,LL22 7NU,01745832007,291,6622221,Ysgol Sant Elfod,662,Conwy,Cymuned,EM,Cyfrwng Saesneg,Iau,---,Ffordd Y Morfa,Abergele,Conwy,,LL22 7NU,01745832007,291,211,POINT (-3.5761010264476756 53.28780768415299)
maintained_schools_wg.212,10024341107,6622222,Ysgol Capel Garmon,662,Conwy,Primary,Community,WM,Welsh medium school / provision (including transitional),"Nursery, Infants & Juniors",---,Capel Garmon,Llanrwst,Conwy,,LL26 0RL,01690710287,18,6622222,Ysgol Capel Garmon,662,Conwy,Cymuned,WM,Cyfrwng Cymraeg,"Iau, babanod a meithrin",---,Capel Garmon,Llanrwst,Conwy,,LL26 0RL,01690710287,18,212,POINT (-3.7699326813671115 53.08370059376366)
maintained_schools_wg.213,100101036861,6622225,Ysgol Glan Conwy,662,Conwy,Primary,Community,EW,Dual language school / provision (Welsh and English) (including transitional),"Nursery, Infants & Juniors",---,Ffordd Top Llan,Glan Conwy,Conwy,,LL28 5NA,01492580421,111,6622225,Ysgol Glan Conwy,662,Conwy,Cymuned,EW,Cyfrwng Saesneg yn bennaf ond â defnydd sylweddol or Gymraeg,"Iau, babanod a meithrin",---,Ffordd Top Llan,Glan Conwy,Conwy,,LL28 5NA,01492580421,111,213,POINT (-3.7943772443476793 53.26763219525781)
maintained_schools_wg.214,10024340566,6622264,Ysgol Cynfran,662,Conwy,Primary,Community,EW,English medium school / provision,"Nursery, Infants & Juniors",---,Dolwen Road,Llysfaen,Colwyn Bay,Conwy,LL29 8SS,01492517326,156,6622264,Ysgol Cynfran,662,Conwy,Cymuned,EW,Cyfrwng Saesneg yn bennaf ond â defnydd sylweddol or Gymraeg,"Iau, babanod a meithrin",---,Dolwen Road,Llysfaen,Colwyn Bay,Conwy,LL29 8SS,01492517326,156,214,POINT (-3.656980384537335 53.28169471924569)
maintained_schools_wg.215,100101036794,6622267,Ysgol Iau Hen Golwyn,662,Conwy,Primary,Community,EM,English medium school / provision,Juniors,---,Church Walks,Old Colwyn,Conwy,,LL29 9RU,01492516258,201,6622267,Ysgol Iau Hen Golwyn,662,Conwy,Cymuned,EM,Cyfrwng Saesneg,Iau,---,Church Walks,Old Colwyn,Conwy,,LL29 9RU,01492516258,201,215,POINT (-3.703070012648716 53.28947768068526)
maintained_schools_wg.216,10024341066,6622270,Ysgol Pentrefoelas,662,Conwy,Primary,Community,WM,Welsh medium school / provision (including transitional),"Nursery, Infants & Juniors",---,Pentrefoelas,Betws Y Coed,Conwy,,LL24 0LE,01690770226,45,6622270,Ysgol Pentrefoelas,662,Conwy,Cymuned,WM,Cyfrwng Cymraeg,"Iau, babanod a meithrin",---,Pentrefoelas,Betws Y Coed,Conwy,,LL24 0LE,01690770226,45,216,POINT (-3.681342727188903 53.047218033808676)
maintained_schools_wg.217,10024341099,6622271,Ysgol Bro Gwydir,662,Conwy,Primary,Community,WM,Welsh medium school / provision (including transitional),"Nursery, Infants & Juniors",---,Heol Watling,Llanrwst,,,LL26 0EY,01492640342,320,6622271,Ysgol Bro Gwydir,662,Conwy,Cymuned,WM,Cyfrwng Cymraeg,"Iau, babanod a meithrin",---,Heol Watling,Llanrwst,,,LL26 0EY,01492640342,320,217,POINT (-3.795235197746006 53.13734373060928)
maintained_schools_wg.218,200002948432,6622272,Ysgol Nant Y Groes,662,Conwy,Primary,Community,EM,English medium school / provision,"Nursery, Infants & Juniors",---,Greenfield Road,Colwyn Bay,Conwy,,LL29 8ET,01492577010,234,6622272,Ysgol Nant Y Groes,662,Conwy,Cymuned,EM,Cyfrwng Saesneg,"Iau, babanod a meithrin",---,Greenfield Road,Colwyn Bay,Conwy,,LL29 8ET,01492577010,234,218,POINT (-3.7182693035173053 53.29325109452327)
maintained_schools_wg.219,50000005717,6622273,Ysgol Swn Y Don,662,Conwy,Primary,Community,EM,English medium school / provision,"Nursery, Infants & Juniors",---,Penmaenrhos,Swn Y Don,Colwyn Bay,Conwy,LL29 9LL,01492577290,118,6622273,Ysgol Swn Y Don,662,Conwy,Cymuned,EM,Cyfrwng Saesneg,"Iau, babanod a meithrin",---,Penmaenrhos,Swn Y Don,Colwyn Bay,Conwy,LL29 9LL,01492577290,118,219,POINT (-3.680326695532822 53.2868247631599)
maintained_schools_wg.220,10091007681,6622274,Ysgol Awel y Mynydd,662,Conwy,Primary,Community,DS,Dual language school / provision (Welsh and English) (including transitional),"Nursery, Infants & Juniors",---,Sarn Mynach,Llandudno Junction,Conwy,,LL31 9RT,01492577100,402,6622274,Ysgol Awel y Mynydd,662,Conwy,Cymuned,DS,Ddwy ffrwd,"Iau, babanod a meithrin",---,Sarn Mynach,Llandudno Junction,Conwy,,LL31 9RT,01492577100,402,220,POINT (-3.7917577060920022 53.285943854645275)
maintained_schools_wg.221,10035305209,6622275,Ysgol Dyffryn Yr Enfys,662,Conwy,Primary,Community,WM,Welsh medium school / provision (including transitional),"Nursery, Infants & Juniors",---,Ffordd Llanrwst,,Dolgarrog,Conwy,LL32 8QE,01492660216,107,6622275,Ysgol Dyffryn Yr Enfys,662,Conwy,Cymuned,WM,Cyfrwng Cymraeg,"Iau, babanod a meithrin",---,Ffordd Llanrwst,,Dolgarrog,Conwy,LL32 8QE,01492660216,107,221,POINT (-3.843430860463125 53.194573570845954)
maintained_schools_wg.222,10024340973,6623020,Ysgol Babanod Llanfairfechan,662,Conwy,Primary,Voluntary controlled,EW,Dual language school / provision (Welsh and English) (including transitional),Nursery & Infants,Church in Wales,Ffordd Y Pentref,Llanfairfechan,Conwy,,LL33 0AA,01248680289,109,6623020,Ysgol Babanod Llanfairfechan,662,Conwy,Gwirfoddol a Reolir,EW,Cyfrwng Saesneg yn bennaf ond â defnydd sylweddol or Gymraeg,Babanod a meithrin,Eglwys yng Nghymru,Ffordd Y Pentref,Llanfairfechan,Conwy,,LL33 0AA,01248680289,109,222,POINT (-3.97605019385772 53.25271162126942)
maintained_schools_wg.223,10035305438,6623021,Ysgol Llangelynnin,662,Conwy,Primary,Voluntary controlled,WM,Welsh medium school / provision (including transitional),"Nursery, Infants & Juniors",Church in Wales,Henryd,Conwy,,,LL32 8YB,01492592898,71,6623021,Ysgol Llangelynnin,662,Conwy,Gwirfoddol a Reolir,WM,Cyfrwng Cymraeg,"Iau, babanod a meithrin",Eglwys yng Nghymru,Henryd,Conwy,,,LL32 8YB,01492592898,71,223,POINT (-3.845095771536063 53.25553932529978)
maintained_schools_wg.224,100101037443,6623024,Ysgol Pencae,662,Conwy,Primary,Voluntary aided,WM,Welsh medium school / provision (including transitional),"Nursery, Infants & Juniors",Church in Wales,Ffordd Graiglwyd,Penmaenmawr,,,LL34 6YG,01492622219,155,6623024,Ysgol Pencae,662,Conwy,Gwirfoddol a Gynorthwyir,WM,Cyfrwng Cymraeg,"Iau, babanod a meithrin",Eglwys yng Nghymru,Ffordd Graiglwyd,Penmaenmawr,,,LL34 6YG,01492622219,155,224,POINT (-3.914450021817497 53.2693960519072)
maintained_schools_wg.225,10024341071,6623032,Ysgol Ysbyty Ifan,662,Conwy,Primary,Voluntary controlled,WM,Welsh medium school / provision (including transitional),"Nursery, Infants & Juniors",Church in Wales,Ysbyty Ifan,Betws Y Coed,Conwy,,LL24 0NY,01690770645,17,6623032,Ysgol Ysbyty Ifan,662,Conwy,Gwirfoddol a Reolir,WM,Cyfrwng Cymraeg,"Iau, babanod a meithrin",Eglwys yng Nghymru,Ysbyty Ifan,Betws Y Coed,Conwy,,LL24 0NY,01690770645,17,225,POINT (-3.7291084285466343 53.02328435898839)
maintained_schools_wg.226,10024340839,6623038,Ysgol St. George,662,Conwy,Primary,Voluntary controlled,EM,English medium school / provision,"Nursery, Infants & Juniors",Church in Wales,Primrose Hill,St George,Abergele,Conwy,LL22 9BU,01745833213,73,6623038,Ysgol St. George,662,Conwy,Gwirfoddol a Reolir,EM,Cyfrwng Saesneg,"Iau, babanod a meithrin",Eglwys yng Nghymru,Primrose Hill,St George,Abergele,Conwy,LL22 9BU,01745833213,73,226,POINT (-3.5389706501146616 53.270259491158505)
maintained_schools_wg.227,10024341082,6623039,Ysgol Llanddoged,662,Conwy,Primary,Voluntary controlled,WM,Welsh medium school / provision (including transitional),"Nursery, Infants & Juniors",Church in Wales,Llanddoged,Llanrwst,Conwy,,LL26 0BJ,01492640363,37,6623039,Ysgol Llanddoged,662,Conwy,Gwirfoddol a Reolir,WM,Cyfrwng Cymraeg,"Iau, babanod a meithrin",Eglwys yng Nghymru,Llanddoged,Llanrwst,Conwy,,LL26 0BJ,01492640363,37,227,POINT (-3.7854940757189697 53.1573135575347)
maintained_schools_wg.228,10035305404,6623040,Ysgol Eglwysbach,662,Conwy,Primary,Voluntary controlled,WM,Welsh medium school / provision (including transitional),"Nursery, Infants & Juniors",Church in Wales,Eglwysbach,Bae Colwyn,Conwy,,LL28 5UD,01492650463,58,6623040,Ysgol Eglwysbach,662,Conwy,Gwirfoddol a Reolir,WM,Cyfrwng Cymraeg,"Iau, babanod a meithrin",Eglwys yng Nghymru,Eglwysbach,Bae Colwyn,Conwy,,LL28 5UD,01492650463,58,228,POINT (-3.7932472663617998 53.21554290589721)
maintained_schools_wg.229,200002949411,6623043,Ysgol Porth Y Felin,662,Conwy,Primary,Voluntary controlled,EW,Dual language school / provision (Welsh and English) (including transitional),"Nursery, Infants & Juniors",Church in Wales,Ffordd Llanrwst,Conwy,,,LL32 8FZ,01492572220,319,6623043,Ysgol Porth Y Felin,662,Conwy,Gwirfoddol a Reolir,EW,Cyfrwng Saesneg yn bennaf ond â defnydd sylweddol or Gymraeg,"Iau, babanod a meithrin",Eglwys yng Nghymru,Ffordd Llanrwst,Conwy,,,LL32 8FZ,01492572220,319,229,POINT (-3.833086562109218 53.27828971410816)
maintained_schools_wg.230,10035044019,6623059,Ysgol Llanddulas,662,Conwy,Primary,Voluntary controlled,EM,English medium school / provision,"Nursery, Infants & Juniors",Church in Wales,Minffordd Road,Llanddulas,Abergele,Conwy,LL22 8EW,01492516865,138,6623059,Ysgol Llanddulas,662,Conwy,Gwirfoddol a Reolir,EM,Cyfrwng Saesneg,"Iau, babanod a meithrin",Eglwys yng Nghymru,Minffordd Road,Llanddulas,Abergele,Conwy,LL22 8EW,01492516865,138,230,POINT (-3.643809029187778 53.28869131979401)
maintained_schools_wg.231,10024340450,6623062,Ysgol Betws yn Rhos,662,Conwy,Primary,Voluntary controlled,WM,Welsh medium school / provision (including transitional),"Nursery, Infants & Juniors",Church in Wales,Betws Yn Rhos,Abergele,,,LL22 8AW,01492680603,74,6623062,Ysgol Betws yn Rhos,662,Conwy,Gwirfoddol a Reolir,WM,Cyfrwng Cymraeg,"Iau, babanod a meithrin",Eglwys yng Nghymru,Betws Yn Rhos,Abergele,,,LL22 8AW,01492680603,74,231,POINT (-3.6410551012402466 53.24814928398649)
maintained_schools_wg.232,10024340453,6623302,Ysgol Bodafon,662,Conwy,Primary,Voluntary aided,EW,Dual language school / provision (Welsh and English) (including transitional),"Nursery, Infants & Juniors",Church in Wales,Ffordd Bodafon,Llandudno,Conwy,,LL30 3BA,01492547996,80,6623302,Ysgol Bodafon,662,Conwy,Gwirfoddol a Gynorthwyir,EW,Cyfrwng Saesneg yn bennaf ond â defnydd sylweddol or Gymraeg,"Iau, babanod a meithrin",Eglwys yng Nghymru,Ffordd Bodafon,Llandudno,Conwy,,LL30 3BA,01492547996,80,232,POINT (-3.7902835660126146 53.319287184497554)
maintained_schools_wg.233,50000007937,6623303,Ysgol Bendigaid William Davies,662,Conwy,Primary,Voluntary aided,EM,English medium school / provision,"Nursery, Infants & Juniors",Roman Catholic,Bodnant Crescent,Llandudno,Conwy,,LL30 1LL,01492875930,120,6623303,Ysgol Bendigaid William Davies,662,Conwy,Gwirfoddol a Gynorthwyir,EM,Cyfrwng Saesneg,"Iau, babanod a meithrin",Eglwys Gatholig,Bodnant Crescent,Llandudno,Conwy,,LL30 1LL,01492875930,120,233,POINT (-3.8208343819120167 53.312549630088796)
maintained_schools_wg.234,10003700096,6623307,Ysgol  San Sior,662,Conwy,Primary,Voluntary aided,EW,Dual language school / provision (Welsh and English) (including transitional),"Nursery, Infants & Juniors",Church in Wales,Church Walks,Llandudno,Conwy,,LL30 2HL,01492878149,226,6623307,Ysgol  San Sior,662,Conwy,Gwirfoddol a Gynorthwyir,EW,Cyfrwng Saesneg yn bennaf ond â defnydd sylweddol or Gymraeg,"Iau, babanod a meithrin",Eglwys yng Nghymru,Church Walks,Llandudno,Conwy,,LL30 2HL,01492878149,226,234,POINT (-3.840428590824506 53.32381896421287)
maintained_schools_wg.235,100101036779,6623333,Ysgol Sant Joseph,662,Conwy,Primary,Voluntary aided,EM,English medium school / provision,"Nursery, Infants & Juniors",Roman Catholic,Brackley Avenue,Colwyn Bay,,,LL29 7UU,01492532394,231,6623333,Ysgol Sant Joseph,662,Conwy,Gwirfoddol a Gynorthwyir,EM,Cyfrwng Saesneg,"Iau, babanod a meithrin",Eglwys Gatholig,Brackley Avenue,Colwyn Bay,,,LL29 7UU,01492532394,231,235,POINT (-3.7344299323373096 53.296981634987425)
maintained_schools_wg.236,10035305112,6623340,Ysgol y Plas,662,Conwy,Primary,Voluntary aided,EM,English medium school / provision,"Nursery, Infants & Juniors",Church in Wales,Llanelian,Old Colwyn,Conwy,,LL29 8YY,01492680601,74,6623340,Ysgol y Plas,662,Conwy,Gwirfoddol a Gynorthwyir,EM,Cyfrwng Saesneg,"Iau, babanod a meithrin",Eglwys yng Nghymru,Llanelian,Old Colwyn,Conwy,,LL29 8YY,01492680601,74,236,POINT (-3.683144675208681 53.26501160029778)
maintained_schools_wg.237,200002948573,6624022,Ysgol John Bright,662,Conwy,Secondary,Community,EM,English medium school / provision,Secondary (ages 11-19),---,Maesdu Road,Llandudno,,,LL30 1LF,01492864200,1091,6624022,Ysgol John Bright,662,Conwy,Cymuned,EM,Cyfrwng Saesneg,Uwchradd (ystod oedran 11-19),---,Maesdu Road,Llandudno,,,LL30 1LF,01492864200,1091,237,POINT (-3.825671078057536 53.31559727265215)
maintained_schools_wg.238,200002949371,6624023,Ysgol Aberconwy,662,Conwy,Secondary,Community,EM,English medium school / provision,Secondary (ages 11-19),---,Morfa Drive,Conwy,,,LL32 8ED,01492593243,1083,6624023,Ysgol Aberconwy,662,Conwy,Cymuned,EM,Cyfrwng Saesneg,Uwchradd (ystod oedran 11-19),---,Morfa Drive,Conwy,,,LL32 8ED,01492593243,1083,238,POINT (-3.837442257705895 53.28681714177238)
maintained_schools_wg.239,10014323252,6624035,YSGOL DYFFRYN CONWY,662,Conwy,Secondary,Community,WM,Welsh medium school / provision (including transitional),Secondary (ages 11-19),---,Nebo Road,Llanrwst,,,LL26 0SD,01492642800,649,6624035,YSGOL DYFFRYN CONWY,662,Conwy,Cymuned,WM,Cyfrwng Cymraeg,Uwchradd (ystod oedran 11-19),---,Nebo Road,Llanrwst,,,LL26 0SD,01492642800,649,239,POINT (-3.7840723326297123 53.13412811419779)
maintained_schools_wg.240,10024340561,6624038,YSGOL Y CREUDDYN,662,Conwy,Secondary,Community,WM,Welsh medium school / provision (including transitional),Secondary (ages 11-19),---,Ffordd Dderwen,Bae Penrhyn,Llandudno,,LL30 3LB,01492544344,698,6624038,YSGOL Y CREUDDYN,662,Conwy,Cymuned,WM,Cyfrwng Cymraeg,Uwchradd (ystod oedran 11-19),---,Ffordd Dderwen,Bae Penrhyn,Llandudno,,LL30 3LB,01492544344,698,240,POINT (-3.7788970174011416 53.31155543402695)
maintained_schools_wg.241,200002948241,6625201,Ysgol Pen Y Bryn,662,Conwy,Primary,Foundation,EM,English medium school / provision,"Nursery, Infants & Juniors",---,Wentworth Avenue,Colwyn Bay,,,LL29 6DD,01492531260,428,6625201,Ysgol Pen Y Bryn,662,Conwy,Sefydledig,EM,Cyfrwng Saesneg,"Iau, babanod a meithrin",---,Wentworth Avenue,Colwyn Bay,,,LL29 6DD,01492531260,428,241,POINT (-3.7386930437553185 53.28778580593965)
maintained_schools_wg.242,200002947242,6625400,Ysgol Emrys ap Iwan,662,Conwy,Secondary,Foundation,EM,English medium school / provision,Secondary (ages 11-19),---,Faenol Avenue,Abergele,Conwy,,LL22 7HE,01745832287,946,6625400,Ysgol Emrys ap Iwan,662,Conwy,Sefydledig,EM,Cyfrwng Saesneg,Uwchradd (ystod oedran 11-19),---,Faenol Avenue,Abergele,Conwy,,LL22 7HE,01745832287,946,242,POINT (-3.5775247657217535 53.285325676689595)
maintained_schools_wg.243,200002948391,6625402,Eirias High School,662,Conwy,Secondary,Foundation,EM,English medium school / provision,Secondary (ages 11-19),---,Eirias Road,Colwyn Bay,,,LL29 7SP,01492532025,1200,6625402,Eirias High School,662,Conwy,Sefydledig,EM,Cyfrwng Saesneg,Uwchradd (ystod oedran 11-19),---,Eirias Road,Colwyn Bay,,,LL29 7SP,01492532025,1200,243,POINT (-3.7174418724967526 53.29095261964432)
maintained_schools_wg.244,200002948427,6625403,Ysgol Bryn Elian,662,Conwy,Secondary,Foundation,EM,English medium school / provision,Secondary (ages 11-19),---,Windsor Drive,Colwyn Bay,Conwy,,LL29 8HU,01492518215,981,6625403,Ysgol Bryn Elian,662,Conwy,Sefydledig,EM,Cyfrwng Saesneg,Uwchradd (ystod oedran 11-19),---,Windsor Drive,Colwyn Bay,Conwy,,LL29 8HU,01492518215,981,244,POINT (-3.7051724178699263 53.285761786560236)
maintained_schools_wg.245,200001836632,6632011,Ysgol Hiraddug,663,Denbighshire,Primary,Community,EM,English medium school / provision,"Nursery, Infants & Juniors",---,Thomas Avenue,Dyserth,Rhyl,Denbighshire,LL18 6AN,01745570467,223,6632011,Ysgol Hiraddug,663,Sir Ddinbych,Cymuned,EM,Cyfrwng Saesneg,"Iau, babanod a meithrin",---,Thomas Avenue,Dyserth,Rhyl,Denbighshire,LL18 6AN,01745570467,223,245,POINT (-3.413070750272169 53.29853523653644)
maintained_schools_wg.246,200002946487,6632037,Ysgol Y Castell CP,663,Denbighshire,Primary,Community,EM,English medium school / provision,"Nursery, Infants & Juniors",---,Hylas Lane,Rhuddlan,Denbighshire,,LL18 5AG,01745590545,210,6632037,Ysgol Y Castell CP,663,Sir Ddinbych,Cymuned,EM,Cyfrwng Saesneg,"Iau, babanod a meithrin",---,Hylas Lane,Rhuddlan,Denbighshire,,LL18 5AG,01745590545,210,246,POINT (-3.462425337154617 53.289078504518905)
maintained_schools_wg.247,200004316282,6632038,Christ Church Primary School,663,Denbighshire,Primary,Community,EM,English medium school / provision,"Nursery, Infants & Juniors",---,Ernest Street,Rhyl,Denbighshire,,LL18 2DS,01745353982,422,6632038,Christ Church Primary School,663,Sir Ddinbych,Cymuned,EM,Cyfrwng Saesneg,"Iau, babanod a meithrin",---,Ernest Street,Rhyl,Denbighshire,,LL18 2DS,01745353982,422,247,POINT (-3.486569221960932 53.31629491216536)
maintained_schools_wg.248,200001886957,6632039,Ysgol Llywelyn,663,Denbighshire,Primary,Community,EM,English medium school / provision,"Nursery, Infants & Juniors",---,Trellewelyn Road,Rhyl,Denbighshire,,LL18 4EU,01745353392,684,6632039,Ysgol Llywelyn,663,Sir Ddinbych,Cymuned,EM,Cyfrwng Saesneg,"Iau, babanod a meithrin",---,Trellewelyn Road,Rhyl,Denbighshire,,LL18 4EU,01745353392,684,248,POINT (-3.46929356738678 53.31463018694276)
maintained_schools_wg.249,200001886936,6632057,Ysgol y Faenol,663,Denbighshire,Primary,Community,EM,English medium school / provision,"Nursery, Infants & Juniors",---,John's Drive,Bodelwyddan,Nr. Rhyl,Denbighshire,LL18 5TG,01745583370,138,6632057,Ysgol y Faenol,663,Sir Ddinbych,Cymuned,EM,Cyfrwng Saesneg,"Iau, babanod a meithrin",---,John's Drive,Bodelwyddan,Nr. Rhyl,Denbighshire,LL18 5TG,01745583370,138,249,POINT (-3.509688921710442 53.26954619084616)
maintained_schools_wg.250,200001845542,6632059,Ysgol Penmorfa CP,663,Denbighshire,Primary,Community,EM,English medium school / provision,"Nursery, Infants & Juniors",---,Dawson Drive,Prestatyn,Denbighshire,,LL19 8SY,01745852757,391,6632059,Ysgol Penmorfa CP,663,Sir Ddinbych,Cymuned,EM,Cyfrwng Saesneg,"Iau, babanod a meithrin",---,Dawson Drive,Prestatyn,Denbighshire,,LL19 8SY,01745852757,391,250,POINT (-3.4087961705960623 53.330039946519)
maintained_schools_wg.251,200002946171,6632060,Ysgol Emmanuel,663,Denbighshire,Primary,Community,EM,English medium school / provision,"Nursery, Infants & Juniors",---,Victoria Road,Rhyl,Denbighshire,,LL18 2EG,01745353447,455,6632060,Ysgol Emmanuel,663,Sir Ddinbych,Cymuned,EM,Cyfrwng Saesneg,"Iau, babanod a meithrin",---,Victoria Road,Rhyl,Denbighshire,,LL18 2EG,01745353447,455,251,POINT (-3.4827344657174573 53.3160999324065)
maintained_schools_wg.252,200001886956,6632066,Ysgol Dewi Sant,663,Denbighshire,Primary,Community,WM,Welsh medium school / provision (including transitional),Infants & Juniors,---,Ffordd Rhuddlan,Rhyl,Denbighshire,,LL18 2RE,01745351355,426,6632066,Ysgol Dewi Sant,663,Sir Ddinbych,Cymuned,WM,Cyfrwng Cymraeg,Iau a babanod,---,Ffordd Rhuddlan,Rhyl,Denbighshire,,LL18 2RE,01745351355,426,252,POINT (-3.471321371242261 53.30869834187895)
maintained_schools_wg.253,200001852373,6632067,Ysgol Melyd,663,Denbighshire,Primary,Community,EM,English medium school / provision,"Nursery, Infants & Juniors",---,Ffordd Pennant,Meliden,Prestatyn,Denbighshire,LL19 8PE,01745852782,140,6632067,Ysgol Melyd,663,Sir Ddinbych,Cymuned,EM,Cyfrwng Saesneg,"Iau, babanod a meithrin",---,Ffordd Pennant,Meliden,Prestatyn,Denbighshire,LL19 8PE,01745852782,140,253,POINT (-3.415190915404081 53.316363198949816)
maintained_schools_wg.254,10003932818,6632070,Ysgol Bodfari,663,Denbighshire,Primary,Community,EM,English medium school / provision,"Nursery, Infants & Juniors",---,Bodfari,Denbighshire,,,LL16 4DA,01745710329,47,6632070,Ysgol Bodfari,663,Sir Ddinbych,Cymuned,EM,Cyfrwng Saesneg,"Iau, babanod a meithrin",---,Bodfari,Denbighshire,,,LL16 4DA,01745710329,47,254,POINT (-3.3623248601435276 53.21937103806341)
maintained_schools_wg.255,200004301115,6632072,Ysgol Bryn Hedydd,663,Denbighshire,Primary,Community,EM,English medium school / provision,"Nursery, Infants & Juniors",---,Spruce Avenue,Tynewydd Road,Rhyl,Denbighshire,LL18 3SU,01745351676,468,6632072,Ysgol Bryn Hedydd,663,Sir Ddinbych,Cymuned,EM,Cyfrwng Saesneg,"Iau, babanod a meithrin",---,Spruce Avenue,Tynewydd Road,Rhyl,Denbighshire,LL18 3SU,01745351676,468,255,POINT (-3.467305095056663 53.325801673692894)
maintained_schools_wg.256,10003930953,6632124,Ysgol Cefn Meiriadog,663,Denbighshire,Primary,Community,EM,English medium school / provision,"Nursery, Infants & Juniors",---,Groesffordd Marli,Marli,St Asaph,Denbighshire,LL22 9DS,01745582224,60,6632124,Ysgol Cefn Meiriadog,663,Sir Ddinbych,Cymuned,EM,Cyfrwng Saesneg,"Iau, babanod a meithrin",---,Groesffordd Marli,Marli,St Asaph,Denbighshire,LL22 9DS,01745582224,60,256,POINT (-3.499795706169421 53.2486622786624)
maintained_schools_wg.257,200002945824,6632125,Frongoch Juniors,663,Denbighshire,Primary,Community,EM,Dual language school / provision (Welsh and English) (including transitional),Juniors,---,Rhyl Road,Denbigh,Denbighshire,,LL16 3DP,01745812410,209,6632125,Frongoch Juniors,663,Sir Ddinbych,Cymuned,EM,Cyfrwng Saesneg,Iau,---,Rhyl Road,Denbigh,Denbighshire,,LL16 3DP,01745812410,209,257,POINT (-3.4087793914786815 53.18934097822282)
maintained_schools_wg.258,100101031584,6632127,Ysgol Henllan,663,Denbighshire,Primary,Community,WM,Welsh medium school / provision (including transitional),"Nursery, Infants & Juniors",---,Ffordd Dinbych,Henllan,Dinbych,Sir Ddinbych,LL16 5AW,01745812959,68,6632127,Ysgol Gymraeg Henllan,663,Sir Ddinbych,Cymuned,WM,Cyfrwng Cymraeg,"Iau, babanod a meithrin",---,Ffordd Dinbych,Henllan,Dinbych,Sir Ddinbych,LL16 5AW,01745812959,68,258,POINT (-3.458478512060453 53.20076583739249)
maintained_schools_wg.259,200004298283,6632134,Ysgol Twm o'r Nant,663,Denbighshire,Primary,Community,WM,Welsh medium school / provision (including transitional),"Nursery, Infants & Juniors",---,Ffordd Rhyl,Dinbych,,,LL16 3DP,01745812261,314,6632134,Ysgol Twm o'r Nant,663,Sir Ddinbych,Cymuned,WM,Cyfrwng Cymraeg,"Iau, babanod a meithrin",---,Ffordd Rhyl,Dinbych,,,LL16 3DP,01745812261,314,259,POINT (-3.408841581564572 53.18842123153611)
maintained_schools_wg.260,10003931504,6632135,Ysgol Bryn Clwyd,663,Denbighshire,Primary,Community,TR,Dual language school / provision (Welsh and English) (including transitional),"Nursery, Infants & Juniors",---,Llandyrnog,Sir Ddinbych,,,LL16 4HG,01824790324,58,6632135,Ysgol Bryn Clwyd,663,Sir Ddinbych,Cymuned,TR,Drawsnewidiol,"Iau, babanod a meithrin",---,Llandyrnog,Sir Ddinbych,,,LL16 4HG,01824790324,58,260,POINT (-3.3370877733576676 53.17705544775639)
maintained_schools_wg.261,200002945791,6632136,Ysgol Y Parc,663,Denbighshire,Primary,Community,EM,English medium school / provision,Nursery & Infants,---,Ruthin Road,Denbigh,,,LL16 3ER,01745812989,155,6632136,Ysgol Y Parc,663,Sir Ddinbych,Cymuned,EM,Cyfrwng Saesneg,Babanod a meithrin,---,Ruthin Road,Denbigh,,,LL16 3ER,01745812989,155,261,POINT (-3.40665963588048 53.186613134371115)
maintained_schools_wg.262,10003933163,6632164,Ysgol Gellifor,663,Denbighshire,Primary,Community,EM,English medium school / provision,"Nursery, Infants & Juniors",---,Gellifor,Ruthin,Denbighshire,,LL15 1SB,01824790387,46,6632164,Ysgol Gellifor,663,Sir Ddinbych,Cymuned,EM,Cyfrwng Saesneg,"Iau, babanod a meithrin",---,Gellifor,Ruthin,Denbighshire,,LL15 1SB,01824790387,46,262,POINT (-3.314559292072321 53.15244827525438)
maintained_schools_wg.263,10003931243,6632168,Ysgol Pentrecelyn,663,Denbighshire,Primary,Community,WM,Welsh medium school / provision (including transitional),"Nursery, Infants & Juniors",---,Pentrecelyn,Ruthun,Sir Ddinbych,,LL15 2HG,01978790288,27,6632168,Ysgol Pentrecelyn,663,Sir Ddinbych,Cymuned,WM,Cyfrwng Cymraeg,"Iau, babanod a meithrin",---,Pentrecelyn,Ruthun,Sir Ddinbych,,LL15 2HG,01978790288,27,263,POINT (-3.272947048228868 53.066979500055595)
maintained_schools_wg.264,200004317337,6632214,Ysgol Betws Gwerful Goch,663,Denbighshire,Primary,Community,WM,Welsh medium school / provision (including transitional),"Nursery, Infants & Juniors",---,Betws Gwerfil Goch,Corwen,Denbighshire,,LL21 9PY,01490460315,20,6632214,Ysgol Betws Gwerful Goch,663,Sir Ddinbych,Cymuned,WM,Cyfrwng Cymraeg,"Iau, babanod a meithrin",---,Betws Gwerfil Goch,Corwen,Denbighshire,,LL21 9PY,01490460315,20,264,POINT (-3.445469457305439 53.009720331303875)
maintained_schools_wg.265,10003931912,6632215,Ysgol Carrog,663,Denbighshire,Primary,Community,TR,Dual language school / provision (Welsh and English) (including transitional),"Nursery, Infants & Juniors",---,Carrog,Nr Corwen,Denbighshire,,LL21 9AN,01490430262,28,6632215,Ysgol Carrog,663,Sir Ddinbych,Cymuned,TR,Drawsnewidiol,"Iau, babanod a meithrin",---,Carrog,Nr Corwen,Denbighshire,,LL21 9AN,01490430262,28,265,POINT (-3.3250156290780297 52.982474236549365)
maintained_schools_wg.266,100101031469,6632216,Ysgol Caer Drewyn,663,Denbighshire,Primary,Community,TR,Dual language school / provision (Welsh and English) (including transitional),"Nursery, Infants & Juniors",---,Clawdd Poncen,Corwen,Denbighshire,,LL21 9RT,01490412418,89,6632216,Ysgol Caer Drewyn,663,Sir Ddinbych,Cymuned,TR,Drawsnewidiol,"Iau, babanod a meithrin",---,Clawdd Poncen,Corwen,Denbighshire,,LL21 9RT,01490412418,89,266,POINT (-3.3798822380298765 52.98993083299613)
maintained_schools_wg.267,10003932438,6632219,Ysgol Bro Elwern,663,Denbighshire,Primary,Community,WM,Welsh medium school / provision (including transitional),"Nursery, Infants & Juniors",---,Gwyddelwern,Corwen,Sir Ddinbych,,LL21 9DF,01490412332,68,6632219,Ysgol Bro Elwern,663,Sir Ddinbych,Cymuned,WM,Cyfrwng Cymraeg,"Iau, babanod a meithrin",---,Gwyddelwern,Corwen,Sir Ddinbych,,LL21 9DF,01490412332,68,267,POINT (-3.3803343886004797 53.0083098938992)
maintained_schools_wg.268,200002946773,6632227,Ysgol Y Llys,663,Denbighshire,Primary,Community,WM,Welsh medium school / provision (including transitional),"Nursery, Infants & Juniors",---,Rhodfa'r Tywysog,Prestatyn,Denbighshire,,LL19 8RP,01745853019,344,6632227,Ysgol Y Llys,663,Sir Ddinbych,Cymuned,WM,Cyfrwng Cymraeg,"Iau, babanod a meithrin",---,Rhodfa'r Tywysog,Prestatyn,Denbighshire,,LL19 8RP,01745853019,344,268,POINT (-3.412331548467069 53.32535571788347)
maintained_schools_wg.269,200004300386,6632234,Ysgol Bryn Collen,663,Denbighshire,Primary,Community,EM,English medium school / provision,"Nursery, Infants & Juniors",---,Pengwern,Llangollen,Denbighshire,,LL20 8AR,01978861125,166,6632234,Ysgol Bryn Collen,663,Sir Ddinbych,Cymuned,EM,Cyfrwng Saesneg,"Iau, babanod a meithrin",---,Pengwern,Llangollen,Denbighshire,,LL20 8AR,01978861125,166,269,POINT (-3.161581871131012 52.962688457318244)
maintained_schools_wg.270,10093588704,6632255,Rhos Street CP School,663,Denbighshire,Primary,Community,EM,English medium school / provision,"Nursery, Infants & Juniors",---,Ffordd Glasdir,Ruthin,Denbighshire,,LL15 1QQ,01824702565,223,6632255,Rhos Street CP School,663,Sir Ddinbych,Cymuned,EM,Cyfrwng Saesneg,"Iau, babanod a meithrin",---,Ffordd Glasdir,Ruthin,Denbighshire,,LL15 1QQ,01824702565,223,270,POINT (-3.322164891402916 53.11707769853059)
maintained_schools_wg.271,10093588705,6632256,Ysgol Pen Barras,663,Denbighshire,Primary,Community,WM,Welsh medium school / provision (including transitional),"Nursery, Infants & Juniors",---,Ffordd Glasdir,North Link Road,Ruthun,Sir Ddinbych,LL15 1QQ,01824704129,293,6632256,Ysgol Pen Barras,663,Sir Ddinbych,Cymuned,WM,Cyfrwng Cymraeg,"Iau, babanod a meithrin",---,Ffordd Glasdir,North Link Road,Ruthun,Sir Ddinbych,LL15 1QQ,01824704129,293,271,POINT (-3.3222639617206062 53.11675656622224)
maintained_schools_wg.272,10003931272,6632261,Ysgol Bro Cinmeirch,663,Denbighshire,Primary,Community,WM,Welsh medium school / provision (including transitional),"Nursery, Infants & Juniors",---,Llanrhaedr Y.C.,Dinbych,Sir Ddinbych,,LL16 4NL,01745890347,98,6632261,Ysgol Bro Cinmeirch,663,Sir Ddinbych,Cymuned,WM,Cyfrwng Cymraeg,"Iau, babanod a meithrin",---,Llanrhaedr Y.C.,Dinbych,Sir Ddinbych,,LL16 4NL,01745890347,98,272,POINT (-3.371687678911682 53.15742404440757)
maintained_schools_wg.273,200004297596,6632262,Ysgol Bro Famau,663,Denbighshire,Primary,Community,EM,English medium school / provision,"Nursery, Infants & Juniors",---,Eryrys Road,Llanaman - Yn - Lal,Nr Mold,,CH7 4TB,01824780722,61,6632262,Ysgol Bro Famau,663,Sir Ddinbych,Cymuned,EM,Cyfrwng Saesneg,"Iau, babanod a meithrin",---,Eryrys Road,Llanaman - Yn - Lal,Nr Mold,,CH7 4TB,01824780722,61,273,POINT (-3.199230589357715 53.10225649501606)
maintained_schools_wg.274,10012914241,6632263,Ysgol Gymraeg y Gwernant,663,Denbighshire,Primary,Community,WM,Welsh medium school / provision (including transitional),"Nursery, Infants & Juniors",---,Pengwern,Llangollen,Denbighshire,,LL20 8AR,01978861986,186,6632263,Ysgol Gymraeg y Gwernant,663,Sir Ddinbych,Cymuned,WM,Cyfrwng Cymraeg,"Iau, babanod a meithrin",---,Pengwern,Llangollen,Denbighshire,,LL20 8AR,01978861986,186,274,POINT (-3.1615386633879865 52.96274281802715)
maintained_schools_wg.275,10012914687,6632264,Ysgol Clawdd Offa,663,Denbighshire,Primary,Community,EM,English medium school / provision,Infants & Juniors,---,By Plas Morfa Farm,Ffordd Penrhwylfa,Prestatyn,Denbighshire,LL19 8AZ,01745850124,343,6632264,Ysgol Clawdd Offa,663,Sir Ddinbych,Cymuned,EM,Cyfrwng Saesneg,Iau a babanod,---,By Plas Morfa Farm,Ffordd Penrhwylfa,Prestatyn,Denbighshire,LL19 8AZ,01745850124,343,275,POINT (-3.427273366660959 53.32800872711108)
maintained_schools_wg.276,100101031773,6632265,Bodnant Community Primary School,663,Denbighshire,Primary,Community,EM,English medium school / provision,"Nursery, Infants & Juniors",---,Nant Hall Road,Prestatyn,Denbighshire,,LL19 9NW,01745854724,475,6632265,Bodnant Community Primary School,663,Sir Ddinbych,Cymuned,EM,Cyfrwng Saesneg,"Iau, babanod a meithrin",---,Nant Hall Road,Prestatyn,Denbighshire,,LL19 9NW,01745854724,475,276,POINT (-3.3982548715925125 53.33621206680013)
maintained_schools_wg.277,10023752177,6632266,Ysgol Pendref,663,Denbighshire,Primary,Community,EM,English medium school / provision,"Nursery, Infants & Juniors",---,Gwaenynog Road,Denbigh,,,LL16 3RU,01745812660,130,6632266,Ysgol Pendref,663,Sir Ddinbych,Cymuned,EM,Cyfrwng Saesneg,"Iau, babanod a meithrin",---,Gwaenynog Road,Denbigh,,,LL16 3RU,01745812660,130,277,POINT (-3.431877131319282 53.18429282945286)
maintained_schools_wg.278,200004317695,6632267,Ysgol_Bro_Dyfrdwy,663,Denbighshire,Primary,Community,WM,Welsh medium school / provision (including transitional),"Nursery, Infants & Juniors",---,Cynwyd,Corwen,,,LL21 0LG,01490412500,119,6632267,Ysgol Bro Dyfrdwy,663,Sir Ddinbych,Cymuned,WM,Cyfrwng Cymraeg,"Iau, babanod a meithrin",---,Cynwyd,Corwen,,,LL21 0LG,01490412500,119,278,POINT (-3.406529891005222 52.960382738394884)
maintained_schools_wg.279,10091599727,6632268,Ysgol Carreg Emlyn,663,Denbighshire,Primary,Community,WM,Welsh medium school / provision (including transitional),"Nursery, Infants & Juniors",---,Safle Clocaenog,Clocaenog,Rhuthun,,LL15 2AY,01824750636,59,6632268,Ysgol Carreg Emlyn,663,Sir Ddinbych,Cymuned,WM,Cyfrwng Cymraeg,"Iau, babanod a meithrin",---,Safle Clocaenog,Clocaenog,Rhuthun,,LL15 2AY,01824750636,59,279,POINT (-3.369374450226929 53.07755973042094)
maintained_schools_wg.280,10003932798,6633020,Ysgol Tremeirchion,663,Denbighshire,Primary,Voluntary controlled,WM,Welsh medium school / provision (including transitional),"Nursery, Infants & Juniors",Church in Wales,Tremeirchion,Llanelwg,St Asaph,Sir Ddinbych,LL17 0UN,01745710328,83,6633020,Ysgol Tremeirchion,663,Sir Ddinbych,Gwirfoddol a Reolir,WM,Cyfrwng Cymraeg,"Iau, babanod a meithrin",Eglwys yng Nghymru,Tremeirchion,Llanelwg,St Asaph,Sir Ddinbych,LL17 0UN,01745710328,83,280,POINT (-3.376522022606536 53.246868682012206)
maintained_schools_wg.281,200002945957,6633024,St Asaph Infants School,663,Denbighshire,Primary,Voluntary controlled,EM,English medium school / provision,Nursery & Infants,Church in Wales,Upper Denbigh Road,St Asaph,Denbighshire,,LL17 0RL,01745583416,91,6633024,St Asaph Infants School,663,Sir Ddinbych,Gwirfoddol a Reolir,EM,Cyfrwng Saesneg,Babanod a meithrin,Eglwys yng Nghymru,Upper Denbigh Road,St Asaph,Denbighshire,,LL17 0RL,01745583416,91,281,POINT (-3.4405321270637925 53.25711010063754)
maintained_schools_wg.282,10003931568,6633044,Ysgol Llanbedr,663,Denbighshire,Primary,Voluntary controlled,EM,English medium school / provision,"Nursery, Infants & Juniors",Church in Wales,Llanbedr,Ruthin,Denbighshire,,LL15 1SU,01824702927,52,6633044,Ysgol Llanbedr,663,Sir Ddinbych,Gwirfoddol a Reolir,EM,Cyfrwng Saesneg,"Iau, babanod a meithrin",Eglwys yng Nghymru,Llanbedr,Ruthin,Denbighshire,,LL15 1SU,01824702927,52,282,POINT (-3.2883459033820466 53.1318137146913)
maintained_schools_wg.283,10012914615,6633045,Ysgol Llanfair Dyffryn Clwyd,663,Denbighshire,Primary,Voluntary controlled,DS,Dual language school / provision (Welsh and English) (including transitional),"Nursery, Infants & Juniors",Church in Wales,Llanfair Dyffryn Clwyd,Ruthin,Denbighshire,,LL15 2SD,01824703169,122,6633045,Ysgol Llanfair Dyffryn Clwyd,663,Sir Ddinbych,Gwirfoddol a Reolir,DS,Ddwy ffrwd,"Iau, babanod a meithrin",Eglwys yng Nghymru,Llanfair Dyffryn Clwyd,Ruthin,Denbighshire,,LL15 2SD,01824703169,122,283,POINT (-3.2968323406298983 53.08784034643969)
maintained_schools_wg.284,200002945628,6633050,Ysgol Borthyn,663,Denbighshire,Primary,Voluntary controlled,EM,English medium school / provision,"Nursery, Infants & Juniors",Church in Wales,Denbigh Road,Ruthin,Denbighshire,,LL15 1NT,01824702727,101,6633050,Ysgol Borthyn,663,Sir Ddinbych,Gwirfoddol a Reolir,EM,Cyfrwng Saesneg,"Iau, babanod a meithrin",Eglwys yng Nghymru,Denbigh Road,Ruthin,Denbighshire,,LL15 1NT,01824702727,101,284,POINT (-3.3181662644634478 53.113566015461195)
maintained_schools_wg.285,10003932703,6633057,Ysgol Pant Pastynog,663,Denbighshire,Primary,Voluntary controlled,WM,Welsh medium school / provision (including transitional),"Nursery, Infants & Juniors",Church in Wales,Prion,Denbighshire,,,LL16 4SG,01745890331,65,6633057,Ysgol Pant Pastynog,663,Sir Ddinbych,Gwirfoddol a Reolir,WM,Cyfrwng Cymraeg,"Iau, babanod a meithrin",Eglwys yng Nghymru,Prion,Denbighshire,,,LL16 4SG,01745890331,65,285,POINT (-3.427018786133923 53.14471862601636)
maintained_schools_wg.286,10003931204,6633061,Ysgol Dyffryn Ial,663,Denbighshire,Primary,Voluntary controlled,TR,Dual language school / provision (Welsh and English) (including transitional),"Nursery, Infants & Juniors",Church in Wales,Allt Yr Efail,Llandegla,Wrecsam,Sir Ddinbych,LL11 3AW,01978790645,42,6633061,Ysgol Dyffryn Ial,663,Sir Ddinbych,Gwirfoddol a Reolir,TR,Drawsnewidiol,"Iau, babanod a meithrin",Eglwys yng Nghymru,Allt Yr Efail,Llandegla,Wrecsam,Sir Ddinbych,LL11 3AW,01978790645,42,286,POINT (-3.2009098699141 53.06227661782769)
maintained_schools_wg.287,200004301529,6633062,Ysgol Esgob Morgan,663,Denbighshire,Primary,Community,EM,Dual language school / provision (Welsh and English) (including transitional),Juniors,Church in Wales,Ffordd Siarl,Ashley Court,St Asaph,Denbighshire,LL17 0PT,01745583690,111,6633062,Ysgol Esgob Morgan,663,Sir Ddinbych,Cymuned,EM,Cyfrwng Saesneg,Iau,Eglwys yng Nghymru,Ffordd Siarl,Ashley Court,St Asaph,Denbighshire,LL17 0PT,01745583690,111,287,POINT (-3.4532902220072685 53.25890227617842)
maintained_schools_wg.288,200004299094,6633316,Ysgol Trefnant,663,Denbighshire,Primary,Voluntary aided,EM,English medium school / provision,"Nursery, Infants & Juniors",Church in Wales,Henllan Road,Trefnant,Nr. Denbigh,Denbighshire,LL16 5UF,01745730276,78,6633316,Ysgol Trefnant,663,Sir Ddinbych,Gwirfoddol a Gynorthwyir,EM,Cyfrwng Saesneg,"Iau, babanod a meithrin",Eglwys yng Nghymru,Henllan Road,Trefnant,Nr. Denbigh,Denbighshire,LL16 5UF,01745730276,78,288,POINT (-3.4233127656089732 53.22385405644073)
maintained_schools_wg.289,100100947826,6634003,Rhyl High School,663,Denbighshire,Secondary,Community,EM,English medium school / provision,Secondary (ages 11-16),---,Grange Road,Rhyl,Denbighshire,,LL18 4BY,01745343533,1167,6634003,Rhyl High School,663,Sir Ddinbych,Cymuned,EM,Cyfrwng Saesneg,Uwchradd (ystod oedran 11-16),---,Grange Road,Rhyl,Denbighshire,,LL18 4BY,01745343533,1167,289,POINT (-3.472088048371045 53.32094970476145)
maintained_schools_wg.290,100100948789,6634014,Prestatyn High School,663,Denbighshire,Secondary,Community,EM,English medium school / provision,Secondary (ages 11-19),---,2 Princes Avenue,Prestatyn,Denbighshire,,LL19 8RS,01745852312,1487,6634014,Prestatyn High School,663,Sir Ddinbych,Cymuned,EM,Cyfrwng Saesneg,Uwchradd (ystod oedran 11-19),---,2 Princes Avenue,Prestatyn,Denbighshire,,LL19 8RS,01745852312,1487,290,POINT (-3.4068639585910176 53.32653889116315)
maintained_schools_wg.291,200002945915,6634020,Ysgol Uwchradd Glan Clwyd,663,Denbighshire,Secondary,Community,WM,Welsh medium school / provision (including transitional),Secondary (ages 11-19),---,Ffordd Dinbych,Llanelwy,Sir Ddinbych,,LL17 0RP,01745582611,1048,6634020,Ysgol Uwchradd Glan Clwyd,663,Sir Ddinbych,Cymuned,WM,Cyfrwng Cymraeg,Uwchradd (ystod oedran 11-19),---,Ffordd Dinbych,Llanelwy,Sir Ddinbych,,LL17 0RP,01745582611,1048,291,POINT (-3.4381852573623024 53.25507614316459)
maintained_schools_wg.292,100101031549,6634026,Denbigh High School,663,Denbighshire,Secondary,Community,EM,English medium school / provision,Secondary (ages 11-19),---,Ruthin Road,Denbigh,Denbighshire,,LL16 3EX,01745812485,497,6634026,Denbigh High School,663,Sir Ddinbych,Cymuned,EM,Cyfrwng Saesneg,Uwchradd (ystod oedran 11-19),---,Ruthin Road,Denbigh,Denbighshire,,LL16 3EX,01745812485,497,292,POINT (-3.4080124474209703 53.18548072511534)
maintained_schools_wg.293,200004300349,6634027,Ysgol Dinas Bran,663,Denbighshire,Secondary,Community,EW,Dual language school / provision (Welsh and English) (including transitional),Secondary (ages 11-19),---,Dinbren Road,Llangollen,Denbighshire,,LL20 8TG,01978860669,1022,6634027,Ysgol Dinas Bran,663,Sir Ddinbych,Cymuned,EW,Cyfrwng Saesneg yn bennaf ond â defnydd sylweddol or Gymraeg,Uwchradd (ystod oedran 11-19),---,Dinbren Road,Llangollen,Denbighshire,,LL20 8TG,01978860669,1022,293,POINT (-3.1704741180664757 52.97275060491014)
maintained_schools_wg.294,200002945540,6634031,Ysgol Brynhyfryd,663,Denbighshire,Secondary,Community,BB,Dual language school / provision (Welsh and English) (including transitional),Secondary (ages 11-19),---,Mold Road,Ruthin,Denbighshire,,LL15 1EG,01824703933,1121,6634031,Ysgol Brynhyfryd,663,Sir Ddinbych,Cymuned,BB,Ddwyieithog (Categori B),Uwchradd (ystod oedran 11-19),---,Mold Road,Ruthin,Denbighshire,,LL15 1EG,01824703933,1121,294,POINT (-3.297661303606819 53.114591435529704)
maintained_schools_wg.295,100101059414,6635901,St Brigid's School,663,Denbighshire,Middle,Voluntary aided,EM,English medium school / provision,Middle (ages 3-19),Roman Catholic,Plas Yn Green,Mold Road,Denbigh,,LL16 4BH,01745815228,484,6635901,St Brigid's School,663,Sir Ddinbych,Gwirfoddol a Gynorthwyir,EM,Cyfrwng Saesneg,Canol (ystod oedran 3-19),Eglwys Gatholig,Plas Yn Green,Mold Road,Denbigh,,LL16 4BH,01745815228,484,295,POINT (-3.4049816289772057 53.19879285666675)
maintained_schools_wg.296,10002232973,6635902,Christ the Word,663,Denbighshire,Middle,Voluntary aided,EM,English medium school / provision,Middle (ages 3-16),Roman Catholic,Cefndy Road,,,Rhyl,LL18 2EU,01745352999,870,6635902,Christ the Word,663,Sir Ddinbych,Gwirfoddol a Gynorthwyir,EM,Cyfrwng Saesneg,Canol (ystod oedran 3-16),Eglwys Gatholig,Cefndy Road,,,Rhyl,LL18 2EU,01745352999,870,296,POINT (-3.477226733434913 53.31341981937857)
maintained_schools_wg.297,200001878860,6642002,Ysgol Glan Aber,664,Flintshire,Primary,Community,EM,English medium school / provision,"Nursery, Infants & Juniors",---,Boot End,Bagillt,Flintshire,,CH6 6LW,01352711995,134,6642002,Ysgol Glan Aber,664,Sir y Fflint,Cymuned,EM,Cyfrwng Saesneg,"Iau, babanod a meithrin",---,Boot End,Bagillt,Flintshire,,CH6 6LW,01352711995,134,297,POINT (-3.1892415703443104 53.27821038008299)
maintained_schools_wg.298,100101033068,6642003,Ysgol Merllyn,664,Flintshire,Primary,Community,EM,English medium school / provision,"Nursery, Infants & Juniors",---,Foel Gron,Bagillt,Flintshire,,CH6 6BB,01352733366,143,6642003,Ysgol Merllyn,664,Sir y Fflint,Cymuned,EM,Cyfrwng Saesneg,"Iau, babanod a meithrin",---,Foel Gron,Bagillt,Flintshire,,CH6 6BB,01352733366,143,298,POINT (-3.1679769579180577 53.26506397103108)
maintained_schools_wg.299,10013700313,6642004,Westwood CP,664,Flintshire,Primary,Community,EM,English medium school / provision,"Nursery, Infants & Juniors",---,Tabernacle Street,Buckley,Flintshire,,CH7 2JT,01244543207,198,6642004,Westwood CP,664,Sir y Fflint,Cymuned,EM,Cyfrwng Saesneg,"Iau, babanod a meithrin",---,Tabernacle Street,Buckley,Flintshire,,CH7 2JT,01244543207,198,299,POINT (-3.0814036895425105 53.16739075966563)
maintained_schools_wg.300,100101033550,6642012,Ewloe Green,664,Flintshire,Primary,Community,EM,English medium school / provision,"Nursery, Infants & Juniors",---,Old Mold Road,Ewloe,Deeside,Flintshire,CH5 3GU,01244532569,380,6642012,Ewloe Green,664,Sir y Fflint,Cymuned,EM,Cyfrwng Saesneg,"Iau, babanod a meithrin",---,Old Mold Road,Ewloe,Deeside,Flintshire,CH5 3GU,01244532569,380,300,POINT (-3.060791959188854 53.190516554542214)
maintained_schools_wg.301,10013707578,6642013,Bryn Garth CP,664,Flintshire,Primary,Community,EM,English medium school / provision,"Nursery, Infants & Juniors",---,Ffynnongroew,Holywell,Flintshire,,CH8 9JA,01745560435,85,6642013,Bryn Garth CP,664,Sir y Fflint,Cymuned,EM,Cyfrwng Saesneg,"Iau, babanod a meithrin",---,Ffynnongroew,Holywell,Flintshire,,CH8 9JA,01745560435,85,301,POINT (-3.3046760210736656 53.32489835046078)
maintained_schools_wg.302,100101033788,6642015,Ysgol Gwynedd CP,664,Flintshire,Primary,Community,EM,English medium school / provision,"Nursery, Infants & Juniors",---,Prince Of Wales Avenue,Flint,Flintshire,,CH6 5DL,01325732365,500,6642015,Ysgol Gwynedd CP,664,Sir y Fflint,Cymuned,EM,Cyfrwng Saesneg,"Iau, babanod a meithrin",---,Prince Of Wales Avenue,Flint,Flintshire,,CH6 5DL,01325732365,500,302,POINT (-3.133721221471555 53.24514410767116)
maintained_schools_wg.303,10013707092,6642018,Ysgol Maesglas,664,Flintshire,Primary,Community,EM,English medium school / provision,"Nursery, Infants & Juniors",---,Fulbrooke,Greenfield,Holywell,Flintshire,CH8 7JW,01352711497,209,6642018,Ysgol Maesglas,664,Sir y Fflint,Cymuned,EM,Cyfrwng Saesneg,"Iau, babanod a meithrin",---,Fulbrooke,Greenfield,Holywell,Flintshire,CH8 7JW,01352711497,209,303,POINT (-3.2128937933463875 53.290324028692716)
maintained_schools_wg.304,200002942172,6642021,Ysgol Gymraeg Mornant,664,Flintshire,Primary,Community,WM,Welsh medium school / provision (including transitional),"Nursery, Infants & Juniors",---,Picton Road,"Picton,  Penyffordd",Treffynnon,Sir Y Fflint,CH8 9JQ,01745560433,68,6642021,Ysgol Gymraeg Mornant,664,Sir y Fflint,Cymuned,WM,Cyfrwng Cymraeg,"Iau, babanod a meithrin",---,Picton Road,"Picton,  Penyffordd",Treffynnon,Sir Y Fflint,CH8 9JQ,01745560433,68,304,POINT (-3.325450262694947 53.3289498556694)
maintained_schools_wg.305,100101034018,6642024,Ysgol Estyn Community School,664,Flintshire,Primary,Community,EM,English medium school / provision,"Nursery, Infants & Juniors",---,Hawarden Road,Hope,Nr. Wrexham,Flintshire,LL12 9NL,01978760501,226,6642024,Ysgol Estyn Community School,664,Sir y Fflint,Cymuned,EM,Cyfrwng Saesneg,"Iau, babanod a meithrin",---,Hawarden Road,Hope,Nr. Wrexham,Flintshire,LL12 9NL,01978760501,226,305,POINT (-3.0332971984841897 53.11447766328919)
maintained_schools_wg.306,10013695863,6642028,Ysgol Glanrafon,664,Flintshire,Primary,Community,WM,Welsh medium school / provision (including transitional),"Nursery, Infants & Juniors",---,Lon Bryn Coch,Yr Wyddgrug,Sir Y Fflint,,CH7 1PS,01352700384,326,6642028,Ysgol Glanrafon,664,Sir y Fflint,Cymuned,WM,Cyfrwng Cymraeg,"Iau, babanod a meithrin",---,Lon Bryn Coch,Yr Wyddgrug,Sir Y Fflint,,CH7 1PS,01352700384,326,306,POINT (-3.1451478889027826 53.162747152342256)
maintained_schools_wg.307,10013700731,6642032,Northop Hall,664,Flintshire,Primary,Community,EM,English medium school / provision,"Nursery, Infants & Juniors",---,Llys Ben,Northop Hall,Nr.Mold,Flintshire,CH7 6HS,01244815980,149,6642032,Northop Hall,664,Sir y Fflint,Cymuned,EM,Cyfrwng Saesneg,"Iau, babanod a meithrin",---,Llys Ben,Northop Hall,Nr.Mold,Flintshire,CH7 6HS,01244815980,149,307,POINT (-3.0929711522317045 53.20287503754772)
maintained_schools_wg.308,100101033176,6642040,Wood Memorial Primary School,664,Flintshire,Primary,Community,EM,English medium school / provision,"Nursery, Infants & Juniors",---,Boundary Lane,Saltney,Chester,Flintshire,CH4 8BT,01244671807,169,6642040,Wood Memorial Primary School,664,Sir y Fflint,Cymuned,EM,Cyfrwng Saesneg,"Iau, babanod a meithrin",---,Boundary Lane,Saltney,Chester,Flintshire,CH4 8BT,01244671807,169,308,POINT (-2.922071209189588 53.17835793578593)
maintained_schools_wg.309,100101033673,6642041,Sealand CP School,664,Flintshire,Primary,Community,EM,English medium school / provision,"Nursery, Infants & Juniors",---,Farm Road,Sealand,Deeside,Flintshire,CH5 2HH,01244830089,207,6642041,Sealand CP School,664,Sir y Fflint,Cymuned,EM,Cyfrwng Saesneg,"Iau, babanod a meithrin",---,Farm Road,Sealand,Deeside,Flintshire,CH5 2HH,01244830089,207,309,POINT (-3.0119650970669043 53.213216498267684)
maintained_schools_wg.310,10013697187,6642043,Sychdyn CP,664,Flintshire,Primary,Community,EM,English medium school / provision,"Nursery, Infants & Juniors",---,Vownog Road,Sychdyn,Mold,Flintshire,CH7 6ED,01352753654,159,6642043,Sychdyn CP,664,Sir y Fflint,Cymuned,EM,Cyfrwng Saesneg,"Iau, babanod a meithrin",---,Vownog Road,Sychdyn,Mold,Flintshire,CH7 6ED,01352753654,159,310,POINT (-3.13244465079588 53.19008482742521)
maintained_schools_wg.311,10013698742,6642044,Trelogan Primary,664,Flintshire,Primary,Community,EM,English medium school / provision,"Nursery, Infants & Juniors",---,Berthengam,Treffynnon,Sir Y Fflint,,CH8 9BZ,01745560432,51,6642044,Trelogan Primary,664,Sir y Fflint,Cymuned,EM,Cyfrwng Saesneg,"Iau, babanod a meithrin",---,Berthengam,Treffynnon,Sir Y Fflint,,CH8 9BZ,01745560432,51,311,POINT (-3.325086124285864 53.30684697772973)
maintained_schools_wg.312,10013706574,6642046,Bryn Pennant CP,664,Flintshire,Primary,Community,EM,English medium school / provision,"Nursery, Infants & Juniors",---,Ffordd Pennant,Mostyn,Nr. Holywell,Flintshire,CH8 9NU,01745560274,113,6642046,Bryn Pennant CP,664,Sir y Fflint,Cymuned,EM,Cyfrwng Saesneg,"Iau, babanod a meithrin",---,Ffordd Pennant,Mostyn,Nr. Holywell,Flintshire,CH8 9NU,01745560274,113,312,POINT (-3.261271328364426 53.30785136389251)
maintained_schools_wg.313,200002942127,6642049,Ysgol Bro Carmel,664,Flintshire,Primary,Community,EM,English medium school / provision,"Nursery, Infants & Juniors",---,Carmel Road,Carmel,Holywell,Flintshire,CH8 8NU,01352712234,158,6642049,Ysgol Bro Carmel,664,Sir y Fflint,Cymuned,EM,Cyfrwng Saesneg,"Iau, babanod a meithrin",---,Carmel Road,Carmel,Holywell,Flintshire,CH8 8NU,01352712234,158,313,POINT (-3.256353899418537 53.281099508439894)
maintained_schools_wg.314,10013695086,6642050,Rhos Helyg School,664,Flintshire,Primary,Community,EM,English medium school / provision,"Nursery, Infants & Juniors",---,Rhosesmor,Mold,Flintshire,,CH7 6PJ,01352780265,89,6642050,Rhos Helyg School,664,Sir y Fflint,Cymuned,EM,Cyfrwng Saesneg,"Iau, babanod a meithrin",---,Rhosesmor,Mold,Flintshire,,CH7 6PJ,01352780265,89,314,POINT (-3.1823109558066527 53.217377772687094)
maintained_schools_wg.315,200002941681,6642051,Ysgol Terrig,664,Flintshire,Primary,Community,WM,Welsh medium school / provision (including transitional),"Nursery, Infants & Juniors",---,Ffordd y Llan,Treuddyn,Yr Wyddgrug,Sir Y Fflint,CH7 4LN,01352770235,97,6642051,Ysgol Terrig,664,Sir y Fflint,Cymuned,WM,Cyfrwng Cymraeg,"Iau, babanod a meithrin",---,Ffordd y Llan,Treuddyn,Yr Wyddgrug,Sir Y Fflint,CH7 4LN,01352770235,97,315,POINT (-3.1181684858666383 53.1135770498155)
maintained_schools_wg.316,100101033525,6642052,Ysgol Bryn Deva,664,Flintshire,Primary,Community,EM,English medium school / provision,"Nursery, Infants & Juniors",---,Linden Avenue,Connah's Quay,Flintshire,,CH5 4SN,01244830080,320,6642052,Ysgol Bryn Deva,664,Sir y Fflint,Cymuned,EM,Cyfrwng Saesneg,"Iau, babanod a meithrin",---,Linden Avenue,Connah's Quay,Flintshire,,CH5 4SN,01244830080,320,316,POINT (-3.065728554011466 53.21757493367373)
maintained_schools_wg.317,200002940536,6642053,Sandycroft CP,664,Flintshire,Primary,Community,EM,English medium school / provision,"Nursery, Infants & Juniors",---,Leaches Lane,Mancot,Deeside,Flintshire,CH5 2EH,01244532083,352,6642053,Sandycroft CP,664,Sir y Fflint,Cymuned,EM,Cyfrwng Saesneg,"Iau, babanod a meithrin",---,Leaches Lane,Mancot,Deeside,Flintshire,CH5 2EH,01244532083,352,317,POINT (-3.012292169807192 53.19913655970436)
maintained_schools_wg.318,10013695303,6642056,Gwernymynydd CP School,664,Flintshire,Primary,Community,EM,English medium school / provision,"Nursery, Infants & Juniors",---,Godre'r Coed,Gwernymynydd,Mold,Flintshire,CH7 4DT,01352756756,62,6642056,Gwernymynydd CP School,664,Sir y Fflint,Cymuned,EM,Cyfrwng Saesneg,"Iau, babanod a meithrin",---,Godre'r Coed,Gwernymynydd,Mold,Flintshire,CH7 4DT,01352756756,62,318,POINT (-3.1703965544167696 53.156432521516685)
maintained_schools_wg.319,10013705149,6642061,Queensferry Community Primary School,664,Flintshire,Primary,Community,EM,English medium school / provision,"Nursery, Infants & Juniors",---,Queens Ferry Campus, Queen's Ferry,Deeside,Flintshire,CH5 1SA,01244812136,111,6642061,Queensferry Community Primary School,664,Sir y Fflint,Cymuned,EM,Cyfrwng Saesneg,"Iau, babanod a meithrin",---,Queens Ferry Campus, Queen's Ferry,Deeside,Flintshire,CH5 1SA,01244812136,111,319,POINT (-3.02987670667368 53.20636619282721)
maintained_schools_wg.320,100101033981,6642062,Ysgol Bryn Coch,664,Flintshire,Primary,Community,EM,English medium school / provision,"Nursery, Infants & Juniors",---,Victoria Road,Mold,Flintshire,,CH7 1EW,01352752975,636,6642062,Ysgol Bryn Coch,664,Sir y Fflint,Cymuned,EM,Cyfrwng Saesneg,"Iau, babanod a meithrin",---,Victoria Road,Mold,Flintshire,,CH7 1EW,01352752975,636,320,POINT (-3.1396838307152866 53.16574720376659)
maintained_schools_wg.321,100101033123,6642063,Mountain Lane Primary School,664,Flintshire,Primary,Community,EM,English medium school / provision,"Nursery, Infants & Juniors",---,Knowle Lane,Buckley,Flintshire,,CH7 3JA,01244550688,462,6642063,Mountain Lane Primary School,664,Sir y Fflint,Cymuned,EM,Cyfrwng Saesneg,"Iau, babanod a meithrin",---,Knowle Lane,Buckley,Flintshire,,CH7 3JA,01244550688,462,321,POINT (-3.073433992503977 53.1701366604148)
maintained_schools_wg.322,10013707486,6642064,"Ysgol y Foel, Cilcain",664,Flintshire,Primary,Community,EM,English medium school / provision,"Nursery, Infants & Juniors",---,Ffordd Y Llan,Cilcain,Mold,Flintshire,CH7 5NH,01352740197,30,6642064,"Ysgol y Foel, Cilcain",664,Sir y Fflint,Cymuned,EM,Cyfrwng Saesneg,"Iau, babanod a meithrin",---,Ffordd Y Llan,Cilcain,Mold,Flintshire,CH7 5NH,01352740197,30,322,POINT (-3.233512758124763 53.179311080942554)
maintained_schools_wg.323,10013715833,6642065,Brynford CP,664,Flintshire,Primary,Community,EM,English medium school / provision,"Nursery, Infants & Juniors",---,Brynford,Holywell,Flintshire,,CH8 8AD,01352713184,85,6642065,Brynford CP,664,Sir y Fflint,Cymuned,EM,Cyfrwng Saesneg,"Iau, babanod a meithrin",---,Brynford,Holywell,Flintshire,,CH8 8AD,01352713184,85,323,POINT (-3.234283976572679 53.25768455006442)
maintained_schools_wg.324,200002941296,6642068,Ysgol Bryn Gwalia,664,Flintshire,Primary,Community,EM,English medium school / provision,"Nursery, Infants & Juniors",---,Clayton Road,Mold,Flintshire,,CH7 1SU,01352752659,138,6642068,Ysgol Bryn Gwalia,664,Sir y Fflint,Cymuned,EM,Cyfrwng Saesneg,"Iau, babanod a meithrin",---,Clayton Road,Mold,Flintshire,,CH7 1SU,01352752659,138,324,POINT (-3.150898092581492 53.16677461929598)
maintained_schools_wg.325,100101033681,6642077,Golftyn CP School,664,Flintshire,Primary,Community,EM,English medium school / provision,"Nursery, Infants & Juniors",---,York Road,Connah's Quay,Deeside,Flintshire,CH5 4XA,01244830569,376,6642077,Golftyn CP School,664,Sir y Fflint,Cymuned,EM,Cyfrwng Saesneg,"Iau, babanod a meithrin",---,York Road,Connah's Quay,Deeside,Flintshire,CH5 4XA,01244830569,376,325,POINT (-3.0704375185326773 53.220831782562925)
maintained_schools_wg.326,200002940221,6642078,Saltney Ferry CP,664,Flintshire,Primary,Community,EM,English medium school / provision,"Nursery, Infants & Juniors",---,Saltney Ferry Road,Saltney Ferry,Chester,Flintshire,CH4 0BN,01244680302,137,6642078,Saltney Ferry CP,664,Sir y Fflint,Cymuned,EM,Cyfrwng Saesneg,"Iau, babanod a meithrin",---,Saltney Ferry Road,Saltney Ferry,Chester,Flintshire,CH4 0BN,01244680302,137,326,POINT (-2.9459707245986295 53.177185456136144)
maintained_schools_wg.327,200001851223,6642081,Y Waun,664,Flintshire,Primary,Community,EM,English medium school / provision,"Nursery, Infants & Juniors",---,Y Waen,Gwernaffield,Mold,Flintshire,CH7 5DP,01352740362,55,6642081,Y Waun,664,Sir y Fflint,Cymuned,EM,Cyfrwng Saesneg,"Iau, babanod a meithrin",---,Y Waen,Gwernaffield,Mold,Flintshire,CH7 5DP,01352740362,55,327,POINT (-3.1919745227630973 53.17321842695142)
maintained_schools_wg.328,200001641182,6642082,Ysgol Gwenffrwd,664,Flintshire,Primary,Community,WM,Welsh medium school / provision (including transitional),"Nursery, Infants & Juniors",---,Stryd Chwitffordd,Treffynnon,Sir Y Fflint,,CH8 7NJ,01352713158,116,6642082,Ysgol Gwenffrwd,664,Sir y Fflint,Cymuned,WM,Cyfrwng Cymraeg,"Iau, babanod a meithrin",---,Stryd Chwitffordd,Treffynnon,Sir Y Fflint,,CH8 7NJ,01352713158,116,328,POINT (-3.2274255189130967 53.27596571953169)
maintained_schools_wg.329,10013703372,6642084,Abermorddu CP School,664,Flintshire,Primary,Community,EM,English medium school / provision,"Nursery, Infants & Juniors",---,Cymau Road,Caergwrle,Nr. Wrexham,Flintshire,LL12 9DH,01978760647,173,6642084,Abermorddu CP School,664,Sir y Fflint,Cymuned,EM,Cyfrwng Saesneg,"Iau, babanod a meithrin",---,Cymau Road,Caergwrle,Nr. Wrexham,Flintshire,LL12 9DH,01978760647,173,329,POINT (-3.0333019529301297 53.10157368735276)
maintained_schools_wg.330,100101033125,6642085,Southdown CP,664,Flintshire,Primary,Community,EM,English medium school / provision,"Nursery, Infants & Juniors",---,Linderick Avenue,Buckley,Flintshire,,CH7 2NP,01244544473,341,6642085,Southdown CP,664,Sir y Fflint,Cymuned,EM,Cyfrwng Saesneg,"Iau, babanod a meithrin",---,Linderick Avenue,Buckley,Flintshire,,CH7 2NP,01244544473,341,330,POINT (-3.088597738164419 53.17027201424884)
maintained_schools_wg.331,100101033677,6642086,Wepre Community School,664,Flintshire,Primary,Community,EM,English medium school / provision,"Nursery, Infants & Juniors",---,Llwyni Drive,Connah's Quay,Deeside,Flintshire,CH5 4NE,01244830104,314,6642086,Wepre Community School,664,Sir y Fflint,Cymuned,EM,Cyfrwng Saesneg,"Iau, babanod a meithrin",---,Llwyni Drive,Connah's Quay,Deeside,Flintshire,CH5 4NE,01244830104,314,331,POINT (-3.0711930488468275 53.20429369823734)
maintained_schools_wg.332,10013702489,6642089,Drury Primary School,664,Flintshire,Primary,Community,EM,English medium school / provision,"Nursery, Infants & Juniors",---,Beech Road,Drury,Buckley,Flintshire,CH7 3EG,01244543005,139,6642089,Drury Primary School,664,Sir y Fflint,Cymuned,EM,Cyfrwng Saesneg,"Iau, babanod a meithrin",---,Beech Road,Drury,Buckley,Flintshire,CH7 3EG,01244543005,139,332,POINT (-3.0532464780173876 53.17039647700406)
maintained_schools_wg.333,10013707210,6642091,Cornist Park CP,664,Flintshire,Primary,Community,EM,English medium school / provision,"Nursery, Infants & Juniors",---,Ffordd yr Ysgol,Flint,,,CH6 5ET,01352735657,252,6642091,Cornist Park CP,664,Sir y Fflint,Cymuned,EM,Cyfrwng Saesneg,"Iau, babanod a meithrin",---,Ffordd yr Ysgol,Flint,,,CH6 5ET,01352735657,252,333,POINT (-3.1515916756682447 53.245387983072234)
maintained_schools_wg.334,100101033968,6642092,Ysgol Derwenfa CP,664,Flintshire,Primary,Community,EM,English medium school / provision,"Nursery, Infants & Juniors",---,Queen Street,Leeswood,Nr. Mold,Flintshire,CH7 4RQ,01352770477,79,6642092,Ysgol Derwenfa CP,664,Sir y Fflint,Cymuned,EM,Cyfrwng Saesneg,"Iau, babanod a meithrin",---,Queen Street,Leeswood,Nr. Mold,Flintshire,CH7 4RQ,01352770477,79,334,POINT (-3.0881519321368547 53.13021199620307)
maintained_schools_wg.335,100101033359,6642093,Penarlag CP,664,Flintshire,Primary,Community,EM,English medium school / provision,"Nursery, Infants & Juniors",---,Carlines Avenue,Carlines Park,Ewloe,Flintshire,CH5 3RQ,01244533867,152,6642093,Penarlag CP,664,Sir y Fflint,Cymuned,EM,Cyfrwng Saesneg,"Iau, babanod a meithrin",---,Carlines Avenue,Carlines Park,Ewloe,Flintshire,CH5 3RQ,01244533867,152,335,POINT (-3.0435318018331565 53.192143627473094)
maintained_schools_wg.336,200002941875,6642094,Owen Jones CP,664,Flintshire,Primary,Community,EM,English medium school / provision,"Nursery, Infants & Juniors",---,Ffordd Owen,Northop,Mold,Flintshire,CH7 6AU,01352840255,135,6642094,Owen Jones CP,664,Sir y Fflint,Cymuned,EM,Cyfrwng Saesneg,"Iau, babanod a meithrin",---,Ffordd Owen,Northop,Mold,Flintshire,CH7 6AU,01352840255,135,336,POINT (-3.136892615842051 53.208547770917406)
maintained_schools_wg.337,10013696681,6642237,Gronant Primary School,664,Flintshire,Primary,Community,EM,English medium school / provision,"Nursery, Infants & Juniors",---,Nant Y Gro,Gronant,Nr. Prestatyn,Flintshire,LL19 9YP,01745856119,54,6642237,Gronant Primary School,664,Sir y Fflint,Cymuned,EM,Cyfrwng Saesneg,"Iau, babanod a meithrin",---,Nant Y Gro,Gronant,Nr. Prestatyn,Flintshire,LL19 9YP,01745856119,54,337,POINT (-3.3559600345558094 53.33814609351785)
maintained_schools_wg.338,200002941015,6642257,Ysgol Gymraeg Croes Atti,664,Flintshire,Primary,Community,WM,Welsh medium school / provision (including transitional),"Nursery, Infants & Juniors",---,Chester Road,Sir Y Fflint,,,CH6 5DU,01352733335,274,6642257,Ysgol Gymraeg Croes Atti,664,Sir y Fflint,Cymuned,WM,Cyfrwng Cymraeg,"Iau, babanod a meithrin",---,Chester Road,Sir Y Fflint,,,CH6 5DU,01352733335,274,338,POINT (-3.1261649603632478 53.24564984285158)
maintained_schools_wg.339,200002941680,6642266,Ysgol Parc y Llan,664,Flintshire,Primary,Community,EM,English medium school / provision,"Nursery, Infants & Juniors",---,Ffordd Y Llan,Treuddyn,Mold,Flintshire,CH7 4LN,01352770304,127,6642266,Ysgol Parc y Llan,664,Sir y Fflint,Cymuned,EM,Cyfrwng Saesneg,"Iau, babanod a meithrin",---,Ffordd Y Llan,Treuddyn,Mold,Flintshire,CH7 4LN,01352770304,127,339,POINT (-3.117822718268609 53.113673159090084)
maintained_schools_wg.340,100101033916,6642267,Ysgol Mynydd Isa,664,Flintshire,Primary,Community,EM,English medium school / provision,"Nursery, Infants & Juniors",---,Chambers Lane,Bryn-Y-Baal,Mold,Flintshire,CH7 6SJ,01352752714,483,6642267,Ysgol Mynydd Isa,664,Sir y Fflint,Cymuned,EM,Cyfrwng Saesneg,"Iau, babanod a meithrin",---,Chambers Lane,Bryn-Y-Baal,Mold,Flintshire,CH7 6SJ,01352752714,483,340,POINT (-3.1103020054597432 53.173239664544845)
maintained_schools_wg.341,100101033180,6642268,Broughton Primary School,664,Flintshire,Primary,Community,EM,English medium school / provision,"Nursery, Infants & Juniors",---,Broughton Hall Road,Broughton,Flintshire,,CH4 0QQ,01244533752,584,6642268,Broughton Primary School,664,Sir y Fflint,Cymuned,EM,Cyfrwng Saesneg,"Iau, babanod a meithrin",---,Broughton Hall Road,Broughton,Flintshire,,CH4 0QQ,01244533752,584,341,POINT (-2.9855504625619953 53.166675503563205)
maintained_schools_wg.342,10090462832,6642269,Ysgol Cae'r Nant,664,Flintshire,Primary,Community,EM,English medium school / provision,"Nursery, Infants & Juniors",---,Mold Road,Connah's Quay,Flintshire,,CH5 4QL,01244830708,335,6642269,Ysgol Cae'r Nant,664,Sir y Fflint,Cymuned,EM,Cyfrwng Saesneg,"Iau, babanod a meithrin",---,Mold Road,Connah's Quay,Flintshire,,CH5 4QL,01244830708,335,342,POINT (-3.054218763637034 53.2136153530242)
maintained_schools_wg.344,100101033648,6642271,Ysgol Ty Ffynnon,664,Flintshire,Primary,Community,EM,English medium school / provision,"Nursery, Infants & Juniors",---,Taliesin Avenue,Shotton,Flintshire,,CH5 1HP,01244830018,269,6642271,Ysgol Ty Ffynnon,664,Sir y Fflint,Cymuned,EM,Cyfrwng Saesneg,"Iau, babanod a meithrin",---,Taliesin Avenue,Shotton,Flintshire,,CH5 1HP,01244830018,269,344,POINT (-3.046339984789066 53.2086047058421)
maintained_schools_wg.345,10090466059,6642272,Ysgol Maes Y Felin,664,Flintshire,Primary,Community,EM,English medium school / provision,"Nursery, Infants & Juniors",---,Pen Y Maes Road,Holywell,Flintshire,,CH8 7EN,01352711366,281,6642272,Ysgol Maes Y Felin,664,Sir y Fflint,Cymuned,EM,Cyfrwng Saesneg,"Iau, babanod a meithrin",---,Pen Y Maes Road,Holywell,Flintshire,,CH8 7EN,01352711366,281,345,POINT (-3.214574973819893 53.27601544245068)
maintained_schools_wg.346,10013704817,6643002,Nannerch V.C.P. School,664,Flintshire,Primary,Voluntary controlled,EM,English medium school / provision,"Nursery, Infants & Juniors",Church in Wales,Nannerch Village,Nr Mold,Flintshire,,CH7 5RD,01352741377,44,6643002,Nannerch V.C.P. School,664,Sir y Fflint,Gwirfoddol a Reolir,EM,Cyfrwng Saesneg,"Iau, babanod a meithrin",Eglwys yng Nghymru,Nannerch Village,Nr Mold,Flintshire,,CH7 5RD,01352741377,44,346,POINT (-3.249165291268303 53.2164519658871)
maintained_schools_wg.347,10013707049,6643303,Ysgol Yr Esgob C in W,664,Flintshire,Primary,Voluntary aided,EM,English medium school / provision,"Nursery, Infants & Juniors",Church in Wales,Lon-yr-ysgol,Caerwys,Mold,Flintshire,CH7 5AD,01352720287,63,6643303,Ysgol Yr Esgob C in W,664,Sir y Fflint,Gwirfoddol a Gynorthwyir,EM,Cyfrwng Saesneg,"Iau, babanod a meithrin",Eglwys yng Nghymru,Lon-yr-ysgol,Caerwys,Mold,Flintshire,CH7 5AD,01352720287,63,347,POINT (-3.310284126848596 53.2450052472631)
maintained_schools_wg.348,100100932044,6643306,St Mary's,664,Flintshire,Primary,Voluntary aided,EM,English medium school / provision,"Nursery, Infants & Juniors",Roman Catholic,Ffordd Llewelyn,Pen Goch,Flintshire,,CH6 5JZ,01352733231,274,6643306,St Mary's,664,Sir y Fflint,Gwirfoddol a Gynorthwyir,EM,Cyfrwng Saesneg,"Iau, babanod a meithrin",Eglwys Gatholig,Ffordd Llewelyn,Pen Goch,Flintshire,,CH6 5JZ,01352733231,274,348,POINT (-3.12896045651262 53.240808910766916)
maintained_schools_wg.349,100101033912,6643307,St Winefrides,664,Flintshire,Primary,Community,EM,English medium school / provision,"Nursery, Infants & Juniors",Roman Catholic,Whitford Street,Holywell,Flintshire,,CH8 7NJ,01352713182,170,6643307,St Winefrides,664,Sir y Fflint,Cymuned,EM,Cyfrwng Saesneg,"Iau, babanod a meithrin",Eglwys Gatholig,Whitford Street,Holywell,Flintshire,,CH8 7NJ,01352713182,170,349,POINT (-3.226439547549673 53.275340411154964)
maintained_schools_wg.350,10013697103,6643308,St David's Catholic Primary School,664,Flintshire,Primary,Voluntary aided,EM,English medium school / provision,"Nursery, Infants & Juniors",Roman Catholic,St David's Lane,Mold,Flintshire,,CH7 1LH,01352752651,75,6643308,St David's Catholic Primary School,664,Sir y Fflint,Gwirfoddol a Gynorthwyir,EM,Cyfrwng Saesneg,"Iau, babanod a meithrin",Eglwys Gatholig,St David's Lane,Mold,Flintshire,,CH7 1LH,01352752651,75,350,POINT (-3.135126043198745 53.16974562694932)
maintained_schools_wg.351,100101033215,6643311,St Anthony's Catholic Primary,664,Flintshire,Primary,Voluntary aided,EM,English medium school / provision,"Nursery, Infants & Juniors",Roman Catholic,High Street,Saltney,Flintshire,,CH4 8SG,01244680480,68,6643311,St Anthony's Catholic Primary,664,Sir y Fflint,Gwirfoddol a Gynorthwyir,EM,Cyfrwng Saesneg,"Iau, babanod a meithrin",Eglwys Gatholig,High Street,Saltney,Flintshire,,CH4 8SG,01244680480,68,351,POINT (-2.9250239892395933 53.17838798393657)
maintained_schools_wg.352,10013707375,6643312,Venerable Edward Morgan RC,664,Flintshire,Primary,Voluntary aided,EM,English medium school / provision,"Nursery, Infants & Juniors",Roman Catholic,Caernarfon Close,Shotton,Flintshire,,CH5 1AS,01244830408,191,6643312,Venerable Edward Morgan RC,664,Sir y Fflint,Gwirfoddol a Gynorthwyir,EM,Cyfrwng Saesneg,"Iau, babanod a meithrin",Eglwys Gatholig,Caernarfon Close,Shotton,Flintshire,,CH5 1AS,01244830408,191,352,POINT (-3.04289940933728 53.20689095693705)
maintained_schools_wg.353,200001845304,6643316,Trelawnyd,664,Flintshire,Primary,Voluntary aided,EM,English medium school / provision,"Nursery, Infants & Juniors",Church in Wales,London Road,Rhyl,Trelawnyd,Flintshire,LL18 6DL,01745570171,66,6643316,Trelawnyd,664,Sir y Fflint,Gwirfoddol a Gynorthwyir,EM,Cyfrwng Saesneg,"Iau, babanod a meithrin",Eglwys yng Nghymru,London Road,Rhyl,Trelawnyd,Flintshire,LL18 6DL,01745570171,66,353,POINT (-3.3690672795432945 53.30688862906942)
maintained_schools_wg.354,10013703522,6643320,Ysgol y Llan VA Primary School Whitford,664,Flintshire,Primary,Voluntary aided,EM,English medium school / provision,"Nursery, Infants & Juniors",Church in Wales,Whitford,Holywell,Flintshire,,CH8 9AN,01745560431,70,6643320,Ysgol y Llan VA Primary School Whitford,664,Sir y Fflint,Gwirfoddol a Gynorthwyir,EM,Cyfrwng Saesneg,"Iau, babanod a meithrin",Eglwys yng Nghymru,Whitford,Holywell,Flintshire,,CH8 9AN,01745560431,70,354,POINT (-3.2816745992901346 53.294442317539236)
maintained_schools_wg.355,100101033546,6643330,St. Ethelwolds,664,Flintshire,Primary,Voluntary aided,EM,English medium school / provision,"Nursery, Infants & Juniors",Church in Wales,Melrose Avenue,Shotton,Deeside,Flintshire,CH5 1NG,01244812932,83,6643330,St. Ethelwolds,664,Sir y Fflint,Gwirfoddol a Gynorthwyir,EM,Cyfrwng Saesneg,"Iau, babanod a meithrin",Eglwys yng Nghymru,Melrose Avenue,Shotton,Deeside,Flintshire,CH5 1NG,01244812932,83,355,POINT (-3.039233077979483 53.202023844589306)
maintained_schools_wg.356,10013703912,6643331,St John the Baptist VA School,664,Flintshire,Primary,Voluntary aided,EM,English medium school / provision,"Nursery, Infants & Juniors",Church in Wales,Chester Road,Penymynydd,Flintshire,,CH4 0EN,01244550838,109,6643331,St John the Baptist VA School,664,Sir y Fflint,Gwirfoddol a Gynorthwyir,EM,Cyfrwng Saesneg,"Iau, babanod a meithrin",Eglwys yng Nghymru,Chester Road,Penymynydd,Flintshire,,CH4 0EN,01244550838,109,356,POINT (-3.040096569995251 53.15766054983671)
maintained_schools_wg.357,10013695573,6643332,Nercwys VA,664,Flintshire,Primary,Voluntary aided,EM,English medium school / provision,"Nursery, Infants & Juniors",Church in Wales,Village Road,Nercwys,Mold,Flintshire,CH7 4EL,01352752654,17,6643332,Nercwys VA,664,Sir y Fflint,Gwirfoddol a Gynorthwyir,EM,Cyfrwng Saesneg,"Iau, babanod a meithrin",Eglwys yng Nghymru,Village Road,Nercwys,Mold,Flintshire,CH7 4EL,01352752654,17,357,POINT (-3.1437074299455556 53.13555005467069)
maintained_schools_wg.358,10013704778,6643333,Hawarden Village VA,664,Flintshire,Primary,Voluntary aided,EM,English medium school / provision,"Nursery, Infants & Juniors",Church in Wales,Cross Tree Lane,Hawarden,Flintshire,,CH5 3PY,01244532091,386,6643333,Hawarden Village VA,664,Sir y Fflint,Gwirfoddol a Gynorthwyir,EM,Cyfrwng Saesneg,"Iau, babanod a meithrin",Eglwys yng Nghymru,Cross Tree Lane,Hawarden,Flintshire,,CH5 3PY,01244532091,386,358,POINT (-3.0224557128802942 53.18526020712703)
maintained_schools_wg.359,10023845728,6643334,Lixwm VA Church in Wales Primary School,664,Flintshire,Primary,Voluntary aided,EM,English medium school / provision,"Nursery, Infants & Juniors",Church in Wales,Lixwm Primary School,,Lixwm CP School,Lixwm Holywell,CH8 8NQ,01352780455,56,6643334,Lixwm VA Church in Wales Primary School,664,Sir y Fflint,Gwirfoddol a Gynorthwyir,EM,Cyfrwng Saesneg,"Iau, babanod a meithrin",Eglwys yng Nghymru,Lixwm Primary School,,Lixwm CP School,Lixwm Holywell,CH8 8NQ,01352780455,56,359,POINT (-3.248575898877399 53.233139911273554)
maintained_schools_wg.360,100101033653,6644000,Hawarden High School,664,Flintshire,Secondary,Community,EM,English medium school / provision,Secondary (ages 11-19),---,The Highway,Hawarden,Deeside,Flintshire,CH5 3DN,01244526400,1161,6644000,Hawarden High School,664,Sir y Fflint,Cymuned,EM,Cyfrwng Saesneg,Uwchradd (ystod oedran 11-19),---,The Highway,Hawarden,Deeside,Flintshire,CH5 3DN,01244526400,1161,360,POINT (-3.0416439558398896 53.18846492326563)
maintained_schools_wg.361,10013695620,6644006,Alun School,664,Flintshire,Secondary,Community,EM,English medium school / provision,Secondary (ages 11-19),---,Wrexham Road,Mold,Flintshire,,CH7 1EP,01352750755,1480,6644006,Alun School,664,Sir y Fflint,Cymuned,EM,Cyfrwng Saesneg,Uwchradd (ystod oedran 11-19),---,Wrexham Road,Mold,Flintshire,,CH7 1EP,01352750755,1480,361,POINT (-3.140808245663276 53.16105474914871)
maintained_schools_wg.362,10013700451,6644011,Elfed High School,664,Flintshire,Secondary,Community,EM,English medium school / provision,Secondary (ages 11-16),---,Mill Lane,Buckley,Flintshire,,CH7 3HQ,01244550217,901,6644011,Elfed High School,664,Sir y Fflint,Cymuned,EM,Cyfrwng Saesneg,Uwchradd (ystod oedran 11-16),---,Mill Lane,Buckley,Flintshire,,CH7 3HQ,01244550217,901,362,POINT (-3.0831605700857954 53.171883943487586)
maintained_schools_wg.363,10093282226,6644012,Ysgol Treffynnon,664,Flintshire,Secondary,Community,EM,English medium school / provision,Secondary (ages 11-16),---,The Strand,Holywell,Flintshire,,CH8 7EN,01352710011,519,6644012,Ysgol Treffynnon,664,Sir y Fflint,Cymuned,EM,Cyfrwng Saesneg,Uwchradd (ystod oedran 11-16),---,The Strand,Holywell,Flintshire,,CH8 7EN,01352710011,519,363,POINT (-3.215269423995287 53.276515183104756)
maintained_schools_wg.364,100101033199,6644013,St. David's High School,664,Flintshire,Secondary,Community,EM,English medium school / provision,Secondary (ages 11-16),---,St David's Terrace,Saltney,Chester,Flintshire,CH4 0AE,01244671583,351,6644013,St. David's High School,664,Sir y Fflint,Cymuned,EM,Cyfrwng Saesneg,Uwchradd (ystod oedran 11-16),---,St David's Terrace,Saltney,Chester,Flintshire,CH4 0AE,01244671583,351,364,POINT (-2.939150201207755 53.17728959760124)
maintained_schools_wg.365,100101034013,6644017,Castell Alun High School,664,Flintshire,Secondary,Community,EM,English medium school / provision,Secondary (ages 11-19),---,Fagl Lane,Hope,Flintshire,,LL12 9PY,01978760238,1283,6644017,Castell Alun High School,664,Sir y Fflint,Cymuned,EM,Cyfrwng Saesneg,Uwchradd (ystod oedran 11-19),---,Fagl Lane,Hope,Flintshire,,LL12 9PY,01978760238,1283,365,POINT (-3.0358064797559825 53.11877210996758)
maintained_schools_wg.366,200002941215,6644018,Maes Garmon,664,Flintshire,Secondary,Community,WM,Welsh medium school / provision (including transitional),Secondary (ages 11-19),---,Stryd Conwy,Yr Wyddgrug,Sir Y Fflint,,CH7 1JB,01352750678,578,6644018,Maes Garmon,664,Sir y Fflint,Cymuned,WM,Cyfrwng Cymraeg,Uwchradd (ystod oedran 11-19),---,Stryd Conwy,Yr Wyddgrug,Sir Y Fflint,,CH7 1JB,01352750678,578,366,POINT (-3.1404400850277407 53.16221413519981)
maintained_schools_wg.367,10013697305,6644021,Flint High School,664,Flintshire,Secondary,Community,EM,English medium school / provision,Secondary (ages 11-19),---,Maes Hyfryd,Flintshire,,,CH6 5LL,01352732268,747,6644021,Flint High School,664,Sir y Fflint,Cymuned,EM,Cyfrwng Saesneg,Uwchradd (ystod oedran 11-19),---,Maes Hyfryd,Flintshire,,,CH6 5LL,01352732268,747,367,POINT (-3.1367101676595652 53.23916616007613)
maintained_schools_wg.368,10013702083,6644022,"Connah's Quay High School,",664,Flintshire,Secondary,Community,EM,English medium school / provision,Secondary (ages 11-16),---,Golftyn Lane,Connah's Quay,Flintshire,,CH5 4BH,01244813491,1014,6644022,"Connah's Quay High School,",664,Sir y Fflint,Cymuned,EM,Cyfrwng Saesneg,Uwchradd (ystod oedran 11-16),---,Golftyn Lane,Connah's Quay,Flintshire,,CH5 4BH,01244813491,1014,368,POINT (-3.078804260041411 53.22298566094217)
maintained_schools_wg.370,100101033705,6644600,St. Richard Gwyn Catholic High School,664,Flintshire,Secondary,Voluntary aided,EM,English medium school / provision,Secondary (ages 11-19),Roman Catholic,Albert Avenue,Flint,,,CH6 5JZ,01352736900,774,6644600,St. Richard Gwyn Catholic High School,664,Sir y Fflint,Gwirfoddol a Gynorthwyir,EM,Cyfrwng Saesneg,Uwchradd (ystod oedran 11-19),Eglwys Gatholig,Albert Avenue,Flint,,,CH6 5JZ,01352736900,774,370,POINT (-3.127769445898821 53.24081362557994)
maintained_schools_wg.371,10013705673,6645200,Derwen Foundation School,664,Flintshire,Primary,Foundation,EM,English medium school / provision,"Nursery, Infants & Juniors",---,Higher Kinnerton,Flintshire,,,CH4 9AJ,01244660291,187,6645200,Derwen Foundation School,664,Sir y Fflint,Sefydledig,EM,Cyfrwng Saesneg,"Iau, babanod a meithrin",---,Higher Kinnerton,Flintshire,,,CH4 9AJ,01244660291,187,371,POINT (-3.002078190485871 53.14561817781634)
maintained_schools_wg.372,10013544907,6652076,The Rofft CP School,665,Wrexham,Primary,Community,EM,English medium school / provision,"Nursery, Infants & Juniors",---,Wynnstay Lane,Marford,Wrexham,,LL12 8LA,01978853116,217,6652076,The Rofft CP School,665,Wrecsam,Cymuned,EM,Cyfrwng Saesneg,"Iau, babanod a meithrin",---,Wynnstay Lane,Marford,Wrexham,,LL12 8LA,01978853116,217,372,POINT (-2.9597104074428735 53.08953381075152)
maintained_schools_wg.373,10013549076,6652137,Froncysyllte,665,Wrexham,Primary,Community,EM,English medium school / provision,"Nursery, Infants & Juniors",---,Woodlands Road,Froncysyllte,Llangollen,Wrexham,LL20 7SU,01691773310,11,6652137,Froncysyllte,665,Wrecsam,Cymuned,EM,Cyfrwng Saesneg,"Iau, babanod a meithrin",---,Woodlands Road,Froncysyllte,Llangollen,Wrexham,LL20 7SU,01691773310,11,373,POINT (-3.087955544043139 52.96314262252373)
maintained_schools_wg.374,10013543252,6652138,Garth CP,665,Wrexham,Primary,Community,EM,English medium school / provision,"Nursery, Infants & Juniors",---,Trevor,Llangollen,Wrexham,,LL20 7UY,01978820582,58,6652138,Garth CP,665,Wrecsam,Cymuned,EM,Cyfrwng Saesneg,"Iau, babanod a meithrin",---,Trevor,Llangollen,Wrexham,,LL20 7UY,01978820582,58,374,POINT (-3.1053114408836717 52.976988358539444)
maintained_schools_wg.375,10013548407,6652139,Ysgol Cynddelw,665,Wrexham,Primary,Community,DS,Welsh medium school / provision (including transitional),"Nursery, Infants & Juniors",---,New Road,Glynceiriog,Llangollen,,LL20 7HH,01691718426,83,6652139,Ysgol Cynddelw,665,Wrecsam,Cymuned,DS,Ddwy ffrwd,"Iau, babanod a meithrin",---,New Road,Glynceiriog,Llangollen,,LL20 7HH,01691718426,83,375,POINT (-3.1811595670525272 52.933719233403465)
maintained_schools_wg.376,10013543128,6652140,Llanarmon DC School,665,Wrexham,Primary,Community,WM,Welsh medium school / provision (including transitional),"Nursery, Infants & Juniors",---,Llanarmon Dyffryn,Ceiriog,Nr Llangollen,,LL20 7LF,01691600278,22,6652140,Llanarmon DC School,665,Wrecsam,Cymuned,WM,Cyfrwng Cymraeg,"Iau, babanod a meithrin",---,Llanarmon Dyffryn,Ceiriog,Nr Llangollen,,LL20 7LF,01691600278,22,376,POINT (-3.255535728959009 52.88533700328944)
maintained_schools_wg.377,10013546738,6652149,Ysgol Acrefair,665,Wrexham,Primary,Community,EM,English medium school / provision,"Nursery, Infants & Juniors",---,Tower View,Acrefair,Wrexham,,LL14 3SH,01978820616,205,6652149,Ysgol Acrefair,665,Wrecsam,Cymuned,EM,Cyfrwng Saesneg,"Iau, babanod a meithrin",---,Tower View,Acrefair,Wrexham,,LL14 3SH,01978820616,205,377,POINT (-3.0790898874791024 52.98018682907636)
maintained_schools_wg.378,10013545849,6652151,Cefn Mawr C P School,665,Wrexham,Primary,Community,EM,English medium school / provision,"Nursery, Infants & Juniors",---,Plas Kynaston Lane,Cefn Mawr,Wrexham,,LL14 3PY,01978820719,192,6652151,Cefn Mawr C P School,665,Wrecsam,Cymuned,EM,Cyfrwng Saesneg,"Iau, babanod a meithrin",---,Plas Kynaston Lane,Cefn Mawr,Wrexham,,LL14 3PY,01978820719,192,378,POINT (-3.073150669521679 52.97092132034034)
maintained_schools_wg.379,10070387540,6652160,Ysgol Maes-y-Llan,665,Wrexham,Primary,Community,EM,English medium school / provision,"Nursery, Infants & Juniors",---,Maes y Llan Lane,Ruabon,Wrexham,,LL14 6AE,01978820991,138,6652160,Ysgol Maes-y-Llan,665,Wrecsam,Cymuned,EM,Cyfrwng Saesneg,"Iau, babanod a meithrin",---,Maes y Llan Lane,Ruabon,Wrexham,,LL14 6AE,01978820991,138,379,POINT (-3.03644829195731 52.98822887905722)
maintained_schools_wg.380,10090397184,6652162,Ysgol Min y Ddol,665,Wrexham,Primary,Community,WM,Welsh medium school / provision (including transitional),"Nursery, Infants & Juniors",---,Lon Plas Kynmaston,Cefn Mawr,Wrexham,,LL14 3PY,01978820903,124,6652162,Ysgol Min y Ddol,665,Wrecsam,Cymuned,WM,Cyfrwng Cymraeg,"Iau, babanod a meithrin",---,Lon Plas Kynmaston,Cefn Mawr,Wrexham,,LL14 3PY,01978820903,124,380,POINT (-3.0734232296859862 52.97030459659516)
maintained_schools_wg.381,10013548147,6652173,Alexandra C P School,665,Wrexham,Primary,Community,EM,English medium school / provision,"Nursery, Infants & Juniors",---,Park Avenue,Bodhyfryd,Wrexham,,LL12 7AZ,01978315120,367,6652173,Alexandra C P School,665,Wrecsam,Cymuned,EM,Cyfrwng Saesneg,"Iau, babanod a meithrin",---,Park Avenue,Bodhyfryd,Wrexham,,LL12 7AZ,01978315120,367,381,POINT (-2.987332966251648 53.050277145628264)
maintained_schools_wg.382,10004511484,6652176,Brynteg C P School,665,Wrexham,Primary,Community,EM,English medium school / provision,"Nursery, Infants & Juniors",---,Maesteg,Brynteg,Wrexham,,LL11 6NB,01978756398,166,6652176,Brynteg C P School,665,Wrecsam,Cymuned,EM,Cyfrwng Saesneg,"Iau, babanod a meithrin",---,Maesteg,Brynteg,Wrexham,,LL11 6NB,01978756398,166,382,POINT (-3.037255002132782 53.06482729383095)
maintained_schools_wg.383,10013546173,6652178,BWLCHGWYN SCHOOL,665,Wrexham,Primary,Community,EM,English medium school / provision,"Nursery, Infants & Juniors",---,Brymbo Road,Bwlchgwyn,Wrexham,,LL11 5UA,01978269930,106,6652178,BWLCHGWYN SCHOOL,665,Wrecsam,Cymuned,EM,Cyfrwng Saesneg,"Iau, babanod a meithrin",---,Brymbo Road,Bwlchgwyn,Wrexham,,LL11 5UA,01978269930,106,383,POINT (-3.095682494668158 53.071983305734996)
maintained_schools_wg.384,200001845298,6652179,Ysgol Tan-y-Fron,665,Wrexham,Primary,Community,EM,English medium school / provision,"Nursery, Infants & Juniors",---,Tanyfron Road,Tanyfron,Wrexham,,LL11 5SA,01978758118,139,6652179,Ysgol Tan-y-Fron,665,Wrecsam,Cymuned,EM,Cyfrwng Saesneg,"Iau, babanod a meithrin",---,Tanyfron Road,Tanyfron,Wrexham,,LL11 5SA,01978758118,139,384,POINT (-3.049459668587108 53.06193566319062)
maintained_schools_wg.385,10070388606,6652187,Black Lane C P School,665,Wrexham,Primary,Community,EM,English medium school / provision,"Nursery, Infants & Juniors",---,Long Lane,Pentre Broughton,Wrexham,,LL11 6BT,01978757959,151,6652187,Black Lane C P School,665,Wrecsam,Cymuned,EM,Cyfrwng Saesneg,"Iau, babanod a meithrin",---,Long Lane,Pentre Broughton,Wrexham,,LL11 6BT,01978757959,151,385,POINT (-3.0437502060865973 53.07341457740543)
maintained_schools_wg.386,10013547941,6652191,Rhosddu County Primary,665,Wrexham,Primary,Community,EM,English medium school / provision,"Nursery, Infants & Juniors",---,Price's Lane,Rhosddu,Wrexham,,LL11 2NB,01978318830,274,6652191,Rhosddu County Primary,665,Wrecsam,Cymuned,EM,Cyfrwng Saesneg,"Iau, babanod a meithrin",---,Price's Lane,Rhosddu,Wrexham,,LL11 2NB,01978318830,274,386,POINT (-2.9973974875679588 53.05548382842429)
maintained_schools_wg.387,10070384594,6652200,Rhostyllen CP School,665,Wrexham,Primary,Community,EM,English medium school / provision,"Nursery, Infants & Juniors",---,School Street,Rhostyllen,Wrexham,,LL14 4AN,01978352357,220,6652200,Rhostyllen CP School,665,Wrecsam,Cymuned,EM,Cyfrwng Saesneg,"Iau, babanod a meithrin",---,School Street,Rhostyllen,Wrexham,,LL14 4AN,01978352357,220,387,POINT (-3.0252735040837724 53.030977864018986)
maintained_schools_wg.388,10004519458,6652204,Ysgol Deiniol C P,665,Wrexham,Primary,Community,EM,English medium school / provision,"Nursery, Infants & Juniors",---,The Ridgeway,Marchwiel,Wrexham,,LL13 0SB,01978353760,158,6652204,Ysgol Deiniol C P,665,Wrecsam,Cymuned,EM,Cyfrwng Saesneg,"Iau, babanod a meithrin",---,The Ridgeway,Marchwiel,Wrexham,,LL13 0SB,01978353760,158,388,POINT (-2.956914349763437 53.023549316620866)
maintained_schools_wg.389,10013541912,6652208,Barker's Lane CP,665,Wrexham,Primary,Community,EM,English medium school / provision,"Nursery, Infants & Juniors",---,Barker's Lane,Wrexham,,,LL13 9UN,01978357754,242,6652208,Barker's Lane CP,665,Wrecsam,Cymuned,EM,Cyfrwng Saesneg,"Iau, babanod a meithrin",---,Barker's Lane,Wrexham,,,LL13 9UN,01978357754,242,389,POINT (-2.977879884373959 53.067697665101655)
maintained_schools_wg.390,10013547061,6652209,Wat's Dyke County Primary,665,Wrexham,Primary,Community,EM,English medium school / provision,"Nursery, Infants & Juniors",---,Garden Village,Wrexham,,,LL11 2TE,01978355731,282,6652209,Wat's Dyke County Primary,665,Wrecsam,Cymuned,EM,Cyfrwng Saesneg,"Iau, babanod a meithrin",---,Garden Village,Wrexham,,,LL11 2TE,01978355731,282,390,POINT (-2.9967238379493537 53.06286442104157)
maintained_schools_wg.391,10004521053,6652224,Ysgol Bryn Tabor,665,Wrexham,Primary,Community,WM,Welsh medium school / provision (including transitional),"Nursery, Infants & Juniors",---,Heol Maelor,Coedpoeth,Wrecsam,,LL11 3NB,01978722180,200,6652224,Ysgol Bryn Tabor,665,Wrecsam,Cymuned,WM,Cyfrwng Cymraeg,"Iau, babanod a meithrin",---,Heol Maelor,Coedpoeth,Wrecsam,,LL11 3NB,01978722180,200,391,POINT (-3.067701992005792 53.0519709783429)
maintained_schools_wg.392,10023168409,6652232,Ysgol Sant Dunawd,665,Wrexham,Primary,Community,EM,English medium school / provision,"Nursery, Infants & Juniors",---,Sandown Road,Bangor-On-Dee,Wrexham,,LL13 0JA,01978780757,93,6652232,Ysgol Sant Dunawd,665,Wrecsam,Cymuned,EM,Cyfrwng Saesneg,"Iau, babanod a meithrin",---,Sandown Road,Bangor-On-Dee,Wrexham,,LL13 0JA,01978780757,93,392,POINT (-2.90581933926628 53.003286472261)
maintained_schools_wg.393,10070387964,6652235,Holt C.P. School,665,Wrexham,Primary,Community,EM,English medium school / provision,"Nursery, Infants & Juniors",---,Chapel Street,Holt,Wrexham,,LL13 9DJ,01829270021,68,6652235,Holt C.P. School,665,Wrecsam,Cymuned,EM,Cyfrwng Saesneg,"Iau, babanod a meithrin",---,Chapel Street,Holt,Wrexham,,LL13 9DJ,01829270021,68,393,POINT (-2.8836711605481185 53.07853962998322)
maintained_schools_wg.394,200001886982,6652238,Ysgol Bodhyfryd,665,Wrexham,Primary,Community,WM,Welsh medium school / provision (including transitional),"Nursery, Infants & Juniors",---,Range Road,Wrexham,,,LL13 7DA,01978351168,280,6652238,Ysgol Bodhyfryd,665,Wrecsam,Cymuned,WM,Cyfrwng Cymraeg,"Iau, babanod a meithrin",---,Range Road,Wrexham,,,LL13 7DA,01978351168,280,394,POINT (-2.9855555039570474 53.035197134322516)
maintained_schools_wg.395,10070388068,6652259,Ysgol I.D. Hooson,665,Wrexham,Primary,Community,WM,Welsh medium school / provision (including transitional),"Nursery, Infants & Juniors",---,Heol Caradoc,Pentredwr,Rhos,Wrexham,LL14 2DX,01978832950,228,6652259,Ysgol I.D. Hooson,665,Wrecsam,Cymuned,WM,Cyfrwng Cymraeg,"Iau, babanod a meithrin",---,Heol Caradoc,Pentredwr,Rhos,Wrexham,LL14 2DX,01978832950,228,395,POINT (-3.063108852017371 53.00753031914948)
maintained_schools_wg.396,10013548002,6652263,Ysgol Plas Coch,665,Wrexham,Primary,Community,WM,Welsh medium school / provision (including transitional),"Nursery, Infants & Juniors",---,Ffordd Stansty,Plas Coch,Wrexham,,LL11 2BU,01978311198,307,6652263,Ysgol Plas Coch,665,Wrecsam,Cymuned,WM,Cyfrwng Cymraeg,"Iau, babanod a meithrin",---,Ffordd Stansty,Plas Coch,Wrexham,,LL11 2BU,01978311198,307,396,POINT (-3.005055012216334 53.05828727759906)
maintained_schools_wg.397,10070387864,6652266,Penygelli C P School,665,Wrexham,Primary,Community,EM,English medium school / provision,"Nursery, Infants & Juniors",---,Heol Glyndwr,Coedpoeth,Wrexham,,LL11 3HA,01978722160,255,6652266,Penygelli C P School,665,Wrecsam,Cymuned,EM,Cyfrwng Saesneg,"Iau, babanod a meithrin",---,Heol Glyndwr,Coedpoeth,Wrexham,,LL11 3HA,01978722160,255,397,POINT (-3.0638104883484547 53.052987323188646)
maintained_schools_wg.398,10070383637,6652267,Ysgol Penrhyn New Broughton CP,665,Wrexham,Primary,Community,EM,English medium school / provision,"Nursery, Infants & Juniors",---,School Lane,New Broughton,Wrexham,,LL11 6SF,01978269920,218,6652267,Ysgol Penrhyn New Broughton CP,665,Wrecsam,Cymuned,EM,Cyfrwng Saesneg,"Iau, babanod a meithrin",---,School Lane,New Broughton,Wrexham,,LL11 6SF,01978269920,218,398,POINT (-3.0319712374377645 53.0579243853606)
maintained_schools_wg.399,10023170235,6652268,Ysgol Heulfan,665,Wrexham,Primary,Community,EM,English medium school / provision,"Nursery, Infants & Juniors",---,Sunny View,Gwersylit,Wrexham,,LL11 4HS,01978722040,331,6652268,Ysgol Heulfan,665,Wrecsam,Cymuned,EM,Cyfrwng Saesneg,"Iau, babanod a meithrin",---,Sunny View,Gwersylit,Wrexham,,LL11 4HS,01978722040,331,399,POINT (-3.023001092208745 53.07303935326579)
maintained_schools_wg.400,10023170234,6652269,Hafod y Wern Community Primary School,665,Wrexham,Primary,Community,EM,English medium school / provision,"Nursery, Infants & Juniors",---,Deva Way,Caia Park,Wrexham,,LL13 9HD,01978367080,249,6652269,Hafod y Wern Community Primary School,665,Wrecsam,Cymuned,EM,Cyfrwng Saesneg,"Iau, babanod a meithrin",---,Deva Way,Caia Park,Wrexham,,LL13 9HD,01978367080,249,400,POINT (-2.9721844936400195 53.04705821791902)
maintained_schools_wg.401,10023170232,6652270,Gwenfro Community Primary,665,Wrexham,Primary,Community,EM,English medium school / provision,"Nursery, Infants & Juniors",---,Queensway,Wrexham,,,LL13 8UW,01978340380,298,6652270,Gwenfro Community Primary,665,Wrecsam,Cymuned,EM,Cyfrwng Saesneg,"Iau, babanod a meithrin",---,Queensway,Wrexham,,,LL13 8UW,01978340380,298,401,POINT (-2.9711282939127117 53.039398931172094)
maintained_schools_wg.403,10013546774,6652272,Rhosymedre Community Primary,665,Wrexham,Primary,Community,EM,English medium school / provision,"Nursery, Infants & Juniors",---,Parc Road,Rhosymedre,Wrexham,,LL14 3EG,01978812510,215,6652272,Rhosymedre Community Primary,665,Wrecsam,Cymuned,EM,Cyfrwng Saesneg,"Iau, babanod a meithrin",---,Parc Road,Rhosymedre,Wrexham,,LL14 3EG,01978812510,215,403,POINT (-3.062736286672246 52.97967200623193)
maintained_schools_wg.404,10070386480,6652273,Ysgol Maes y Mynydd,665,Wrexham,Primary,Community,EM,English medium school / provision,"Nursery, Infants & Juniors",---,Pentredwr,Rhosllanerchrugog,Wrexham,,LL14 1DD,01978832970,292,6652273,Ysgol Maes y Mynydd,665,Wrecsam,Cymuned,EM,Cyfrwng Saesneg,"Iau, babanod a meithrin",---,Pentredwr,Rhosllanerchrugog,Wrexham,,LL14 1DD,01978832970,292,404,POINT (-3.0600060894110297 53.015370320786715)
maintained_schools_wg.405,200002943792,6652274,Gwersyllt Community Primary School,665,Wrexham,Primary,Community,EM,English medium school / provision,"Nursery, Infants & Juniors",---,Dodds Lane,Gwersyllt,Wrexham,,LL11 4NT,01978269520,238,6652274,Gwersyllt Community Primary School,665,Wrecsam,Cymuned,EM,Cyfrwng Saesneg,"Iau, babanod a meithrin",---,Dodds Lane,Gwersyllt,Wrexham,,LL11 4NT,01978269520,238,405,POINT (-3.0141544154786226 53.07162761507326)
maintained_schools_wg.406,10070385529,6652275,Penycae Community Primary School,665,Wrexham,Primary,Community,EM,English medium school / provision,"Nursery, Infants & Juniors",---,Afoneitha Road,Penycae,Wrexham,,LL14 2PF,01978840509,181,6652275,Penycae Community Primary School,665,Wrecsam,Cymuned,EM,Cyfrwng Saesneg,"Iau, babanod a meithrin",---,Afoneitha Road,Penycae,Wrexham,,LL14 2PF,01978840509,181,406,POINT (-3.0661767782797544 52.99834560147683)
maintained_schools_wg.407,10090397343,6652276,Acton Primary,665,Wrexham,Primary,Community,EM,English medium school / provision,"Nursery, Infants & Juniors",---,Box Lane,Wrexham,,,LL12 8BT,01978318950,326,6652276,Acton Primary,665,Wrecsam,Cymuned,EM,Cyfrwng Saesneg,"Iau, babanod a meithrin",---,Box Lane,Wrexham,,,LL12 8BT,01978318950,326,407,POINT (-2.985240595679193 53.061945359242706)
maintained_schools_wg.408,10013547961,6652277,Victoria Community Primary,665,Wrexham,Primary,Community,EM,English medium school / provision,"Nursery, Infants & Juniors",---,Poyster Street,Wrexham,,,LL13 7RP,01978360060,440,6652277,Victoria Community Primary,665,Wrecsam,Cymuned,EM,Cyfrwng Saesneg,"Iau, babanod a meithrin",---,Poyster Street,Wrexham,,,LL13 7RP,01978360060,440,408,POINT (-3.001250938029227 53.041971922609946)
maintained_schools_wg.409,10013545580,6652278,Ysgol Y Waun,665,Wrexham,Primary,Community,EM,English medium school / provision,"Nursery, Infants & Juniors",---,Lloyds Lane,Chirk,Wrexham,,LL14 5NH,01691770530,320,6652278,Ysgol Y Waun,665,Wrecsam,Cymuned,EM,Cyfrwng Saesneg,"Iau, babanod a meithrin",---,Lloyds Lane,Chirk,Wrexham,,LL14 5NH,01691770530,320,409,POINT (-3.0528164545689784 52.937564618131645)
maintained_schools_wg.410,10090398865,6652279,Ysgol Bro Alun,665,Wrexham,Primary,Community,WM,Welsh medium school / provision (including transitional),"Nursery, Infants & Juniors",---,Delamere Avenue,Gwersyllt,Wrexham,,LL11 4NG,01978269580,280,6652279,Ysgol Bro Alun,665,Wrecsam,Cymuned,WM,Cyfrwng Cymraeg,"Iau, babanod a meithrin",---,Delamere Avenue,Gwersyllt,Wrexham,,LL11 4NG,01978269580,280,410,POINT (-3.017525443832192 53.0788770423341)
maintained_schools_wg.411,10013544222,6652280,"Ysgol Yr Hafod, Johnstown",665,Wrexham,Primary,Community,EM,English medium school / provision,"Nursery, Infants & Juniors",---, BANGOR ROAD,JOHNSTOWN,Wrexham,,LL14 2SW,01978840643,346,6652280,"Ysgol Yr Hafod, Johnstown",665,Wrecsam,Cymuned,EM,Cyfrwng Saesneg,"Iau, babanod a meithrin",---, BANGOR ROAD,JOHNSTOWN,Wrexham,,LL14 2SW,01978840643,346,411,POINT (-3.038135161131058 53.00894977498481)
maintained_schools_wg.412,10091695659,6652281,Borras Park Community Primary,665,Wrexham,Primary,Community,EM,English medium school / provision,"Nursery, Infants & Juniors",---, BORRAS PARK ROAD,Borras Park,Wrexham,,LL12 7TH,01978346890,431,6652281,Borras Park Community Primary,665,Wrecsam,Cymuned,EM,Cyfrwng Saesneg,"Iau, babanod a meithrin",---, BORRAS PARK ROAD,Borras Park,Wrexham,,LL12 7TH,01978346890,431,412,POINT (-2.968904424674467 53.06102454646036)
maintained_schools_wg.413,200001847143,6652282,Ysgol Llan y pwll,665,Wrexham,Primary,Community,WM,Welsh medium school / provision (including transitional),"Nursery, Infants & Juniors",Not available,Ysgol Llan-y-pwll,Borras Park Road,,Wrexham,LL12 7TH,01978594101,47,6652282,Ysgol Llan y pwll,665,Wrecsam,Cymuned,WM,Cyfrwng Cymraeg,"Iau, babanod a meithrin",Ddim ar gael,Ysgol Llan-y-pwll,Borras Park Road,,Wrexham,LL12 7TH,01978594101,47,413,POINT (-2.9702584591441257 53.06032123355188)
maintained_schools_wg.414,10013548860,6653028,St Peter's School,665,Wrexham,Primary,Voluntary controlled,EM,English medium school / provision,"Nursery, Infants & Juniors",Church in Wales,Chapel Lane,Rossett,Wrexham,,LL12 0EE,01244570594,205,6653028,St Peter's School,665,Wrecsam,Gwirfoddol a Reolir,EM,Cyfrwng Saesneg,"Iau, babanod a meithrin",Eglwys yng Nghymru,Chapel Lane,Rossett,Wrexham,,LL12 0EE,01244570594,205,414,POINT (-2.940122687866781 53.11089606343391)
maintained_schools_wg.415,10013545520,6653036,Pentre CIW Voluntary Controlled,665,Wrexham,Primary,Voluntary controlled,EM,English medium school / provision,"Nursery, Infants & Juniors",Church in Wales,Pentre,Chirk,Wrexham,,LL14 5AW,01691773322,47,6653036,Pentre CIW Voluntary Controlled,665,Wrecsam,Gwirfoddol a Reolir,EM,Cyfrwng Saesneg,"Iau, babanod a meithrin",Eglwys yng Nghymru,Pentre,Chirk,Wrexham,,LL14 5AW,01691773322,47,415,POINT (-3.0607868427975005 52.95960361558415)
maintained_schools_wg.416,10013540951,6653042,Eyton Primary School,665,Wrexham,Primary,Voluntary controlled,EM,English medium school / provision,"Nursery, Infants & Juniors",Church in Wales,Bangor Road,Eyton,Wrexham,,LL13 0YD,01978823392,48,6653042,Eyton Primary School,665,Wrecsam,Gwirfoddol a Reolir,EM,Cyfrwng Saesneg,"Iau, babanod a meithrin",Eglwys yng Nghymru,Bangor Road,Eyton,Wrexham,,LL13 0YD,01978823392,48,416,POINT (-2.9885834414229797 52.99871055976407)
maintained_schools_wg.417,10013549911,6653054,BORDERBROOK SCHOOL,665,Wrexham,Primary,Voluntary controlled,EM,English medium school / provision,"Nursery, Infants & Juniors",Church in Wales,Talwrn Green,Malpas,Willington,Wrexham,SY14 7LJ,01948770676,12,6653054,BORDERBROOK SCHOOL,665,Wrecsam,Gwirfoddol a Reolir,EM,Cyfrwng Saesneg,"Iau, babanod a meithrin",Eglwys yng Nghymru,Talwrn Green,Malpas,Willington,Wrexham,SY14 7LJ,01948770676,12,417,POINT (-2.8252522952097983 52.991299828262235)
maintained_schools_wg.418,10013540401,6653055,St Giles Controlled Primary School,665,Wrexham,Primary,Voluntary controlled,EM,English medium school / provision,"Nursery, Infants & Juniors",Church in Wales,Madeira Hill ,Wrexham,,,LL13 7DG,01978318880,396,6653055,St Giles Controlled Primary School,665,Wrecsam,Gwirfoddol a Reolir,EM,Cyfrwng Saesneg,"Iau, babanod a meithrin",Eglwys yng Nghymru,Madeira Hill ,Wrexham,,,LL13 7DG,01978318880,396,418,POINT (-2.993317545314735 53.04232224716391)
maintained_schools_wg.419,10013542106,6653301,BRONINGTON CHURCH IN WALES V.A,665,Wrexham,Primary,Voluntary aided,EM,English medium school / provision,"Nursery, Infants & Juniors",Church in Wales,School Lane,Bronington,Whitchurch,Wrexham,SY13 3HN,01948780283,44,6653301,BRONINGTON CHURCH IN WALES V.A,665,Wrecsam,Gwirfoddol a Gynorthwyir,EM,Cyfrwng Saesneg,"Iau, babanod a meithrin",Eglwys yng Nghymru,School Lane,Bronington,Whitchurch,Wrexham,SY13 3HN,01948780283,44,419,POINT (-2.765300747310768 52.95058806802182)
maintained_schools_wg.420,10070388594,6653305,Madras VA School,665,Wrexham,Primary,Voluntary aided,EM,English medium school / provision,"Nursery, Infants & Juniors",Church in Wales,Penley,Wrexham,,,LL13 0LU,01978710419,121,6653305,Madras VA School,665,Wrecsam,Gwirfoddol a Gynorthwyir,EM,Cyfrwng Saesneg,"Iau, babanod a meithrin",Eglwys yng Nghymru,Penley,Wrexham,,,LL13 0LU,01978710419,121,420,POINT (-2.8763031515969493 52.954302237943345)
maintained_schools_wg.421,10013549689,6653326,St Chad's Church in Wales Aided School,665,Wrexham,Primary,Voluntary aided,EM,English medium school / provision,"Nursery, Infants & Juniors",Church in Wales,Hanmer,Whitchurch,Wrexham,,SY13 3DG,01948830238,107,6653326,St Chad's Church in Wales Aided School,665,Wrecsam,Gwirfoddol a Gynorthwyir,EM,Cyfrwng Saesneg,"Iau, babanod a meithrin",Eglwys yng Nghymru,Hanmer,Whitchurch,Wrexham,,SY13 3DG,01948830238,107,421,POINT (-2.8138705906915393 52.95251571996427)
maintained_schools_wg.422,10004520305,6653334,St Mary's RC Primary,665,Wrexham,Primary,Voluntary aided,EM,English medium school / provision,"Nursery, Infants & Juniors",Roman Catholic,Lea Road,Wrexham,,,LL13 7NA,01978352406,342,6653334,St Mary's RC Primary,665,Wrecsam,Gwirfoddol a Gynorthwyir,EM,Cyfrwng Saesneg,"Iau, babanod a meithrin",Eglwys Gatholig,Lea Road,Wrexham,,,LL13 7NA,01978352406,342,422,POINT (-2.99728204248962 53.044225221538156)
maintained_schools_wg.423,10013548294,6653337,Minera,665,Wrexham,Primary,Voluntary aided,EM,English medium school / provision,"Nursery, Infants & Juniors",Church in Wales,Minera Hall Road,Minera,Wrexham,,LL11 3YE,01978269500,91,6653337,Minera,665,Wrecsam,Gwirfoddol a Gynorthwyir,EM,Cyfrwng Saesneg,"Iau, babanod a meithrin",Eglwys yng Nghymru,Minera Hall Road,Minera,Wrexham,,LL11 3YE,01978269500,91,423,POINT (-3.0865102345413726 53.058616332505075)
maintained_schools_wg.424,10013544896,6653338,All Saints Voluntary Aided Sch,665,Wrexham,Primary,Voluntary aided,EM,English medium school / provision,"Nursery, Infants & Juniors",Church in Wales,School Hill,Gresford,Wrexham,,LL12 8RW,01978852342,366,6653338,All Saints Voluntary Aided Sch,665,Wrecsam,Gwirfoddol a Gynorthwyir,EM,Cyfrwng Saesneg,"Iau, babanod a meithrin",Eglwys yng Nghymru,School Hill,Gresford,Wrexham,,LL12 8RW,01978852342,366,424,POINT (-2.977481145199908 53.08664189893822)
maintained_schools_wg.425,10070386404,6653341,St Mary's Church in Wales,665,Wrexham,Primary,Voluntary aided,EM,English medium school / provision,"Nursery, Infants & Juniors",Church in Wales,Park Street,Ruabon,Wrexham,,LL14 6LE,01978820979,213,6653341,St Mary's Church in Wales,665,Wrecsam,Gwirfoddol a Gynorthwyir,EM,Cyfrwng Saesneg,"Iau, babanod a meithrin",Eglwys yng Nghymru,Park Street,Ruabon,Wrexham,,LL14 6LE,01978820979,213,425,POINT (-3.0374470796474955 52.98680942966561)
maintained_schools_wg.426,10013546452,6653342,Brymbo Aided (St. Mary's),665,Wrexham,Primary,Community,EM,English medium school / provision,"Nursery, Infants & Juniors",Church in Wales,Ael y Bryn,Brymbo,Wrexham,,LL11 5DA,01978722970,135,6653342,Brymbo Aided (St. Mary's),665,Wrecsam,Cymuned,EM,Cyfrwng Saesneg,"Iau, babanod a meithrin",Eglwys yng Nghymru,Ael y Bryn,Brymbo,Wrexham,,LL11 5DA,01978722970,135,426,POINT (-3.054330808936926 53.079303949857014)
maintained_schools_wg.427,10013547933,6653343,St Anne's Catholic Primary,665,Wrexham,Primary,Voluntary aided,EM,English medium school / provision,"Nursery, Infants & Juniors",Roman Catholic,Prince Charles Road,Wrexham,,,LL13 8TH,01978261623,169,6653343,St Anne's Catholic Primary,665,Wrecsam,Gwirfoddol a Gynorthwyir,EM,Cyfrwng Saesneg,"Iau, babanod a meithrin",Eglwys Gatholig,Prince Charles Road,Wrexham,,,LL13 8TH,01978261623,169,427,POINT (-2.9708392178958967 53.04395705862902)
maintained_schools_wg.428,10070387357,6653346,St Mary's Overton,665,Wrexham,Primary,Voluntary aided,EM,English medium school / provision,"Nursery, Infants & Juniors",Church in Wales,School Lane,Overton On Dee,Wrexham,,LL13 0ES,01978710370,147,6653346,St Mary's Overton,665,Wrecsam,Gwirfoddol a Gynorthwyir,EM,Cyfrwng Saesneg,"Iau, babanod a meithrin",Eglwys yng Nghymru,School Lane,Overton On Dee,Wrexham,,LL13 0ES,01978710370,147,428,POINT (-2.9322413748464977 52.971585931624794)
maintained_schools_wg.429,10013541722,6653347,St Paul's Voluntary Aided,665,Wrexham,Primary,Voluntary aided,EM,English medium school / provision,"Nursery, Infants & Juniors",Church in Wales,Bowling Bank,Isycoed,Wrexham,,LL13 9RL,01978661556,32,6653347,St Paul's Voluntary Aided,665,Wrecsam,Gwirfoddol a Gynorthwyir,EM,Cyfrwng Saesneg,"Iau, babanod a meithrin",Eglwys yng Nghymru,Bowling Bank,Isycoed,Wrexham,,LL13 9RL,01978661556,32,429,POINT (-2.8965535379097562 53.04378515560545)
maintained_schools_wg.430,10070384682,6654029,Grango,665,Wrexham,Secondary,Community,EM,English medium school / provision,Secondary (ages 11-16),---,Vinegar Hill,Rhos,Wrexham,,LL14 1EL,01978833010,580,6654029,Grango,665,Wrecsam,Cymuned,EM,Cyfrwng Saesneg,Uwchradd (ystod oedran 11-16),---,Vinegar Hill,Rhos,Wrexham,,LL14 1EL,01978833010,580,430,POINT (-3.0560189532382904 53.015401755797924)
maintained_schools_wg.431,200001498932,6654032,YSGOL MORGAN LLWYD,665,Wrexham,Secondary,Community,WM,Welsh medium school / provision (including transitional),Secondary (ages 11-19),---,Ffordd Cefn,Wrecsam,,,LL13 9NG,01978315050,930,6654032,YSGOL MORGAN LLWYD,665,Wrecsam,Cymuned,WM,Cyfrwng Cymraeg,Uwchradd (ystod oedran 11-19),---,Ffordd Cefn,Wrecsam,,,LL13 9NG,01978315050,930,431,POINT (-2.969643545356537 53.05090747616851)
maintained_schools_wg.432,10004519834,6654033,Ysgol Bryn Alyn,665,Wrexham,Secondary,Community,EM,English medium school / provision,Secondary (ages 11-16),---,Church Street,Gwersyllt,Wrexham,,LL11 4HB,01978720700,701,6654033,Ysgol Bryn Alyn,665,Wrecsam,Cymuned,EM,Cyfrwng Saesneg,Uwchradd (ystod oedran 11-16),---,Church Street,Gwersyllt,Wrexham,,LL11 4HB,01978720700,701,432,POINT (-3.024125649254466 53.07502722340328)
maintained_schools_wg.433,10070384375,6654034,Darland High School,665,Wrexham,Secondary,Community,EM,English medium school / provision,Secondary (ages 11-16),---,Chester Road,Rossett,Wrexham,,LL12 0DL,01244570588,682,6654034,Darland High School,665,Wrecsam,Cymuned,EM,Cyfrwng Saesneg,Uwchradd (ystod oedran 11-16),---,Chester Road,Rossett,Wrexham,,LL12 0DL,01244570588,682,433,POINT (-2.9376913122193677 53.11312662033352)
maintained_schools_wg.434,10070387551,6654044,Ysgol Rhiwabon,665,Wrexham,Secondary,Community,EM,English medium school / provision,Secondary (ages 11-19),---,Ruabon,Wrexham,,,LL14 6BT,01978822392,509,6654044,Ysgol Rhiwabon,665,Wrecsam,Cymuned,EM,Cyfrwng Saesneg,Uwchradd (ystod oedran 11-19),---,Ruabon,Wrexham,,,LL14 6BT,01978822392,509,434,POINT (-3.0482984215553897 52.9885980808195)
maintained_schools_wg.435,10013547755,6654048,Rhosnesni High School,665,Wrexham,Secondary,Community,EM,English medium school / provision,Secondary (ages 11-16),---,Rhosnesni Lane,Wrexham,,,LL13 9ET,01978340840,1091,6654048,Rhosnesni High School,665,Wrecsam,Cymuned,EM,Cyfrwng Saesneg,Uwchradd (ystod oedran 11-16),---,Rhosnesni Lane,Wrexham,,,LL13 9ET,01978340840,1091,435,POINT (-2.973510659626029 53.05494127219973)
maintained_schools_wg.436,10091698043,6654049,Ysgol Clywedog,665,Wrexham,Secondary,Community,EM,English medium school / provision,Secondary (ages 11-16),---,Ruthin Road,Wrexham,,,LL13 7UB,01978346800,801,6654049,Ysgol Clywedog,665,Wrecsam,Cymuned,EM,Cyfrwng Saesneg,Uwchradd (ystod oedran 11-16),---,Ruthin Road,Wrexham,,,LL13 7UB,01978346800,801,436,POINT (-3.011420236325654 53.043070506742815)
maintained_schools_wg.437,10013547504,6654603,St Joseph's Catholic and Anglican High,665,Wrexham,Secondary,Voluntary aided,EM,English medium school / provision,Secondary (ages 11-16),Roman Catholic & Anglican,Sontley Road,Wrexham,,,LL13 7EN,01978360310,748,6654603,St Joseph's Catholic and Anglican High,665,Wrecsam,Gwirfoddol a Gynorthwyir,EM,Cyfrwng Saesneg,Uwchradd (ystod oedran 11-16),Eglwys Gatholig & Anglicanaidd,Sontley Road,Wrexham,,,LL13 7EN,01978360310,748,437,POINT (-2.9967848694368446 53.037831488225535)
maintained_schools_wg.438,10070385351,6655401,THE MAELOR SCHOOL,665,Wrexham,Secondary,Foundation,EM,English medium school / provision,Secondary (ages 11-19),---,Penley,Wrexham,,,LL13 0LU,01948830291,787,6655401,THE MAELOR SCHOOL,665,Wrecsam,Sefydledig,EM,Cyfrwng Saesneg,Uwchradd (ystod oedran 11-19),---,Penley,Wrexham,,,LL13 0LU,01948830291,787,438,POINT (-2.868653891917889 52.95290210357394)
maintained_schools_wg.439,10011774677,6662002,ABERMULE PRIMARY SCHOOL,666,Powys,Primary,Community,EM,English medium school / provision,"Nursery, Infants & Juniors",---,Abermule,Montgomery,Powys,,SY15 6ND,01686630240,79,6662002,ABERMULE PRIMARY SCHOOL,666,Powys,Cymuned,EM,Cyfrwng Saesneg,"Iau, babanod a meithrin",---,Abermule,Montgomery,Powys,,SY15 6ND,01686630240,79,439,POINT (-3.2363603454993903 52.545499951745754)
maintained_schools_wg.440,10011769219,6662003,ARDDLEEN C.P. SCHOOL,666,Powys,Primary,Community,EM,English medium school / provision,"Nursery, Infants & Juniors",---,Arddleen,Llanymynech,Powys,,SY22 6RT,01938590445,111,6662003,ARDDLEEN C.P. SCHOOL,666,Powys,Cymuned,EM,Cyfrwng Saesneg,"Iau, babanod a meithrin",---,Arddleen,Llanymynech,Powys,,SY22 6RT,01938590445,111,440,POINT (-3.101015870291138 52.73385172206122)
maintained_schools_wg.441,10011761058,6662005,BERRIEW C.P. SCHOOL,666,Powys,Primary,Community,EM,English medium school / provision,"Nursery, Infants & Juniors",---,Berriew,Welshpool,Powys,,SY21 8BA,01686640312,105,6662005,BERRIEW C.P. SCHOOL,666,Powys,Cymuned,EM,Cyfrwng Saesneg,"Iau, babanod a meithrin",---,Berriew,Welshpool,Powys,,SY21 8BA,01686640312,105,441,POINT (-3.205215573507057 52.601475067879555)
maintained_schools_wg.442,10011796150,6662008,CAERSWS C.P. SCHOOL,666,Powys,Primary,Community,EM,English medium school / provision,"Nursery, Infants & Juniors",---,Maesawelon,Caersws,Powys,,SY17 5HG,01686688458,84,6662008,CAERSWS C.P. SCHOOL,666,Powys,Cymuned,EM,Cyfrwng Saesneg,"Iau, babanod a meithrin",---,Maesawelon,Caersws,Powys,,SY17 5HG,01686688458,84,442,POINT (-3.424568020003572 52.520544789485534)
maintained_schools_wg.443,10011796128,6662009,CARNO C.P. SCHOOL,666,Powys,Primary,Community,WM,Welsh medium school / provision (including transitional),"Nursery, Infants & Juniors",---,Carno,Y Drenewydd,Powys,,SY17 5LH,01686420209,38,6662009,CARNO C.P. SCHOOL,666,Powys,Cymuned,WM,Cyfrwng Cymraeg,"Iau, babanod a meithrin",---,Carno,Y Drenewydd,Powys,,SY17 5LH,01686420209,38,443,POINT (-3.5342010742804946 52.55675006170153)
maintained_schools_wg.444,10011768970,6662010,CARREGHOFA C.P. SCHOOL,666,Powys,Primary,Community,EM,English medium school / provision,"Nursery, Infants & Juniors",---,Llanymynech,Powys,,,SY22 6PA,01691830396,99,6662010,CARREGHOFA C.P. SCHOOL,666,Powys,Cymuned,EM,Cyfrwng Saesneg,"Iau, babanod a meithrin",---,Llanymynech,Powys,,,SY22 6PA,01691830396,99,444,POINT (-3.097726816040243 52.778644478621366)
maintained_schools_wg.445,10011761688,6662018,LEIGHTON C.P. SCHOOL,666,Powys,Primary,Community,EM,English medium school / provision,"Nursery, Infants & Juniors",---,Leighton,Welshpool,Powys,,SY21 8HH,01938553261,50,6662018,LEIGHTON C.P. SCHOOL,666,Powys,Cymuned,EM,Cyfrwng Saesneg,"Iau, babanod a meithrin",---,Leighton,Welshpool,Powys,,SY21 8HH,01938553261,50,445,POINT (-3.1215755973237096 52.64852510021499)
maintained_schools_wg.446,10011806456,6662019,YSGOL LLANBRYNMAIR,666,Powys,Primary,Community,WM,Welsh medium school / provision (including transitional),"Nursery, Infants & Juniors",---,Llanbrynmair,Powys,,,SY19 7DJ,01650521339,35,6662019,YSGOL LLANBRYNMAIR,666,Powys,Cymuned,WM,Cyfrwng Cymraeg,"Iau, babanod a meithrin",---,Llanbrynmair,Powys,,,SY19 7DJ,01650521339,35,446,POINT (-3.62862832930673 52.610457496038805)
maintained_schools_wg.447,10011795989,6662020,LLANDINAM C.P. SCHOOL,666,Powys,Primary,Community,EM,English medium school / provision,"Nursery, Infants & Juniors",---,Llandinam,Powys,,,SY17 5BY,01686688457,33,6662020,LLANDINAM C.P. SCHOOL,666,Powys,Cymuned,EM,Cyfrwng Saesneg,"Iau, babanod a meithrin",---,Llandinam,Powys,,,SY17 5BY,01686688457,33,447,POINT (-3.434842395708012 52.485894200369394)
maintained_schools_wg.448,10011769628,6662033,MEIFOD C.P. SCHOOL,666,Powys,Primary,Community,EM,English medium school / provision,"Nursery, Infants & Juniors",---,Meifod,Powys,,,SY22 6DF,01938500300,62,6662033,MEIFOD C.P. SCHOOL,666,Powys,Cymuned,EM,Cyfrwng Saesneg,"Iau, babanod a meithrin",---,Meifod,Powys,,,SY22 6DF,01938500300,62,448,POINT (-3.254919047743791 52.71148351077655)
maintained_schools_wg.449,10011783341,6662040,PENYGLODDFA C.P. SCHOOL,666,Powys,Primary,Community,EM,English medium school / provision,"Nursery, Infants & Juniors",---,School Lane,,,Newtown,SY16 2DF,01686626715,270,6662040,PENYGLODDFA C.P. SCHOOL,666,Powys,Cymuned,EM,Cyfrwng Saesneg,"Iau, babanod a meithrin",---,School Lane,,,Newtown,SY16 2DF,01686626715,270,449,POINT (-3.3168299376175585 52.51933456352595)
maintained_schools_wg.450,10011770674,6662041,PONTROBERT C.P. SCHOOL,666,Powys,Primary,Community,WM,Welsh medium school / provision (including transitional),"Nursery, Infants & Juniors",---,Meifod,Powys,,,SY22 6JN,01938500394,67,6662041,PONTROBERT C.P. SCHOOL,666,Powys,Cymuned,WM,Cyfrwng Cymraeg,"Iau, babanod a meithrin",---,Meifod,Powys,,,SY22 6JN,01938500394,67,450,POINT (-3.3236446603091765 52.70307936098477)
maintained_schools_wg.451,10011794870,6662044,YSGOL DYFFRYN TRANNON,666,Powys,Primary,Community,DS,Welsh medium school / provision (including transitional),"Nursery, Infants & Juniors",---,Trefeglwys,Newtown,Powys,,SY17 5PH,01686430644,98,6662044,YSGOL DYFFRYN TRANNON,666,Powys,Cymuned,DS,Ddwy ffrwd,"Iau, babanod a meithrin",---,Trefeglwys,Newtown,Powys,,SY17 5PH,01686430644,98,451,POINT (-3.5155975250120433 52.50587450798279)
maintained_schools_wg.452,10011763606,6662049,GUILSFIELD C.P. SCHOOL,666,Powys,Primary,Community,EM,English medium school / provision,"Nursery, Infants & Juniors",---,Guilsfield,Nr Welshpool,Powys,,SY21 9ND,01938553979,145,6662049,GUILSFIELD C.P. SCHOOL,666,Powys,Cymuned,EM,Cyfrwng Saesneg,"Iau, babanod a meithrin",---,Guilsfield,Nr Welshpool,Powys,,SY21 9ND,01938553979,145,452,POINT (-3.1565862213323235 52.694826112273574)
maintained_schools_wg.453,100101034359,6662050,LLANIDLOES C.P. SCHOOL,666,Powys,Primary,Community,EM,English medium school / provision,"Nursery, Infants & Juniors",---,Llangurig Road,Llanidloes,Powys,,SY18 6EX,01686412603,267,6662050,LLANIDLOES C.P. SCHOOL,666,Powys,Cymuned,EM,Cyfrwng Saesneg,"Iau, babanod a meithrin",---,Llangurig Road,Llanidloes,Powys,,SY18 6EX,01686412603,267,453,POINT (-3.5445774171674977 52.44347659218518)
maintained_schools_wg.454,10011762702,6662051,BUTTINGTON TREWERN C.P. SCHOOL,666,Powys,Primary,Community,EM,English medium school / provision,"Nursery, Infants & Juniors",---,Buttington,Welshpool,Powys,,SY21 8TB,01938570283,133,6662051,BUTTINGTON TREWERN C.P. SCHOOL,666,Powys,Cymuned,EM,Cyfrwng Saesneg,"Iau, babanod a meithrin",---,Buttington,Welshpool,Powys,,SY21 8TB,01938570283,133,454,POINT (-3.075544854598739 52.6879806260374)
maintained_schools_wg.455,10011802838,6662053,BRYNHAFREN C.P. SCHOOL,666,Powys,Primary,Community,EM,English medium school / provision,Infants & Juniors,---,Bryn Hafren,,,Shrewsbury,SY5 9BJ,01743884455,34,6662053,BRYNHAFREN C.P. SCHOOL,666,Powys,Cymuned,EM,Cyfrwng Saesneg,Iau a babanod,---,Bryn Hafren,,,Shrewsbury,SY5 9BJ,01743884455,34,455,POINT (-3.005929325857182 52.731172812572744)
maintained_schools_wg.456,10011775487,6662054,CHURCHSTOKE C.P. SCHOOL,666,Powys,Primary,Community,EM,English medium school / provision,"Nursery, Infants & Juniors",---,Churchstoke,Montgomery,Powys,,SY15 6AA,01588620330,38,6662054,CHURCHSTOKE C.P. SCHOOL,666,Powys,Cymuned,EM,Cyfrwng Saesneg,"Iau, babanod a meithrin",---,Churchstoke,Montgomery,Powys,,SY15 6AA,01588620330,38,456,POINT (-3.0742797522645264 52.53824835245604)
maintained_schools_wg.457,10011801687,6662058,YSGOL GYNRADD GLANTWYMYN,666,Powys,Primary,Community,WM,Welsh medium school / provision (including transitional),"Nursery, Infants & Juniors",---,Cemmaes Road,Machynlleth,Powys,,SY20 8LX,01650511394,78,6662058,YSGOL GYNRADD GLANTWYMYN,666,Powys,Cymuned,WM,Cyfrwng Cymraeg,"Iau, babanod a meithrin",---,Cemmaes Road,Machynlleth,Powys,,SY20 8LX,01650511394,78,457,POINT (-3.739397291016633 52.624856619456416)
maintained_schools_wg.458,10011743943,6662059,YSGOL PENNANT,666,Powys,Primary,Community,WM,Welsh medium school / provision (including transitional),"Nursery, Infants & Juniors",---,Penybont Fawr,Oswestry,Salop,,SY10 0PD,01691860326,71,6662059,YSGOL PENNANT,666,Powys,Cymuned,WM,Cyfrwng Cymraeg,"Iau, babanod a meithrin",---,Penybont Fawr,Oswestry,Salop,,SY10 0PD,01691860326,71,458,POINT (-3.3537707473417933 52.811453316564204)
maintained_schools_wg.459,200002961919,6662060,MAESYRHANDIR C.P. SCHOOL,666,Powys,Primary,Community,EM,English medium school / provision,"Nursery, Infants & Juniors",---,Newtown,Powys,,,SY16 1LH,01686626337,100,6662060,MAESYRHANDIR C.P. SCHOOL,666,Powys,Cymuned,EM,Cyfrwng Saesneg,"Iau, babanod a meithrin",---,Newtown,Powys,,,SY16 1LH,01686626337,100,459,POINT (-3.327522949423607 52.504340502245334)
maintained_schools_wg.460,10011779075,6662062,TREOWEN C.P. SCHOOL,666,Powys,Primary,Community,EM,English medium school / provision,"Nursery, Infants & Juniors",---,Newtown,Powys,,,SY16 1NH,01686627569,91,6662062,TREOWEN C.P. SCHOOL,666,Powys,Cymuned,EM,Cyfrwng Saesneg,"Iau, babanod a meithrin",---,Newtown,Powys,,,SY16 1NH,01686627569,91,460,POINT (-3.309305413493626 52.51138280129473)
maintained_schools_wg.461,10011731061,6662066,FRANKSBRIDGE C.P. SCHOOL,666,Powys,Primary,Community,EM,English medium school / provision,"Nursery, Infants & Juniors",---,Franksbridge,Llandrindod Wells,Powys,,LD1 5SA,01982570275,37,6662066,FRANKSBRIDGE C.P. SCHOOL,666,Powys,Cymuned,EM,Cyfrwng Saesneg,"Iau, babanod a meithrin",---,Franksbridge,Llandrindod Wells,Powys,,LD1 5SA,01982570275,37,461,POINT (-3.290374627501965 52.1971422569886)
maintained_schools_wg.462,10011732169,6662068,LLANBISTER C.P. SCHOOL,666,Powys,Primary,Community,EM,English medium school / provision,"Nursery, Infants & Juniors",---,Llanbister,Llandrindod Wells,Powys,,LD1 6TN,01597840258,58,6662068,LLANBISTER C.P. SCHOOL,666,Powys,Cymuned,EM,Cyfrwng Saesneg,"Iau, babanod a meithrin",---,Llanbister,Llandrindod Wells,Powys,,LD1 6TN,01597840258,58,462,POINT (-3.310555017180066 52.35131806000279)
maintained_schools_wg.463,10011732285,6662070,YSGOL CEFNLLYS,666,Powys,Primary,Community,EM,English medium school / provision,"Nursery, Infants & Juniors",---,Cefnllys Lane,Llandrindod Wells,Powys,,LD1 5WA,01597822297,198,6662070,YSGOL CEFNLLYS,666,Powys,Cymuned,EM,Cyfrwng Saesneg,"Iau, babanod a meithrin",---,Cefnllys Lane,Llandrindod Wells,Powys,,LD1 5WA,01597822297,198,463,POINT (-3.3724497384905776 52.23944390494114)
maintained_schools_wg.464,10011741570,6662075,PRESTEIGNE C.P. SCHOOL,666,Powys,Primary,Community,EM,English medium school / provision,"Nursery, Infants & Juniors",---,Slough Road,Presteigne,Powys,,LD8 2NH,01544267422,173,6662075,PRESTEIGNE C.P. SCHOOL,666,Powys,Cymuned,EM,Cyfrwng Saesneg,"Iau, babanod a meithrin",---,Slough Road,Presteigne,Powys,,LD8 2NH,01544267422,173,464,POINT (-3.0114398320205487 52.27172227433452)
maintained_schools_wg.465,10011741718,6662076,RADNOR VALLEY C.P. SCHOOL,666,Powys,Primary,Community,EM,English medium school / provision,"Nursery, Infants & Juniors",---,New Radnor,Presteigne,Powys,,LD8 2SS,01544350203,48,6662076,RADNOR VALLEY C.P. SCHOOL,666,Powys,Cymuned,EM,Cyfrwng Saesneg,"Iau, babanod a meithrin",---,New Radnor,Presteigne,Powys,,LD8 2SS,01544350203,48,465,POINT (-3.151083555374268 52.23943053988104)
maintained_schools_wg.466,10011733073,6662077,CROSSGATES C.P. SCHOOL,666,Powys,Primary,Community,EM,English medium school / provision,"Nursery, Infants & Juniors",---,Crossgates,Llandrindod Wells,Powys,,LD1 6RE,01597851667,145,6662077,CROSSGATES C.P. SCHOOL,666,Powys,Cymuned,EM,Cyfrwng Saesneg,"Iau, babanod a meithrin",---,Crossgates,Llandrindod Wells,Powys,,LD1 6RE,01597851667,145,466,POINT (-3.3355007146560784 52.27561776360219)
maintained_schools_wg.467,10011759078,6662084,YSGOL DOLAFON,666,Powys,Primary,Community,EM,English medium school / provision,"Nursery, Infants & Juniors",---,Llanwrtyd Wells,Powys,,,LD5 4RA,01591610326,41,6662084,YSGOL DOLAFON,666,Powys,Cymuned,EM,Cyfrwng Saesneg,"Iau, babanod a meithrin",---,Llanwrtyd Wells,Powys,,,LD5 4RA,01591610326,41,467,POINT (-3.6419029996161183 52.107463643814995)
maintained_schools_wg.468,10011740313,6662089,BUILTH WELLS C.P. SCHOOL,666,Powys,Primary,Community,DS,Dual language school / provision (Welsh and English) (including transitional),"Nursery, Infants & Juniors",---,Hospital Road,Builth Wells,Powys,,LD2 3GA,01982553600,238,6662089,BUILTH WELLS C.P. SCHOOL,666,Powys,Cymuned,DS,Ddwy ffrwd,"Iau, babanod a meithrin",---,Hospital Road,Builth Wells,Powys,,LD2 3GA,01982553600,238,468,POINT (-3.4088720671269734 52.14712405181555)
maintained_schools_wg.469,10011746576,6662092,SENNYBRIDGE C.P. SCHOOL,666,Powys,Primary,Community,DS,Dual language school / provision (Welsh and English) (including transitional),"Nursery, Infants & Juniors",---,Sennybridge,,,Brecon,LD3 8RS,01874636268,104,6662092,SENNYBRIDGE C.P. SCHOOL,666,Powys,Cymuned,DS,Ddwy ffrwd,"Iau, babanod a meithrin",---,Sennybridge,,,Brecon,LD3 8RS,01874636268,104,469,POINT (-3.5699416634316727 51.944633856529734)
maintained_schools_wg.470,10011787783,6662113,CRICKHOWELL C.P. SCHOOL,666,Powys,Primary,Community,EM,English medium school / provision,"Nursery, Infants & Juniors",---,Crickhowell,Powys,,,NP8 1DY,01873810300,210,6662113,CRICKHOWELL C.P. SCHOOL,666,Powys,Cymuned,EM,Cyfrwng Saesneg,"Iau, babanod a meithrin",---,Crickhowell,Powys,,,NP8 1DY,01873810300,210,470,POINT (-3.139984519435975 51.864232669250825)
maintained_schools_wg.472,10011787760,6662117,LLANGYNIDR C.P. SCHOOL,666,Powys,Primary,Community,EM,English medium school / provision,"Nursery, Infants & Juniors",---,Llangynidr,Crickhowell,Powys,,NP8 1NY,01874730681,101,6662117,LLANGYNIDR C.P. SCHOOL,666,Powys,Cymuned,EM,Cyfrwng Saesneg,"Iau, babanod a meithrin",---,Llangynidr,Crickhowell,Powys,,NP8 1NY,01874730681,101,472,POINT (-3.229705619174699 51.86651538527757)
maintained_schools_wg.473,200002943049,6662125,LLANFAES C.P. SCHOOL,666,Powys,Primary,Community,EM,English medium school / provision,"Nursery, Infants & Juniors",---,Beilihelig Road,Llanfaes,Brecon,Powys,LD3 8EB,01874623326,193,6662125,LLANFAES C.P. SCHOOL,666,Powys,Cymuned,EM,Cyfrwng Saesneg,"Iau, babanod a meithrin",---,Beilihelig Road,Llanfaes,Brecon,Powys,LD3 8EB,01874623326,193,473,POINT (-3.3989571965494836 51.94381425340743)
maintained_schools_wg.474,10011744790,6662127,YSGOL Y BANNAU,666,Powys,Primary,Community,WM,Welsh medium school / provision (including transitional),"Nursery, Infants & Juniors",---,Penlan,Aberhonddu,Powys,,LD3 9SR,01874622207,94,6662127,YSGOL Y BANNAU,666,Powys,Cymuned,WM,Cyfrwng Cymraeg,"Iau, babanod a meithrin",---,Penlan,Aberhonddu,Powys,,LD3 9SR,01874622207,94,474,POINT (-3.379275658938919 51.95249872937682)
maintained_schools_wg.475,10011778217,6662129,YSGOL RHIW BECHAN,666,Powys,Primary,Community,DS,Dual language school / provision (Welsh and English) (including transitional),"Nursery, Infants & Juniors",---,Tregynon,Powys,,,SY16 3EH,01686650303,139,6662129,YSGOL RHIW BECHAN,666,Powys,Cymuned,DS,Ddwy ffrwd,"Iau, babanod a meithrin",---,Tregynon,Powys,,,SY16 3EH,01686650303,139,475,POINT (-3.333541958152105 52.57834388381887)
maintained_schools_wg.476,10011808468,6662146,LLANRHAEADR YM MOCHNANT C.P. SCHOOL,666,Powys,Primary,Community,DS,Dual language school / provision (Welsh and English) (including transitional),"Nursery, Infants & Juniors",---,Llanrhaeadr Ym Mochnant,Oswestry,Salop,,SY10 0LG,01691780352,84,6662146,LLANRHAEADR YM MOCHNANT C.P. SCHOOL,666,Powys,Cymuned,DS,Ddwy ffrwd,"Iau, babanod a meithrin",---,Llanrhaeadr Ym Mochnant,Oswestry,Salop,,SY10 0LG,01691780352,84,476,POINT (-3.293706689775531 52.822359503918925)
maintained_schools_wg.477,10011744142,6662147,YSGOL BRO CYNLLAITH,666,Powys,Primary,Community,EM,English medium school / provision,"Nursery, Infants & Juniors",---,Llansilin,Oswestry,Salop,,SY10 7QB,01691791365,25,6662147,YSGOL BRO CYNLLAITH,666,Powys,Cymuned,EM,Cyfrwng Saesneg,"Iau, babanod a meithrin",---,Llansilin,Oswestry,Salop,,SY10 7QB,01691791365,25,477,POINT (-3.174385915534621 52.84395787143768)
maintained_schools_wg.478,10090261674,6662148,YSGOL DAFYDD LLWYD,666,Powys,Primary,Community,WM,Welsh medium school / provision (including transitional),"Nursery, Infants & Juniors",---,Plantation Lane,Newtown,Powys,,SY16 1JE,01686622162,211,6662148,YSGOL DAFYDD LLWYD,666,Powys,Cymuned,WM,Cyfrwng Cymraeg,"Iau, babanod a meithrin",---,Plantation Lane,Newtown,Powys,,SY16 1JE,01686622162,211,478,POINT (-3.3188329808638968 52.508478854125656)
maintained_schools_wg.479,10090260862,6662149,YSGOL Y CRIBARTH,666,Powys,Primary,Community,DS,Dual language school / provision (Welsh and English) (including transitional),"Nursery, Infants & Juniors",---,School Road,Abercrave,Swansea,,SA9 1XD,01639731500,116,6662149,YSGOL Y CRIBARTH,666,Powys,Cymuned,DS,Ddwy ffrwd,"Iau, babanod a meithrin",---,School Road,Abercrave,Swansea,,SA9 1XD,01639731500,116,479,POINT (-3.717882830493046 51.80091007730033)
maintained_schools_wg.480,10090259817,6662150,YSGOL GOLWG Y CWM,666,Powys,Primary,Community,EM,English medium school / provision,"Nursery, Infants & Juniors",---,Hendreladus,Ystradgynlais,Powys,,SA9 1SE,01639846070,188,6662150,YSGOL GOLWG Y CWM,666,Powys,Cymuned,EM,Cyfrwng Saesneg,"Iau, babanod a meithrin",---,Hendreladus,Ystradgynlais,Powys,,SA9 1SE,01639846070,188,480,POINT (-3.7452115297630573 51.78270280751221)
maintained_schools_wg.481,10090259816,6662151,YSGOL BRO TAWE,666,Powys,Primary,Community,EM,English medium school / provision,"Nursery, Infants & Juniors",---,Ffordd yr Afon,Ystradgynlais,Swansea,,SA9 1BU,01639846000,206,6662151,YSGOL BRO TAWE,666,Powys,Cymuned,EM,Cyfrwng Saesneg,"Iau, babanod a meithrin",---,Ffordd yr Afon,Ystradgynlais,Swansea,,SA9 1BU,01639846000,206,481,POINT (-3.7710530404607057 51.76602335487779)
maintained_schools_wg.482,10090259095,6662152,YSGOL GYMRAEG DYFFRYN Y GLOWYR,666,Powys,Primary,Community,WM,Welsh medium school / provision (including transitional),"Nursery, Infants & Juniors",---,Bethel Road,Lower Cwmtwrch,Swansea,,SA9 2PT,01639846060,348,6662152,YSGOL GYMRAEG DYFFRYN Y GLOWYR,666,Powys,Cymuned,WM,Cyfrwng Cymraeg,"Iau, babanod a meithrin",---,Bethel Road,Lower Cwmtwrch,Swansea,,SA9 2PT,01639846060,348,482,POINT (-3.780279950569099 51.77431119329206)
maintained_schools_wg.485,10011780336,6662155,YSGOL CALON Y DDERWEN,666,Powys,Primary,Community,EM,English medium school / provision,"Nursery, Infants & Juniors",Not available,Ysgol Calon y Dderwen,Park Street,Newton,,SY16 1EG,01686626303,259,6662155,YSGOL CALON Y DDERWEN,666,Powys,Cymuned,EM,Cyfrwng Saesneg,"Iau, babanod a meithrin",Ddim ar gael,Ysgol Calon y Dderwen,Park Street,Newton,,SY16 1EG,01686626303,259,485,POINT (-3.318706638603679 52.51300411553771)
maintained_schools_wg.486,10011768767,6663000,LLANFECHAIN C.I.W. SCHOOL,666,Powys,Primary,Community,EM,English medium school / provision,"Nursery, Infants & Juniors",Church in Wales,Llanfechain,Powys,,,SY22 6UQ,01691828537,45,6663000,LLANFECHAIN C.I.W. SCHOOL,666,Powys,Cymuned,EM,Cyfrwng Saesneg,"Iau, babanod a meithrin",Eglwys yng Nghymru,Llanfechain,Powys,,,SY22 6UQ,01691828537,45,486,POINT (-3.2040569331217843 52.77435873940734)
maintained_schools_wg.487,10011775331,6663002,MONTGOMERY C.I.W. SCHOOL,666,Powys,Primary,Community,EM,English medium school / provision,"Nursery, Infants & Juniors",Church in Wales,Montgomery,Powys,,,SY15 6QA,01686668387,108,6663002,MONTGOMERY C.I.W. SCHOOL,666,Powys,Cymuned,EM,Cyfrwng Saesneg,"Iau, babanod a meithrin",Eglwys yng Nghymru,Montgomery,Powys,,,SY15 6QA,01686668387,108,487,POINT (-3.1456661089519034 52.56243709286108)
maintained_schools_wg.488,10011762117,6663016,FORDEN C.I.W. SCHOOL,666,Powys,Primary,Community,EM,English medium school / provision,"Nursery, Infants & Juniors",Church in Wales,Forden,Welshpool,Powys,,SY21 8NE,01938580334,56,6663016,FORDEN C.I.W. SCHOOL,666,Powys,Cymuned,EM,Cyfrwng Saesneg,"Iau, babanod a meithrin",Eglwys yng Nghymru,Forden,Welshpool,Powys,,SY21 8NE,01938580334,56,488,POINT (-3.1397769256551036 52.601856207730236)
maintained_schools_wg.489,10011769369,6663021,LLANDYSILIO C.I.W. SCHOOL,666,Powys,Primary,Community,EM,English medium school / provision,"Nursery, Infants & Juniors",Church in Wales,Four Crosses,Llanymynech,Powys,,SY22 6RB,01691830339,55,6663021,LLANDYSILIO C.I.W. SCHOOL,666,Powys,Cymuned,EM,Cyfrwng Saesneg,"Iau, babanod a meithrin",Eglwys yng Nghymru,Four Crosses,Llanymynech,Powys,,SY22 6RB,01691830339,55,489,POINT (-3.084036192000389 52.76244366232954)
maintained_schools_wg.490,10011785670,6663026,GLADESTRY C.I.W. SCHOOL,666,Powys,Primary,Voluntary controlled,EM,English medium school / provision,"Nursery, Infants & Juniors",Church in Wales,Gladestry,Kington,Herefordshire,,HR5 3NR,01544370207,34,6663026,GLADESTRY C.I.W. SCHOOL,666,Powys,Gwirfoddol a Reolir,EM,Cyfrwng Saesneg,"Iau, babanod a meithrin",Eglwys yng Nghymru,Gladestry,Kington,Herefordshire,,HR5 3NR,01544370207,34,490,POINT (-3.123630197319801 52.189455922242495)
maintained_schools_wg.491,10011812582,6663030,YSGOL TREFONNEN CHURCH IN WALES COMMUNITY PRIMARY,666,Powys,Primary,Voluntary controlled,DS,Dual language school / provision (Welsh and English) (including transitional),"Nursery, Infants & Juniors",Church in Wales,Trefonnen Lane,Llandrindod Wells,Powys,,LD1 5EB,01597822190,203,6663030,YSGOL TREFONNEN CHURCH IN WALES COMMUNITY PRIMARY,666,Powys,Gwirfoddol a Reolir,DS,Ddwy ffrwd,"Iau, babanod a meithrin",Eglwys yng Nghymru,Trefonnen Lane,Llandrindod Wells,Powys,,LD1 5EB,01597822190,203,491,POINT (-3.374181699146411 52.247505997463)
maintained_schools_wg.492,10011731423,6663031,NEWBRIDGE-ON-WYE CHURCH IN WALES SCHOOL,666,Powys,Primary,Community,EM,English medium school / provision,"Nursery, Infants & Juniors",Church in Wales,Newbridge on Wye,Llandrindod Wells,Powys,,LD1 6LD,01597860273,104,6663031,NEWBRIDGE-ON-WYE CHURCH IN WALES SCHOOL,666,Powys,Cymuned,EM,Cyfrwng Saesneg,"Iau, babanod a meithrin",Eglwys yng Nghymru,Newbridge on Wye,Llandrindod Wells,Powys,,LD1 6LD,01597860273,104,492,POINT (-3.4396244303694625 52.212076846935055)
maintained_schools_wg.493,10011756456,6663033,CLYRO C.I.W. SCHOOL,666,Powys,Primary,Voluntary controlled,EM,English medium school / provision,"Nursery, Infants & Juniors",Church in Wales,Clyro,Via Hereford,,,HR3 5LE,01497820860,71,6663033,CLYRO C.I.W. SCHOOL,666,Powys,Gwirfoddol a Reolir,EM,Cyfrwng Saesneg,"Iau, babanod a meithrin",Eglwys yng Nghymru,Clyro,Via Hereford,,,HR3 5LE,01497820860,71,493,POINT (-3.1519474066522624 52.08336338444698)
maintained_schools_wg.494,200002943287,6663035,KNIGHTON CHURCH IN WALES PRIMARY SCHOOL,666,Powys,Primary,Community,EM,English medium school / provision,"Nursery, Infants & Juniors",Church in Wales,Knighton,Powys,,,LD7 1HP,01547528691,168,6663035,KNIGHTON CHURCH IN WALES PRIMARY SCHOOL,666,Powys,Cymuned,EM,Cyfrwng Saesneg,"Iau, babanod a meithrin",Eglwys yng Nghymru,Knighton,Powys,,,LD7 1HP,01547528691,168,494,POINT (-3.0426006289633905 52.34117118764438)
maintained_schools_wg.495,10011754901,6663036,RHAYADER C.I.W. SCHOOL,666,Powys,Primary,Community,DS,Dual language school / provision (Welsh and English) (including transitional),"Nursery, Infants & Juniors",Church in Wales,Bryntirion,Rhayader,Powys,,LD6 5LT,01597810288,221,6663036,RHAYADER C.I.W. SCHOOL,666,Powys,Cymuned,DS,Ddwy ffrwd,"Iau, babanod a meithrin",Eglwys yng Nghymru,Bryntirion,Rhayader,Powys,,LD6 5LT,01597810288,221,495,POINT (-3.513350671061153 52.3075257565292)
maintained_schools_wg.496,10011737728,6663037,LLANELWEDD CHURCH IN WALES PRIMARY SCHOOL,666,Powys,Primary,Voluntary controlled,EM,English medium school / provision,"Nursery, Infants & Juniors",Church in Wales,Llanelwedd,Builth Wells,Powys,,LD2 3TY,01982552616,94,6663037,LLANELWEDD CHURCH IN WALES PRIMARY SCHOOL,666,Powys,Gwirfoddol a Reolir,EM,Cyfrwng Saesneg,"Iau, babanod a meithrin",Eglwys yng Nghymru,Llanelwedd,Builth Wells,Powys,,LD2 3TY,01982552616,94,496,POINT (-3.396380926014287 52.15605741785906)
maintained_schools_wg.497,10011745632,6663050,LLANGORS C.I.W. SCHOOL,666,Powys,Primary,Community,EM,English medium school / provision,"Nursery, Infants & Juniors",Church in Wales,Llangorse,Brecon,Powys,,LD3 7TR,01874658663,141,6663050,LLANGORS C.I.W. SCHOOL,666,Powys,Cymuned,EM,Cyfrwng Saesneg,"Iau, babanod a meithrin",Eglwys yng Nghymru,Llangorse,Brecon,Powys,,LD3 7TR,01874658663,141,497,POINT (-3.2632135019087474 51.940727270366274)
maintained_schools_wg.498,10011764264,6663051,WELSHPOOL CHURCH IN WALES PRIMARY SCHOOL,666,Powys,Primary,Voluntary controlled,EM,English medium school / provision,"Nursery, Infants & Juniors",Church in Wales,Severn Road,Welshpool,Powys,,SY21 7AT,01938538660,264,6663051,WELSHPOOL CHURCH IN WALES PRIMARY SCHOOL,666,Powys,Gwirfoddol a Reolir,EM,Cyfrwng Saesneg,"Iau, babanod a meithrin",Eglwys yng Nghymru,Severn Road,Welshpool,Powys,,SY21 7AT,01938538660,264,498,POINT (-3.142779842042366 52.65558865974416)
maintained_schools_wg.499,10011778414,6663301,ST. MICHAEL'S C.I.W. SCHOOL,666,Powys,Primary,Voluntary aided,EM,English medium school / provision,"Nursery, Infants & Juniors",Church in Wales,Kerry,Newtown,Powys,,SY16 4NP,01686670208,79,6663301,ST. MICHAEL'S C.I.W. SCHOOL,666,Powys,Gwirfoddol a Gynorthwyir,EM,Cyfrwng Saesneg,"Iau, babanod a meithrin",Eglwys yng Nghymru,Kerry,Newtown,Powys,,SY16 4NP,01686670208,79,499,POINT (-3.2559378010653504 52.50136116039654)
maintained_schools_wg.500,10011768071,6663303,LLANSANTFFRAID C.I.W.A.,666,Powys,Primary,Community,EM,English medium school / provision,"Nursery, Infants & Juniors",Church in Wales,Treflan,Llansantffraid,Powys,,SY22 6AE,01691828539,110,6663303,LLANSANTFFRAID C.I.W.A.,666,Powys,Cymuned,EM,Cyfrwng Saesneg,"Iau, babanod a meithrin",Eglwys yng Nghymru,Treflan,Llansantffraid,Powys,,SY22 6AE,01691828539,110,500,POINT (-3.1544184245101836 52.77519387438862)
maintained_schools_wg.502,200002943090,6663318,PRIORY CHURCH IN WALES SCHOOL,666,Powys,Primary,Voluntary aided,EM,English medium school / provision,"Nursery, Infants & Juniors",Church in Wales,Pendre Close,Brecon,Powys,,LD3 9EU,01874623549,143,6663318,PRIORY CHURCH IN WALES SCHOOL,666,Powys,Gwirfoddol a Gynorthwyir,EM,Cyfrwng Saesneg,"Iau, babanod a meithrin",Eglwys yng Nghymru,Pendre Close,Brecon,Powys,,LD3 9EU,01874623549,143,502,POINT (-3.391422434864555 51.95230190705549)
maintained_schools_wg.503,10011783227,6663320,ST MARY`S R.C. (A) SCHOOL,666,Powys,Primary,Voluntary aided,EM,English medium school / provision,"Nursery, Infants & Juniors",Roman Catholic,Milford Road,Newtown,Powys,,SY16 2EH,01686625582,61,6663320,ST MARY`S R.C. (A) SCHOOL,666,Powys,Gwirfoddol a Gynorthwyir,EM,Cyfrwng Saesneg,"Iau, babanod a meithrin",Eglwys Gatholig,Milford Road,Newtown,Powys,,SY16 2EH,01686625582,61,503,POINT (-3.323418810972251 52.51563714821223)
maintained_schools_wg.504,10011788721,6663322,LLANGATTOCK C.I.W. SCHOOL,666,Powys,Primary,Voluntary aided,EM,English medium school / provision,"Nursery, Infants & Juniors",Church in Wales,Llangattock,Crickhowell,Powys,,NP8 1PH,01873810608,111,6663322,LLANGATTOCK C.I.W. SCHOOL,666,Powys,Gwirfoddol a Gynorthwyir,EM,Cyfrwng Saesneg,"Iau, babanod a meithrin",Eglwys yng Nghymru,Llangattock,Crickhowell,Powys,,NP8 1PH,01873810608,111,504,POINT (-3.1481036137638894 51.85000573244221)
maintained_schools_wg.505,10011760140,6663323,YSGOL CWM BANWY,666,Powys,Primary,Community,WM,Welsh medium school / provision (including transitional),"Nursery, Infants & Juniors",Not available,Llangadfan School,,Banwy C P School,Llangadfan Welshpool,SY21 0NW,01938820226,46,6663323,YSGOL CWM BANWY,666,Powys,Cymuned,WM,Cyfrwng Cymraeg,"Iau, babanod a meithrin",Ddim ar gael,Llangadfan School,,Banwy C P School,Llangadfan Welshpool,SY21 0NW,01938820226,46,505,POINT (-3.472001914843848 52.69199016990907)
maintained_schools_wg.506,10011798993,6664002,LLANIDLOES HIGH SCHOOL,666,Powys,Secondary,Community,EW,Dual language school / provision (Welsh and English) (including transitional),Secondary (ages 11-19),---,Llanidloes,Powys,,,SY18 6EX,01686412289,703,6664002,LLANIDLOES HIGH SCHOOL,666,Powys,Cymuned,EW,Cyfrwng Saesneg yn bennaf ond â defnydd sylweddol or Gymraeg,Uwchradd (ystod oedran 11-19),---,Llanidloes,Powys,,,SY18 6EX,01686412289,703,506,POINT (-3.5451748525647417 52.44204948950185)
maintained_schools_wg.507,200002961860,6664011,Newtown High School,666,Powys,Secondary,Community,EM,English medium school / provision,Secondary (ages 11-19),---,Dolfor Road,Newtown,Powys,,SY16 1JE,01686626304,896,6664011,Newtown High School,666,Powys,Cymuned,EM,Cyfrwng Saesneg,Uwchradd (ystod oedran 11-19),---,Dolfor Road,Newtown,Powys,,SY16 1JE,01686626304,896,507,POINT (-3.3213412390692216 52.50749598137679)
maintained_schools_wg.508,10011766177,6664013,WELSHPOOL HIGH SCHOOL,666,Powys,Secondary,Community,EM,English medium school / provision,Secondary (ages 11-19),---,Salop Road,Welshpool,Powys,,SY21 7RE,01938552014,816,6664013,WELSHPOOL HIGH SCHOOL,666,Powys,Cymuned,EM,Cyfrwng Saesneg,Uwchradd (ystod oedran 11-19),---,Salop Road,Welshpool,Powys,,SY21 7RE,01938552014,816,508,POINT (-3.136710109724198 52.66557828945006)
maintained_schools_wg.509,10011789717,6664021,Ysgol Maesydderwen,666,Powys,Secondary,Community,EM,English medium school / provision,Secondary (ages 11-19),---,Tudor Street,Ystradgynlais,Swansea,,SA9 1AP,01639842115,513,6664021,Ysgol Maesydderwen,666,Powys,Cymuned,EM,Cyfrwng Saesneg,Uwchradd (ystod oedran 11-19),---,Tudor Street,Ystradgynlais,Swansea,,SA9 1AP,01639842115,513,509,POINT (-3.7675468402895502 51.76898849324285)
maintained_schools_wg.510,10011744794,6664022,BRECON HIGH SCHOOL,666,Powys,Secondary,Community,EW,English medium school / provision,Secondary (ages 11-19),---,Penlan,Brecon,Powys,,LD3 9SR,01874622361,557,6664022,BRECON HIGH SCHOOL,666,Powys,Cymuned,EW,Cyfrwng Saesneg yn bennaf ond â defnydd sylweddol or Gymraeg,Uwchradd (ystod oedran 11-19),---,Penlan,Brecon,Powys,,LD3 9SR,01874622361,557,510,POINT (-3.3841295295280056 51.95158217377219)
maintained_schools_wg.511,10011744434,6664023,Gwernyfed High School,666,Powys,Secondary,Community,EM,English medium school / provision,Secondary (ages 11-19),---,Three Cocks,Brecon,Powys,,LD3 0SG,01497847445,505,6664023,Gwernyfed High School,666,Powys,Cymuned,EM,Cyfrwng Saesneg,Uwchradd (ystod oedran 11-19),---,Three Cocks,Brecon,Powys,,LD3 0SG,01497847445,505,511,POINT (-3.2023073681771628 52.02836489957384)
maintained_schools_wg.512,100101034935,6664024,Crickhowell High School,666,Powys,Secondary,Community,EM,English medium school / provision,Secondary (ages 11-19),---,New Road,Crickhowell,Powys,,NP8 1AW,01873813500,942,6664024,Crickhowell High School,666,Powys,Cymuned,EM,Cyfrwng Saesneg,Uwchradd (ystod oedran 11-19),---,New Road,Crickhowell,Powys,,NP8 1AW,01873813500,942,512,POINT (-3.140884397993832 51.8609974962556)
maintained_schools_wg.513,10011739849,6664025,Ysgol Calon Cymru,666,Powys,Secondary,Community,CB,Dual language school / provision (Welsh and English) (including transitional),Secondary (ages 11-19),---,College Road,,Builth Wells,Powys,LD2 3BW,01982553292,948,6664025,Ysgol Calon Cymru,666,Powys,Cymuned,CB,Ddwyieithog (Categori C),Uwchradd (ystod oedran 11-19),---,College Road,,Builth Wells,Powys,LD2 3BW,01982553292,948,513,POINT (-3.407349964325662 52.15122717072808)
maintained_schools_wg.514,10011801511,6665500,Ysgol Bro Hyddgen,666,Powys,Middle,Community,AB,Welsh medium school / provision (including transitional),Middle (ages 4-19),---,Machynlleth,Powys,,,SY20 8DR,01654704200,441,6665500,Ysgol Bro Hyddgen,666,Powys,Cymuned,AB,Ddwyieithog (Categori A),Canol (ystod oedran 4-19),---,Machynlleth,Powys,,,SY20 8DR,01654704200,441,514,POINT (-3.8547180864960575 52.58888563527219)
maintained_schools_wg.515,10011771030,6665501,Ysgol Llanfyllin,666,Powys,Middle,Community,EW,Dual language school / provision (Welsh and English) (including transitional),Middle (ages 4-19),Not available,Llanfyllin High School,,Llanfyllin School,Llanfyllin,SY22 5BJ,01691648391,775,6665501,Ysgol Llanfyllin,666,Powys,Cymuned,EW,Cyfrwng Saesneg yn bennaf ond â defnydd sylweddol or Gymraeg,Canol (ystod oedran 4-19),Ddim ar gael,Llanfyllin High School,,Llanfyllin School,Llanfyllin,SY22 5BJ,01691648391,775,515,POINT (-3.2688004700946935 52.76234909626829)
maintained_schools_wg.516,10011763824,6665502,Ysgol Bro Caereinion,666,Powys,Middle,Community,BB,Welsh medium school / provision (including transitional),Middle (ages 4-19),Not available,Llanfair Caereinion,Welshpool,Powys,,SY21 0HW,01938810888,494,6665502,Ysgol Bro Caereinion,666,Powys,Cymuned,BB,Ddwyieithog (Categori B),Canol (ystod oedran 4-19),Ddim ar gael,Llanfair Caereinion,Welshpool,Powys,,SY21 0HW,01938810888,494,516,POINT (-3.3238789618428193 52.65134841204781)
maintained_schools_wg.517,49012813,6672281,YSGOL GYMUNEDOL GYNRADD ABERAERON,667,Ceredigion,Primary,Community,WM,Welsh medium school / provision (including transitional),"Nursery, Infants & Juniors",---,Maes yr Heli,Aberaeron,Ceredigion,,SA46 0BQ,01545570313,229,6672281,YSGOL GYMUNEDOL GYNRADD ABERAERON,667,Ceredigion,Cymuned,WM,Cyfrwng Cymraeg,"Iau, babanod a meithrin",---,Maes yr Heli,Aberaeron,Ceredigion,,SA46 0BQ,01545570313,229,517,POINT (-4.264342793862911 52.24107698467133)
maintained_schools_wg.518,49037082,6672291,YSGOL GYMUNEDOL LLANARTH,667,Ceredigion,Primary,Community,WM,Welsh medium school / provision (including transitional),Infants & Juniors,---,Llannarth,Ceredigion,,,SA47 0PA,01545580343,66,6672291,YSGOL GYMUNEDOL LLANARTH,667,Ceredigion,Cymuned,WM,Cyfrwng Cymraeg,Iau a babanod,---,Llannarth,Ceredigion,,,SA47 0PA,01545580343,66,518,POINT (-4.310516414388056 52.192240107735834)
maintained_schools_wg.519,49039302,6672293,YSGOL GYMUNEDOL LLANNON,667,Ceredigion,Primary,Community,WM,Welsh medium school / provision (including transitional),Infants & Juniors,---,Llannon,Aberystwyth,Ceredigion,,SY23 5HX,01974202478,41,6672293,YSGOL GYMUNEDOL LLANNON,667,Ceredigion,Cymuned,WM,Cyfrwng Cymraeg,Iau a babanod,---,Llannon,Aberystwyth,Ceredigion,,SY23 5HX,01974202478,41,519,POINT (-4.175406506294294 52.28109789647939)
maintained_schools_wg.520,49036468,6672295,YSGOL GYMUNEDOL CEI NEWYDD,667,Ceredigion,Primary,Community,EW,Dual language school / provision (Welsh and English) (including transitional),Infants & Juniors,---,Maes Yr Ysgol,Cei Newydd,Ceredigion,,SA45 9TE,01545560363,72,6672295,YSGOL GYMUNEDOL CEI NEWYDD,667,Ceredigion,Cymuned,EW,Cyfrwng Saesneg yn bennaf ond â defnydd sylweddol or Gymraeg,Iau a babanod,---,Maes Yr Ysgol,Cei Newydd,Ceredigion,,SA45 9TE,01545560363,72,520,POINT (-4.358669196468788 52.21102969863365)
maintained_schools_wg.521,49062113,6672298,YSGOL GYMUNEDOL TALGARREG,667,Ceredigion,Primary,Community,WM,Welsh medium school / provision (including transitional),Infants & Juniors,---,Talgarreg,Llandysul,Ceredigion,,SA44 4ER,01545590683,36,6672298,YSGOL GYMUNEDOL TALGARREG,667,Ceredigion,Cymuned,WM,Cyfrwng Cymraeg,Iau a babanod,---,Talgarreg,Llandysul,Ceredigion,,SA44 4ER,01545590683,36,521,POINT (-4.300682356512246 52.134885235107625)
maintained_schools_wg.522,49051297,6672299,YSGOL GYMRAEG ABERYSTWYTH,667,Ceredigion,Primary,Community,WM,Welsh medium school / provision (including transitional),"Nursery, Infants & Juniors",---,Plascrug Avenue,Aberystwyth,Ceredigion,,SY23 1HL,01970617613,368,6672299,YSGOL GYMRAEG ABERYSTWYTH,667,Ceredigion,Cymuned,WM,Cyfrwng Cymraeg,"Iau, babanod a meithrin",---,Plascrug Avenue,Aberystwyth,Ceredigion,,SY23 1HL,01970617613,368,522,POINT (-4.070936446532555 52.41023460114696)
maintained_schools_wg.523,49061395,6672303,YSGOL GYMUNEDOL COMINS COCH,667,Ceredigion,Primary,Community,EW,Dual language school / provision (Welsh and English) (including transitional),Infants & Juniors,---,Comins Coch,Aberystwyth,Ceredigion,,SY23 3BQ,01970623497,133,6672303,YSGOL GYMUNEDOL COMINS COCH,667,Ceredigion,Cymuned,EW,Cyfrwng Saesneg yn bennaf ond â defnydd sylweddol or Gymraeg,Iau a babanod,---,Comins Coch,Aberystwyth,Ceredigion,,SY23 3BQ,01970623497,133,523,POINT (-4.039298398463343 52.421089889048844)
maintained_schools_wg.524,49041085,6672308,YSGOL GYMUNEDOL LLANFARIAN,667,Ceredigion,Primary,Community,WM,Welsh medium school / provision (including transitional),Infants & Juniors,---,Llanfarian,Aberystwyth,Ceredigion,,SY23 4DN,01970612664,41,6672308,YSGOL GYMUNEDOL LLANFARIAN,667,Ceredigion,Cymuned,WM,Cyfrwng Cymraeg,Iau a babanod,---,Llanfarian,Aberystwyth,Ceredigion,,SY23 4DN,01970612664,41,524,POINT (-4.076812700791149 52.377267198264185)
maintained_schools_wg.525,49062058,6672309,YSGOL GYMUNEDOL LLANFIHANGEL-Y-CREUDDYN,667,Ceredigion,Primary,Community,WM,Welsh medium school / provision (including transitional),Infants & Juniors,---,Llanfihangel-Y-Creuddyn,Aberystwyth,Ceredigion,,SY23 4LA,01974261347,16,6672309,YSGOL GYMUNEDOL LLANFIHANGEL-Y-CREUDDYN,667,Ceredigion,Cymuned,WM,Cyfrwng Cymraeg,Iau a babanod,---,Llanfihangel-Y-Creuddyn,Aberystwyth,Ceredigion,,SY23 4LA,01974261347,16,525,POINT (-3.9621646491616045 52.36563596371035)
maintained_schools_wg.526,49041484,6672310,YSGOL GYMUNEDOL LLANGWYRYFON,667,Ceredigion,Primary,Community,WM,Welsh medium school / provision (including transitional),Infants & Juniors,---,Llangwyryfon,Aberystwyth,Ceredigion,,SY23 4HA,01974241319,25,6672310,YSGOL GYMUNEDOL LLANGWYRYFON,667,Ceredigion,Cymuned,WM,Cyfrwng Cymraeg,Iau a babanod,---,Llangwyryfon,Aberystwyth,Ceredigion,,SY23 4HA,01974241319,25,526,POINT (-4.0560383079081195 52.31534503867578)
maintained_schools_wg.527,49043212,6672311,YSGOL LLANILAR,667,Ceredigion,Primary,Community,WM,Welsh medium school / provision (including transitional),Infants & Juniors,---,Llanilar,Aberystwyth,Ceredigion,,SY23 4PA,01974241334,106,6672311,YSGOL LLANILAR,667,Ceredigion,Cymuned,WM,Cyfrwng Cymraeg,Iau a babanod,---,Llanilar,Aberystwyth,Ceredigion,,SY23 4PA,01974241334,106,527,POINT (-4.022013563476297 52.35788524405898)
maintained_schools_wg.528,49046568,6672312,YSGOL GYMUNEDOL MYNACH,667,Ceredigion,Primary,Community,WM,Welsh medium school / provision (including transitional),Infants & Juniors,---,Pontarfynach,Aberystwyth,Ceredigion,,SY23 4QZ,01970890234,45,6672312,YSGOL GYMUNEDOL MYNACH,667,Ceredigion,Cymuned,WM,Cyfrwng Cymraeg,Iau a babanod,---,Pontarfynach,Aberystwyth,Ceredigion,,SY23 4QZ,01970890234,45,528,POINT (-3.8571950382844467 52.37096573935686)
maintained_schools_wg.529,49030594,6672313,YSGOL PENLLWYN,667,Ceredigion,Primary,Community,WM,Welsh medium school / provision (including transitional),Infants & Juniors,---,Capel Bangor,Aberystwyth,Ceredigion,,SY23 3LP,01970880277,42,6672313,YSGOL PENLLWYN,667,Ceredigion,Cymuned,WM,Cyfrwng Cymraeg,Iau a babanod,---,Capel Bangor,Aberystwyth,Ceredigion,,SY23 3LP,01970880277,42,529,POINT (-3.983160764244017 52.40537427040717)
maintained_schools_wg.530,49053260,6672314,YSGOL GYMUNEDOL LLWYN YR EOS,667,Ceredigion,Primary,Community,EW,Dual language school / provision (Welsh and English) (including transitional),"Nursery, Infants & Juniors",---,Penparcau,Aberystwyth,Ceredigion,,SY23 1SH,01970617011,242,6672314,YSGOL GYMUNEDOL LLWYN YR EOS,667,Ceredigion,Cymuned,EW,Cyfrwng Saesneg yn bennaf ond â defnydd sylweddol or Gymraeg,"Iau, babanod a meithrin",---,Penparcau,Aberystwyth,Ceredigion,,SY23 1SH,01970617011,242,530,POINT (-4.068482609332661 52.40021601513687)
maintained_schools_wg.531,49061464,6672315,YSGOL GYMUNEDOL SYR JOHN RHYS,667,Ceredigion,Primary,Community,WM,Welsh medium school / provision (including transitional),Infants & Juniors,---,Ponterwyd,Aberystwyth,Ceredigion,,SY23 3JX,01970890622,15,6672315,YSGOL GYMUNEDOL SYR JOHN RHYS,667,Ceredigion,Cymuned,WM,Cyfrwng Cymraeg,Iau a babanod,---,Ponterwyd,Aberystwyth,Ceredigion,,SY23 3JX,01970890622,15,531,POINT (-3.8399902961772976 52.41215603704774)
maintained_schools_wg.532,49043411,6672316,YSGOL GYMUNEDOL RHYDYPENNAU,667,Ceredigion,Primary,Community,WM,Welsh medium school / provision (including transitional),"Nursery, Infants & Juniors",---,Bow Street,Ceredigion,,,SY24 5AD,01970828608,194,6672316,YSGOL GYMUNEDOL RHYDYPENNAU,667,Ceredigion,Cymuned,WM,Cyfrwng Cymraeg,"Iau, babanod a meithrin",---,Bow Street,Ceredigion,,,SY24 5AD,01970828608,194,532,POINT (-4.019560347178684 52.45134258148995)
maintained_schools_wg.533,49044773,6672317,YSGOL GYMUNEDOL TALYBONT,667,Ceredigion,Primary,Community,WM,Welsh medium school / provision (including transitional),Infants & Juniors,---,Talybont,Ceredigion,,,SY24 5HE,01970832276,57,6672317,YSGOL GYMUNEDOL TALYBONT,667,Ceredigion,Cymuned,WM,Cyfrwng Cymraeg,Iau a babanod,---,Talybont,Ceredigion,,,SY24 5HE,01970832276,57,533,POINT (-3.9809570206868257 52.487700408490745)
maintained_schools_wg.534,49062002,6672319,YSGOL GYMUNEDOL ABERPORTH,667,Ceredigion,Primary,Community,WM,Welsh medium school / provision (including transitional),Infants & Juniors,---,Aberporth,Aberteifi,Ceredigion,,SA43 2DA,01239810081,174,6672319,YSGOL GYMUNEDOL ABERPORTH,667,Ceredigion,Cymuned,WM,Cyfrwng Cymraeg,Iau a babanod,---,Aberporth,Aberteifi,Ceredigion,,SA43 2DA,01239810081,174,534,POINT (-4.548662804836344 52.13240983352439)
maintained_schools_wg.535,49046377,6672323,YSGOL GYMUNEDOL LLECHRYD,667,Ceredigion,Primary,Community,WM,Welsh medium school / provision (including transitional),Infants & Juniors,---,Llechryd,Aberteifi,Ceredigion,,SA43 2NL,01239682474,54,6672323,YSGOL GYMUNEDOL LLECHRYD,667,Ceredigion,Cymuned,WM,Cyfrwng Cymraeg,Iau a babanod,---,Llechryd,Aberteifi,Ceredigion,,SA43 2NL,01239682474,54,535,POINT (-4.606655305608951 52.066353385639204)
maintained_schools_wg.536,49046936,6672324,YSGOL GYMUNEDOL PENPARC,667,Ceredigion,Primary,Community,WM,Welsh medium school / provision (including transitional),Infants & Juniors,---,Penparc,Aberteifi,Ceredigion,,SA43 1SQ,01239810586,103,6672324,YSGOL GYMUNEDOL PENPARC,667,Ceredigion,Cymuned,WM,Cyfrwng Cymraeg,Iau a babanod,---,Penparc,Aberteifi,Ceredigion,,SA43 1SQ,01239810586,103,536,POINT (-4.59416663893687 52.105904524671345)
maintained_schools_wg.537,49046432,6672353,YSGOL GYMUNEDOL PONTRHYDFENDIGAID,667,Ceredigion,Primary,Community,WM,Welsh medium school / provision (including transitional),Infants & Juniors,---,Pontrhydfendigaid,Ystrad Meurig,Ceredigion,,SY25 6BL,01974831641,53,6672353,YSGOL GYMUNEDOL PONTRHYDFENDIGAID,667,Ceredigion,Cymuned,WM,Cyfrwng Cymraeg,Iau a babanod,---,Pontrhydfendigaid,Ystrad Meurig,Ceredigion,,SY25 6BL,01974831641,53,537,POINT (-3.860384946535963 52.288496112849025)
maintained_schools_wg.538,49050987,6672361,YSGOL GYMUNEDOL PLASCRUG,667,Ceredigion,Primary,Community,EW,Dual language school / provision (Welsh and English) (including transitional),"Nursery, Infants & Juniors",---,Plascrug Avenue,Aberystwyth,Ceredigion,,SY23 1HL,01970612286,441,6672361,YSGOL GYMUNEDOL PLASCRUG,667,Ceredigion,Cymuned,EW,Cyfrwng Saesneg yn bennaf ond â defnydd sylweddol or Gymraeg,"Iau, babanod a meithrin",---,Plascrug Avenue,Aberystwyth,Ceredigion,,SY23 1HL,01970612286,441,538,POINT (-4.074962260687006 52.41017297288756)
maintained_schools_wg.539,49026374,6672362,YSGOL CRAIG YR WYLFA,667,Ceredigion,Primary,Community,WM,Welsh medium school / provision (including transitional),Infants & Juniors,---,Francis Road,Borth,Ceredigion,,SY24 5NJ,01970871280,24,6672362,YSGOL CRAIG YR WYLFA,667,Ceredigion,Cymuned,WM,Cyfrwng Cymraeg,Iau a babanod,---,Francis Road,Borth,Ceredigion,,SY24 5NJ,01970871280,24,539,POINT (-4.053266871297513 52.477145351517045)
maintained_schools_wg.540,49044235,6672363,YSGOL PENRHYNCOCH,667,Ceredigion,Primary,Community,WM,Welsh medium school / provision (including transitional),Infants & Juniors,---,Penrhyncoch,Aberystwyth,Ceredigion,,SY23 3EH,01970828566,115,6672363,YSGOL PENRHYNCOCH,667,Ceredigion,Cymuned,WM,Cyfrwng Cymraeg,Iau a babanod,---,Penrhyncoch,Aberystwyth,Ceredigion,,SY23 3EH,01970828566,115,540,POINT (-3.996280017282842 52.43866312653035)
maintained_schools_wg.541,49041814,6672366,YSGOL GYMUNEDOL Y DDERI,667,Ceredigion,Primary,Community,WM,Welsh medium school / provision (including transitional),"Nursery, Infants & Juniors",---,Llangybi,Llanbedr Pont Steffan,Ceredigion,,SA48 8LY,01570493424,99,6672366,YSGOL GYMUNEDOL Y DDERI,667,Ceredigion,Cymuned,WM,Cyfrwng Cymraeg,"Iau, babanod a meithrin",---,Llangybi,Llanbedr Pont Steffan,Ceredigion,,SA48 8LY,01570493424,99,541,POINT (-4.038827718409879 52.15745216426326)
maintained_schools_wg.542,49054746,6672367,YSGOL GYMUNEDOL CENARTH,667,Ceredigion,Primary,Community,WM,Welsh medium school / provision (including transitional),Infants & Juniors,---,Cenarth,Castell Newydd Emlyn,Sir Gâr,,SA38 9JP,01239710060,89,6672367,YSGOL GYMUNEDOL CENARTH,667,Ceredigion,Cymuned,WM,Cyfrwng Cymraeg,Iau a babanod,---,Cenarth,Castell Newydd Emlyn,Sir Gâr,,SA38 9JP,01239710060,89,542,POINT (-4.529308991723636 52.04831873405861)
maintained_schools_wg.543,49002049,6672368,YSGOL GYNRADD ABERTEIFI,667,Ceredigion,Primary,Community,WM,Welsh medium school / provision (including transitional),"Nursery, Infants & Juniors",---,Stryd Napier,Aberteifi,Ceredigion,,SA43 1EH,01239612491,379,6672368,YSGOL GYNRADD ABERTEIFI,667,Ceredigion,Cymuned,WM,Cyfrwng Cymraeg,"Iau, babanod a meithrin",---,Stryd Napier,Aberteifi,Ceredigion,,SA43 1EH,01239612491,379,543,POINT (-4.656349824679833 52.08446992126241)
maintained_schools_wg.544,49063251,6672369,YSGOL BRO SION CWILT,667,Ceredigion,Primary,Community,WM,Welsh medium school / provision (including transitional),"Nursery, Infants & Juniors",---,Synod Inn ,Llandysul,,,SA44 6JZ,01545580107,120,6672369,YSGOL BRO SION CWILT,667,Ceredigion,Cymuned,WM,Cyfrwng Cymraeg,"Iau, babanod a meithrin",---,Synod Inn ,Llandysul,,,SA44 6JZ,01545580107,120,544,POINT (-4.340972922024683 52.16732458472489)
maintained_schools_wg.545,49069365,6672371,YSGOL GYNRADD T LLEW JONES,667,Ceredigion,Primary,Community,WM,Welsh medium school / provision (including transitional),"Nursery, Infants & Juniors",---,Brynhoffnant,Ceredigion,,,SA44 6EA,01239654553,166,6672371,YSGOL GYNRADD T LLEW JONES,667,Ceredigion,Cymuned,WM,Cyfrwng Cymraeg,"Iau, babanod a meithrin",---,Brynhoffnant,Ceredigion,,,SA44 6EA,01239654553,166,545,POINT (-4.442286733574031 52.13238180679877)
maintained_schools_wg.546,49077220,6672372,YSGOL RHOS HELYG,667,Ceredigion,Primary,Community,WM,Welsh medium school / provision (including transitional),Infants & Juniors,---,Campws Rhos y Wlad,Bronant,Aberystwyth,,SY23 4TQ,01974251238,55,6672372,YSGOL RHOS HELYG,667,Ceredigion,Cymuned,WM,Cyfrwng Cymraeg,Iau a babanod,---,Campws Rhos y Wlad,Bronant,Aberystwyth,,SY23 4TQ,01974251238,55,546,POINT (-4.020023367179631 52.21964834070292)
maintained_schools_wg.547,49040243,6673058,YSGOL WIRFODDOL MYFENYDD,667,Ceredigion,Primary,Voluntary controlled,WM,Welsh medium school / provision (including transitional),Infants & Juniors,Church in Wales,Llanrhystud,Aberystwyth,Ceredigion,,SY23 5DW,01974202230,84,6673058,YSGOL WIRFODDOL MYFENYDD,667,Ceredigion,Gwirfoddol a Reolir,WM,Cyfrwng Cymraeg,Iau a babanod,Eglwys yng Nghymru,Llanrhystud,Aberystwyth,Ceredigion,,SY23 5DW,01974202230,84,547,POINT (-4.140024110411795 52.30776570972684)
maintained_schools_wg.548,49076736,6673061,YSGOL GYNRADD DYFFRYN CLEDLYN,667,Ceredigion,Primary,Voluntary controlled,WM,Welsh medium school / provision (including transitional),"Nursery, Infants & Juniors",Church in Wales,Drefach,Llanbydder,Ceredigion,,SA40 9SX,01570940942,107,6673061,YSGOL GYNRADD DYFFRYN CLEDLYN,667,Ceredigion,Gwirfoddol a Reolir,WM,Cyfrwng Cymraeg,"Iau, babanod a meithrin",Eglwys yng Nghymru,Drefach,Llanbydder,Ceredigion,,SA40 9SX,01570940942,107,548,POINT (-4.187867752235229 52.08958120991581)
maintained_schools_wg.549,49024130,6673318,ST PADARN'S ROMAN CATHOLIC PRIMARY SCHOOL,667,Ceredigion,Primary,Voluntary aided,EW,Dual language school / provision (Welsh and English) (including transitional),Infants & Juniors,Roman Catholic,Llanbadarn Road,Aberystwyth,Ceredigion,,SY23 1EZ,01970630632,146,6673318,ST PADARN'S ROMAN CATHOLIC PRIMARY SCHOOL,667,Ceredigion,Gwirfoddol a Gynorthwyir,EW,Cyfrwng Saesneg yn bennaf ond â defnydd sylweddol or Gymraeg,Iau a babanod,Eglwys Gatholig,Llanbadarn Road,Aberystwyth,Ceredigion,,SY23 1EZ,01970630632,146,549,POINT (-4.074481223367638 52.41340345638945)
maintained_schools_wg.550,49013149,6674042,GYFUN ABERAERON COMPREHENSIVE,667,Ceredigion,Secondary,Community,CB,Welsh medium school / provision (including transitional),Secondary (ages 11-19),---,Stryd Y Fro,Aberaeron,Ceredigion,,SA46 0DT,01545570217,573,6674042,GYFUN ABERAERON COMPREHENSIVE,667,Ceredigion,Cymuned,CB,Ddwyieithog (Categori C),Uwchradd (ystod oedran 11-19),---,Stryd Y Fro,Aberaeron,Ceredigion,,SA46 0DT,01545570217,573,550,POINT (-4.255523774025437 52.23947915515077)
maintained_schools_wg.551,49034771,6674044,Ysgol Uwchradd Aberteifi,667,Ceredigion,Secondary,Community,CB,Welsh medium school / provision (including transitional),Secondary (ages 11-19),---,Park Place,Aberteifi,Ceredigion,,SA43 1AD,01239612670,614,6674044,Ysgol Uwchradd Aberteifi,667,Ceredigion,Cymuned,CB,Ddwyieithog (Categori C),Uwchradd (ystod oedran 11-19),---,Park Place,Aberteifi,Ceredigion,,SA43 1AD,01239612670,614,551,POINT (-4.655886145890197 52.08775640895455)
maintained_schools_wg.552,49053308,6674047,Penglais School,667,Ceredigion,Secondary,Community,EM,English medium school / provision,Secondary (ages 11-19),---,Waunfawr,Aberystwyth,Ceredigion,,SY23 3AW,01970624811,1120,6674047,Penglais School,667,Ceredigion,Cymuned,EM,Cyfrwng Saesneg,Uwchradd (ystod oedran 11-19),---,Waunfawr,Aberystwyth,Ceredigion,,SY23 3AW,01970624811,1120,552,POINT (-4.0594022761354935 52.415768155635725)
maintained_schools_wg.553,49070244,6674048,YSGOL GYFUN PENWEDDIG,667,Ceredigion,Secondary,Community,AB,Welsh medium school / provision (including transitional),Secondary (ages 11-19),---,Ffordd Llanbadarn,Llangawsai,Aberystwyth,,SY23 3QN,01970639499,587,6674048,YSGOL GYFUN PENWEDDIG,667,Ceredigion,Cymuned,AB,Ddwyieithog (Categori A),Uwchradd (ystod oedran 11-19),---,Ffordd Llanbadarn,Llangawsai,Aberystwyth,,SY23 3QN,01970639499,587,553,POINT (-4.067592693566452 52.4096484572557)
maintained_schools_wg.554,49075958,6675500,Ysgol Bro Pedr,667,Ceredigion,Middle,Community,BB,Dual language school / provision (Welsh and English) (including transitional),Middle (ages 3-19),---,Llanbedr Pont Steffan,Ceredigion,,,SA48 7BX,01570422214,967,6675500,Ysgol Bro Pedr,667,Ceredigion,Cymuned,BB,Ddwyieithog (Categori B),Canol (ystod oedran 3-19),---,Llanbedr Pont Steffan,Ceredigion,,,SA48 7BX,01570422214,967,554,POINT (-4.08245029108108 52.1118453519796)
maintained_schools_wg.555,49032005,6675501,Ysgol Henry Richard,667,Ceredigion,Middle,Community,BB,Welsh medium school / provision (including transitional),Middle (ages 3-16),---,Tregaron,Ceredigion,,,SY25 6HG,01974298231,387,6675501,Ysgol Henry Richard,667,Ceredigion,Cymuned,BB,Ddwyieithog (Categori B),Canol (ystod oedran 3-16),---,Tregaron,Ceredigion,,,SY25 6HG,01974298231,387,555,POINT (-3.938142046772567 52.218526103273504)
maintained_schools_wg.556,49071494,6675502,Ysgol Bro Teifi,667,Ceredigion,Middle,Community,AB,Welsh medium school / provision (including transitional),Middle (ages 3-19),---,,LLANDYSUL,,,SA44 4JL,01559362503,861,6675502,Ysgol Bro Teifi,667,Ceredigion,Cymuned,AB,Ddwyieithog (Categori A),Canol (ystod oedran 3-19),---,,LLANDYSUL,,,SA44 4JL,01559362503,861,556,POINT (-4.325039138536648 52.05431772030295)
maintained_schools_wg.557,200003250897,6682203,Sageston Community Primary School,668,Pembrokeshire,Primary,Community,EM,English medium school / provision,"Nursery, Infants & Juniors",---,Sageston,Tenby,Pembrokeshire,,SA70 8SH,01646651471,116,6682203,Sageston Community Primary School,668,Sir Benfro,Cymuned,EM,Cyfrwng Saesneg,"Iau, babanod a meithrin",---,Sageston,Tenby,Pembrokeshire,,SA70 8SH,01646651471,116,557,POINT (-4.81684053946652 51.69499400414196)
maintained_schools_wg.558,10009874307,6682209,Ysgol Gynradd Gymunedol Eglwyswrw,668,Pembrokeshire,Primary,Community,WM,Welsh medium school / provision (including transitional),Infants & Juniors,---,Eglwyswrw,Crymych,Pembrokeshire,,SA41 3SN,01239891267,90,6682209,Ysgol Gynradd Gymunedol Eglwyswrw,668,Sir Benfro,Cymuned,WM,Cyfrwng Cymraeg,Iau a babanod,---,Eglwyswrw,Crymych,Pembrokeshire,,SA41 3SN,01239891267,90,558,POINT (-4.7092802291046985 52.013136436443524)
maintained_schools_wg.559,200001855068,6682212,Ysgol Gymunedol Wdig / Goodwick Community School,668,Pembrokeshire,Primary,Community,WM,Welsh medium school / provision (including transitional),"Nursery, Infants & Juniors",---,Hill Street,Wdig,Sir Benfro,,SA64 0ET,01348872503,110,6682212,Ysgol Gymunedol Wdig / Goodwick Community School,668,Sir Benfro,Cymuned,WM,Cyfrwng Cymraeg,"Iau, babanod a meithrin",---,Hill Street,Wdig,Sir Benfro,,SA64 0ET,01348872503,110,559,POINT (-5.001881584207762 52.00397795828199)
maintained_schools_wg.560,200001853331,6682214,Fenton Community Primary School,668,Pembrokeshire,Primary,Community,EM,English medium school / provision,"Nursery, Infants & Juniors",---,Portfield,Haverfordwest,Pembrokeshire,,SA61 1BZ,01437765378,359,6682214,Fenton Community Primary School,668,Sir Benfro,Cymuned,EM,Cyfrwng Saesneg,"Iau, babanod a meithrin",---,Portfield,Haverfordwest,Pembrokeshire,,SA61 1BZ,01437765378,359,560,POINT (-4.977199717147548 51.799026066781146)
maintained_schools_wg.561,10091644991,6682220,Johnston Community Primary School,668,Pembrokeshire,Primary,Community,EM,English medium school / provision,"Nursery, Infants & Juniors",---,Cranham Park,Johnston,Haverfordwest,Pembrokeshire,SA62 3PU,01437890280,256,6682220,Johnston Community Primary School,668,Sir Benfro,Cymuned,EM,Cyfrwng Saesneg,"Iau, babanod a meithrin",---,Cranham Park,Johnston,Haverfordwest,Pembrokeshire,SA62 3PU,01437890280,256,561,POINT (-4.986263865011946 51.75611610210095)
maintained_schools_wg.562,10013176091,6682222,Lamphey CP School,668,Pembrokeshire,Primary,Community,EM,English medium school / provision,"Nursery, Infants & Juniors",---,Lamphey,Pembroke,Pembrokeshire,,SA71 5NW,01646672249,181,6682222,Lamphey CP School,668,Sir Benfro,Cymuned,EM,Cyfrwng Saesneg,"Iau, babanod a meithrin",---,Lamphey,Pembroke,Pembrokeshire,,SA71 5NW,01646672249,181,562,POINT (-4.869926308263368 51.66598922875644)
maintained_schools_wg.563,10009876563,6682223,Ysgol Gymunedol Brynconin,668,Pembrokeshire,Primary,Community,WM,Welsh medium school / provision (including transitional),"Nursery, Infants & Juniors",---,Llandysilio,Clunderwen,Sir Benfro,,SA66 7SY,01437563555,71,6682223,Ysgol Gymunedol Brynconin,668,Sir Benfro,Cymuned,WM,Cyfrwng Cymraeg,"Iau, babanod a meithrin",---,Llandysilio,Clunderwen,Sir Benfro,,SA66 7SY,01437563555,71,563,POINT (-4.728157568334362 51.85811575258305)
maintained_schools_wg.564,200002960101,6682228,Hook CP School,668,Pembrokeshire,Primary,Community,EM,English medium school / provision,"Nursery, Infants & Juniors",---,Newtown Road,Hook,Haverfordwest,Pembrokeshire,SA62 4ND,01437890343,71,6682228,Hook CP School,668,Sir Benfro,Cymuned,EM,Cyfrwng Saesneg,"Iau, babanod a meithrin",---,Newtown Road,Hook,Haverfordwest,Pembrokeshire,SA62 4ND,01437890343,71,564,POINT (-4.930560966274936 51.761867225776875)
maintained_schools_wg.565,10009876607,6682231,Ysgol Llanychllwydog,668,Pembrokeshire,Primary,Community,WM,Welsh medium school / provision (including transitional),"Nursery, Infants & Juniors",---,Pontfaen,Fishguard,Pembrokeshire,,SA65 9SE,01348881307,29,6682231,Ysgol Llanychllwydog,668,Sir Benfro,Cymuned,WM,Cyfrwng Cymraeg,"Iau, babanod a meithrin",---,Pontfaen,Fishguard,Pembrokeshire,,SA65 9SE,01348881307,29,565,POINT (-4.8668253065083675 51.96906024302842)
maintained_schools_wg.566,10009877032,6682233,Ysgol Gymunedol Maenclochog,668,Pembrokeshire,Primary,Community,WM,Welsh medium school / provision (including transitional),Infants & Juniors,---,Maenclochog,Clunderwen,Sir Benfro,,SA66 7LB,01437532452,98,6682233,Ysgol Gymunedol Maenclochog,668,Sir Benfro,Cymuned,WM,Cyfrwng Cymraeg,Iau a babanod,---,Maenclochog,Clunderwen,Sir Benfro,,SA66 7LB,01437532452,98,566,POINT (-4.788993754614056 51.913371181878084)
maintained_schools_wg.567,10013179916,6682242,Narberth Community Primary School,668,Pembrokeshire,Primary,Community,DS,Dual language school / provision (Welsh and English) (including transitional),"Nursery, Infants & Juniors",---, JESSE ROAD,,,NARBERTH,SA67 7FE,01834860776,281,6682242,Narberth Community Primary School,668,Sir Benfro,Cymuned,DS,Ddwy ffrwd,"Iau, babanod a meithrin",---, JESSE ROAD,,,NARBERTH,SA67 7FE,01834860776,281,567,POINT (-4.733366058595257 51.80167459861557)
maintained_schools_wg.568,200001813104,6682243,Ysgol Bro Ingli,668,Pembrokeshire,Primary,Community,WM,Welsh medium school / provision (including transitional),"Nursery, Infants & Juniors",---,Long Street,Newport,Pembrokeshire,,SA42 0TL,01239820682,104,6682243,Ysgol Bro Ingli,668,Sir Benfro,Cymuned,WM,Cyfrwng Cymraeg,"Iau, babanod a meithrin",---,Long Street,Newport,Pembrokeshire,,SA42 0TL,01239820682,104,568,POINT (-4.831451715394799 52.01857086170188)
maintained_schools_wg.569,10013176060,6682250,Puncheston Community Primary School,668,Pembrokeshire,Primary,Community,WM,Welsh medium school / provision (including transitional),Infants & Juniors,---,Puncheston,Haverfordwest,Pembrokeshire,,SA62 5RL,01348881321,76,6682250,Puncheston Community Primary School,668,Sir Benfro,Cymuned,WM,Cyfrwng Cymraeg,Iau a babanod,---,Puncheston,Haverfordwest,Pembrokeshire,,SA62 5RL,01348881321,76,569,POINT (-4.90172661167072 51.93030588571732)
maintained_schools_wg.570,10009880180,6682253,Ysgol Llandudoch,668,Pembrokeshire,Primary,Community,WM,Welsh medium school / provision (including transitional),"Nursery, Infants & Juniors",---,St Dogmaels,Cardigan,Pembrokeshire,,SA43 3ET,01239613596,77,6682253,Ysgol Llandudoch,668,Sir Benfro,Cymuned,WM,Cyfrwng Cymraeg,"Iau, babanod a meithrin",---,St Dogmaels,Cardigan,Pembrokeshire,,SA43 3ET,01239613596,77,570,POINT (-4.681305270213257 52.08290627457273)
maintained_schools_wg.571,10009882500,6682254,Wolfscastle Communty Primary School,668,Pembrokeshire,Primary,Community,WM,Welsh medium school / provision (including transitional),"Nursery, Infants & Juniors",---,Glancleddau,Wolfscastle,Haverfordwest,Pembrokeshire,SA62 5LZ,01437741361,50,6682254,Wolfscastle Communty Primary School,668,Sir Benfro,Cymuned,WM,Cyfrwng Cymraeg,"Iau, babanod a meithrin",---,Glancleddau,Wolfscastle,Haverfordwest,Pembrokeshire,SA62 5LZ,01437741361,50,571,POINT (-4.971233689642313 51.90075292247368)
maintained_schools_wg.572,200002960639,6682258,Saundersfoot Community Primary School,668,Pembrokeshire,Primary,Community,EM,English medium school / provision,"Nursery, Infants & Juniors",---,Francis Lane,Saundersfoot,Pembrokeshire,,SA69 9HB,01834812819,172,6682258,Saundersfoot Community Primary School,668,Sir Benfro,Cymuned,EM,Cyfrwng Saesneg,"Iau, babanod a meithrin",---,Francis Lane,Saundersfoot,Pembrokeshire,,SA69 9HB,01834812819,172,572,POINT (-4.700421029780497 51.71356732950977)
maintained_schools_wg.573,200003249252,6682260,Stepaside Community Primary School,668,Pembrokeshire,Primary,Community,EM,English medium school / provision,"Nursery, Infants & Juniors",---,Carmarthen Road,Kilgetty,Pembrokeshire,,SA68 0UG,01834812764,119,6682260,Stepaside Community Primary School,668,Sir Benfro,Cymuned,EM,Cyfrwng Saesneg,"Iau, babanod a meithrin",---,Carmarthen Road,Kilgetty,Pembrokeshire,,SA68 0UG,01834812764,119,573,POINT (-4.711416014156371 51.732541942194956)
maintained_schools_wg.574,10009880624,6682261,Templeton Community Primary School,668,Pembrokeshire,Primary,Community,EM,English medium school / provision,"Nursery, Infants & Juniors",---,School Road,Templeton,Narberth,Pembrokeshire,SA67 8RS,01834860657,126,6682261,Templeton Community Primary School,668,Sir Benfro,Cymuned,EM,Cyfrwng Saesneg,"Iau, babanod a meithrin",---,School Road,Templeton,Narberth,Pembrokeshire,SA67 8RS,01834860657,126,574,POINT (-4.734466027269776 51.776039433715106)
maintained_schools_wg.575,10009880570,6682266,Tavernspite Community Primary School,668,Pembrokeshire,Primary,Community,EM,English medium school / provision,"Nursery, Infants & Juniors",---,Tavernspite,Whitland,Pembrokeshire,,SA34 0NL,01834831691,208,6682266,Tavernspite Community Primary School,668,Sir Benfro,Cymuned,EM,Cyfrwng Saesneg,"Iau, babanod a meithrin",---,Tavernspite,Whitland,Pembrokeshire,,SA34 0NL,01834831691,208,575,POINT (-4.639226789286412 51.781922955730906)
maintained_schools_wg.576,10009873676,6682270,Ysgol Gymunedol Croesgoch,668,Pembrokeshire,Primary,Community,WM,Welsh medium school / provision (including transitional),"Nursery, Infants & Juniors",---,Llanrhian Road,Croesgoch,Haverfordwest,Pembrokeshire,SA62 5JT,01348831461,108,6682270,Ysgol Gymunedol Croesgoch,668,Sir Benfro,Cymuned,WM,Cyfrwng Cymraeg,"Iau, babanod a meithrin",---,Llanrhian Road,Croesgoch,Haverfordwest,Pembrokeshire,SA62 5JT,01348831461,108,576,POINT (-5.161941912737738 51.929308735102104)
maintained_schools_wg.577,200003246409,6682271,Broad Haven CP School,668,Pembrokeshire,Primary,Community,EM,English medium school / provision,"Nursery, Infants & Juniors",---,Webbs Hill,Broad Haven,Haverfordwest,Pembrokeshire,SA62 3JT,01437781404,105,6682271,Broad Haven CP School,668,Sir Benfro,Cymuned,EM,Cyfrwng Saesneg,"Iau, babanod a meithrin",---,Webbs Hill,Broad Haven,Haverfordwest,Pembrokeshire,SA62 3JT,01437781404,105,577,POINT (-5.10003532185755 51.778714922417855)
maintained_schools_wg.578,10009879518,6682273,Roch Community School,668,Pembrokeshire,Primary,Community,EM,English medium school / provision,"Nursery, Infants & Juniors",---,Roch,Haverfordwest,Pembrokeshire,,SA62 6JU,01437710517,126,6682273,Roch Community School,668,Sir Benfro,Cymuned,EM,Cyfrwng Saesneg,"Iau, babanod a meithrin",---,Roch,Haverfordwest,Pembrokeshire,,SA62 6JU,01437710517,126,578,POINT (-5.091042869128423 51.85113825540955)
maintained_schools_wg.579,200003249579,6682384,Coastlands CP School,668,Pembrokeshire,Primary,Community,EM,English medium school / provision,"Nursery, Infants & Juniors",---,St Ishmael's Base,Trewarren Road,Haverfordwest,Pembrokeshire,SA62 3SZ,01646636340,105,6682384,Coastlands CP School,668,Sir Benfro,Cymuned,EM,Cyfrwng Saesneg,"Iau, babanod a meithrin",---,St Ishmael's Base,Trewarren Road,Haverfordwest,Pembrokeshire,SA62 3SZ,01646636340,105,579,POINT (-5.134108364203394 51.72159675650728)
maintained_schools_wg.580,10009882750,6682385,Ysgol Clydau,668,Pembrokeshire,Primary,Community,WM,Welsh medium school / provision (including transitional),Infants & Juniors,---,Tregryn,Llanfyrnach,Pembrokeshire,,SA35 0BE,01239698236,35,6682385,Ysgol Clydau,668,Sir Benfro,Cymuned,WM,Cyfrwng Cymraeg,Iau a babanod,---,Tregryn,Llanfyrnach,Pembrokeshire,,SA35 0BE,01239698236,35,580,POINT (-4.571793586690752 51.966480685411135)
maintained_schools_wg.581,200002961307,6682386,Pembroke Dock Community School,668,Pembrokeshire,Primary,Community,EM,English medium school / provision,"Nursery, Infants & Juniors",---, BUSH STREET,Pembroke Dock,,,SA72 6LQ,01646684872,607,6682386,Pembroke Dock Community School,668,Sir Benfro,Cymuned,EM,Cyfrwng Saesneg,"Iau, babanod a meithrin",---, BUSH STREET,Pembroke Dock,,,SA72 6LQ,01646684872,607,581,POINT (-4.935230964923344 51.69064516780541)
maintained_schools_wg.582,10013176382,6682387,Monkton Priory Community Primary  School,668,Pembrokeshire,Primary,Community,EM,English medium school / provision,"Nursery, Infants & Juniors",---,St Martin's Road,Monkton,Pembroke,Pembrokeshire,SA71 4LS,01646685685,200,6682387,Monkton Priory Community Primary  School,668,Sir Benfro,Cymuned,EM,Cyfrwng Saesneg,"Iau, babanod a meithrin",---,St Martin's Road,Monkton,Pembroke,Pembrokeshire,SA71 4LS,01646685685,200,582,POINT (-4.927342994526852 51.67583135902535)
maintained_schools_wg.583,200001853362,6682388,Golden Grove CP School,668,Pembrokeshire,Primary,Community,DS,English medium school / provision,"Nursery, Infants & Juniors",---,Orange Way,Pembroke,,,SA71 4DP,01646682605,261,6682388,Golden Grove CP School,668,Sir Benfro,Cymuned,DS,Ddwy ffrwd,"Iau, babanod a meithrin",---,Orange Way,Pembroke,,,SA71 4DP,01646682605,261,583,POINT (-4.910364918098697 51.67230531469889)
maintained_schools_wg.584,10023954072,6682389,Ysgol Glannau Gwaun,668,Pembrokeshire,Primary,Community,DS,Dual language school / provision (Welsh and English) (including transitional),"Nursery, Infants & Juniors",---,Clive Road,Fishguard,,,SA65 9DB,01348872505,254,6682389,Ysgol Glannau Gwaun,668,Sir Benfro,Cymuned,DS,Ddwy ffrwd,"Iau, babanod a meithrin",---,Clive Road,Fishguard,,,SA65 9DB,01348872505,254,584,POINT (-4.9820003134921835 51.9943913700187)
maintained_schools_wg.585,10090281755,6682391,Prendergast Community Primary School,668,Pembrokeshire,Primary,Community,EM,English medium school / provision,"Nursery, Infants & Juniors",---,Stokes Avenue,Prendergast,Haverfordwest,,SA61 2RB,01437771580,446,6682391,Prendergast Community Primary School,668,Sir Benfro,Cymuned,EM,Cyfrwng Saesneg,"Iau, babanod a meithrin",---,Stokes Avenue,Prendergast,Haverfordwest,,SA61 2RB,01437771580,446,585,POINT (-4.959880362373627 51.80848072658435)
maintained_schools_wg.586,10013176093,6682392,Pennar CP,668,Pembrokeshire,Primary,Community,EM,English medium school / provision,"Nursery, Infants & Juniors",---,Owen Street,Pennar,Pembroke Dock,Pembrokeshire,SA72 6SL,01646684402,214,6682392,Pennar CP,668,Sir Benfro,Cymuned,EM,Cyfrwng Saesneg,"Iau, babanod a meithrin",---,Owen Street,Pennar,Pembroke Dock,Pembrokeshire,SA72 6SL,01646684402,214,586,POINT (-4.951716219820801 51.68735368835516)
maintained_schools_wg.587,10090688164,6682393,Neyland Community School,668,Pembrokeshire,Primary,Community,EM,English medium school / provision,"Nursery, Infants & Juniors",---,John Street,Neyland,Milford Haven,Pembrokeshire,SA73 1TH,01646600659,291,6682393,Neyland Community School,668,Sir Benfro,Cymuned,EM,Cyfrwng Saesneg,"Iau, babanod a meithrin",---,John Street,Neyland,Milford Haven,Pembrokeshire,SA73 1TH,01646600659,291,587,POINT (-4.950061940615536 51.71115738536283)
maintained_schools_wg.588,200003249157,6682395,Ysgol Hafan Y Mor,668,Pembrokeshire,Primary,Community,WM,Welsh medium school / provision (including transitional),"Nursery, Infants & Juniors",---, HEYWOOD LANE,Tenby,,,SA70 8BZ,01834843248,236,6682395,Ysgol Hafan Y Mor,668,Sir Benfro,Cymuned,WM,Cyfrwng Cymraeg,"Iau, babanod a meithrin",---, HEYWOOD LANE,Tenby,,,SA70 8BZ,01834843248,236,588,POINT (-4.716752842059134 51.67542684887622)
maintained_schools_wg.589,200003245270,6682396,Milford Haven Community Primary School,668,Pembrokeshire,Primary,Community,EM,English medium school / provision,"Nursery, Infants & Juniors",---,Prioryville,,Milford Haven,Pembrokeshire,SA73 2LQ,01646 692705,524,6682396,Milford Haven Community Primary School,668,Sir Benfro,Cymuned,EM,Cyfrwng Saesneg,"Iau, babanod a meithrin",---,Prioryville,,Milford Haven,Pembrokeshire,SA73 2LQ,01646 692705,524,589,POINT (-5.030854641014257 51.71572762635821)
maintained_schools_wg.590,10013176059,6682397,Waldo Williams Primary School,668,Pembrokeshire,Primary,Community,EM,English medium school / provision,"Nursery, Infants & Juniors",---,Scarrowscant Lane,Haverford West,,Pembrokeshire,SA61 1BS,01437765376,228,6682397,Waldo Williams Primary School,668,Sir Benfro,Cymuned,EM,Cyfrwng Saesneg,"Iau, babanod a meithrin",---,Scarrowscant Lane,Haverford West,,Pembrokeshire,SA61 1BS,01437765376,228,590,POINT (-4.983667515012106 51.795705128677795)
maintained_schools_wg.591,10013178424,6683035,Cilgerran Church in Wales VC School,668,Pembrokeshire,Primary,Voluntary controlled,WM,Welsh medium school / provision (including transitional),"Nursery, Infants & Juniors",Church in Wales,Cilgerran,Cardigan,Pembrokeshire,,SA43 2SB,01239614226,114,6683035,Cilgerran Church in Wales VC School,668,Sir Benfro,Gwirfoddol a Reolir,WM,Cyfrwng Cymraeg,"Iau, babanod a meithrin",Eglwys yng Nghymru,Cilgerran,Cardigan,Pembrokeshire,,SA43 2SB,01239614226,114,591,POINT (-4.637238021821152 52.05580631345623)
maintained_schools_wg.592,10013178234,6683036,Cosheston VC School,668,Pembrokeshire,Primary,Voluntary controlled,EM,English medium school / provision,"Nursery, Infants & Juniors",Church in Wales,Cosheston,Pembroke Dock,Pembrokeshire,,SA72 4UN,01646683490,63,6683036,Cosheston VC School,668,Sir Benfro,Gwirfoddol a Reolir,EM,Cyfrwng Saesneg,"Iau, babanod a meithrin",Eglwys yng Nghymru,Cosheston,Pembroke Dock,Pembrokeshire,,SA72 4UN,01646683490,63,592,POINT (-4.895323166252284 51.69608975743634)
maintained_schools_wg.593,10090689165,6683040,Cleddau Reach VC School,668,Pembrokeshire,Primary,Voluntary controlled,EM,English medium school / provision,"Nursery, Infants & Juniors",Church in Wales,The Gail,Llangwm,Haverfordwest,Pembrokeshire,SA62 4HJ,01437899419,231,6683040,Cleddau Reach VC School,668,Sir Benfro,Gwirfoddol a Reolir,EM,Cyfrwng Saesneg,"Iau, babanod a meithrin",Eglwys yng Nghymru,The Gail,Llangwm,Haverfordwest,Pembrokeshire,SA62 4HJ,01437899419,231,593,POINT (-4.9178531451896905 51.752313131029766)
maintained_schools_wg.594,10009877254,6683042,Manorbier Church in Wales VC School,668,Pembrokeshire,Primary,Voluntary controlled,EM,English medium school / provision,"Nursery, Infants & Juniors",Church in Wales,Station Road,Manorbier,Tenby,Pembrokeshire,SA70 7SN,01834871228,25,6683042,Manorbier Church in Wales VC School,668,Sir Benfro,Gwirfoddol a Reolir,EM,Cyfrwng Saesneg,"Iau, babanod a meithrin",Eglwys yng Nghymru,Station Road,Manorbier,Tenby,Pembrokeshire,SA70 7SN,01834871228,25,594,POINT (-4.794355170653779 51.656310076486015)
maintained_schools_wg.595,10009880059,6683050,Spittal Church in Wales VC School,668,Pembrokeshire,Primary,Voluntary aided,EM,English medium school / provision,"Nursery, Infants & Juniors",Church in Wales,Spittal,Haverfordwest,Pembrokeshire,,SA62 5QR,01437741652,110,6683050,Spittal Church in Wales VC School,668,Sir Benfro,Gwirfoddol a Gynorthwyir,EM,Cyfrwng Saesneg,"Iau, babanod a meithrin",Eglwys yng Nghymru,Spittal,Haverfordwest,Pembrokeshire,,SA62 5QR,01437741652,110,595,POINT (-4.944988816557783 51.86916179696797)
maintained_schools_wg.596,10009880182,6683055,St Florence Church in Wales VC School,668,Pembrokeshire,Primary,Voluntary controlled,EM,English medium school / provision,"Nursery, Infants & Juniors",Church in Wales,St Florence,Tenby,Pembrokeshire,,SA70 8LY,01834871325,72,6683055,St Florence Church in Wales VC School,668,Sir Benfro,Gwirfoddol a Reolir,EM,Cyfrwng Saesneg,"Iau, babanod a meithrin",Eglwys yng Nghymru,St Florence,Tenby,Pembrokeshire,,SA70 8LY,01834871325,72,596,POINT (-4.7775989231442 51.676907603426976)
maintained_schools_wg.597,10013176723,6683058,Ysgol Ger y Llan,668,Pembrokeshire,Primary,Voluntary controlled,WM,Welsh medium school / provision (including transitional),"Nursery, Infants & Juniors",Church in Wales,St Davids Road,Letterson,Haverford West,Pembrokeshire,SA62 5SL,01348840248,101,6683058,Ysgol Ger y Llan,668,Sir Benfro,Gwirfoddol a Reolir,WM,Cyfrwng Cymraeg,"Iau, babanod a meithrin",Eglwys yng Nghymru,St Davids Road,Letterson,Haverford West,Pembrokeshire,SA62 5SL,01348840248,101,597,POINT (-4.998821565712914 51.925025808817395)
maintained_schools_wg.598,10091644965,6683059,Tenby VC,668,Pembrokeshire,Primary,Voluntary controlled,EM,English medium school / provision,"Nursery, Infants & Juniors",Church in Wales, HEYWOOD LANE,Tenby,,,SA70 8BZ,01834843241,236,6683059,Tenby VC,668,Sir Benfro,Gwirfoddol a Reolir,EM,Cyfrwng Saesneg,"Iau, babanod a meithrin",Eglwys yng Nghymru, HEYWOOD LANE,Tenby,,,SA70 8BZ,01834843241,236,598,POINT (-4.715852886990432 51.67551530768229)
maintained_schools_wg.599,10091645498,6683060,Penrhyn Church in Wales VC School,668,Pembrokeshire,Primary,Voluntary controlled,EM,English medium school / provision,"Nursery, Infants & Juniors",Church in Wales,Hundleton,,, Pembroke,SA71 5RD,01646621813,72,6683060,Penrhyn Church in Wales VC School,668,Sir Benfro,Gwirfoddol a Reolir,EM,Cyfrwng Saesneg,"Iau, babanod a meithrin",Eglwys yng Nghymru,Hundleton,,, Pembroke,SA71 5RD,01646672234,72,599,POINT (-4.954815675723703 51.663863453545645)
maintained_schools_wg.600,10091645527,6683061,Gelliswick VC School,668,Pembrokeshire,Primary,Voluntary controlled,EM,English medium school / provision,"Nursery, Infants & Juniors",Church in Wales,Gelliswick Road,,Hakin,Milford Haven,SA73 3RD,01646692894,484,6683061,Gelliswick VC School,668,Sir Benfro,Gwirfoddol a Reolir,EM,Cyfrwng Saesneg,"Iau, babanod a meithrin",Eglwys yng Nghymru,Gelliswick Road,,Hakin,Milford Haven,SA73 3RD,01646692894,484,600,POINT (-5.055293468424973 51.711973687670714)
maintained_schools_wg.601,200001853347,6683311,Holy Name RC School,668,Pembrokeshire,Primary,Voluntary aided,EM,English medium school / provision,Infants & Juniors,Roman Catholic,Vergam Tce,Fishguard,Pembrokeshire,,SA65 9DF,01348872506,126,6683311,Holy Name RC School,668,Sir Benfro,Gwirfoddol a Gynorthwyir,EM,Cyfrwng Saesneg,Iau a babanod,Eglwys Gatholig,Vergam Tce,Fishguard,Pembrokeshire,,SA65 9DF,01348872506,126,601,POINT (-4.983524610568006 51.996593320379915)
maintained_schools_wg.602,200003249480,6683313,Mary Immaculate Catholic School,668,Pembrokeshire,Primary,Voluntary aided,EM,English medium school / provision,"Nursery, Infants & Juniors",Roman Catholic,Merlins Terrace,Haverfordwest,Pembrokeshire,,SA61 1PH,01437762324,213,6683313,Mary Immaculate Catholic School,668,Sir Benfro,Gwirfoddol a Gynorthwyir,EM,Cyfrwng Saesneg,"Iau, babanod a meithrin",Eglwys Gatholig,Merlins Terrace,Haverfordwest,Pembrokeshire,,SA61 1PH,01437762324,213,602,POINT (-4.977425712818172 51.79497310355953)
maintained_schools_wg.603,10013176802,6683314,St Francis Catholic School,668,Pembrokeshire,Primary,Voluntary aided,EM,English medium school / provision,"Nursery, Infants & Juniors",Roman Catholic,Priory Road,Milford Haven,Pembrokeshire,,SA73 2EE,01646694830,141,6683314,St Francis Catholic School,668,Sir Benfro,Gwirfoddol a Gynorthwyir,EM,Cyfrwng Saesneg,"Iau, babanod a meithrin",Eglwys Gatholig,Priory Road,Milford Haven,Pembrokeshire,,SA73 2EE,01646694830,141,603,POINT (-5.031170429798851 51.71828277701892)
maintained_schools_wg.604,10009882492,6683315,St Aidans Church in Wales VA School,668,Pembrokeshire,Primary,Voluntary aided,EM,English medium school / provision,"Nursery, Infants & Juniors",Church in Wales,Wiston,Haverfordwest,Pembrokeshire,,SA62 4PS,01437731449,75,6683315,St Aidans Church in Wales VA School,668,Sir Benfro,Gwirfoddol a Gynorthwyir,EM,Cyfrwng Saesneg,"Iau, babanod a meithrin",Eglwys yng Nghymru,Wiston,Haverfordwest,Pembrokeshire,,SA62 4PS,01437731449,75,604,POINT (-4.873164681028882 51.826834596892226)
maintained_schools_wg.605,200003244534,6683319,St Teilos RC School,668,Pembrokeshire,Primary,Voluntary aided,EM,English medium school / provision,"Nursery, Infants & Juniors",Roman Catholic,Greenhill Road,Tenby,Pembrokeshire,,SA70 7LJ,01834843995,85,6683319,St Teilos RC School,668,Sir Benfro,Gwirfoddol a Gynorthwyir,EM,Cyfrwng Saesneg,"Iau, babanod a meithrin",Eglwys Gatholig,Greenhill Road,Tenby,Pembrokeshire,,SA70 7LJ,01834843995,85,605,POINT (-4.7046318627015475 51.674231847701186)
maintained_schools_wg.606,200003245429,6683320,St Marks Church in Wales VA School,668,Pembrokeshire,Primary,Voluntary aided,EM,English medium school / provision,"Nursery, Infants & Juniors",Church in Wales,St Issells Avenue,Merlins Bridge,Haverfordwest,Pembrokeshire,SA61 1JX,01437767623,114,6683320,St Marks Church in Wales VA School,668,Sir Benfro,Gwirfoddol a Gynorthwyir,EM,Cyfrwng Saesneg,"Iau, babanod a meithrin",Eglwys yng Nghymru,St Issells Avenue,Merlins Bridge,Haverfordwest,Pembrokeshire,SA61 1JX,01437767623,114,606,POINT (-4.969569519705879 51.789316965160836)
maintained_schools_wg.607,10013176203,6683321,St Oswalds Church in Wales VA School,668,Pembrokeshire,Primary,Voluntary aided,EM,English medium school / provision,"Nursery, Infants & Juniors",Church in Wales,Jeffreyston,Kilgetty,Pembrokeshire,,SA68 0SG,01646651409,135,6683321,St Oswalds Church in Wales VA School,668,Sir Benfro,Gwirfoddol a Gynorthwyir,EM,Cyfrwng Saesneg,"Iau, babanod a meithrin",Eglwys yng Nghymru,Jeffreyston,Kilgetty,Pembrokeshire,,SA68 0SG,01646651409,135,607,POINT (-4.774128657201195 51.721157225894146)
maintained_schools_wg.608,200002960251,6684031,Ysgol Bro Gwaun,668,Pembrokeshire,Secondary,Community,EW,Dual language school / provision (Welsh and English) (including transitional),Secondary (ages 11-16),---,Heol Dyfed,Fishguard,Pembrokeshire,,SA65 9DT,01348872268,574,6684031,Ysgol Bro Gwaun,668,Sir Benfro,Cymuned,EW,Cyfrwng Saesneg yn bennaf ond â defnydd sylweddol or Gymraeg,Uwchradd (ystod oedran 11-16),---,Heol Dyfed,Fishguard,Pembrokeshire,,SA65 9DT,01348872268,574,608,POINT (-4.988189424101237 51.99641200445792)
maintained_schools_wg.609,200003245703,6684035,Ysgol Greenhill School,668,Pembrokeshire,Secondary,Community,EM,English medium school / provision,Secondary (ages 11-19),---,Heywood Lane,Tenby,Pembrokeshire,,SA70 8BN,01834840100,877,6684035,Ysgol Greenhill School,668,Sir Benfro,Cymuned,EM,Cyfrwng Saesneg,Uwchradd (ystod oedran 11-19),---,Heywood Lane,Tenby,Pembrokeshire,,SA70 8BN,01834840100,877,609,POINT (-4.713301412928051 51.673105417539226)
maintained_schools_wg.610,200003247252,6684038,Ysgol Harri Tudur / Henry Tudor School,668,Pembrokeshire,Secondary,Community,EM,English medium school / provision,Secondary (ages 11-19),---,Bush,Pembroke,Pembrokeshire,,SA71 4RL,01646682461,1152,6684038,Ysgol Harri Tudur / Henry Tudor School,668,Sir Benfro,Cymuned,EM,Cyfrwng Saesneg,Uwchradd (ystod oedran 11-19),---,Bush,Pembroke,Pembrokeshire,,SA71 4RL,01646682461,1152,610,POINT (-4.923173184098598 51.68535711090892)
maintained_schools_wg.611,200002961324,6684063,Milford Haven School,668,Pembrokeshire,Secondary,Community,EM,English medium school / provision,Secondary (ages 11-16),---,Steynton Road,Milford Haven,Pembrokeshire,,SA73 1AE,01646690021,1045,6684063,Milford Haven School,668,Sir Benfro,Cymuned,EM,Cyfrwng Saesneg,Uwchradd (ystod oedran 11-16),---,Steynton Road,Milford Haven,Pembrokeshire,,SA73 1AE,01646690021,1045,611,POINT (-5.023152529882918 51.724200739204015)
maintained_schools_wg.612,10090689355,6684512,Haverfordwest High VC School,668,Pembrokeshire,Secondary,Voluntary controlled,EM,English medium school / provision,Secondary (ages 11-19),---,Off Portfield Avenue,,,Haverfordwest,SA61 1EQ,01437774749,1699,6684512,Haverfordwest High VC School,668,Sir Benfro,Gwirfoddol a Reolir,EM,Cyfrwng Saesneg,Uwchradd (ystod oedran 11-19),---,Off Portfield Avenue,,,Haverfordwest,SA61 1EQ,01437774749,1699,612,POINT (-4.981451728234898 51.79751518934713)
maintained_schools_wg.613,10091645643,6685500,Ysgol Caer Elen,668,Pembrokeshire,Middle,Community,WM,Welsh medium school / provision (including transitional),Middle (ages 3-16),---,Withybush Road,,,Haverfordwest,SA62 4BN,01437808470,907,6685500,Ysgol Caer Elen,668,Sir Benfro,Cymuned,WM,Cyfrwng Cymraeg,Canol (ystod oedran 3-16),---,Withybush Road,,,Haverfordwest,SA62 4BN,01437808470,907,613,POINT (-4.959380507920083 51.818829177324524)
maintained_schools_wg.614,200003250181,6685501,Ysgol Bro Preseli,668,Pembrokeshire,Middle,Community,WM,Welsh medium school / provision (including transitional),Middle (ages 3-19),Not available,Crymych,Preseli,Sir Benfro,,SA41 3QH,01239831000,932,6685501,Ysgol Bro Preseli,668,Sir Benfro,Cymuned,WM,Cyfrwng Cymraeg,Canol (ystod oedran 3-19),Ddim ar gael,Crymych,Preseli,Sir Benfro,,SA41 3QH,01239831000,932,614,POINT (-4.646357265803622 51.97007035112739)
maintained_schools_wg.615,10013179176,6685900,Ysgol Penrhyn Dewi,668,Pembrokeshire,Middle,Voluntary aided,EM,English medium school / provision,Middle (ages 3-16),Church in Wales,St. Davids ,,,Haverfordwest,SA62 6QH,01437809200,606,6685900,Ysgol Penrhyn Dewi,668,Sir Benfro,Gwirfoddol a Gynorthwyir,EM,Cyfrwng Saesneg,Canol (ystod oedran 3-16),Eglwys yng Nghymru,St. Davids ,,,Haverfordwest,SA62 6QH,01437809200,606,615,POINT (-5.199812949863019 51.87594059327622)
maintained_schools_wg.616,100100994031,6692000,CEFNEITHIN,669,Carmarthenshire,Primary,Community,WM,Welsh medium school / provision (including transitional),"Nursery, Infants & Juniors",---,Heol Y Parc,Cefneithin,Llanelli,Carmarthenshire,SA14 7DE,01269842061,105,6692000,Ysgol Gynradd Gymraeg Cefneithin,669,Sir Gaerfyrddin,Cymuned,WM,Cyfrwng Cymraeg,"Iau, babanod a meithrin",---,Heol Y Parc,Cefneithin,Llanelli,Carmarthenshire,SA14 7DE,01269842061,105,616,POINT (-4.097597872613949 51.8043775722617)
maintained_schools_wg.617,10009172327,6692001,Ysgol Gynradd Gymraeg Drefach,669,Carmarthenshire,Primary,Community,WM,Welsh medium school / provision (including transitional),"Nursery, Infants & Juniors",---,Heol Blaenhirwaun,Drefach,Llanelli,Sir Gaerfyrddin,SA14 7AN,01269841564,45,6692001,DREFACH,669,Sir Gaerfyrddin,Cymuned,WM,Cyfrwng Cymraeg,"Iau, babanod a meithrin",---,Heol Blaenhirwaun,Drefach,Llanelli,Sir Gaerfyrddin,SA14 7AN,01269841564,45,617,POINT (-4.133107507196897 51.799170289479285)
maintained_schools_wg.618,200002956006,6692003,Ysgol Gymraeg Llechyfedach,669,Carmarthenshire,Primary,Community,WM,Welsh medium school / provision (including transitional),"Nursery, Infants & Juniors",---,Upper Tumble,Llanelli,Carmarthenshire,,SA14 6DT,01269841385,101,6692003,LLECHYFEDACH,669,Sir Gaerfyrddin,Cymuned,WM,Cyfrwng Cymraeg,"Iau, babanod a meithrin",---,Upper Tumble,Llanelli,Carmarthenshire,,SA14 6DT,01269841385,101,618,POINT (-4.107454146989364 51.787430364275295)
maintained_schools_wg.619,100101031416,6692006,Y TYMBL,669,Carmarthenshire,Primary,Community,WM,Welsh medium school / provision (including transitional),"Nursery, Infants & Juniors",---,Heol Y Neuadd,Y Tymbl,Llanelli,Carmarthenshire,SA14 6HR,01269841391,112,6692006,Y TYMBL,669,Sir Gaerfyrddin,Cymuned,WM,Cyfrwng Cymraeg,"Iau, babanod a meithrin",---,Heol Y Neuadd,Y Tymbl,Llanelli,Carmarthenshire,SA14 6HR,01269841391,112,619,POINT (-4.120340911628471 51.787971902855375)
maintained_schools_wg.620,10004856793,6692007,GORSLAS,669,Carmarthenshire,Primary,Community,WM,Welsh medium school / provision (including transitional),"Nursery, Infants & Juniors",---,Heol Y Llew Du,Gorslas,Llanelli,Sir Gaerfyrddin,SA14 6RS,01269842929,206,6692007,Ysgol Gynradd Gymraeg Gorslas,669,Sir Gaerfyrddin,Cymuned,WM,Cyfrwng Cymraeg,"Iau, babanod a meithrin",---,Heol Y Llew Du,Gorslas,Llanelli,Sir Gaerfyrddin,SA14 6RS,01269842929,206,620,POINT (-4.075633154358607 51.80303199376554)
maintained_schools_wg.621,200002956007,6692008,Ysgol Gynradd Gymraeg Cross Hands,669,Carmarthenshire,Primary,Community,WM,Welsh medium school / provision (including transitional),"Nursery, Infants & Juniors",---,Carmarthen Road,Cross Hands,Llanelli,Carmarthenshire,SA14 6SU,01269842764,127,6692008,CROSS HANDS,669,Sir Gaerfyrddin,Cymuned,WM,Cyfrwng Cymraeg,"Iau, babanod a meithrin",---,Carmarthen Road,Cross Hands,Llanelli,Carmarthenshire,SA14 6SU,01269842764,127,621,POINT (-4.090956002641968 51.797203081993274)
maintained_schools_wg.622,10004849848,6692009,LLANGAIN,669,Carmarthenshire,Primary,Community,WM,Welsh medium school / provision (including transitional),"Nursery, Infants & Juniors",---,Llangain,Carmarthenshire,,,SA33 5AE,01267241478,53,6692009,LLANGAIN,669,Sir Gaerfyrddin,Cymuned,WM,Cyfrwng Cymraeg,"Iau, babanod a meithrin",---,Llangain,Carmarthenshire,,,SA33 5AE,01267241478,53,622,POINT (-4.348292647086103 51.81656908527487)
maintained_schools_wg.623,10009168591,6692014,PENIEL,669,Carmarthenshire,Primary,Community,WM,Welsh medium school / provision (including transitional),"Nursery, Infants & Juniors",---,Peniel,Caerfyrddin,Sir Gaerfyrddin,,SA32 7AB,01267234296,112,6692014,PENIEL,669,Sir Gaerfyrddin,Cymuned,WM,Cyfrwng Cymraeg,"Iau, babanod a meithrin",---,Peniel,Caerfyrddin,Sir Gaerfyrddin,,SA32 7AB,01267234296,112,623,POINT (-4.272459237130721 51.894007896114054)
maintained_schools_wg.624,10009551370,6692018,BANCFFOSFELEN,669,Carmarthenshire,Primary,Community,WM,Welsh medium school / provision (including transitional),"Nursery, Infants & Juniors",---,Heol Bancffosfelen,Pontyberem,Llanelli,Caerfyrddin,SA15 5DR,01269870272,54,6692018,BANCFFOSFELEN,669,Sir Gaerfyrddin,Cymuned,WM,Cyfrwng Cymraeg,"Iau, babanod a meithrin",---,Heol Bancffosfelen,Pontyberem,Llanelli,Caerfyrddin,SA15 5DR,01269870272,54,624,POINT (-4.193584343169571 51.787742580083986)
maintained_schools_wg.625,200001853291,6692019,GWYNFRYN,669,Carmarthenshire,Primary,Community,WM,Welsh medium school / provision (including transitional),Infants & Juniors,---,Heol Y Meinciau,Pontyates,Llanelli,Caerfyrddin,SA15 5SN,01269860665,56,6692019,GWYNFRYN,669,Sir Gaerfyrddin,Cymuned,WM,Cyfrwng Cymraeg,Iau a babanod,---,Heol Y Meinciau,Pontyates,Llanelli,Caerfyrddin,SA15 5SN,01269860665,56,625,POINT (-4.224820184040304 51.76365311922424)
maintained_schools_wg.626,10009551371,6692020,CARWAY,669,Carmarthenshire,Primary,Community,WM,Welsh medium school / provision (including transitional),"Nursery, Infants & Juniors",---,Carway,Kidwelly,Carmarthenshire,,SA17 4HE,01269860565,59,6692020,CARWAY,669,Sir Gaerfyrddin,Cymuned,WM,Cyfrwng Cymraeg,"Iau, babanod a meithrin",---,Carway,Kidwelly,Carmarthenshire,,SA17 4HE,01269860565,59,626,POINT (-4.2315383182166935 51.736768026225114)
maintained_schools_wg.627,10004853344,6692023,PONTIETS,669,Carmarthenshire,Primary,Community,WM,Welsh medium school / provision (including transitional),Infants & Juniors,---,Heol Llanelli,Pontiets,Llanelli,Caerfyrddin,SA15 5UB,01269860412,24,6692023,PONTIETS,669,Sir Gaerfyrddin,Cymuned,WM,Cyfrwng Cymraeg,Iau a babanod,---,Heol Llanelli,Pontiets,Llanelli,Caerfyrddin,SA15 5UB,01269860412,24,627,POINT (-4.212743937753447 51.751997425720354)
maintained_schools_wg.628,200002956643,6692024,PONTHENRI,669,Carmarthenshire,Primary,Community,WM,Welsh medium school / provision (including transitional),Infants & Juniors,---,Heol Y Pentre,Ponthenri,Llanelli,Carmarthenshire,SA15 5NS,01269860632,64,6692024,PONTHENRI,669,Sir Gaerfyrddin,Cymuned,WM,Cyfrwng Cymraeg,Iau a babanod,---,Heol Y Pentre,Ponthenri,Llanelli,Carmarthenshire,SA15 5NS,01269860632,64,628,POINT (-4.203575988449695 51.76039800124796)
maintained_schools_wg.629,10004849250,6692034,BANCYFELIN,669,Carmarthenshire,Primary,Community,WM,Welsh medium school / provision (including transitional),"Nursery, Infants & Juniors",---,Bancyfelin,Carmarthenshire,,,SA33 5ND,01267211276,65,6692034,BANCYFELIN,669,Sir Gaerfyrddin,Cymuned,WM,Cyfrwng Cymraeg,"Iau, babanod a meithrin",---,Bancyfelin,Carmarthenshire,,,SA33 5ND,01267211276,65,629,POINT (-4.43242278342239 51.83707040336777)
maintained_schools_wg.630,10009164077,6692037,MEIDRIM,669,Carmarthenshire,Primary,Community,WM,Welsh medium school / provision (including transitional),Infants & Juniors,---,Meidrim,Carmarthenshire,,,SA33 5QN,01994230500,31,6692037,MEIDRIM,669,Sir Gaerfyrddin,Cymuned,WM,Cyfrwng Cymraeg,Iau a babanod,---,Meidrim,Carmarthenshire,,,SA33 5QN,01994230500,31,630,POINT (-4.478867073140519 51.85995718527942)
maintained_schools_wg.631,200001880369,6692042,SARON,669,Carmarthenshire,Primary,Community,WM,Welsh medium school / provision (including transitional),Infants & Juniors,---,Saron,Rhydaman,Sir Gaerfyrddin,,SA18 3LH,01269591686,220,6692042,SARON,669,Sir Gaerfyrddin,Cymuned,WM,Cyfrwng Cymraeg,Iau a babanod,---,Saron,Rhydaman,Sir Gaerfyrddin,,SA18 3LH,01269591686,220,631,POINT (-4.036244581929342 51.787723627042475)
maintained_schools_wg.632,10009551410,6692043,BETWS,669,Carmarthenshire,Primary,Community,WM,Welsh medium school / provision (including transitional),"Nursery, Infants & Juniors",---,Betws Road,Betws,Ammanford,Carmarthenshire,SA18 2HE,01269592986,83,6692043,BETWS,669,Sir Gaerfyrddin,Cymuned,WM,Cyfrwng Cymraeg,"Iau, babanod a meithrin",---,Betws Road,Betws,Ammanford,Carmarthenshire,SA18 2HE,01269592986,83,632,POINT (-3.9847300349589916 51.78713018960938)
maintained_schools_wg.633,200002957141,6692044,TY-CROES,669,Carmarthenshire,Primary,Community,EM,English medium school / provision,"Nursery, Infants & Juniors",---,Tycroes,Ammanford,Carmarthenshire,,SA18 3QD,01269593253,199,6692044,TY-CROES,669,Sir Gaerfyrddin,Cymuned,EM,Cyfrwng Saesneg,"Iau, babanod a meithrin",---,Tycroes,Ammanford,Carmarthenshire,,SA18 3QD,01269593253,199,633,POINT (-4.022424273510682 51.77633518516703)
maintained_schools_wg.634,10009551411,6692050,PARCYRHUN,669,Carmarthenshire,Primary,Community,DS,Dual language school / provision (Welsh and English) (including transitional),"Nursery, Infants & Juniors",---,Heol Villiers,Rhydaman,Caeryrddin,,SA18 3HB,01269593398,199,6692050,PARCYRHUN,669,Sir Gaerfyrddin,Cymuned,DS,Ddwy ffrwd,"Iau, babanod a meithrin",---,Heol Villiers,Rhydaman,Caeryrddin,,SA18 3HB,01269593398,199,634,POINT (-3.9951695643324996 51.788113423198354)
maintained_schools_wg.635,10009551412,6692052,BLAENAU,669,Carmarthenshire,Primary,Community,WM,Welsh medium school / provision (including transitional),Infants & Juniors,---,Blaenau,Rhydaman,Caerfyrddin,,SA18 3BQ,01269850583,39,6692052,BLAENAU,669,Sir Gaerfyrddin,Cymuned,WM,Cyfrwng Cymraeg,Iau a babanod,---,Blaenau,Rhydaman,Caerfyrddin,,SA18 3BQ,01269850583,39,635,POINT (-4.023170269404625 51.80498988732107)
maintained_schools_wg.636,10004858126,6692057,LLANEDI,669,Carmarthenshire,Primary,Community,EW,Dual language school / provision (Welsh and English) (including transitional),Infants & Juniors,---,Heol Ebeneser,Llanedy,Pontardulais,Abertawe,SA4 0FB,01792882824,21,6692057,LLANEDI,669,Sir Gaerfyrddin,Cymuned,EW,Cyfrwng Saesneg yn bennaf ond â defnydd sylweddol or Gymraeg,Iau a babanod,---,Heol Ebeneser,Llanedy,Pontardulais,Abertawe,SA4 0FB,01792882824,21,636,POINT (-4.051026899495754 51.74856545797464)
maintained_schools_wg.637,200002957212,6692061,FFAIRFACH,669,Carmarthenshire,Primary,Community,WM,Welsh medium school / provision (including transitional),"Nursery, Infants & Juniors",---,Heol Bethlehem,Ffairfach,Llandeilo,Sir Gaerfyrddin,SA19 6SY,01558822796,69,6692061,FFAIRFACH,669,Sir Gaerfyrddin,Cymuned,WM,Cyfrwng Cymraeg,"Iau, babanod a meithrin",---,Heol Bethlehem,Ffairfach,Llandeilo,Sir Gaerfyrddin,SA19 6SY,01558822796,69,637,POINT (-3.9919388678608945 51.875311955279244)
maintained_schools_wg.638,10009545983,6692065,TALLEY,669,Carmarthenshire,Primary,Community,WM,Welsh medium school / provision (including transitional),"Nursery, Infants & Juniors",---,Talley,Llandeilo,Carmarthenshire,,SA19 7YH,01558685356,59,6692065,TALLEY,669,Sir Gaerfyrddin,Cymuned,WM,Cyfrwng Cymraeg,"Iau, babanod a meithrin",---,Talley,Llandeilo,Carmarthenshire,,SA19 7YH,01558685356,59,638,POINT (-3.9815027660981266 51.97385959287316)
maintained_schools_wg.639,10009543376,6692067,CWRT HENRI,669,Carmarthenshire,Primary,Community,WM,Welsh medium school / provision (including transitional),"Nursery, Infants & Juniors",---,Dryslwyn,Caerfyrddin,Sir Gaerfyrddin,,SA32 8RX,01558668588,35,6692067,CWRT HENRI,669,Sir Gaerfyrddin,Cymuned,WM,Cyfrwng Cymraeg,"Iau, babanod a meithrin",---,Dryslwyn,Caerfyrddin,Sir Gaerfyrddin,,SA32 8RX,01558668588,35,639,POINT (-4.099888268652814 51.88698542593354)
maintained_schools_wg.640,10009547033,6692080,LLANGADOG,669,Carmarthenshire,Primary,Community,WM,Welsh medium school / provision (including transitional),"Nursery, Infants & Juniors",---,Llangadog,Carmarthenshire,,,SA19 9HP,01550777519,103,6692080,LLANGADOG,669,Sir Gaerfyrddin,Cymuned,WM,Cyfrwng Cymraeg,"Iau, babanod a meithrin",---,Llangadog,Carmarthenshire,,,SA19 9HP,01550777519,103,640,POINT (-3.878485951560173 51.938567036527196)
maintained_schools_wg.641,10095357629,6692084,RHYS PRICHARD,669,Carmarthenshire,Primary,Community,WM,Welsh medium school / provision (including transitional),"Nursery, Infants & Juniors",---,Llanfair Road,Llandovery,Carmarthenshire,,SA20 0HY,01550720736,212,6692084,RHYS PRICHARD,669,Sir Gaerfyrddin,Cymuned,WM,Cyfrwng Cymraeg,"Iau, babanod a meithrin",---,Llanfair Road,Llandovery,Carmarthenshire,,SA20 0HY,01550720736,212,641,POINT (-3.799195239840959 51.9977856426974)
maintained_schools_wg.642,10009551413,6692098,LLYS HYWEL,669,Carmarthenshire,Primary,Community,DS,Dual language school / provision (Welsh and English) (including transitional),Infants & Juniors,---,Stryd Y Farchnad,Hendy Gwyn Ar Daf,Caerfyrddin,,SA34 0QB,01994240238,135,6692098,LLYS HYWEL,669,Sir Gaerfyrddin,Cymuned,DS,Ddwy ffrwd,Iau a babanod,---,Stryd Y Farchnad,Hendy Gwyn Ar Daf,Caerfyrddin,,SA34 0QB,01994240238,135,642,POINT (-4.61059798363589 51.81944368506109)
maintained_schools_wg.643,10009165780,6692104,BRYNSARON,669,Carmarthenshire,Primary,Community,WM,Welsh medium school / provision (including transitional),Infants & Juniors,---,Saron,Llandysul,Carmarthenshire,,SA44 5EB,01559370575,51,6692104,BRYNSARON,669,Sir Gaerfyrddin,Cymuned,WM,Cyfrwng Cymraeg,Iau a babanod,---,Saron,Llandysul,Carmarthenshire,,SA44 5EB,01559370575,51,643,POINT (-4.362553046786342 52.00370820086609)
maintained_schools_wg.644,10009167950,6692109,LLANPUMSAINT,669,Carmarthenshire,Primary,Community,WM,Welsh medium school / provision (including transitional),Infants & Juniors,---,Llanpumsaint,Carmarthen,Carmarthenshire,,SA33 6BY,01267253446,33,6692109,LLANPUMSAINT,669,Sir Gaerfyrddin,Cymuned,WM,Cyfrwng Cymraeg,Iau a babanod,---,Llanpumsaint,Carmarthen,Carmarthenshire,,SA33 6BY,01267253446,33,644,POINT (-4.301028458000364 51.93733932863808)
maintained_schools_wg.645,10009168078,6692112,MYNYDDYGARREG,669,Carmarthenshire,Primary,Community,WM,Welsh medium school / provision (including transitional),Infants & Juniors,---,Mynyddygarreg,Kidwelly,Carmarthenshire,,SA17 4RL,01554890506,28,6692112,MYNYDDYGARREG,669,Sir Gaerfyrddin,Cymuned,WM,Cyfrwng Cymraeg,Iau a babanod,---,Mynyddygarreg,Kidwelly,Carmarthenshire,,SA17 4RL,01554890506,28,645,POINT (-4.27738552126465 51.74868470824393)
maintained_schools_wg.646,200002958224,6692114,JOHNSTOWN,669,Carmarthenshire,Primary,Community,EM,English medium school / provision,"Nursery, Infants & Juniors",---,Salem Road,Johnstown,Carmarthen,Carmarthenshire,SA31 3HS,01267236653,443,6692114,JOHNSTOWN,669,Sir Gaerfyrddin,Cymuned,EM,Cyfrwng Saesneg,"Iau, babanod a meithrin",---,Salem Road,Johnstown,Carmarthen,Carmarthenshire,SA31 3HS,01267236653,443,646,POINT (-4.327798980008607 51.85105908734044)
maintained_schools_wg.647,200001853319,6692116,Y DDERWEN,669,Carmarthenshire,Primary,Community,WM,Welsh medium school / provision (including transitional),"Nursery, Infants & Juniors",---,Heol Spurrell,Caerfyrddin,Sir Gaerfyrddin,,SA31 1TG,01267235598,358,6692116,Y DDERWEN,669,Sir Gaerfyrddin,Cymuned,WM,Cyfrwng Cymraeg,"Iau, babanod a meithrin",---,Heol Spurrell,Caerfyrddin,Sir Gaerfyrddin,,SA31 1TG,01267235598,358,647,POINT (-4.313743569106986 51.86097665668307)
maintained_schools_wg.648,10009163422,6692119,LLANMILOE,669,Carmarthenshire,Primary,Community,EM,English medium school / provision,Infants & Juniors,---,Llanmiloe,Pendine,Carmarthenshire,,SA33 4TU,01994453217,59,6692119,LLANMILOE,669,Sir Gaerfyrddin,Cymuned,EM,Cyfrwng Saesneg,Iau a babanod,---,Llanmiloe,Pendine,Carmarthenshire,,SA33 4TU,01994453217,59,648,POINT (-4.525537538368259 51.75283814622383)
maintained_schools_wg.649,10009172497,6692120,BRYN,669,Carmarthenshire,Primary,Community,EM,English medium school / provision,"Nursery, Infants & Juniors",---,Gelli Road,Bryn,Llanelli,Carmarthenshire,SA14 9TT,01554821124,222,6692120,BRYN,669,Sir Gaerfyrddin,Cymuned,EM,Cyfrwng Saesneg,"Iau, babanod a meithrin",---,Gelli Road,Bryn,Llanelli,Carmarthenshire,SA14 9TT,01554821124,222,649,POINT (-4.110346019364767 51.685225003774875)
maintained_schools_wg.650,100100998824,6692121,BYNEA,669,Carmarthenshire,Primary,Community,EM,English medium school / provision,"Nursery, Infants & Juniors",---,Saron Road,Bynea,Llanelli,,SA14 9LT,01554750329,202,6692121,BYNEA,669,Sir Gaerfyrddin,Cymuned,EM,Cyfrwng Saesneg,"Iau, babanod a meithrin",---,Saron Road,Bynea,Llanelli,,SA14 9LT,01554750329,202,650,POINT (-4.1028220459831655 51.67531375434107)
maintained_schools_wg.651,200001853267,6692123,DAFEN,669,Carmarthenshire,Primary,Community,EM,English medium school / provision,"Nursery, Infants & Juniors",---,Lon-Yr-Ysgol,Dafen,Llanelli,Carmarthenshire,SA14 8LL,01554773290,102,6692123,DAFEN,669,Sir Gaerfyrddin,Cymuned,EM,Cyfrwng Saesneg,"Iau, babanod a meithrin",---,Lon-Yr-Ysgol,Dafen,Llanelli,Carmarthenshire,SA14 8LL,01554773290,102,651,POINT (-4.137300603329915 51.690284347533336)
maintained_schools_wg.652,10009170039,6692128,PUM HEOL,669,Carmarthenshire,Primary,Community,WM,Welsh medium school / provision (including transitional),Infants & Juniors,---,Heol Hen,Llanelli,Sir Gaerfyrddin,,SA15 5EZ,01269860498,77,6692128,PUM HEOL,669,Sir Gaerfyrddin,Cymuned,WM,Cyfrwng Cymraeg,Iau a babanod,---,Heol Hen,Llanelli,Sir Gaerfyrddin,,SA15 5EZ,01269860498,77,652,POINT (-4.189752382622426 51.728232607412146)
maintained_schools_wg.653,10004857863,6692131,HENDY,669,Carmarthenshire,Primary,Community,DS,Dual language school / provision (Welsh and English) (including transitional),"Nursery, Infants & Juniors",---,Iscoed Road,Hendy,Pontardulais,Carmarthenshire,SA4 0XD,01792882940,187,6692131,HENDY,669,Sir Gaerfyrddin,Cymuned,DS,Ddwy ffrwd,"Iau, babanod a meithrin",---,Iscoed Road,Hendy,Pontardulais,Carmarthenshire,SA4 0XD,01792882940,187,653,POINT (-4.050260286721999 51.7143625913048)
maintained_schools_wg.654,10092964672,6692135,FFWRNES,669,Carmarthenshire,Primary,Community,WM,Welsh medium school / provision (including transitional),Infants & Juniors,---,Rhodfa Denham,Llanelli,Carmarthenshire,,SA15 4DD,01554758589,468,6692135,FFWRNES,669,Sir Gaerfyrddin,Cymuned,WM,Cyfrwng Cymraeg,Iau a babanod,---,Rhodfa Denham,Llanelli,Carmarthenshire,,SA15 4DD,01554758589,468,654,POINT (-4.1758224266477555 51.68942124489136)
maintained_schools_wg.655,200002956489,6692159,OLD ROAD,669,Carmarthenshire,Primary,Community,EM,English medium school / provision,"Nursery, Infants & Juniors",---,Old Road,Llanelli,Carmarthenshire,,SA15 3HW,01554773822,116,6692159,OLD ROAD,669,Sir Gaerfyrddin,Cymuned,EM,Cyfrwng Saesneg,"Iau, babanod a meithrin",---,Old Road,Llanelli,Carmarthenshire,,SA15 3HW,01554773822,116,655,POINT (-4.162205982069706 51.687040635023635)
maintained_schools_wg.656,10009165036,6692166,LLANSTEFFAN,669,Carmarthenshire,Primary,Community,WM,Welsh medium school / provision (including transitional),"Nursery, Infants & Juniors",---,Llanstephan,Carmarthenshire,,,SA33 5LN,01267241479,8,6692166,LLANSTEFFAN,669,Sir Gaerfyrddin,Cymuned,WM,Cyfrwng Cymraeg,"Iau, babanod a meithrin",---,Llanstephan,Carmarthenshire,,,SA33 5LN,01267241479,8,656,POINT (-4.389226595661306 51.771076630468805)
maintained_schools_wg.657,10004855990,6692167,LLANNON,669,Carmarthenshire,Primary,Community,WM,Welsh medium school / provision (including transitional),"Nursery, Infants & Juniors",---,Heol Y Nant,Llannon,Llanelli,Sir Gaerfyrddin,SA14 6AE,01269841563,91,6692167,LLANNON,669,Sir Gaerfyrddin,Cymuned,WM,Cyfrwng Cymraeg,"Iau, babanod a meithrin",---,Heol Y Nant,Llannon,Llanelli,Sir Gaerfyrddin,SA14 6AE,01269841563,91,657,POINT (-4.113734945389493 51.75864056390743)
maintained_schools_wg.658,200002956276,6692168,BRYNSIERFEL,669,Carmarthenshire,Primary,Community,WM,Welsh medium school / provision (including transitional),"Nursery, Infants & Juniors",---,Cefncaeau,Llwynhendy,Llanelli,Sir Gaerfyrddin,SA14 9HD,01554758582,206,6692168,BRYNSIERFEL,669,Sir Gaerfyrddin,Cymuned,WM,Cyfrwng Cymraeg,"Iau, babanod a meithrin",---,Cefncaeau,Llwynhendy,Llanelli,Sir Gaerfyrddin,SA14 9HD,01554758582,206,658,POINT (-4.117846171601564 51.681905049769625)
maintained_schools_wg.659,10009551433,6692169,BRYNAMAN,669,Carmarthenshire,Primary,Community,WM,Welsh medium school / provision (including transitional),"Nursery, Infants & Juniors",---,Brynceunant,Brynamman,Ammanford,Carmarthenshire,SA18 1AH,01269822108,269,6692169,BRYNAMAN,669,Sir Gaerfyrddin,Cymuned,WM,Cyfrwng Cymraeg,"Iau, babanod a meithrin",---,Brynceunant,Brynamman,Ammanford,Carmarthenshire,SA18 1AH,01269822108,269,659,POINT (-3.8614394652618405 51.814172706163404)
maintained_schools_wg.660,200002957838,6692171,MYRDDIN COMMUNITY PRIMARY SCHOOL,669,Carmarthenshire,Primary,Community,EM,English medium school / provision,"Nursery, Infants & Juniors",---,Heol Disgwylfa,Carmarthen,Carmarthenshire,,SA31 1TE,01267232626,102,6692171,MYRDDIN,669,Sir Gaerfyrddin,Cymuned,EM,Cyfrwng Saesneg,"Iau, babanod a meithrin",---,Heol Disgwylfa,Carmarthen,Carmarthenshire,,SA31 1TE,01267232626,102,660,POINT (-4.313083541757893 51.86170006165232)
maintained_schools_wg.661,200002958027,6692173,LLANGUNNOR,669,Carmarthenshire,Primary,Community,DS,Dual language school / provision (Welsh and English) (including transitional),"Nursery, Infants & Juniors",---,Penymorfa Lane,Pensarn,Llangunnor,Carmarthenshire,SA31 2NN,01267237841,318,6692173,LLANGUNNOR,669,Sir Gaerfyrddin,Cymuned,DS,Ddwy ffrwd,"Iau, babanod a meithrin",---,Penymorfa Lane,Pensarn,Llangunnor,Carmarthenshire,SA31 2NN,01267237841,318,661,POINT (-4.3013869603818105 51.85023016685277)
maintained_schools_wg.662,200001515841,6692175,TRIMSARAN,669,Carmarthenshire,Primary,Community,WM,Welsh medium school / provision (including transitional),"Nursery, Infants & Juniors",---,Heol Llanelli,Trimsaran,Kidwelly,Carmarthenshire,SA17 4BE,01554810670,194,6692175,TRIMSARAN,669,Sir Gaerfyrddin,Cymuned,WM,Cyfrwng Cymraeg,"Iau, babanod a meithrin",---,Heol Llanelli,Trimsaran,Kidwelly,Carmarthenshire,SA17 4BE,01554810670,194,662,POINT (-4.241148988466475 51.717871753051135)
maintained_schools_wg.663,10009551434,6692176,SWISS VALLEY,669,Carmarthenshire,Primary,Community,EW,Dual language school / provision (Welsh and English) (including transitional),"Nursery, Infants & Juniors",---,"Heol Beili Glas, Swiss Valley",Felinfoel,Llanelli,Carmarthenshire,SA14 8DS,01554774063,244,6692176,SWISS VALLEY,669,Sir Gaerfyrddin,Cymuned,EW,Cyfrwng Saesneg yn bennaf ond â defnydd sylweddol or Gymraeg,"Iau, babanod a meithrin",---,"Heol Beili Glas, Swiss Valley",Felinfoel,Llanelli,Carmarthenshire,SA14 8DS,01554774063,244,663,POINT (-4.137036416447748 51.70586434591566)
maintained_schools_wg.664,10092968123,6692177,PARC Y TYWYN,669,Carmarthenshire,Primary,Community,WM,Welsh medium school / provision (including transitional),"Nursery, Infants & Juniors",---,Heol Elfed,Burry Port,Carmarthenshire,,SA16 0AL,01554832101,267,6692177,PARC Y TYWYN,669,Sir Gaerfyrddin,Cymuned,WM,Cyfrwng Cymraeg,"Iau, babanod a meithrin",---,Heol Elfed,Burry Port,Carmarthenshire,,SA16 0AL,01554832101,267,664,POINT (-4.240119648037344 51.6818479324657)
maintained_schools_wg.665,200001853300,6692178,PEMBREY,669,Carmarthenshire,Primary,Community,EM,English medium school / provision,"Nursery, Infants & Juniors",---,Ashburnham Road,Pembrey,Carmarthenshire,,SA16 0TP,01554832207,210,6692178,PEMBREY,669,Sir Gaerfyrddin,Cymuned,EM,Cyfrwng Saesneg,"Iau, babanod a meithrin",---,Ashburnham Road,Pembrey,Carmarthenshire,,SA16 0TP,01554832207,210,665,POINT (-4.272982153151028 51.68511278870632)
maintained_schools_wg.667,10009162524,6692180,BECA,669,Carmarthenshire,Primary,Community,WM,Welsh medium school / provision (including transitional),Infants & Juniors,---,Efailwen,Clunderwen,Sir Gaerfyrddin,,SA66 7UX,01994419423,46,6692180,BECA,669,Sir Gaerfyrddin,Cymuned,WM,Cyfrwng Cymraeg,Iau a babanod,---,Efailwen,Clunderwen,Sir Gaerfyrddin,,SA66 7UX,01994419423,46,667,POINT (-4.709561993409462 51.89595784447824)
maintained_schools_wg.668,10009551436,6692181,LLANDYBIE,669,Carmarthenshire,Primary,Community,TR,Welsh medium school / provision (including transitional),"Nursery, Infants & Juniors",---,Llandybie,Ammanford,Carmarthenshire,,SA18 3JB,01269850243,201,6692181,LLANDYBIE,669,Sir Gaerfyrddin,Cymuned,TR,Drawsnewidiol,"Iau, babanod a meithrin",---,Llandybie,Ammanford,Carmarthenshire,,SA18 3JB,01269850243,201,668,POINT (-4.01040436757246 51.82060372299327)
maintained_schools_wg.669,10009163994,6692182,HAFODWENOG,669,Carmarthenshire,Primary,Community,WM,Welsh medium school / provision (including transitional),Infants & Juniors,---,Trelech,Caerfyrddin,Sir Gaerfyrddin,,SA33 6RU,01944484427,42,6692182,HAFODWENOG,669,Sir Gaerfyrddin,Cymuned,WM,Cyfrwng Cymraeg,Iau a babanod,---,Trelech,Caerfyrddin,Sir Gaerfyrddin,,SA33 6RU,01944484427,42,669,POINT (-4.501700034112568 51.945950299050644)
maintained_schools_wg.670,10009545836,6692183,TEILO SANT,669,Carmarthenshire,Primary,Community,WM,Welsh medium school / provision (including transitional),"Nursery, Infants & Juniors",---,Stryd Rhosmaen,Llandeilo,Sir Gaerfyrddin,,SA19 6LU,01558823489,161,6692183,TEILO SANT,669,Sir Gaerfyrddin,Cymuned,WM,Cyfrwng Cymraeg,"Iau, babanod a meithrin",---,Stryd Rhosmaen,Llandeilo,Sir Gaerfyrddin,,SA19 6LU,01558823489,161,670,POINT (-3.990201333015885 51.88728296424253)
maintained_schools_wg.671,10009172008,6692184,LLANYBYDDER,669,Carmarthenshire,Primary,Community,WM,Welsh medium school / provision (including transitional),"Nursery, Infants & Juniors",---,Llanybydder,Carmarthenshire,,,SA40 9RN,01570480639,58,6692184,LLANYBYDDER,669,Sir Gaerfyrddin,Cymuned,WM,Cyfrwng Cymraeg,"Iau, babanod a meithrin",---,Llanybydder,Carmarthenshire,,,SA40 9RN,01570480639,58,671,POINT (-4.148679349764899 52.072396574587735)
maintained_schools_wg.672,10009545841,6692185,LLANDEILO,669,Carmarthenshire,Primary,Community,EM,English medium school / provision,"Nursery, Infants & Juniors",---,20 Rhosmaen Street,Llandeilo,Carmarthenshire,,SA19 6LU,01558822498,212,6692185,LLANDEILO,669,Sir Gaerfyrddin,Cymuned,EM,Cyfrwng Saesneg,"Iau, babanod a meithrin",---,20 Rhosmaen Street,Llandeilo,Carmarthenshire,,SA19 6LU,01558822498,212,672,POINT (-3.990381990427129 51.886767354392724)
maintained_schools_wg.673,10009165687,6692187,CYNWYL ELFED,669,Carmarthenshire,Primary,Community,WM,Welsh medium school / provision (including transitional),Infants & Juniors,---,Stryd Y Meddyg,Cynwyl Elfed,Caerfyrddin,Sir Gaerfyrddin,SA33 6TR,01267281407,42,6692187,CYNWYL ELFED,669,Sir Gaerfyrddin,Cymuned,WM,Cyfrwng Cymraeg,Iau a babanod,---,Stryd Y Meddyg,Cynwyl Elfed,Caerfyrddin,Sir Gaerfyrddin,SA33 6TR,01267281407,42,673,POINT (-4.3689822374543485 51.92375172582101)
maintained_schools_wg.674,200002956211,6692188,HALFWAY,669,Carmarthenshire,Primary,Community,EM,English medium school / provision,"Nursery, Infants & Juniors",---,Havard Road,Llanelli,Carmarthenshire,,SA14 8SA,01554758601,221,6692188,HALFWAY,669,Sir Gaerfyrddin,Cymuned,EM,Cyfrwng Saesneg,"Iau, babanod a meithrin",---,Havard Road,Llanelli,Carmarthenshire,,SA14 8SA,01554758601,221,674,POINT (-4.137609069594328 51.68485618323)
maintained_schools_wg.675,200001853280,6692189,PWLL,669,Carmarthenshire,Primary,Community,EM,English medium school / provision,"Nursery, Infants & Juniors",---,School Road,Pwll,Llanelli,,SA15 4AL,01554773962,73,6692189,PWLL,669,Sir Gaerfyrddin,Cymuned,EM,Cyfrwng Saesneg,"Iau, babanod a meithrin",---,School Road,Pwll,Llanelli,,SA15 4AL,01554773962,73,675,POINT (-4.205101378844523 51.688491026064945)
maintained_schools_wg.676,200002956229,6692190,PENYGAER,669,Carmarthenshire,Primary,Community,EM,English medium school / provision,"Nursery, Infants & Juniors",---,Bryndulais Avenue,Llanelli,Carmarthenshire,,SA14 8RS,01554750900,166,6692190,PENYGAER,669,Sir Gaerfyrddin,Cymuned,EM,Cyfrwng Saesneg,"Iau, babanod a meithrin",---,Bryndulais Avenue,Llanelli,Carmarthenshire,,SA14 8RS,01554750900,166,676,POINT (-4.147067102308765 51.68845152001325)
maintained_schools_wg.677,10009551437,6692192,Y CASTELL,669,Carmarthenshire,Primary,Community,EM,English medium school / provision,"Nursery, Infants & Juniors",---,Priory Street,Kidwelly,Carmarthenshire,,SA17 4TR,01554890762,218,6692192,Y CASTELL,669,Sir Gaerfyrddin,Cymuned,EM,Cyfrwng Saesneg,"Iau, babanod a meithrin",---,Priory Street,Kidwelly,Carmarthenshire,,SA17 4TR,01554890762,218,677,POINT (-4.299715590618825 51.73793495077683)
maintained_schools_wg.678,200002956077,6692193,Ysgol Gymraeg Penygroes,669,Carmarthenshire,Primary,Community,WM,Welsh medium school / provision (including transitional),Infants & Juniors,---,Waterloo Road,Penygroes,Llanelli,Carmarthenshire,SA14 7NT,01269844477,166,6692193,PENYGROES,669,Sir Gaerfyrddin,Cymuned,WM,Cyfrwng Cymraeg,Iau a babanod,---,Waterloo Road,Penygroes,Llanelli,Carmarthenshire,SA14 7NT,01269844477,166,678,POINT (-4.049557203282315 51.80087283222364)
maintained_schools_wg.679,10004853796,6692194,NANTGAREDIG,669,Carmarthenshire,Primary,Community,WM,Welsh medium school / provision (including transitional),"Nursery, Infants & Juniors",---,Heol Yr Osaf,Nantgaredig,Sir Gaerfyrddin,,SA32 7LG,01267290444,233,6692194,NANTGAREDIG,669,Sir Gaerfyrddin,Cymuned,WM,Cyfrwng Cymraeg,"Iau, babanod a meithrin",---,Heol Yr Osaf,Nantgaredig,Sir Gaerfyrddin,,SA32 7LG,01267290444,233,679,POINT (-4.190084634932236 51.87167194234367)
maintained_schools_wg.680,200001890631,6692370,GWENLLIAN,669,Carmarthenshire,Primary,Community,WM,Welsh medium school / provision (including transitional),"Nursery, Infants & Juniors",---,Cydweli,Sir Gaerfyrddin,,,SA17 4UT,01554890523,123,6692370,GWENLLIAN,669,Sir Gaerfyrddin,Cymuned,WM,Cyfrwng Cymraeg,"Iau, babanod a meithrin",---,Cydweli,Sir Gaerfyrddin,,,SA17 4UT,01554890523,123,680,POINT (-4.310514505437998 51.735537767624386)
maintained_schools_wg.681,10004854382,6692371,DEWI SANT,669,Carmarthenshire,Primary,Community,WM,Welsh medium school / provision (including transitional),"Nursery, Infants & Juniors",---,Rhodfa Bryndulais,Llanelli,Carmarthenshire,,SA14 8RS,01554750081,445,6692371,DEWI SANT,669,Sir Gaerfyrddin,Cymuned,WM,Cyfrwng Cymraeg,"Iau, babanod a meithrin",---,Rhodfa Bryndulais,Llanelli,Carmarthenshire,,SA14 8RS,01554750081,445,681,POINT (-4.146415744212326 51.68875119324935)
maintained_schools_wg.682,10009170822,6692373,YSGOL GYNRADD PONTYBEREM,669,Carmarthenshire,Primary,Community,WM,Welsh medium school / provision (including transitional),"Nursery, Infants & Juniors",---,Heol Y Felin,Pontyberem,Llanelli,Carmarthenshire,SA15 5EB,01269870306,227,6692373,YSGOL GYNRADD PONTYBEREM,669,Sir Gaerfyrddin,Cymuned,WM,Cyfrwng Cymraeg,"Iau, babanod a meithrin",---,Heol Y Felin,Pontyberem,Llanelli,Carmarthenshire,SA15 5EB,01269870306,227,682,POINT (-4.175403884727981 51.77906102693175)
maintained_schools_wg.683,200002956406,6692374,BIGYN,669,Carmarthenshire,Primary,Community,EM,English medium school / provision,"Nursery, Infants & Juniors",---,Bigyn Park Terrace,Bigyn,Llanelli,Carmarthenshire,SA15 1DH,01554771817,183,6692374,BIGYN,669,Sir Gaerfyrddin,Cymuned,EM,Cyfrwng Saesneg,"Iau, babanod a meithrin",---,Bigyn Park Terrace,Bigyn,Llanelli,Carmarthenshire,SA15 1DH,01554771817,183,683,POINT (-4.155388200612342 51.67746166203891)
maintained_schools_wg.684,200001853273,6692375,STEBONHEATH,669,Carmarthenshire,Primary,Community,EM,English medium school / provision,"Nursery, Infants & Juniors",---,Marble Hall Road,Llanelli,Carmarthenshire,,SA15 1NB,01554758603,276,6692375,STEBONHEATH,669,Sir Gaerfyrddin,Cymuned,EM,Cyfrwng Saesneg,"Iau, babanod a meithrin",---,Marble Hall Road,Llanelli,Carmarthenshire,,SA15 1NB,01554758603,276,684,POINT (-4.14860539272457 51.68157332913555)
maintained_schools_wg.685,10009164383,6692379,Y DDWYLAN,669,Carmarthenshire,Primary,Community,DS,Dual language school / provision (Welsh and English) (including transitional),Infants & Juniors,---,New Road,Newcastle Emlyn,Carmarthenshire,,SA38 9BA,01239710671,253,6692379,Y DDWYLAN,669,Sir Gaerfyrddin,Cymuned,DS,Ddwy ffrwd,Iau a babanod,---,New Road,Newcastle Emlyn,Carmarthenshire,,SA38 9BA,01239710671,253,685,POINT (-4.472030059920669 52.038492052988616)
maintained_schools_wg.686,200002957931,6692380,RICHMOND PARK,669,Carmarthenshire,Primary,Community,EM,English medium school / provision,"Nursery, Infants & Juniors",---,Priory Street,Carmarthen,Carmarthenshire,,SA31 1NB,01267235001,217,6692380,RICHMOND PARK,669,Sir Gaerfyrddin,Cymuned,EM,Cyfrwng Saesneg,"Iau, babanod a meithrin",---,Priory Street,Carmarthen,Carmarthenshire,,SA31 1NB,01267235001,217,686,POINT (-4.300778539455885 51.8605026667323)
maintained_schools_wg.687,200002958281,6692384,GRIFFITH JONES,669,Carmarthenshire,Primary,Community,DS,Dual language school / provision (Welsh and English) (including transitional),"Nursery, Infants & Juniors",---,Heol Yr Orsaf,San Cler,Sir Gaerfyrddin,,SA33 4BT,01994230589,297,6692384,GRIFFITH JONES,669,Sir Gaerfyrddin,Cymuned,DS,Ddwy ffrwd,"Iau, babanod a meithrin",---,Heol Yr Orsaf,San Cler,Sir Gaerfyrddin,,SA33 4BT,01994230589,297,687,POINT (-4.489501174899145 51.823635993681386)
maintained_schools_wg.688,10009169388,6692385,YSGOL Y FRO,669,Carmarthenshire,Primary,Community,WM,Welsh medium school / provision (including transitional),Infants & Juniors,---,Llangyndeyrn,Kidwelly,Sir Gaerfyrddin,,SA17 5BW,01269870573,15,6692385,YSGOL Y FRO,669,Sir Gaerfyrddin,Cymuned,WM,Cyfrwng Cymraeg,Iau a babanod,---,Llangyndeyrn,Kidwelly,Sir Gaerfyrddin,,SA17 5BW,01269870573,15,688,POINT (-4.24357458678442 51.80367791912662)
maintained_schools_wg.689,10092965716,6692386,CARREG HIRFAEN,669,Carmarthenshire,Primary,Community,WM,Welsh medium school / provision (including transitional),"Nursery, Infants & Juniors",---,Cwmann,Lampeter,Sir Gaerfyrddin,,SA48 8ET,01570422391,164,6692386,CARREG HIRFAEN,669,Sir Gaerfyrddin,Cymuned,WM,Cyfrwng Cymraeg,"Iau, babanod a meithrin",---,Cwmann,Lampeter,Sir Gaerfyrddin,,SA48 8ET,01570422391,164,689,POINT (-4.062148655233833 52.099780310084014)
maintained_schools_wg.690,10009169159,6692387,CAE'R FELIN,669,Carmarthenshire,Primary,Community,WM,Welsh medium school / provision (including transitional),"Nursery, Infants & Juniors",---,Pencader,Carmarthen,,,SA39 9AA,01559389151,104,6692387,CAE'R FELIN,669,Sir Gaerfyrddin,Cymuned,WM,Cyfrwng Cymraeg,"Iau, babanod a meithrin",---,Pencader,Carmarthen,,,SA39 9AA,01559389151,104,690,POINT (-4.26373053576976 52.002691412407245)
maintained_schools_wg.691,10009551439,6692388,Y BEDOL,669,Carmarthenshire,Primary,Community,WM,Welsh medium school / provision (including transitional),"Nursery, Infants & Juniors",---,Cwmamman Road,Glanamman,Ammanford,,SA18 2GB,01269824048,299,6692388,Y BEDOL,669,Sir Gaerfyrddin,Cymuned,WM,Cyfrwng Cymraeg,"Iau, babanod a meithrin",---,Cwmamman Road,Glanamman,Ammanford,,SA18 2GB,01269824048,299,691,POINT (-3.905132309226056 51.805109992791465)
maintained_schools_wg.692,10009163078,6692389,BRO BRYNACH,669,Carmarthenshire,Primary,Community,WM,Welsh medium school / provision (including transitional),"Nursery, Infants & Juniors",---,Llanboidy,Hendy-gwyn ar daf,Caerfyrddin,Sir Gaerfyrddin,SA34 0EL,01994448268,90,6692389,BRO BRYNACH,669,Sir Gaerfyrddin,Cymuned,WM,Cyfrwng Cymraeg,"Iau, babanod a meithrin",---,Llanboidy,Hendy-gwyn ar daf,Caerfyrddin,Sir Gaerfyrddin,SA34 0EL,01994448268,90,692,POINT (-4.594243416714647 51.87961942853899)
maintained_schools_wg.693,10009551415,6692390,BRYN TEG,669,Carmarthenshire,Primary,Community,EM,English medium school / provision,"Nursery, Infants & Juniors",---,Llwynhendy,Llanelli,Carmarthenshire,,SA14 9ET,01554776168,249,6692390,BRYN TEG,669,Sir Gaerfyrddin,Cymuned,EM,Cyfrwng Saesneg,"Iau, babanod a meithrin",---,Llwynhendy,Llanelli,Carmarthenshire,,SA14 9ET,01554776168,249,693,POINT (-4.117548855652812 51.68023050480337)
maintained_schools_wg.694,10004854921,6692391,Y FELIN,669,Carmarthenshire,Primary,Community,DS,Welsh medium school / provision (including transitional),Infants & Juniors,---,Ynyswen,Felinfoel,Llanelli,,SA14 8BE,01554774855,218,6692391,Y FELIN,669,Sir Gaerfyrddin,Cymuned,DS,Ddwy ffrwd,Iau a babanod,---,Ynyswen,Felinfoel,Llanelli,,SA14 8BE,01554774855,218,694,POINT (-4.140111258695143 51.69526901661334)
maintained_schools_wg.695,10004860950,6692392,BRO BANW,669,Carmarthenshire,Primary,Community,DS,Dual language school / provision (Welsh and English) (including transitional),Infants & Juniors,---,High Street,Ammanford,Carmarthenshire,,SA18 2NS,01269592481,441,6692392,BRO BANW,669,Sir Gaerfyrddin,Cymuned,DS,Ddwy ffrwd,Iau a babanod,---,High Street,Ammanford,Carmarthenshire,,SA18 2NS,01269592481,441,695,POINT (-3.979065144658991 51.79584032021218)
maintained_schools_wg.696,10024325572,6692393,MAES Y MORFA,669,Carmarthenshire,Primary,Community,EM,English medium school / provision,"Nursery, Infants & Juniors",---,Olive Street,Morfa,Llanelli,Carmarthenshire,SA15 2AP,01554772945,188,6692393,MAES Y MORFA,669,Sir Gaerfyrddin,Cymuned,EM,Cyfrwng Saesneg,"Iau, babanod a meithrin",---,Olive Street,Morfa,Llanelli,Carmarthenshire,SA15 2AP,01554772945,188,696,POINT (-4.145321245571504 51.670734929387955)
maintained_schools_wg.697,10009551438,6692394,BURRY PORT,669,Carmarthenshire,Primary,Community,EM,English medium school / provision,"Nursery, Infants & Juniors",---,Elkington Park,Burry Port,Carmarthenshire,,SA16 0AU,01554833460,190,6692394,BURRY PORT,669,Sir Gaerfyrddin,Cymuned,EM,Cyfrwng Saesneg,"Iau, babanod a meithrin",---,Elkington Park,Burry Port,Carmarthenshire,,SA16 0AU,01554833460,190,697,POINT (-4.24914560131334 51.68649549391141)
maintained_schools_wg.698,200002956466,6692395,PEN RHOS,669,Carmarthenshire,Primary,Community,DS,Dual language school / provision (Welsh and English) (including transitional),"Nursery, Infants & Juniors",---,Lakefield Road,LLANELLI,,,SA15 2TS,01554775778,429,6692395,PEN RHOS,669,Sir Gaerfyrddin,Cymuned,DS,Ddwy ffrwd,"Iau, babanod a meithrin",---,Lakefield Road,LLANELLI,,,SA15 2TS,01554775778,429,698,POINT (-4.162873380087238 51.67489337522978)
maintained_schools_wg.699,100101031370,6692396,YSGOL GYMRAEG LLANGENNECH,669,Carmarthenshire,Primary,Community,WM,Welsh medium school / provision (including transitional),"Nursery, Infants & Juniors",---,Llangennech,,,Llanelli,SA14 8YB,01554820284,407,6692396,YSGOL GYMRAEG LLANGENNECH,669,Sir Gaerfyrddin,Cymuned,WM,Cyfrwng Cymraeg,"Iau, babanod a meithrin",---,Llangennech,,,Llanelli,SA14 8YB,01554820284,407,699,POINT (-4.078043025553471 51.70084413802007)
maintained_schools_wg.700,200002958014,6693000,ABERGWILI,669,Carmarthenshire,Primary,Voluntary controlled,WM,Welsh medium school / provision (including transitional),Infants & Juniors,Church in Wales,Gerddi Gyfre,Abergwili,Carmarthen,Carmarthenshire,SA31 2JD,01267236209,35,6693000,ABERGWILI,669,Sir Gaerfyrddin,Gwirfoddol a Reolir,WM,Cyfrwng Cymraeg,Iau a babanod,Eglwys yng Nghymru,Gerddi Gyfre,Abergwili,Carmarthen,Carmarthenshire,SA31 2JD,01267236209,35,700,POINT (-4.269199608930446 51.86676368947811)
maintained_schools_wg.701,10009164039,6693003,LAUGHARNE VCP SCHOOL,669,Carmarthenshire,Primary,Voluntary controlled,EM,English medium school / provision,Infants & Juniors,Church in Wales,Orchard Park,Laugharne,Carmarthenshire,,SA33 4TE,01994427228,53,6693003,LAUGHARNE VCP SCHOOL,669,Sir Gaerfyrddin,Gwirfoddol a Reolir,EM,Cyfrwng Saesneg,Iau a babanod,Eglwys yng Nghymru,Orchard Park,Laugharne,Carmarthenshire,,SA33 4TE,01994427228,53,701,POINT (-4.467833940517598 51.7676081293918)
maintained_schools_wg.702,10009170916,6693004,LLANDDAROG,669,Carmarthenshire,Primary,Community,WM,Welsh medium school / provision (including transitional),"Nursery, Infants & Juniors",Church in Wales,Llanddarog,Caerfyrddin,Carmarthenshire,,SA32 8BJ,01267275242,69,6693004,LLANDDAROG,669,Sir Gaerfyrddin,Cymuned,WM,Cyfrwng Cymraeg,"Iau, babanod a meithrin",Eglwys yng Nghymru,Llanddarog,Caerfyrddin,Carmarthenshire,,SA32 8BJ,01267275242,69,702,POINT (-4.17070387272601 51.82608885809325)
maintained_schools_wg.703,10009165364,6693013,FERRYSIDE,669,Carmarthenshire,Primary,Voluntary controlled,WM,Welsh medium school / provision (including transitional),Infants & Juniors,Church in Wales,Ferryside,Carmarthenshire,,,SA17 5TB,01267267463,26,6693013,FERRYSIDE,669,Sir Gaerfyrddin,Gwirfoddol a Reolir,WM,Cyfrwng Cymraeg,Iau a babanod,Eglwys yng Nghymru,Ferryside,Carmarthenshire,,,SA17 5TB,01267267463,26,703,POINT (-4.3682587177840295 51.768713389036655)
maintained_schools_wg.704,10009551441,6693026,LLANLLWNI,669,Carmarthenshire,Primary,Community,WM,Welsh medium school / provision (including transitional),Infants & Juniors,Church in Wales,Llanllwni,Pencader,Sir Gaerfyrddin,,SA39 9DX,01559395624,37,6693026,LLANLLWNI,669,Sir Gaerfyrddin,Cymuned,WM,Cyfrwng Cymraeg,Iau a babanod,Eglwys yng Nghymru,Llanllwni,Pencader,Sir Gaerfyrddin,,SA39 9DX,01559395624,37,704,POINT (-4.206192044610344 52.03135405032567)
maintained_schools_wg.705,100100997023,6693300,ST MARY'S (LLANELLI),669,Carmarthenshire,Primary,Voluntary aided,EM,English medium school / provision,"Nursery, Infants & Juniors",Roman Catholic,Havard Road,Llanelli,Carmarthenshire,,SA14 8SD,01554759178,184,6693300,ST MARY'S (LLANELLI),669,Sir Gaerfyrddin,Gwirfoddol a Gynorthwyir,EM,Cyfrwng Saesneg,"Iau, babanod a meithrin",Eglwys Gatholig,Havard Road,Llanelli,Carmarthenshire,,SA14 8SD,01554759178,184,705,POINT (-4.132882070563107 51.687397132318324)
maintained_schools_wg.706,100101008950,6693301,ST MARY'S (CARMARTHEN),669,Carmarthenshire,Primary,Voluntary aided,EM,English medium school / provision,"Nursery, Infants & Juniors",Roman Catholic,Union Street,Carmarthen,Carmarthenshire,,SA31 3DE,01267234297,32,6693301,ST MARY'S (CARMARTHEN),669,Sir Gaerfyrddin,Gwirfoddol a Gynorthwyir,EM,Cyfrwng Saesneg,"Iau, babanod a meithrin",Eglwys Gatholig,Union Street,Carmarthen,Carmarthenshire,,SA31 3DE,01267234297,32,706,POINT (-4.319942697175198 51.85725744349455)
maintained_schools_wg.707,10009165210,6693307,PENBOYR,669,Carmarthenshire,Primary,Voluntary aided,WM,Welsh medium school / provision (including transitional),Infants & Juniors,Church in Wales,Felindre,Llandysul,Sir Gaerfyrddin,,SA44 5XG,01559370574,77,6693307,PENBOYR,669,Sir Gaerfyrddin,Gwirfoddol a Gynorthwyir,WM,Cyfrwng Cymraeg,Iau a babanod,Eglwys yng Nghymru,Felindre,Llandysul,Sir Gaerfyrddin,,SA44 5XG,01559370574,77,707,POINT (-4.400525682787124 52.01899177067212)
maintained_schools_wg.708,200002956522,6693321,PENTIP,669,Carmarthenshire,Primary,Community,EM,English medium school / provision,"Nursery, Infants & Juniors",Church in Wales,Pembrey Road,Llanelli,,,SA15 3BL,01554758602,97,6693321,PENTIP,669,Sir Gaerfyrddin,Cymuned,EM,Cyfrwng Saesneg,"Iau, babanod a meithrin",Eglwys yng Nghymru,Pembrey Road,Llanelli,,,SA15 3BL,01554758602,97,708,POINT (-4.16615103225891 51.68421616448661)
maintained_schools_wg.709,10004850563,6693322,MODEL,669,Carmarthenshire,Primary,Voluntary aided,EW,English medium school / provision,"Nursery, Infants & Juniors",Church in Wales,College Road,Carmarthen,Carmarthenshire,,SA31 3EQ,01267234386,491,6693322,MODEL,669,Sir Gaerfyrddin,Gwirfoddol a Gynorthwyir,EW,Cyfrwng Saesneg yn bennaf ond â defnydd sylweddol or Gymraeg,"Iau, babanod a meithrin",Eglwys yng Nghymru,College Road,Carmarthen,Carmarthenshire,,SA31 3EQ,01267234386,491,709,POINT (-4.322768189985809 51.85854156442574)
maintained_schools_wg.710,10090701343,6694029,Ysgol Dyffryn Aman,669,Carmarthenshire,Secondary,Community,BB,Dual language school / provision (Welsh and English) (including transitional),Secondary (ages 11-19),---,Margaret Street,Ammanford,Carmarthenshire,,SA18 2NW,01269592441,1547,6694029,Ysgol Dyffryn Aman,669,Sir Gaerfyrddin,Cymuned,BB,Ddwyieithog (Categori B),Uwchradd (ystod oedran 11-19),---,Margaret Street,Ammanford,Carmarthenshire,,SA18 2NW,01269592441,1547,710,POINT (-3.9857853805058987 51.79596975679175)
maintained_schools_wg.711,100101031269,6694050,Coedcae School,669,Carmarthenshire,Secondary,Community,EM,English medium school / provision,Secondary (ages 11-16),---,Trostre Road,Llanelli,Carmarthenshire,,SA15 1LJ,01554750574,846,6694050,Coedcae School,669,Sir Gaerfyrddin,Cymuned,EM,Cyfrwng Saesneg,Uwchradd (ystod oedran 11-16),---,Trostre Road,Llanelli,Carmarthenshire,,SA15 1LJ,01554750574,846,711,POINT (-4.145795562323916 51.679047965790346)
maintained_schools_wg.712,10004853595,6694052,Ysgol Gyfun Y Strade,669,Carmarthenshire,Secondary,Community,AB,Welsh medium school / provision (including transitional),Secondary (ages 11-19),---,Heol Sandy,Llanelli,Carmarthenshire,,SA15 4DL,01554745100,1253,6694052,Ysgol Gyfun Y Strade,669,Sir Gaerfyrddin,Cymuned,AB,Ddwyieithog (Categori A),Uwchradd (ystod oedran 11-19),---,Heol Sandy,Llanelli,Carmarthenshire,,SA15 4DL,01554745100,1253,712,POINT (-4.18212753422157 51.6867260329557)
maintained_schools_wg.713,10009168732,6694053,Glan-y-Mor School,669,Carmarthenshire,Secondary,Community,EM,English medium school / provision,Secondary (ages 11-16),---,Heol Elfed,Burry Port,Carmarthenshire,,SA16 0AL,01554832507,580,6694053,Glan-y-Mor School,669,Sir Gaerfyrddin,Cymuned,EM,Cyfrwng Saesneg,Uwchradd (ystod oedran 11-16),---,Heol Elfed,Burry Port,Carmarthenshire,,SA16 0AL,01554832507,580,713,POINT (-4.254664093174618 51.68603892914738)
maintained_schools_wg.714,10009171496,6694054,Bryngwyn School,669,Carmarthenshire,Secondary,Community,EM,Dual language school / provision (Welsh and English) (including transitional),Secondary (ages 11-16),---,Dafen,Llanelli,Carmarthenshire,,SA14 8RP,01554750661,1045,6694054,Bryngwyn School,669,Sir Gaerfyrddin,Cymuned,EM,Cyfrwng Saesneg,Uwchradd (ystod oedran 11-16),---,Dafen,Llanelli,Carmarthenshire,,SA14 8RP,01554750661,1045,714,POINT (-4.1375651349411795 51.69436217794514)
maintained_schools_wg.715,10009167163,6694056,Ysgol Gyfun Gymraeg Bro Myrddin,669,Carmarthenshire,Secondary,Community,WM,Welsh medium school / provision (including transitional),Secondary (ages 11-19),---,Croesyceiliog,Caerfyrddin,Sir Gaerfyrddin,,SA32 8DN,01267234829,929,6694056,Ysgol Gyfun Gymraeg Bro Myrddin,669,Sir Gaerfyrddin,Cymuned,WM,Cyfrwng Cymraeg,Uwchradd (ystod oedran 11-19),---,Croesyceiliog,Caerfyrddin,Sir Gaerfyrddin,,SA32 8DN,01267234829,929,715,POINT (-4.308163298451498 51.83538533703543)
maintained_schools_wg.716,10009164349,6694060,Ysgol Gyfun Emlyn,669,Carmarthenshire,Secondary,Community,EW,Dual language school / provision (Welsh and English) (including transitional),Secondary (ages 11-19),---,Newcastle Emlyn,,Carmarthenshire,,SA38 9LN,01239710447,502,6694060,Ysgol Gyfun Emlyn,669,Sir Gaerfyrddin,Cymuned,EW,Cyfrwng Saesneg yn bennaf ond â defnydd sylweddol or Gymraeg,Uwchradd (ystod oedran 11-19),---,Newcastle Emlyn,,Carmarthenshire,,SA38 9LN,01239710447,502,716,POINT (-4.470629291582413 52.03451072192574)
maintained_schools_wg.717,10024020131,6694063,Queen Elizabeth High School,669,Carmarthenshire,Secondary,Community,EW,English medium school / provision,Secondary (ages 11-19),---,Llansteffan Road,Johnstown,Carmarthen,Carmarthenshire,SA31 3NL,01267245300,1289,6694063,Queen Elizabeth High School,669,Sir Gaerfyrddin,Cymuned,EW,Cyfrwng Saesneg yn bennaf ond â defnydd sylweddol or Gymraeg,Uwchradd (ystod oedran 11-19),---,Llansteffan Road,Johnstown,Carmarthen,Carmarthenshire,SA31 3NL,01267245300,1289,717,POINT (-4.320623365996066 51.8463015559847)
maintained_schools_wg.718,100100993615,6694064,Ysgol Maes Y Gwendraeth,669,Carmarthenshire,Secondary,Community,AB,Welsh medium school / provision (including transitional),Secondary (ages 11-19),---,Cefneithin Campus,74 Parc Y Heol,Cefneithin,Llanelli,SA14 7DT,01269833900,1084,6694064,Ysgol Maes Y Gwendraeth,669,Sir Gaerfyrddin,Cymuned,AB,Ddwyieithog (Categori A),Uwchradd (ystod oedran 11-19),---,Cefneithin Campus,74 Parc Y Heol,Cefneithin,Llanelli,SA14 7DT,01269833900,1084,718,POINT (-4.090439966221178 51.8029763935715)
maintained_schools_wg.719,10092964720,6694065,Ysgol Bro Dinefwr,669,Carmarthenshire,Secondary,Community,BB,Dual language school / provision (Welsh and English) (including transitional),Secondary (ages 11-19),---,Ffairfach,Llandeilo,Carmarthenshire,,SA19 6PE,01558824800,1092,6694065,Ysgol Bro Dinefwr,669,Sir Gaerfyrddin,Cymuned,BB,Ddwyieithog (Categori B),Uwchradd (ystod oedran 11-19),---,Ffairfach,Llandeilo,Carmarthenshire,,SA19 6PE,01558824800,1092,719,POINT (-4.000185223849281 51.87491706816074)
maintained_schools_wg.720,200002958505,6694512,Dyffryn Taf,669,Carmarthenshire,Secondary,Voluntary controlled,EM,Dual language school / provision (Welsh and English) (including transitional),Secondary (ages 11-19),---,North Road,Whitland,Carmarthenshire,,SA34 0BD,01994242100,890,6694512,Dyffryn Taf,669,Sir Gaerfyrddin,Gwirfoddol a Reolir,EM,Cyfrwng Saesneg,Uwchradd (ystod oedran 11-19),---,North Road,Whitland,Carmarthenshire,,SA34 0BD,01994242100,890,720,POINT (-4.616334894017913 51.82203204519961)
maintained_schools_wg.721,10009171447,6694600,St John Lloyd Catholic Comprehensive School,669,Carmarthenshire,Secondary,Voluntary aided,EM,English medium school / provision,Secondary (ages 11-16),Roman Catholic,Havard Road,Llanelli,Carmarthenshire,,SA14 8SD,01554772589,465,6694600,St John Lloyd Catholic Comprehensive School,669,Sir Gaerfyrddin,Gwirfoddol a Gynorthwyir,EM,Cyfrwng Saesneg,Uwchradd (ystod oedran 11-16),Eglwys Gatholig,Havard Road,Llanelli,Carmarthenshire,,SA14 8SD,01554772589,465,721,POINT (-4.134307329478978 51.68693958757602)
maintained_schools_wg.722,100101045819,6702006,BRYNMILL SCHOOL,670,Swansea,Primary,Community,EM,English medium school / provision,"Nursery, Infants & Juniors",---,Trafalgar Place,Brynmill,Swansea,,SA2 0BU,01792463019,291,6702006,BRYNMILL SCHOOL,670,Abertawe,Cymuned,EM,Cyfrwng Saesneg,"Iau, babanod a meithrin",---,Trafalgar Place,Brynmill,Swansea,,SA2 0BU,01792463019,291,722,POINT (-3.971745799430116 51.613247180117874)
maintained_schools_wg.723,200002959452,6702008,Cadle Primary School,670,Swansea,Primary,Community,EM,English medium school / provision,"Nursery, Infants & Juniors",---,Middle Road,Fforestfach,Swansea,,SA5 5DU,01792584498,302,6702008,Cadle Primary School,670,Abertawe,Cymuned,EM,Cyfrwng Saesneg,"Iau, babanod a meithrin",---,Middle Road,Fforestfach,Swansea,,SA5 5DU,01792584498,302,723,POINT (-3.9841677827088855 51.648923071888206)
maintained_schools_wg.724,10010027021,6702014,Cwmrhydyceirw Primary School,670,Swansea,Primary,Community,EM,English medium school / provision,"Nursery, Infants & Juniors",---,Maes y Gwernen Road,Morriston,Swansea,,SA6 6LL,01792771524,530,6702014,Cwmrhydyceirw Primary School,670,Abertawe,Cymuned,EM,Cyfrwng Saesneg,"Iau, babanod a meithrin",---,Maes y Gwernen Road,Morriston,Swansea,,SA6 6LL,01792771524,530,724,POINT (-3.928930486597162 51.678865959683186)
maintained_schools_wg.725,100101046160,6702017,DANYGRAIG PRIMARY SCHOOL,670,Swansea,Primary,Community,EM,English medium school / provision,"Nursery, Infants & Juniors",---,Ysgol Street,Port Tennant,Swansea,,SA1 8LE,01792650946,252,6702017,DANYGRAIG PRIMARY SCHOOL,670,Abertawe,Cymuned,EM,Cyfrwng Saesneg,"Iau, babanod a meithrin",---,Ysgol Street,Port Tennant,Swansea,,SA1 8LE,01792650946,252,725,POINT (-3.916173679987221 51.62148463657153)
maintained_schools_wg.726,100101044124,6702021,GENDROS PRIMARY SCHOOL,670,Swansea,Primary,Community,EM,English medium school / provision,"Nursery, Infants & Juniors",---,Armine Road,Fforestfach,Swansea,,SA5 8DB,01792586570,293,6702021,GENDROS PRIMARY SCHOOL,670,Abertawe,Cymuned,EM,Cyfrwng Saesneg,"Iau, babanod a meithrin",---,Armine Road,Fforestfach,Swansea,,SA5 8DB,01792586570,293,726,POINT (-3.9730609100413163 51.6405622358808)
maintained_schools_wg.727,200001853176,6702023,GLAIS PRIMARY SCHOOL,670,Swansea,Primary,Community,EM,English medium school / provision,"Nursery, Infants & Juniors",---,School Road,Glais,Swansea,,SA7 9EY,01792842627,110,6702023,GLAIS PRIMARY SCHOOL,670,Abertawe,Cymuned,EM,Cyfrwng Saesneg,"Iau, babanod a meithrin",---,School Road,Glais,Swansea,,SA7 9EY,01792842627,110,727,POINT (-3.8788750787787207 51.68846308787569)
maintained_schools_wg.728,10010022407,6702027,GRANGE PRIMARY SCHOOL,670,Swansea,Primary,Community,EM,English medium school / provision,"Nursery, Infants & Juniors",---,West Cross Avenue,West Cross,Swansea,,SA3 5TS,01792404766,144,6702027,GRANGE PRIMARY SCHOOL,670,Abertawe,Cymuned,EM,Cyfrwng Saesneg,"Iau, babanod a meithrin",---,West Cross Avenue,West Cross,Swansea,,SA3 5TS,01792404766,144,728,POINT (-4.004971029904975 51.58318858511161)
maintained_schools_wg.729,100100986662,6702032,HAFOD PRIMARY SCHOOL,670,Swansea,Primary,Community,EM,English medium school / provision,"Nursery, Infants & Juniors",---,Odo Street,Hafod,Swansea,,SA1 2LT,01792461356,254,6702032,HAFOD PRIMARY SCHOOL,670,Abertawe,Cymuned,EM,Cyfrwng Saesneg,"Iau, babanod a meithrin",---,Odo Street,Hafod,Swansea,,SA1 2LT,01792461356,254,729,POINT (-3.9414497987796375 51.63405727468921)
maintained_schools_wg.730,10010027953,6702036,Ysgol Gymraeg  Lon Las,670,Swansea,Primary,Community,WM,Welsh medium school / provision (including transitional),"Nursery, Infants & Juniors",---,Walters Road,Llansamlet,Abertawe,,SA7 9RW,01792771160,479,6702036,Ysgol Gymraeg  Lon Las,670,Abertawe,Cymuned,WM,Cyfrwng Cymraeg,"Iau, babanod a meithrin",---,Walters Road,Llansamlet,Abertawe,,SA7 9RW,01792771160,479,730,POINT (-3.8988684877176807 51.66473309603108)
maintained_schools_wg.731,200002959753,6702040,MORRISTON PRIMARY SCHOOL,670,Swansea,Primary,Community,EM,English medium school / provision,"Nursery, Infants & Juniors",---,Neath Road,Morriston,Swansea,,SA6 8EF,01792781811,174,6702040,MORRISTON PRIMARY SCHOOL,670,Abertawe,Cymuned,EM,Cyfrwng Saesneg,"Iau, babanod a meithrin",---,Neath Road,Morriston,Swansea,,SA6 8EF,01792781811,174,731,POINT (-3.921711672178078 51.66278908422714)
maintained_schools_wg.732,100101045103,6702042,OYSTERMOUTH PRIMARY SCHOOL,670,Swansea,Primary,Community,EM,English medium school / provision,"Nursery, Infants & Juniors",---,Newton Road,Mumbles,Swansea,,SA3 4BE,01792369233,222,6702042,OYSTERMOUTH PRIMARY SCHOOL,670,Abertawe,Cymuned,EM,Cyfrwng Saesneg,"Iau, babanod a meithrin",---,Newton Road,Mumbles,Swansea,,SA3 4BE,01792369233,222,732,POINT (-4.004070982424712 51.57585701776733)
maintained_schools_wg.733,10010027262,6702048,PENTRECHWYTH PRIMARY SCHOOL,670,Swansea,Primary,Community,EM,English medium school / provision,"Nursery, Infants & Juniors",---,Bonymaen Road,Pentrechwyth,Swansea,,SA1 7AP,01792653186,151,6702048,PENTRECHWYTH PRIMARY SCHOOL,670,Abertawe,Cymuned,EM,Cyfrwng Saesneg,"Iau, babanod a meithrin",---,Bonymaen Road,Pentrechwyth,Swansea,,SA1 7AP,01792653186,151,733,POINT (-3.9207630025457014 51.6393344713599)
maintained_schools_wg.734,10010026795,6702051,PLASMARL PRIMARY SCHOOL,670,Swansea,Primary,Community,EM,English medium school / provision,"Nursery, Infants & Juniors",---,Britannia Road,Plasmarl,Swansea,,SA6 8LH,01792798210,209,6702051,PLASMARL PRIMARY SCHOOL,670,Abertawe,Cymuned,EM,Cyfrwng Saesneg,"Iau, babanod a meithrin",---,Britannia Road,Plasmarl,Swansea,,SA6 8LH,01792798210,209,734,POINT (-3.9351296077596847 51.64886425672496)
maintained_schools_wg.735,10010047052,6702054,SKETTY PRIMARY SCHOOL,670,Swansea,Primary,Community,EM,English medium school / provision,"Nursery, Infants & Juniors",---,Llwyn Mawr Road,Sketty,Swansea,,SA2 9HD,01792206655,491,6702054,SKETTY PRIMARY SCHOOL,670,Abertawe,Cymuned,EM,Cyfrwng Saesneg,"Iau, babanod a meithrin",---,Llwyn Mawr Road,Sketty,Swansea,,SA2 9HD,01792206655,491,735,POINT (-3.994519526862238 51.62563996747724)
maintained_schools_wg.736,100101045968,6702055,ST HELEN'S PRIMARY SCHOOL,670,Swansea,Primary,Community,EM,English medium school / provision,"Nursery, Infants & Juniors",---,Vincent Street,Swansea,,,SA1 3TY,01792655763,270,6702055,ST HELEN'S PRIMARY SCHOOL,670,Abertawe,Cymuned,EM,Cyfrwng Saesneg,"Iau, babanod a meithrin",---,Vincent Street,Swansea,,,SA1 3TY,01792655763,270,736,POINT (-3.9542443670580636 51.61570713128571)
maintained_schools_wg.737,200001853091,6702059,TERRACE ROAD PRIMARY SCHOOL,670,Swansea,Primary,Community,EM,English medium school / provision,"Nursery, Infants & Juniors",---,Terrace Road,Mount Pleasant,Swansea,,SA1 6JD,01792654257,312,6702059,TERRACE ROAD PRIMARY SCHOOL,670,Abertawe,Cymuned,EM,Cyfrwng Saesneg,"Iau, babanod a meithrin",---,Terrace Road,Mount Pleasant,Swansea,,SA1 6JD,01792654257,312,737,POINT (-3.9548078765387142 51.62344026632987)
maintained_schools_wg.738,10010024646,6702063,TOWNHILL PRIMARY SCHOOL,670,Swansea,Primary,Community,EM,English medium school / provision,"Nursery, Infants & Juniors",---,Townhill Road,Townhill,Swansea,,SA1 6PT,01792516370,483,6702063,TOWNHILL PRIMARY SCHOOL,670,Abertawe,Cymuned,EM,Cyfrwng Saesneg,"Iau, babanod a meithrin",---,Townhill Road,Townhill,Swansea,,SA1 6PT,01792516370,483,738,POINT (-3.962534082419016 51.62705218837478)
maintained_schools_wg.739,10010021512,6702065,WAUNARLWYDD PRIMARY SCHOOL,670,Swansea,Primary,Community,EM,English medium school / provision,"Nursery, Infants & Juniors",---,Brithwen Road,Waunarlwydd,Swansea,,SA5 4QS,01792872431,236,6702065,WAUNARLWYDD PRIMARY SCHOOL,670,Abertawe,Cymuned,EM,Cyfrwng Saesneg,"Iau, babanod a meithrin",---,Brithwen Road,Waunarlwydd,Swansea,,SA5 4QS,01792872431,236,739,POINT (-4.025319398555949 51.63986096960562)
maintained_schools_wg.740,200001853084,6702067,WAUN WEN SCHOOL,670,Swansea,Primary,Community,EM,English medium school / provision,"Nursery, Infants & Juniors",---,Lion Street,Waun Wen,Swansea,,SA1 2BZ,01792651010,201,6702067,WAUN WEN SCHOOL,670,Abertawe,Cymuned,EM,Cyfrwng Saesneg,"Iau, babanod a meithrin",---,Lion Street,Waun Wen,Swansea,,SA1 2BZ,01792651010,201,740,POINT (-3.945426814923884 51.63334045883157)
maintained_schools_wg.741,200001853157,6702069,CLWYD PRIMARY SCHOOL,670,Swansea,Primary,Community,EM,English medium school / provision,"Nursery, Infants & Juniors",---,Eppynt Road,Penlan,Swansea,,SA5 7AZ,01792588673,395,6702069,CLWYD PRIMARY SCHOOL,670,Abertawe,Cymuned,EM,Cyfrwng Saesneg,"Iau, babanod a meithrin",---,Eppynt Road,Penlan,Swansea,,SA5 7AZ,01792588673,395,741,POINT (-3.9663380092230236 51.64484755515964)
maintained_schools_wg.742,200001853165,6702071,YNYSTAWE PRIMARY SCHOOL,670,Swansea,Primary,Community,EM,English medium school / provision,"Nursery, Infants & Juniors",---,Clydach Road,Ynystawe,Swansea,,SA6 5AY,01792842628,197,6702071,YNYSTAWE PRIMARY SCHOOL,670,Abertawe,Cymuned,EM,Cyfrwng Saesneg,"Iau, babanod a meithrin",---,Clydach Road,Ynystawe,Swansea,,SA6 5AY,01792842628,197,742,POINT (-3.9074370639847724 51.68543079622523)
maintained_schools_wg.743,200002959689,6702073,CLASE PRIMARY SCHOOL,670,Swansea,Primary,Community,EM,English medium school / provision,"Nursery, Infants & Juniors",---,Rheidol Avenue,Clase,Swansea,,SA6 7JX,01792781747,360,6702073,CLASE PRIMARY SCHOOL,670,Abertawe,Cymuned,EM,Cyfrwng Saesneg,"Iau, babanod a meithrin",---,Rheidol Avenue,Clase,Swansea,,SA6 7JX,01792781747,360,743,POINT (-3.945262427469584 51.664046822918856)
maintained_schools_wg.744,100101044344,6702075,PORTMEAD PRIMARY SCHOOL,670,Swansea,Primary,Community,EM,English medium school / provision,"Nursery, Infants & Juniors",---,Cheriton Crescent,Portmead,Swansea,,SA5 5LA,01792583549,253,6702075,PORTMEAD PRIMARY SCHOOL,670,Abertawe,Cymuned,EM,Cyfrwng Saesneg,"Iau, babanod a meithrin",---,Cheriton Crescent,Portmead,Swansea,,SA5 5LA,01792583549,253,744,POINT (-3.9725739595097993 51.649320085861596)
maintained_schools_wg.745,10010022406,6702076,MAYALS PRIMARY,670,Swansea,Primary,Community,EM,English medium school / provision,"Nursery, Infants & Juniors",---,Fairwood Road,West Cross,Swansea,,SA3 5JP,01792402755,239,6702076,MAYALS PRIMARY,670,Abertawe,Cymuned,EM,Cyfrwng Saesneg,"Iau, babanod a meithrin",---,Fairwood Road,West Cross,Swansea,,SA3 5JP,01792402755,239,745,POINT (-4.007504613463754 51.591544331295616)
maintained_schools_wg.746,200001853097,6702077,CWMGLAS PRIMARY SCHOOL,670,Swansea,Primary,Community,EM,English medium school / provision,"Nursery, Infants & Juniors",---,Colwyn Avenue,Winchwen,Swansea,,SA1 7EN,01792771693,276,6702077,CWMGLAS PRIMARY SCHOOL,670,Abertawe,Cymuned,EM,Cyfrwng Saesneg,"Iau, babanod a meithrin",---,Colwyn Avenue,Winchwen,Swansea,,SA1 7EN,01792771693,276,746,POINT (-3.9050441843597827 51.64669462737962)
maintained_schools_wg.747,10010023984,6702082,BLAENYMAES PRIMARY SCHOOL,670,Swansea,Primary,Community,EM,English medium school / provision,"Nursery, Infants & Juniors",---,Broughton Avenue,Blaenymaes,Swansea,,SA5 5LW,01792583366,209,6702082,BLAENYMAES PRIMARY SCHOOL,670,Abertawe,Cymuned,EM,Cyfrwng Saesneg,"Iau, babanod a meithrin",---,Broughton Avenue,Blaenymaes,Swansea,,SA5 5LW,01792583366,209,747,POINT (-3.974583127295426 51.65596769859806)
maintained_schools_wg.748,100101044550,6702084,Trallwn Primary School,670,Swansea,Primary,Community,EM,English medium school / provision,"Nursery, Infants & Juniors",---,Glanywern Road,Trallwn,Swansea,,SA7 9UJ,01792792478,204,6702084,Trallwn Primary School,670,Abertawe,Cymuned,EM,Cyfrwng Saesneg,"Iau, babanod a meithrin",---,Glanywern Road,Trallwn,Swansea,,SA7 9UJ,01792792478,204,748,POINT (-3.8935007865674605 51.65827471485806)
maintained_schools_wg.749,100101045551,6702086,PARKLAND PRIMARY SCHOOL,670,Swansea,Primary,Community,EM,English medium school / provision,"Nursery, Infants & Juniors",---,Sketty Park Drive,Sketty,Swansea,,SA2 8NG,01792205462,620,6702086,PARKLAND PRIMARY SCHOOL,670,Abertawe,Cymuned,EM,Cyfrwng Saesneg,"Iau, babanod a meithrin",---,Sketty Park Drive,Sketty,Swansea,,SA2 8NG,01792205462,620,749,POINT (-3.9987053579042358 51.61472448489878)
maintained_schools_wg.750,200001853119,6702092,Newton Primary School,670,Swansea,Primary,Community,EM,English medium school / provision,"Nursery, Infants & Juniors",---,Slade Road,Newton,Swansea,,SA3 4UE,01792369826,204,6702092,Newton Primary School,670,Abertawe,Cymuned,EM,Cyfrwng Saesneg,"Iau, babanod a meithrin",---,Slade Road,Newton,Swansea,,SA3 4UE,01792369826,204,750,POINT (-4.015002435941215 51.57632622028057)
maintained_schools_wg.751,100101045501,6702095,WHITESTONE PRIMARY,670,Swansea,Primary,Community,EM,English medium school / provision,"Nursery, Infants & Juniors",---,Off Rushwind Close,West Cross,Swansea,,SA3 5RF,01792404113,122,6702095,WHITESTONE PRIMARY,670,Abertawe,Cymuned,EM,Cyfrwng Saesneg,"Iau, babanod a meithrin",---,Off Rushwind Close,West Cross,Swansea,,SA3 5RF,01792404113,122,751,POINT (-4.018606732378606 51.58340438524576)
maintained_schools_wg.752,100101044478,6702096,HENDREFOILAN PRIMARY,670,Swansea,Primary,Community,EM,English medium school / provision,"Nursery, Infants & Juniors",---,Dunvant Road,Dunvant,Swansea,,SA2 7LF,01792290223,249,6702096,HENDREFOILAN PRIMARY,670,Abertawe,Cymuned,EM,Cyfrwng Saesneg,"Iau, babanod a meithrin",---,Dunvant Road,Dunvant,Swansea,,SA2 7LF,01792290223,249,752,POINT (-4.014968654754286 51.6222552170709)
maintained_schools_wg.753,10010029448,6702098,Y.G.G. BRYNYMOR,670,Swansea,Primary,Community,WM,Welsh medium school / provision (including transitional),"Nursery, Infants & Juniors",---,Heol St Alban,Brynmill,Abertawe,,SA2 0BP,01792466354,299,6702098,Y.G.G. BRYNYMOR,670,Abertawe,Cymuned,WM,Cyfrwng Cymraeg,"Iau, babanod a meithrin",---,Heol St Alban,Brynmill,Abertawe,,SA2 0BP,01792466354,299,753,POINT (-3.9693767337815724 51.61357472268064)
maintained_schools_wg.754,100101044172,6702105,Bishopston Primary School,670,Swansea,Primary,Community,EM,English medium school / provision,"Nursery, Infants & Juniors",---,Bishopston Road,Bishopston,Swansea,,SA3 3EN,01792232754,309,6702105,Bishopston Primary School,670,Abertawe,Cymuned,EM,Cyfrwng Saesneg,"Iau, babanod a meithrin",---,Bishopston Road,Bishopston,Swansea,,SA3 3EN,01792232754,309,754,POINT (-4.051070673583334 51.58320873849585)
maintained_schools_wg.755,100101044302,6702108,CASLLWCHWR PRIMARY SCHOOL,670,Swansea,Primary,Community,EM,English medium school / provision,"Nursery, Infants & Juniors",---,Castle Street,Loughor,Swansea,,SA4 6TU,01792892420,198,6702108,CASLLWCHWR PRIMARY SCHOOL,670,Abertawe,Cymuned,EM,Cyfrwng Saesneg,"Iau, babanod a meithrin",---,Castle Street,Loughor,Swansea,,SA4 6TU,01792892420,198,755,POINT (-4.0742944083054455 51.663816182052194)
maintained_schools_wg.756,100101006142,6702109,CILA PRIMARY SCHOOL,670,Swansea,Primary,Community,EM,English medium school / provision,"Nursery, Infants & Juniors",---,577 Gower Road,Upper Killay,Swansea,,SA2 7DR,01792 202775,110,6702109,CILA PRIMARY SCHOOL,670,Abertawe,Cymuned,EM,Cyfrwng Saesneg,"Iau, babanod a meithrin",---,577 Gower Road,Upper Killay,Swansea,,SA2 7DR,01792 202775,110,756,POINT (-4.030685370207887 51.61310531338253)
maintained_schools_wg.757,10010028923,6702120,CRWYS PRIMARY SCHOOL,670,Swansea,Primary,Community,EM,English medium school / provision,"Nursery, Infants & Juniors",---,Chapel Road,Three Crosses,Swansea,,SA4 3PU,01792872473,137,6702120,CRWYS PRIMARY SCHOOL,670,Abertawe,Cymuned,EM,Cyfrwng Saesneg,"Iau, babanod a meithrin",---,Chapel Road,Three Crosses,Swansea,,SA4 3PU,01792872473,137,757,POINT (-4.064555688828973 51.627720793048084)
maintained_schools_wg.758,200001853158,6702157,LLANGYFELACH PRIMARY SCHOOL,670,Swansea,Primary,Community,EM,English medium school / provision,"Nursery, Infants & Juniors",---,Pengors Road,Llangyfelach,Swansea,,SA5 7JE,01792771497,244,6702157,LLANGYFELACH PRIMARY SCHOOL,670,Abertawe,Cymuned,EM,Cyfrwng Saesneg,"Iau, babanod a meithrin",---,Pengors Road,Llangyfelach,Swansea,,SA5 7JE,01792771497,244,758,POINT (-3.9556689707659496 51.673001222538396)
maintained_schools_wg.759,10011727761,6702159,LLANRHIDIAN PRIMARY,670,Swansea,Primary,Community,EM,English medium school / provision,"Nursery, Infants & Juniors",---,Llanrhidian,Gower,Swansea,,SA3 1EH,01792390181,161,6702159,LLANRHIDIAN PRIMARY,670,Abertawe,Cymuned,EM,Cyfrwng Saesneg,"Iau, babanod a meithrin",---,Llanrhidian,Gower,Swansea,,SA3 1EH,01792390181,161,759,POINT (-4.173791864423924 51.606191840828174)
maintained_schools_wg.760,100101045190,6702167,PENCLAWDD PRIMARY SCHOOL,670,Swansea,Primary,Community,EM,English medium school / provision,"Nursery, Infants & Juniors",---,Park Road,Penclawdd,Swansea,,SA4 3FH,01792850239,132,6702167,PENCLAWDD PRIMARY SCHOOL,670,Abertawe,Cymuned,EM,Cyfrwng Saesneg,"Iau, babanod a meithrin",---,Park Road,Penclawdd,Swansea,,SA4 3FH,01792850239,132,760,POINT (-4.110442044245415 51.6413257407788)
maintained_schools_wg.761,200001853144,6702172,PENGELLI PRIMARY,670,Swansea,Primary,Community,EM,English medium school / provision,"Nursery, Infants & Juniors",---,Station Road,Grovesend,Swansea,,SA4 4GY,01792892736,110,6702172,PENGELLI PRIMARY,670,Abertawe,Cymuned,EM,Cyfrwng Saesneg,"Iau, babanod a meithrin",---,Station Road,Grovesend,Swansea,,SA4 4GY,01792892736,110,761,POINT (-4.0362210939733245 51.68864559011138)
maintained_schools_wg.762,10010030912,6702174,PENLLERGAER PRIMARY SCHOOL,670,Swansea,Primary,Community,EM,English medium school / provision,"Nursery, Infants & Juniors",---,Pontardulais Road,Penllergaer,Swansea,,SA4 9DB,01792892354,348,6702174,PENLLERGAER PRIMARY SCHOOL,670,Abertawe,Cymuned,EM,Cyfrwng Saesneg,"Iau, babanod a meithrin",---,Pontardulais Road,Penllergaer,Swansea,,SA4 9DB,01792892354,348,762,POINT (-4.001326753451478 51.67427309401016)
maintained_schools_wg.763,100101044539,6702176,PENYRHEOL PRIMARY SCHOOL,670,Swansea,Primary,Community,EM,English medium school / provision,"Nursery, Infants & Juniors",---,Frampton Road,Gorseinon,Swansea,,SA4 4YG,01792892337,213,6702176,PENYRHEOL PRIMARY SCHOOL,670,Abertawe,Cymuned,EM,Cyfrwng Saesneg,"Iau, babanod a meithrin",---,Frampton Road,Gorseinon,Swansea,,SA4 4YG,01792892337,213,763,POINT (-4.0469250008002335 51.676085792455716)
maintained_schools_wg.764,10010030738,6702186,PONTARDDULAIS PRIMARY SCHOOL,670,Swansea,Primary,Community,EM,English medium school / provision,"Nursery, Infants & Juniors",---,Upper James Street,Pontarddulais,Swansea,,SA4 8JD,01792882383,391,6702186,PONTARDDULAIS PRIMARY SCHOOL,670,Abertawe,Cymuned,EM,Cyfrwng Saesneg,"Iau, babanod a meithrin",---,Upper James Street,Pontarddulais,Swansea,,SA4 8JD,01792882383,391,764,POINT (-4.028591959927912 51.71248175960897)
maintained_schools_wg.765,200002959000,6702189,Y.G.G. BRYNIAGO,670,Swansea,Primary,Community,WM,Welsh medium school / provision (including transitional),"Nursery, Infants & Juniors",---,Lower James Street,Pontarddulais,Swansea,,SA4 8JA,01792 882012,198,6702189,Y.G.G. BRYNIAGO,670,Abertawe,Cymuned,WM,Cyfrwng Cymraeg,"Iau, babanod a meithrin",---,Lower James Street,Pontarddulais,Swansea,,SA4 8JA,01792 882012,198,765,POINT (-4.032614167826748 51.7130078747153)
maintained_schools_wg.766,100101044421,6702192,PONTLLIW PRIMARY,670,Swansea,Primary,Community,EM,English medium school / provision,"Nursery, Infants & Juniors",---,Clordir Road,Pontlliw,Pontarddulais,,SA4 9FA,01792882553,224,6702192,PONTLLIW PRIMARY,670,Abertawe,Cymuned,EM,Cyfrwng Saesneg,"Iau, babanod a meithrin",---,Clordir Road,Pontlliw,Pontarddulais,,SA4 9FA,01792882553,224,766,POINT (-4.010556126340142 51.693219161042144)
maintained_schools_wg.767,200002958978,6702211,TRE UCHAF PRIMARY SCHOOL,670,Swansea,Primary,Community,EM,English medium school / provision,"Nursery, Infants & Juniors",---,Heol Cae Ty Newydd,Loughor,Swansea,,SA4 6QB,01792893682,203,6702211,TRE UCHAF PRIMARY SCHOOL,670,Abertawe,Cymuned,EM,Cyfrwng Saesneg,"Iau, babanod a meithrin",---,Heol Cae Ty Newydd,Loughor,Swansea,,SA4 6QB,01792893682,203,767,POINT (-4.059973253827805 51.66560608288077)
maintained_schools_wg.768,10010021162,6702212,Y.G.G. PONTYBRENIN,670,Swansea,Primary,Community,WM,Welsh medium school / provision (including transitional),"Nursery, Infants & Juniors",---,Loughor Road,Gorseinon,Swansea,,SA4 6AU,01792894210,574,6702212,Y.G.G. PONTYBRENIN,670,Abertawe,Cymuned,WM,Cyfrwng Cymraeg,"Iau, babanod a meithrin",---,Loughor Road,Gorseinon,Swansea,,SA4 6AU,01792894210,574,768,POINT (-4.041734207636215 51.66230072394753)
maintained_schools_wg.769,200002959581,6702215,CRAIGFELEN PRIMARY SCHOOL,670,Swansea,Primary,Community,EM,English medium school / provision,"Nursery, Infants & Juniors",---,Woodside Crescent,Clydach,Swansea,,SA6 5DP,01792843278,183,6702215,CRAIGFELEN PRIMARY SCHOOL,670,Abertawe,Cymuned,EM,Cyfrwng Saesneg,"Iau, babanod a meithrin",---,Woodside Crescent,Clydach,Swansea,,SA6 5DP,01792843278,183,769,POINT (-3.904458709833359 51.69684542677538)
maintained_schools_wg.770,200002957611,6702216,PENNARD PRIMARY,670,Swansea,Primary,Community,EM,English medium school / provision,"Nursery, Infants & Juniors",---,Pennard Road,Pennard,Swansea,,SA3 2AD,01792233343,167,6702216,PENNARD PRIMARY,670,Abertawe,Cymuned,EM,Cyfrwng Saesneg,"Iau, babanod a meithrin",---,Pennard Road,Pennard,Swansea,,SA3 2AD,01792233343,167,770,POINT (-4.0874690769316135 51.5751040378947)
maintained_schools_wg.771,10010043624,6702217,KNELSTON PRIMARY,670,Swansea,Primary,Community,EM,English medium school / provision,"Nursery, Infants & Juniors",---,Reynoldston,Gower,Swansea,,SA3 1AR,01792390071,75,6702217,KNELSTON PRIMARY,670,Abertawe,Cymuned,EM,Cyfrwng Saesneg,"Iau, babanod a meithrin",---,Reynoldston,Gower,Swansea,,SA3 1AR,01792390071,75,771,POINT (-4.210285220720477 51.57893332202366)
maintained_schools_wg.772,10010028993,6702219,PEN-Y-FRO,670,Swansea,Primary,Community,EM,English medium school / provision,"Nursery, Infants & Juniors",---,Priors Crescent,Dunvant,Swansea,,SA2 7UF,01792203728,189,6702219,PEN-Y-FRO,670,Abertawe,Cymuned,EM,Cyfrwng Saesneg,"Iau, babanod a meithrin",---,Priors Crescent,Dunvant,Swansea,,SA2 7UF,01792203728,189,772,POINT (-4.043525919770848 51.62499541528924)
maintained_schools_wg.773,100101044563,6702223,PONTYBRENIN PRIMARY SCHOOL,670,Swansea,Primary,Community,EM,English medium school / provision,"Nursery, Infants & Juniors",---,Glyn Rhosyn,Gorseinon,Swansea,,SA4 6HX,01792891151,316,6702223,PONTYBRENIN PRIMARY SCHOOL,670,Abertawe,Cymuned,EM,Cyfrwng Saesneg,"Iau, babanod a meithrin",---,Glyn Rhosyn,Gorseinon,Swansea,,SA4 6HX,01792891151,316,773,POINT (-4.0432025273402585 51.66408267508684)
maintained_schools_wg.774,200001853179,6702225,TALYCOPA PRIMARY SCHOOL,670,Swansea,Primary,Community,EM,English medium school / provision,"Nursery, Infants & Juniors",---,Heol Hafdy,Llansamlet,Swansea,,SA7 9RZ,01792793660,222,6702225,TALYCOPA PRIMARY SCHOOL,670,Abertawe,Cymuned,EM,Cyfrwng Saesneg,"Iau, babanod a meithrin",---,Heol Hafdy,Llansamlet,Swansea,,SA7 9RZ,01792793660,222,774,POINT (-3.885054126898295 51.6573109768964)
maintained_schools_wg.775,100101044657,6702226,GLYNCOLLEN PRIMARY SCHOOL,670,Swansea,Primary,Community,EM,English medium school / provision,"Nursery, Infants & Juniors",---,Heol Dolfain,Ynysforgan,Swansea,,SA6 6QF,01792791727,198,6702226,GLYNCOLLEN PRIMARY SCHOOL,670,Abertawe,Cymuned,EM,Cyfrwng Saesneg,"Iau, babanod a meithrin",---,Heol Dolfain,Ynysforgan,Swansea,,SA6 6QF,01792791727,198,775,POINT (-3.919120950125426 51.68222798126432)
maintained_schools_wg.776,200002959413,6702229,YSGOL GYMRAEG Y LOGIN FACH,670,Swansea,Primary,Community,WM,Welsh medium school / provision (including transitional),"Nursery, Infants & Juniors",---,Roseland Road,Waunarlwydd,Abertawe,,SA5 4ST,01792874399,222,6702229,YSGOL GYMRAEG Y LOGIN FACH,670,Abertawe,Cymuned,WM,Cyfrwng Cymraeg,"Iau, babanod a meithrin",---,Roseland Road,Waunarlwydd,Abertawe,,SA5 4ST,01792874399,222,776,POINT (-4.011820070224465 51.64049779523004)
maintained_schools_wg.777,10094783981,6702231,Y.G.G. TIRDEUNAW,670,Swansea,Primary,Community,WM,Welsh medium school / provision (including transitional),"Nursery, Infants & Juniors",---,Heol Ddu,Treboeth,Abertawe,,SA5 7HW,01792774612,360,6702231,Y.G.G. TIRDEUNAW,670,Abertawe,Cymuned,WM,Cyfrwng Cymraeg,"Iau, babanod a meithrin",---,Heol Ddu,Treboeth,Abertawe,,SA5 7HW,01792774612,360,777,POINT (-3.959909199006181 51.64875474197575)
maintained_schools_wg.778,10010030998,6702232,Y.G.G. Gellionnen,670,Swansea,Primary,Community,WM,Welsh medium school / provision (including transitional),"Nursery, Infants & Juniors",---,Gellionnen Road,Clydach,Swansea,,SA6 5HE,01792845489,187,6702232,Y.G.G. Gellionnen,670,Abertawe,Cymuned,WM,Cyfrwng Cymraeg,"Iau, babanod a meithrin",---,Gellionnen Road,Clydach,Swansea,,SA6 5HE,01792845489,187,778,POINT (-3.8937834064997636 51.70144227526181)
maintained_schools_wg.779,200002955003,6702233,GORS COMMUNITY SCHOOL,670,Swansea,Primary,Community,EM,English medium school / provision,"Nursery, Infants & Juniors",---,Gors Avenue,Cockett,Swansea,,SA1 6SF,01792522202,317,6702233,GORS COMMUNITY SCHOOL,670,Abertawe,Cymuned,EM,Cyfrwng Saesneg,"Iau, babanod a meithrin",---,Gors Avenue,Cockett,Swansea,,SA1 6SF,01792522202,317,779,POINT (-3.981304328154529 51.63173663409893)
maintained_schools_wg.780,10010030026,6702234,SEA VIEW PRIMARY SCHOOL,670,Swansea,Primary,Community,EM,English medium school / provision,"Nursery, Infants & Juniors",---,Creidiol Road,Mayhill,Swansea,,SA1 6TZ,01792650703,236,6702234,SEA VIEW PRIMARY SCHOOL,670,Abertawe,Cymuned,EM,Cyfrwng Saesneg,"Iau, babanod a meithrin",---,Creidiol Road,Mayhill,Swansea,,SA1 6TZ,01792650703,236,780,POINT (-3.94904557158267 51.62787047133363)
maintained_schools_wg.781,10010056211,6702235,Y.G.G. Llwynderw,670,Swansea,Primary,Community,WM,Welsh medium school / provision (including transitional),"Nursery, Infants & Juniors",---,West Cross Lane,West Cross,Swansea,,SA3 5LS,01792407130,312,6702235,Y.G.G. Llwynderw,670,Abertawe,Cymuned,WM,Cyfrwng Cymraeg,"Iau, babanod a meithrin",---,West Cross Lane,West Cross,Swansea,,SA3 5LS,01792407130,312,781,POINT (-4.005823085522798 51.58418118989267)
maintained_schools_wg.782,10010045729,6702236,Birchgrove Primary,670,Swansea,Primary,Community,EM,English medium school / provision,"Nursery, Infants & Juniors",---,Heol Nant Bran,Birchgrove,Swansea,,SA7 9LH,01792814814,420,6702236,Birchgrove Primary,670,Abertawe,Cymuned,EM,Cyfrwng Saesneg,"Iau, babanod a meithrin",---,Heol Nant Bran,Birchgrove,Swansea,,SA7 9LH,01792814814,420,782,POINT (-3.8745605323623127 51.66982806806072)
maintained_schools_wg.783,200002957465,6702237,DUNVANT Primary SCHOOL,670,Swansea,Primary,Community,EM,English medium school / provision,"Nursery, Infants & Juniors",---,Dunvant Road,Dunvant,Swansea,,SA2 7SN,01792207336,351,6702237,DUNVANT Primary SCHOOL,670,Abertawe,Cymuned,EM,Cyfrwng Saesneg,"Iau, babanod a meithrin",---,Dunvant Road,Dunvant,Swansea,,SA2 7SN,01792207336,351,783,POINT (-4.022740337841048 51.62250487308316)
maintained_schools_wg.784,200002959464,6702238,GWYROSYDD PRIMARY SCHOOL,670,Swansea,Primary,Community,EM,English medium school / provision,"Nursery, Infants & Juniors",---,Park Hill Terrace,Treboeth,Swansea,,SA5 7DN,01792797117,405,6702238,GWYROSYDD PRIMARY SCHOOL,670,Abertawe,Cymuned,EM,Cyfrwng Saesneg,"Iau, babanod a meithrin",---,Park Hill Terrace,Treboeth,Swansea,,SA5 7DN,01792797117,405,784,POINT (-3.950414969543808 51.650355805231385)
maintained_schools_wg.785,10010047098,6702239,St Thomas Community Primary School,670,Swansea,Primary,Community,EM,English medium school / provision,"Nursery, Infants & Juniors",---,Grenfell Park Road,St Thomas,Swansea,,SA1 8EZ,01792 650052,420,6702239,St Thomas Community Primary School,670,Abertawe,Cymuned,EM,Cyfrwng Saesneg,"Iau, babanod a meithrin",---,Grenfell Park Road,St Thomas,Swansea,,SA1 8EZ,01792 650052,420,785,POINT (-3.926696014737873 51.62383320938291)
maintained_schools_wg.786,10091613086,6702240,GOWERTON PRIMARY SCHOOL,670,Swansea,Primary,Community,EM,English medium school / provision,"Nursery, Infants & Juniors",---,Mount Street,Gowerton,Swansea,,SA4 3GE,01792872439,342,6702240,GOWERTON PRIMARY SCHOOL,670,Abertawe,Cymuned,EM,Cyfrwng Saesneg,"Iau, babanod a meithrin",---,Mount Street,Gowerton,Swansea,,SA4 3GE,01792872439,342,786,POINT (-4.050309999332177 51.65113530066083)
maintained_schools_wg.787,10010027494,6702241,Pentre'r Graig Primary School,670,Swansea,Primary,Community,EM,English medium school / provision,"Nursery, Infants & Juniors",---,School Road,Morriston,Swansea,,SA6 6HY,01792771831,300,6702241,Pentre'r Graig Primary School,670,Abertawe,Cymuned,EM,Cyfrwng Saesneg,"Iau, babanod a meithrin",---,School Road,Morriston,Swansea,,SA6 6HY,01792771831,300,787,POINT (-3.9237552829704274 51.66871764777592)
maintained_schools_wg.788,10091617036,6702242,YGG TANYLAN,670,Swansea,Primary,Community,WM,Welsh medium school / provision (including transitional),"Nursery, Infants & Juniors",---,Tan-y-lan Terrace,Morriston,Swansea,,SA6 7DU,01792772800,209,6702242,YGG TANYLAN,670,Abertawe,Cymuned,WM,Cyfrwng Cymraeg,"Iau, babanod a meithrin",---,Tan-y-lan Terrace,Morriston,Swansea,,SA6 7DU,01792772800,209,788,POINT (-3.940795552411058 51.66410708441065)
maintained_schools_wg.789,10091613087,6702243,Burlais Primary School,670,Swansea,Primary,Community,EM,English medium school / provision,"Nursery, Infants & Juniors",---,Gerddi Alexander,Cwmbwrla,Swansea,,SA5 8BN,01792652350,496,6702243,Burlais Primary School,670,Abertawe,Cymuned,EM,Cyfrwng Saesneg,"Iau, babanod a meithrin",---,Gerddi Alexander,Cwmbwrla,Swansea,,SA5 8BN,01792652350,496,789,POINT (-3.9568353959841924 51.637984336583536)
maintained_schools_wg.790,10010031001,6702244,Clydach Primary School,670,Swansea,Primary,Community,EM,English medium school / provision,"Nursery, Infants & Juniors",---,Sybil Street,Clydach,Swansea,,SA6 5EU,01792843356,150,6702244,Clydach Primary School,670,Abertawe,Cymuned,EM,Cyfrwng Saesneg,"Iau, babanod a meithrin",---,Sybil Street,Clydach,Swansea,,SA6 5EU,01792843356,150,790,POINT (-3.8971384047479067 51.695848870328625)
maintained_schools_wg.791,100101044772,6702245,Ysgol Gymraeg Y Cwm,670,Swansea,Primary,Community,WM,Welsh medium school / provision (including transitional),"Nursery, Infants & Juniors",---,Jersey Road,Bonymaen,Swansea,,SA1 7DL,01792650326,124,6702245,Ysgol Gymraeg Y Cwm,670,Abertawe,Cymuned,WM,Cyfrwng Cymraeg,"Iau, babanod a meithrin",---,Jersey Road,Bonymaen,Swansea,,SA1 7DL,01792650326,124,791,POINT (-3.9120224168042714 51.64661713737975)
maintained_schools_wg.792,100101044724,6702246,Gorseinon Primary School,670,Swansea,Primary,Community,EM,English medium school / provision,"Nursery, Infants & Juniors",---,High Street,Gorseinon,Swansea,,SA4 4BN,01792987089,311,6702246,Gorseinon Primary School,670,Abertawe,Cymuned,EM,Cyfrwng Saesneg,"Iau, babanod a meithrin",---,High Street,Gorseinon,Swansea,,SA4 4BN,01792987089,311,792,POINT (-4.040178941059517 51.669521778408104)
maintained_schools_wg.793,10010030096,6702247,Brynhyfryd Primary School,670,Swansea,Primary,Community,EM,English medium school / provision,"Nursery, Infants & Juniors",---,Llangyfelach Road,Brynhyfryd,Swansea,,SA5 9LN,01792483870,461,6702247,Brynhyfryd Primary School,670,Abertawe,Cymuned,EM,Cyfrwng Saesneg,"Iau, babanod a meithrin",---,Llangyfelach Road,Brynhyfryd,Swansea,,SA5 9LN,01792483870,461,793,POINT (-3.944962857825559 51.64354907844971)
maintained_schools_wg.794,10010022336,6703303,ST. DAVID'S RC PRIMARY SCHOOL,670,Swansea,Primary,Voluntary aided,EM,English medium school / provision,"Nursery, Infants & Juniors",Roman Catholic,West Cross Avenue,West Cross,Swansea,,SA3 5TS,01792512212,197,6703303,ST. DAVID'S RC PRIMARY SCHOOL,670,Abertawe,Gwirfoddol a Gynorthwyir,EM,Cyfrwng Saesneg,"Iau, babanod a meithrin",Eglwys Gatholig,West Cross Avenue,West Cross,Swansea,,SA3 5TS,01792512212,197,794,POINT (-4.004837621860448 51.58245347292789)
maintained_schools_wg.795,10010027259,6703305,ST ILLTYDS PRIMARY,670,Swansea,Primary,Voluntary aided,EM,English medium school / provision,"Nursery, Infants & Juniors",Roman Catholic,Jersey Road,Bonymaen,Swansea,,SA1 7DG,01792462104,195,6703305,ST ILLTYDS PRIMARY,670,Abertawe,Gwirfoddol a Gynorthwyir,EM,Cyfrwng Saesneg,"Iau, babanod a meithrin",Eglwys Gatholig,Jersey Road,Bonymaen,Swansea,,SA1 7DG,01792462104,195,795,POINT (-3.9163556197851497 51.64140282498906)
maintained_schools_wg.796,100101045450,6703306,CHRISTCHURCH CHURCH IN WALES,670,Swansea,Primary,Voluntary aided,EM,English medium school / provision,"Nursery, Infants & Juniors",Church in Wales,Rodney Street,Swansea,,,SA1 3UA,01792510900,162,6703306,CHRISTCHURCH CHURCH IN WALES,670,Abertawe,Gwirfoddol a Gynorthwyir,EM,Cyfrwng Saesneg,"Iau, babanod a meithrin",Eglwys yng Nghymru,Rodney Street,Swansea,,,SA1 3UA,01792510900,162,796,POINT (-3.9555859066944485 51.613985203837196)
maintained_schools_wg.797,100101015459,6703308,ST JOSEPH'S R.C. PRIMARY,670,Swansea,Primary,Voluntary aided,EM,English medium school / provision,"Nursery, Infants & Juniors",Roman Catholic,Pontardawe Road,Clydach,Swansea,,SA6 5NX,01792842494,245,6703308,ST JOSEPH'S R.C. PRIMARY,670,Abertawe,Gwirfoddol a Gynorthwyir,EM,Cyfrwng Saesneg,"Iau, babanod a meithrin",Eglwys Gatholig,Pontardawe Road,Clydach,Swansea,,SA6 5NX,01792842494,245,797,POINT (-3.8811197691604793 51.69688889046683)
maintained_schools_wg.798,100100986614,6703309,St Josephs Cathedral Primary School,670,Swansea,Primary,Voluntary aided,EM,English medium school / provision,"Nursery, Infants & Juniors",Roman Catholic,Caepistyll Street,Greenhill,Swansea,,SA1 2BE,01792653609,503,6703309,St Josephs Cathedral Primary School,670,Abertawe,Gwirfoddol a Gynorthwyir,EM,Cyfrwng Saesneg,"Iau, babanod a meithrin",Eglwys Gatholig,Caepistyll Street,Greenhill,Swansea,,SA1 2BE,01792653609,503,798,POINT (-3.943573308746011 51.63167510210676)
maintained_schools_wg.799,200002955138,6704031,Cefn Hengoed,670,Swansea,Secondary,Community,EM,English medium school / provision,Secondary (ages 11-16),---,Caldicot Road,Winch Wen,Swansea,,SA1 7HX,01792773464,906,6704031,Cefn Hengoed,670,Abertawe,Cymuned,EM,Cyfrwng Saesneg,Uwchradd (ystod oedran 11-16),---,Caldicot Road,Winch Wen,Swansea,,SA1 7HX,01792773464,906,799,POINT (-3.9050212993802402 51.644676929208046)
maintained_schools_wg.800,10010047538,6704032,OLCHFA SCHOOL,670,Swansea,Secondary,Community,EM,English medium school / provision,Secondary (ages 11-19),---,Gower Road,Sketty,Swansea,,SA2 7AB,01792534300,1907,6704032,OLCHFA SCHOOL,670,Abertawe,Cymuned,EM,Cyfrwng Saesneg,Uwchradd (ystod oedran 11-19),---,Gower Road,Sketty,Swansea,,SA2 7AB,01792534300,1907,800,POINT (-4.0054135859653845 51.61879156810628)
maintained_schools_wg.801,10010039017,6704033,MORRISTON COMPREHENSIVE,670,Swansea,Secondary,Community,EM,English medium school / provision,Secondary (ages 11-19),---,Heol Maes Eglwys,Morriston,Swansea,,SA6 6NH,01792797745,1055,6704033,MORRISTON COMPREHENSIVE,670,Abertawe,Cymuned,EM,Cyfrwng Saesneg,Uwchradd (ystod oedran 11-19),---,Heol Maes Eglwys,Morriston,Swansea,,SA6 6NH,01792797745,1055,801,POINT (-3.9266594140435775 51.68169096866884)
maintained_schools_wg.802,10010026088,6704043,PENTREHAFOD SCHOOL,670,Swansea,Secondary,Community,EM,English medium school / provision,Secondary (ages 11-16),---,Pentremawr Road,Hafod,Swansea,,SA1 2NN,01792410400,1120,6704043,PENTREHAFOD SCHOOL,670,Abertawe,Cymuned,EM,Cyfrwng Saesneg,Uwchradd (ystod oedran 11-16),---,Pentremawr Road,Hafod,Swansea,,SA1 2NN,01792410400,1120,802,POINT (-3.9408815862282074 51.63800580849793)
maintained_schools_wg.803,100101044457,6704044,BISHOP GORE SCHOOL,670,Swansea,Secondary,Community,EM,English medium school / provision,Secondary (ages 11-19),---,De-La-Beche Road,Sketty,Swansea,,SA2 9AP,01792411400,1315,6704044,BISHOP GORE SCHOOL,670,Abertawe,Cymuned,EM,Cyfrwng Saesneg,Uwchradd (ystod oedran 11-19),---,De-La-Beche Road,Sketty,Swansea,,SA2 9AP,01792411400,1315,803,POINT (-3.9883568751931686 51.61524200237932)
maintained_schools_wg.804,100101045391,6704062,Penyrheol Comprehensive School,670,Swansea,Secondary,Community,EM,English medium school / provision,Secondary (ages 11-16),---,Pontarddulais Road,Gorseinon,Swansea,,SA4 4FG,01792533066,860,6704062,Penyrheol Comprehensive School,670,Abertawe,Cymuned,EM,Cyfrwng Saesneg,Uwchradd (ystod oedran 11-16),---,Pontarddulais Road,Gorseinon,Swansea,,SA4 4FG,01792533066,860,804,POINT (-4.04135946200207 51.67473732734304)
maintained_schools_wg.805,10010021426,6704063,Gowerton Comprehensive School,670,Swansea,Secondary,Community,EM,English medium school / provision,Secondary (ages 11-19),---,Cecil Road,Gowerton,Swansea,,SA4 3DL,01792873461,1127,6704063,Gowerton Comprehensive School,670,Abertawe,Cymuned,EM,Cyfrwng Saesneg,Uwchradd (ystod oedran 11-19),---,Cecil Road,Gowerton,Swansea,,SA4 3DL,01792873461,1127,805,POINT (-4.036150867225866 51.64258715076109)
maintained_schools_wg.806,100101045736,6704069,BISHOPSTON COMPREHENSIVE,670,Swansea,Secondary,Community,EM,English medium school / provision,Secondary (ages 11-16),---,The Glebe,Bishopston,Swansea,,SA3 3JP,01792 234121,1128,6704069,BISHOPSTON COMPREHENSIVE,670,Abertawe,Cymuned,EM,Cyfrwng Saesneg,Uwchradd (ystod oedran 11-16),---,The Glebe,Bishopston,Swansea,,SA3 3JP,01792 234121,1128,806,POINT (-4.049269240467705 51.584122757680234)
maintained_schools_wg.807,100101044213,6704072,Pontarddulais Comprehensive School,670,Swansea,Secondary,Community,EM,English medium school / provision,Secondary (ages 11-16),---,Caecerrig Road,Pontarddulais,Swansea,,SA4 8PD,01792884556,848,6704072,Pontarddulais Comprehensive School,670,Abertawe,Cymuned,EM,Cyfrwng Saesneg,Uwchradd (ystod oedran 11-16),---,Caecerrig Road,Pontarddulais,Swansea,,SA4 8PD,01792884556,848,807,POINT (-4.033864254430746 51.717390372103864)
maintained_schools_wg.808,10010021540,6704074,Ysgol Gyfun Gwyr,670,Swansea,Secondary,Community,WM,Welsh medium school / provision (including transitional),Secondary (ages 11-19),---,Talbot Street,Tregwyr,Abertawe,,SA4 3DD,01792872403,1127,6704074,Ysgol Gyfun Gwyr,670,Abertawe,Cymuned,WM,Cyfrwng Cymraeg,Uwchradd (ystod oedran 11-19),---,Talbot Street,Tregwyr,Abertawe,,SA4 3DD,01792872403,1127,808,POINT (-4.039175680972966 51.64589785104119)
maintained_schools_wg.809,100101044166,6704075,BIRCHGROVE,670,Swansea,Secondary,Community,EM,English medium school / provision,Secondary (ages 11-16),---,Birchgrove Road,Birchgrove,Swansea,,SA7 9NB,01792535400,722,6704075,BIRCHGROVE,670,Abertawe,Cymuned,EM,Cyfrwng Saesneg,Uwchradd (ystod oedran 11-16),---,Birchgrove Road,Birchgrove,Swansea,,SA7 9NB,01792535400,722,809,POINT (-3.871834247929042 51.67104955721296)
maintained_schools_wg.810,10010029233,6704076,Dylan Thomas Community School,670,Swansea,Secondary,Community,EM,English medium school / provision,Secondary (ages 11-16),---,John Street,Cockett,Swansea,,SA2 0FR,01792610300,695,6704076,Dylan Thomas Community School,670,Abertawe,Cymuned,EM,Cyfrwng Saesneg,Uwchradd (ystod oedran 11-16),---,John Street,Cockett,Swansea,,SA2 0FR,01792610300,695,810,POINT (-3.9837277916846494 51.63362908318193)
maintained_schools_wg.811,10010024770,6704078,Ysgol Gyfun Gymraeg Bryn Tawe,670,Swansea,Secondary,Community,WM,Welsh medium school / provision (including transitional),Secondary (ages 11-19),---,Heol Gywrosydd,Penlan,Swansea,,SA5 7BU,01792560600,873,6704078,Ysgol Gyfun Gymraeg Bryn Tawe,670,Abertawe,Cymuned,WM,Cyfrwng Cymraeg,Uwchradd (ystod oedran 11-19),---,Heol Gywrosydd,Penlan,Swansea,,SA5 7BU,01792560600,873,811,POINT (-3.9598256112336894 51.65101548797148)
maintained_schools_wg.812,10010026283,6704600,Bishop Vaughan School,670,Swansea,Secondary,Voluntary aided,EM,English medium school / provision,Secondary (ages 11-19),Roman Catholic,Mynydd Garnlwyd Road,Morriston,Swansea,,SA6 7QG,01792772006,1236,6704600,Bishop Vaughan School,670,Abertawe,Gwirfoddol a Gynorthwyir,EM,Cyfrwng Saesneg,Uwchradd (ystod oedran 11-19),Eglwys Gatholig,Mynydd Garnlwyd Road,Morriston,Swansea,,SA6 7QG,01792772006,1236,812,POINT (-3.938888745943362 51.66175129035686)
maintained_schools_wg.813,100101040646,6712100,Alltwen Primary School,671,Neath Port Talbot,Primary,Community,EM,English medium school / provision,"Nursery, Infants & Juniors",---,Alltwen Hill,Alltwen,Pontardawe,Swansea,SA8 3AB,01792863275,213,6712100,Alltwen Primary School,671,Castell-nedd Port Talbot,Cymuned,EM,Cyfrwng Saesneg,"Iau, babanod a meithrin",---,Alltwen Hill,Alltwen,Pontardawe,Swansea,SA8 3AB,01792863275,213,813,POINT (-3.8444953806786737 51.71752250169006)
maintained_schools_wg.814,100101040066,6712101,Blaendulais Primary School,671,Neath Port Talbot,Primary,Community,EM,English medium school / provision,"Nursery, Infants & Juniors",---,Seven Sisters,Neath,,,SA10 9AA,01639700261,93,6712101,Blaendulais Primary School,671,Castell-nedd Port Talbot,Cymuned,EM,Cyfrwng Saesneg,"Iau, babanod a meithrin",---,Seven Sisters,Neath,,,SA10 9AA,01639700261,93,814,POINT (-3.7108918042878494 51.76512511084649)
maintained_schools_wg.815,200001853239,6712106,Blaengwrach Primary School,671,Neath Port Talbot,Primary,Community,EM,English medium school / provision,"Nursery, Infants & Juniors",---,Heol Wenallt,Cwmgwrach,Neath,,SA11 5PP,01639720342,147,6712106,Blaengwrach Primary School,671,Castell-nedd Port Talbot,Cymuned,EM,Cyfrwng Saesneg,"Iau, babanod a meithrin",---,Heol Wenallt,Cwmgwrach,Neath,,SA11 5PP,01639720342,147,815,POINT (-3.641238319058427 51.733801583169026)
maintained_schools_wg.816,200001853214,6712110,Blaenhonddan Primary School,671,Neath Port Talbot,Primary,Community,EM,English medium school / provision,"Nursery, Infants & Juniors",---,Main Road,Bryncoch,Neath,,SA10 7PE,01639644366,270,6712110,Blaenhonddan Primary School,671,Castell-nedd Port Talbot,Cymuned,EM,Cyfrwng Saesneg,"Iau, babanod a meithrin",---,Main Road,Bryncoch,Neath,,SA10 7PE,01639644366,270,816,POINT (-3.8146547129909885 51.677648310005445)
maintained_schools_wg.817,200002955713,6712119,Baglan Primary School,671,Neath Port Talbot,Primary,Community,EM,English medium school / provision,"Nursery, Infants & Juniors",---,Elmwood Road,Baglan,Port Talbot,,SA12 8TF,01639813112,270,6712119,Baglan Primary School,671,Castell-nedd Port Talbot,Cymuned,EM,Cyfrwng Saesneg,"Iau, babanod a meithrin",---,Elmwood Road,Baglan,Port Talbot,,SA12 8TF,01639813112,270,817,POINT (-3.8075874659591986 51.61893894060268)
maintained_schools_wg.818,200002961712,6712128,YGG Cwmllynfell,671,Neath Port Talbot,Primary,Community,WM,Welsh medium school / provision (including transitional),"Nursery, Infants & Juniors",---,Heol Y Bryn,Cwmllynfell,Swansea,,SA9 2FJ,01639830630,60,6712128,YGG Cwmllynfell,671,Castell-nedd Port Talbot,Cymuned,WM,Cyfrwng Cymraeg,"Iau, babanod a meithrin",---,Heol Y Bryn,Cwmllynfell,Swansea,,SA9 2FJ,01639830630,60,818,POINT (-3.81968751481263 51.798011289776845)
maintained_schools_wg.819,200002955367,6712129,Creunant Primary School,671,Neath Port Talbot,Primary,Community,EM,English medium school / provision,"Nursery, Infants & Juniors",---,School Road,Crynant,Neath,,SA10 8NS,01639750224,124,6712129,Creunant Primary School,671,Castell-nedd Port Talbot,Cymuned,EM,Cyfrwng Saesneg,"Iau, babanod a meithrin",---,School Road,Crynant,Neath,,SA10 8NS,01639750224,124,819,POINT (-3.7474470277458276 51.7326474046027)
maintained_schools_wg.820,100101040251,6712134,Crymlyn Primary School,671,Neath Port Talbot,Primary,Community,EM,English medium school / provision,"Nursery, Infants & Juniors",---,School Road,Jersey Marine,Neath,,SA10 6JJ,01792812285,132,6712134,Crymlyn Primary School,671,Castell-nedd Port Talbot,Cymuned,EM,Cyfrwng Saesneg,"Iau, babanod a meithrin",---,School Road,Jersey Marine,Neath,,SA10 6JJ,01792812285,132,820,POINT (-3.8634634397671936 51.63024067068375)
maintained_schools_wg.821,200002955603,6712137,Cwmnedd Primary School,671,Neath Port Talbot,Primary,Community,EM,English medium school / provision,"Nursery, Infants & Juniors",---,New Street,Glynneath,Neath,,SA11 5AA,01639720220,172,6712137,Cwmnedd Primary School,671,Castell-nedd Port Talbot,Cymuned,EM,Cyfrwng Saesneg,"Iau, babanod a meithrin",---,New Street,Glynneath,Neath,,SA11 5AA,01639720220,172,821,POINT (-3.622844671621066 51.747086421850646)
maintained_schools_wg.822,100101040516,6712138,Cymer Afan Primary School,671,Neath Port Talbot,Primary,Community,EM,English medium school / provision,"Nursery, Infants & Juniors",---,Margam Street,Cymmer,Port Talbot,,SA13 3EE,01639850739,92,6712138,Cymer Afan Primary School,671,Castell-nedd Port Talbot,Cymuned,EM,Cyfrwng Saesneg,"Iau, babanod a meithrin",---,Margam Street,Cymmer,Port Talbot,,SA13 3EE,01639850739,92,822,POINT (-3.6531335966390084 51.651384691447866)
maintained_schools_wg.823,100101040670,6712140,Godre'rgraig Primary School,671,Neath Port Talbot,Primary,Community,EM,English medium school / provision,"Nursery, Infants & Juniors",---,Graig Road,Godre'rgraig,Swansea,,SA9 2NY,01792860048,102,6712140,Godre'rgraig Primary School,671,Castell-nedd Port Talbot,Cymuned,EM,Cyfrwng Saesneg,"Iau, babanod a meithrin",---,Graig Road,Godre'rgraig,Swansea,,SA9 2NY,01792860048,102,823,POINT (-3.8097641761830077 51.74648695315379)
maintained_schools_wg.824,200001853247,6712142,Eastern Primary School,671,Neath Port Talbot,Primary,Community,EM,English medium school / provision,"Nursery, Infants & Juniors",---,Incline Row,Taibach,Port Talbot,,SA13 1TT,01639882819,132,6712142,Eastern Primary School,671,Castell-nedd Port Talbot,Cymuned,EM,Cyfrwng Saesneg,"Iau, babanod a meithrin",---,Incline Row,Taibach,Port Talbot,,SA13 1TT,01639882819,132,824,POINT (-3.7679255059499037 51.585246556130066)
maintained_schools_wg.85,10090599953,6602226,Ysgol Gynradd Corn Hir,660,Isle of Anglesey,Primary,Community,WM,Welsh medium school / provision (including transitional),Infants & Juniors,---,Llangefni,Ynys Môn,,,LL77 7JB,01248722558,338,6602226,Ysgol Gynradd Corn Hir,660,Ynys Môn,Cymuned,WM,Cyfrwng Cymraeg,Iau a babanod,---,Llangefni,Ynys Môn,,,LL77 7JB,01248722558,338,85,POINT (-4.329262075822073 53.25916893613075)
maintained_schools_wg.825,100101040289,6712144,Gnoll Primary School,671,Neath Port Talbot,Primary,Community,EM,English medium school / provision,"Nursery, Infants & Juniors",---,Wellfield Avenue,Neath,,,SA11 1AQ,01639642938,352,6712144,Gnoll Primary School,671,Castell-nedd Port Talbot,Cymuned,EM,Cyfrwng Saesneg,"Iau, babanod a meithrin",---,Wellfield Avenue,Neath,,,SA11 1AQ,01639642938,352,825,POINT (-3.800533530170654 51.65821768773557)
maintained_schools_wg.826,100101040359,6712148,Glyncorrwg Primary School,671,Neath Port Talbot,Primary,Community,EM,English medium school / provision,"Nursery, Infants & Juniors",---,Bridge Street,Glyncorrwg,Port Talbot,,SA13 3BB,01639850323,91,6712148,Glyncorrwg Primary School,671,Castell-nedd Port Talbot,Cymuned,EM,Cyfrwng Saesneg,"Iau, babanod a meithrin",---,Bridge Street,Glyncorrwg,Port Talbot,,SA13 3BB,01639850323,91,826,POINT (-3.6272044652793425 51.67933453777246)
maintained_schools_wg.827,200002956959,6712149,YGG Gwaun Cae Gurwen,671,Neath Port Talbot,Primary,Community,WM,Welsh medium school / provision (including transitional),"Nursery, Infants & Juniors",---,New Road,Gwaun Cae Gurwen,Ammanford,,SA18 1UN,01269822238,164,6712149,YGG Gwaun Cae Gurwen,671,Castell-nedd Port Talbot,Cymuned,WM,Cyfrwng Cymraeg,"Iau, babanod a meithrin",---,New Road,Gwaun Cae Gurwen,Ammanford,,SA18 1UN,01269822238,164,827,POINT (-3.8804339710513296 51.79370103786782)
maintained_schools_wg.828,100101040110,6712150,Catwg Primary School,671,Neath Port Talbot,Primary,Community,EM,English medium school / provision,"Nursery, Infants & Juniors",---,Main Road,Cadoxton,Neath,,SA10 8BL,01639642731,203,6712150,Catwg Primary School,671,Castell-nedd Port Talbot,Cymuned,EM,Cyfrwng Saesneg,"Iau, babanod a meithrin",---,Main Road,Cadoxton,Neath,,SA10 8BL,01639642731,203,828,POINT (-3.7961609338264055 51.673409589255854)
maintained_schools_wg.829,200002955388,6712155,Maesmarchog Community Primary School,671,Neath Port Talbot,Primary,Community,EM,English medium school / provision,"Nursery, Infants & Juniors",---,School Road,Dyffryn Cellwen,Neath,,SA10 9LB,01639700228,83,6712155,Maesmarchog Community Primary School,671,Castell-nedd Port Talbot,Cymuned,EM,Cyfrwng Saesneg,"Iau, babanod a meithrin",---,School Road,Dyffryn Cellwen,Neath,,SA10 9LB,01639700228,83,829,POINT (-3.664072738910217 51.77705535779166)
maintained_schools_wg.831,200001853241,6712161,Sandfields Primary School,671,Neath Port Talbot,Primary,Community,EM,English medium school / provision,"Nursery, Infants & Juniors",---,Lilian Street,Aberavon,Port Talbot,,SA12 6AJ,01639882355,249,6712161,Sandfields Primary School,671,Castell-nedd Port Talbot,Cymuned,EM,Cyfrwng Saesneg,"Iau, babanod a meithrin",---,Lilian Street,Aberavon,Port Talbot,,SA12 6AJ,01639882355,249,831,POINT (-3.7986486725311837 51.59563333000961)
maintained_schools_wg.832,10009185277,6712168,YGG Castell-nedd,671,Neath Port Talbot,Primary,Community,WM,Welsh medium school / provision (including transitional),"Nursery, Infants & Juniors",---,Heol Woodland,Castell-Nedd,,,SA11 3AL,01639637701,408,6712168,YGG Castell-nedd,671,Castell-nedd Port Talbot,Cymuned,WM,Cyfrwng Cymraeg,"Iau, babanod a meithrin",---,Heol Woodland,Castell-Nedd,,,SA11 3AL,01639637701,408,832,POINT (-3.7983861602587328 51.66167664367355)
maintained_schools_wg.833,200002955837,6712173,Croeserw Primary School,671,Neath Port Talbot,Primary,Community,EM,English medium school / provision,"Nursery, Infants & Juniors",---,Bryn Siriol,Cymmer,Port Talbot,,SA13 3PL,01639850265,137,6712173,Croeserw Primary School,671,Castell-nedd Port Talbot,Cymuned,EM,Cyfrwng Saesneg,"Iau, babanod a meithrin",---,Bryn Siriol,Cymmer,Port Talbot,,SA13 3PL,01639850265,137,833,POINT (-3.6354902610797226 51.64514852741471)
maintained_schools_wg.834,100100991481,6712175,Tywyn Primary School,671,Neath Port Talbot,Primary,Community,EM,English medium school / provision,"Nursery, Infants & Juniors",---,Channel View,Sandfields,Port Talbot,,SA12 6JF,01639790883,439,6712175,Tywyn Primary School,671,Castell-nedd Port Talbot,Cymuned,EM,Cyfrwng Saesneg,"Iau, babanod a meithrin",---,Channel View,Sandfields,Port Talbot,,SA12 6JF,01639790883,439,834,POINT (-3.807318329172073 51.58998780956509)
maintained_schools_wg.835,200002961578,6712178,Llangiwg Primary School,671,Neath Port Talbot,Primary,Community,EM,English medium school / provision,"Nursery, Infants & Juniors",---,New Road,Ynysmeudwy,Pontardawe,Swansea,SA8 4PJ,01792863274,81,6712178,Llangiwg Primary School,671,Castell-nedd Port Talbot,Cymuned,EM,Cyfrwng Saesneg,"Iau, babanod a meithrin",---,New Road,Ynysmeudwy,Pontardawe,Swansea,SA8 4PJ,01792863274,81,835,POINT (-3.8417402842877086 51.72738521492893)
maintained_schools_wg.836,100101040252,6712181,Tonnau Primary Community School,671,Neath Port Talbot,Primary,Community,EM,English medium school / provision,"Nursery, Infants & Juniors",---,School Road,Tonna,Neath,,SA11 3EJ,01639637062,206,6712181,Tonnau Primary Community School,671,Castell-nedd Port Talbot,Cymuned,EM,Cyfrwng Saesneg,"Iau, babanod a meithrin",---,School Road,Tonna,Neath,,SA11 3EJ,01639637062,206,836,POINT (-3.7772210738227097 51.67430926777418)
maintained_schools_wg.837,100101040165,6712187,Ynysfach Primary School,671,Neath Port Talbot,Primary,Community,EM,English medium school / provision,"Nursery, Infants & Juniors",---,Resolven,Neath,,,SA11 4AB,01639710238,149,6712187,Ynysfach Primary School,671,Castell-nedd Port Talbot,Cymuned,EM,Cyfrwng Saesneg,"Iau, babanod a meithrin",---,Resolven,Neath,,,SA11 4AB,01639710238,149,837,POINT (-3.6943389584102544 51.70885843280533)
maintained_schools_wg.838,100101040503,6712191,Blaenbaglan Primary School,671,Neath Port Talbot,Primary,Community,EM,English medium school / provision,"Nursery, Infants & Juniors",---,Maes-Ty-Canol,Baglan,Port Talbot,,SA12 8YF,01639769775,267,6712191,Blaenbaglan Primary School,671,Castell-nedd Port Talbot,Cymuned,EM,Cyfrwng Saesneg,"Iau, babanod a meithrin",---,Maes-Ty-Canol,Baglan,Port Talbot,,SA12 8YF,01639769775,267,838,POINT (-3.7968201043122023 51.62099266770931)
maintained_schools_wg.839,100101040736,6712200,Rhos Primary School,671,Neath Port Talbot,Primary,Community,EM,English medium school / provision,"Nursery, Infants & Juniors",---,Neath Road,Rhos,Swansea,,SA8 3EB,01792862177,147,6712200,Rhos Primary School,671,Castell-nedd Port Talbot,Cymuned,EM,Cyfrwng Saesneg,"Iau, babanod a meithrin",---,Neath Road,Rhos,Swansea,,SA8 3EB,01792862177,147,839,POINT (-3.8304921561030025 51.71347927078744)
maintained_schools_wg.840,10009185280,6712202,YGG Blaendulais,671,Neath Port Talbot,Primary,Community,WM,Welsh medium school / provision (including transitional),"Nursery, Infants & Juniors",---,Blaendulais,Castell Nedd,,,SA10 9AA,01639700342,101,6712202,YGG Blaendulais,671,Castell-nedd Port Talbot,Cymuned,WM,Cyfrwng Cymraeg,"Iau, babanod a meithrin",---,Blaendulais,Castell Nedd,,,SA10 9AA,01639700342,101,840,POINT (-3.711651565317325 51.76567154973221)
maintained_schools_wg.841,100101040748,6712203,Rhydyfro Primary School,671,Neath Port Talbot,Primary,Community,EM,English medium school / provision,"Nursery, Infants & Juniors",---,Waun Penlan,Pontardawe,Swansea,,SA8 3BB,01792862200,147,6712203,Rhydyfro Primary School,671,Castell-nedd Port Talbot,Cymuned,EM,Cyfrwng Saesneg,"Iau, babanod a meithrin",---,Waun Penlan,Pontardawe,Swansea,,SA8 3BB,01792862200,147,841,POINT (-3.8614547849955145 51.73354884548216)
maintained_schools_wg.842,200002955575,6712205,YGG Cwm Nedd,671,Neath Port Talbot,Primary,Community,WM,Welsh medium school / provision (including transitional),"Nursery, Infants & Juniors",---,New Street,Glynneath,Neath,,SA11 5AA,01639720530,143,6712205,YGG Cwm Nedd,671,Castell-nedd Port Talbot,Cymuned,WM,Cyfrwng Cymraeg,"Iau, babanod a meithrin",---,New Street,Glynneath,Neath,,SA11 5AA,01639720530,143,842,POINT (-3.6223263188975894 51.746769871259744)
maintained_schools_wg.843,100101039960,6712206,Tairgwaith Primary School,671,Neath Port Talbot,Primary,Community,EM,English medium school / provision,"Nursery, Infants & Juniors",---,Llwyncelyn Road,Tairgwaith,Ammanford,,SA18 1UU,01269823258,89,6712206,Tairgwaith Primary School,671,Castell-nedd Port Talbot,Cymuned,EM,Cyfrwng Saesneg,"Iau, babanod a meithrin",---,Llwyncelyn Road,Tairgwaith,Ammanford,,SA18 1UU,01269823258,89,843,POINT (-3.8642984660433894 51.79170106758755)
maintained_schools_wg.844,200001850240,6712208,YGG Trebannws,671,Neath Port Talbot,Primary,Community,WM,Welsh medium school / provision (including transitional),"Nursery, Infants & Juniors",---,Swansea Road,Trebannws,Swansea,,SA8 4BL,01792864004,90,6712208,YGG Trebannws,671,Castell-nedd Port Talbot,Cymuned,WM,Cyfrwng Cymraeg,"Iau, babanod a meithrin",---,Swansea Road,Trebannws,Swansea,,SA8 4BL,01792864004,90,844,POINT (-3.865008166876499 51.710814091169844)
maintained_schools_wg.845,10009185152,6712218,YGG Pontardawe,671,Neath Port Talbot,Primary,Community,WM,Welsh medium school / provision (including transitional),"Nursery, Infants & Juniors",---,Alltacham Drive,Pontardawe,Abertawe,,SA8 4JR,01792862136,342,6712218,YGG Pontardawe,671,Castell-nedd Port Talbot,Cymuned,WM,Cyfrwng Cymraeg,"Iau, babanod a meithrin",---,Alltacham Drive,Pontardawe,Abertawe,,SA8 4JR,01792862136,342,845,POINT (-3.8532942239063868 51.72629527845365)
maintained_schools_wg.846,100101040038,6712221,Waunceirch Primary School,671,Neath Port Talbot,Primary,Community,EM,English medium school / provision,"Nursery, Infants & Juniors",---,Dwr Y Felin Road,Waunceirch,Neath,,SA10 7RW,01639636084,187,6712221,Waunceirch Primary School,671,Castell-nedd Port Talbot,Cymuned,EM,Cyfrwng Saesneg,"Iau, babanod a meithrin",---,Dwr Y Felin Road,Waunceirch,Neath,,SA10 7RW,01639636084,187,846,POINT (-3.8213522051048874 51.672257173043256)
maintained_schools_wg.847,100101040227,6712230,Cilffriw Primary School,671,Neath Port Talbot,Primary,Community,EM,English medium school / provision,"Nursery, Infants & Juniors",---,Main Road,Cilfrew,Neath,,SA10 8LF,01639630816,146,6712230,Cilffriw Primary School,671,Castell-nedd Port Talbot,Cymuned,EM,Cyfrwng Saesneg,"Iau, babanod a meithrin",---,Main Road,Cilfrew,Neath,,SA10 8LF,01639630816,146,847,POINT (-3.781139030563926 51.681272799595746)
maintained_schools_wg.848,200001853229,6712231,YGG Tyle'r Ynn,671,Neath Port Talbot,Primary,Community,WM,Welsh medium school / provision (including transitional),"Nursery, Infants & Juniors",---,Llansawel Crescent,Briton Ferry,Castell Nedd,,SA11 2UN,01639812229,292,6712231,YGG Tyle'r Ynn,671,Castell-nedd Port Talbot,Cymuned,WM,Cyfrwng Cymraeg,"Iau, babanod a meithrin",---,Llansawel Crescent,Briton Ferry,Castell Nedd,,SA11 2UN,01639812229,292,848,POINT (-3.821565251676644 51.64404513752488)
maintained_schools_wg.849,10009185123,6712232,Coed Hirwaun Primary School,671,Neath Port Talbot,Primary,Community,EM,English medium school / provision,"Nursery, Infants & Juniors",---,Cwrt y Carw,Margam,Port Talbot,,SA13 2TS,01656747830,155,6712232,Coed Hirwaun Primary School,671,Castell-nedd Port Talbot,Cymuned,EM,Cyfrwng Saesneg,"Iau, babanod a meithrin",---,Cwrt y Carw,Margam,Port Talbot,,SA13 2TS,01656747830,155,849,POINT (-3.7045421044498035 51.54780552938265)
maintained_schools_wg.850,10014160521,6712233,Coedffranc Primary School,671,Neath Port Talbot,Primary,Community,EM,English medium school / provision,"Nursery, Infants & Juniors",---,Stanley Road,Skewen,Neath,,SA10 6LP,01792813504,408,6712233,Coedffranc Primary School,671,Castell-nedd Port Talbot,Cymuned,EM,Cyfrwng Saesneg,"Iau, babanod a meithrin",---,Stanley Road,Skewen,Neath,,SA10 6LP,01792813504,408,850,POINT (-3.8430189893056173 51.660552825638675)
maintained_schools_wg.851,10023948664,6712234,Pen Afan Primary School,671,Neath Port Talbot,Primary,Community,EM,English medium school / provision,"Nursery, Infants & Juniors",---,Western Terrace,Blaengwynfi,Port Talbot,,SA13 3YE,01639850316,95,6712234,Pen Afan Primary School,671,Castell-nedd Port Talbot,Cymuned,EM,Cyfrwng Saesneg,"Iau, babanod a meithrin",---,Western Terrace,Blaengwynfi,Port Talbot,,SA13 3YE,01639850316,95,851,POINT (-3.5998125869381825 51.654812044140314)
maintained_schools_wg.852,10023950594,6712235,Awel Y Mor Primary School,671,Neath Port Talbot,Primary,Community,EM,English medium school / provision,"Nursery, Infants & Juniors",---,Ffordd yr Ysgol,Sandfields,Port Talbot,,SA12 6TP,01639875100,354,6712235,Awel Y Mor Primary School,671,Castell-nedd Port Talbot,Cymuned,EM,Cyfrwng Saesneg,"Iau, babanod a meithrin",---,Ffordd yr Ysgol,Sandfields,Port Talbot,,SA12 6TP,01639875100,354,852,POINT (-3.811401545589419 51.59755034764929)
maintained_schools_wg.853,100101039972,6712236,Crynallt Primary School,671,Neath Port Talbot,Primary,Community,EM,English medium school / provision,"Nursery, Infants & Juniors",---,Afan Valley Road,Cimla,Neath,,SA11 3AZ,01639635256,389,6712236,Crynallt Primary School,671,Castell-nedd Port Talbot,Cymuned,EM,Cyfrwng Saesneg,"Iau, babanod a meithrin",---,Afan Valley Road,Cimla,Neath,,SA11 3AZ,01639635256,389,853,POINT (-3.7850078682156463 51.65275370673255)
maintained_schools_wg.854,10023951051,6712237,Cwmafan Primary School,671,Neath Port Talbot,Primary,Community,EM,English medium school / provision,"Nursery, Infants & Juniors",---,Ty'r Owen Row,Cwmavon,Port Talbot,,SA12 9BB,01639869312,409,6712237,Cwmafan Primary School,671,Castell-nedd Port Talbot,Cymuned,EM,Cyfrwng Saesneg,"Iau, babanod a meithrin",---,Ty'r Owen Row,Cwmavon,Port Talbot,,SA12 9BB,01639869312,409,854,POINT (-3.7632477030727025 51.614335033839964)
maintained_schools_wg.855,100101040615,6712238,Central Primary School,671,Neath Port Talbot,Primary,Community,EM,English medium school / provision,"Nursery, Infants & Juniors",---,Theodore Road,Port Talbot,,,SA13 1SF,01639882866,408,6712238,Central Primary School,671,Castell-nedd Port Talbot,Cymuned,EM,Cyfrwng Saesneg,"Iau, babanod a meithrin",---,Theodore Road,Port Talbot,,,SA13 1SF,01639882866,408,855,POINT (-3.7723843826490886 51.58928876793522)
maintained_schools_wg.856,10094265618,6712239,Abbey Primary School,671,Neath Port Talbot,Primary,Community,EM,English medium school / provision,"Nursery, Infants & Juniors",---,New Road,Neath Abbey,Neath,,SA10 7ND,01792812202,438,6712239,Abbey Primary School,671,Castell-nedd Port Talbot,Cymuned,EM,Cyfrwng Saesneg,"Iau, babanod a meithrin",---,New Road,Neath Abbey,Neath,,SA10 7ND,01792812202,438,856,POINT (-3.8343244798607596 51.66150729369913)
maintained_schools_wg.857,200002955507,6712240,Melin Primary School,671,Neath Port Talbot,Primary,Community,EM,English medium school / provision,"Nursery, Infants & Juniors",---,MILE END ROW,Melincryddan,Neath,,SA11 2ED,01639645414,261,6712240,Melin Primary School,671,Castell-nedd Port Talbot,Cymuned,EM,Cyfrwng Saesneg,"Iau, babanod a meithrin",---,MILE END ROW,Melincryddan,Neath,,SA11 2ED,01639645414,261,857,POINT (-3.812275715639309 51.65247979526048)
maintained_schools_wg.858,10094262140,6712241,Ysgol Carreg Hir,671,Neath Port Talbot,Primary,Community,EM,English medium school / provision,"Nursery, Infants & Juniors",---,Old Road,Briton Ferry,,Neath,SA11 2ET,01639502892,387,6712241,Ysgol Carreg Hir,671,Castell-nedd Port Talbot,Cymuned,EM,Cyfrwng Saesneg,"Iau, babanod a meithrin",---,Old Road,Briton Ferry,,Neath,SA11 2ET,01639502892,387,858,POINT (-3.8166314210314667 51.64391477504899)
maintained_schools_wg.859,200002955427,6713309,St Joseph's Catholic Primary School (Neath),671,Neath Port Talbot,Primary,Voluntary aided,EM,English medium school / provision,"Nursery, Infants & Juniors",Roman Catholic,Cook Rees Avenue,Neath,,,SA11 1UR,01639635099,121,6713309,St Joseph's Catholic Primary School (Neath),671,Castell-nedd Port Talbot,Gwirfoddol a Gynorthwyir,EM,Cyfrwng Saesneg,"Iau, babanod a meithrin",Eglwys Gatholig,Cook Rees Avenue,Neath,,,SA11 1UR,01639635099,121,859,POINT (-3.7988781112283383 51.654385394225365)
maintained_schools_wg.860,100100991482,6713310,St Josephs Catholic Infant School,671,Neath Port Talbot,Primary,Voluntary aided,EM,English medium school / provision,Nursery & Infants,Roman Catholic,Water Street,Aberavon,Port Talbot,,SA12 6LF,01639882579,118,6713310,St Josephs Catholic Infant School,671,Castell-nedd Port Talbot,Gwirfoddol a Gynorthwyir,EM,Cyfrwng Saesneg,Babanod a meithrin,Eglwys Gatholig,Water Street,Aberavon,Port Talbot,,SA12 6LF,01639882579,118,860,POINT (-3.7895046064518745 51.595143680348855)
maintained_schools_wg.861,200001853217,6713311,Bryncoch CIW Primary School,671,Neath Port Talbot,Primary,Voluntary aided,EM,English medium school / provision,"Nursery, Infants & Juniors",Church in Wales,Furzeland Drive,Bryncoch,Neath,,SA10 7UG,01639643359,105,6713311,Bryncoch CIW Primary School,671,Castell-nedd Port Talbot,Gwirfoddol a Gynorthwyir,EM,Cyfrwng Saesneg,"Iau, babanod a meithrin",Eglwys yng Nghymru,Furzeland Drive,Bryncoch,Neath,,SA10 7UG,01639643359,105,861,POINT (-3.8181586472127993 51.68495873921455)
maintained_schools_wg.862,100101040257,6713313,Alderman Davies CIW Primary School,671,Neath Port Talbot,Primary,Voluntary aided,EM,English medium school / provision,"Nursery, Infants & Juniors",Church in Wales,St David's Street,Neath,,,SA11 3AA,01639769772,251,6713313,Alderman Davies CIW Primary School,671,Castell-nedd Port Talbot,Gwirfoddol a Gynorthwyir,EM,Cyfrwng Saesneg,"Iau, babanod a meithrin",Eglwys yng Nghymru,St David's Street,Neath,,,SA11 3AA,01639769772,251,862,POINT (-3.802023678297144 51.66225032330333)
maintained_schools_wg.863,10009185275,6713314,St Therese's Catholic Primary School,671,Neath Port Talbot,Primary,Voluntary aided,EM,English medium school / provision,"Nursery, Infants & Juniors",Roman Catholic,Southdown Road,Sandfields,Port Talbot,,SA12 7HL,01639882797,225,6713314,St Therese's Catholic Primary School,671,Castell-nedd Port Talbot,Gwirfoddol a Gynorthwyir,EM,Cyfrwng Saesneg,"Iau, babanod a meithrin",Eglwys Gatholig,Southdown Road,Sandfields,Port Talbot,,SA12 7HL,01639882797,225,863,POINT (-3.815563585679116 51.598367271854755)
maintained_schools_wg.864,200002955648,6713316,St Josephs Catholic Junior School,671,Neath Port Talbot,Primary,Voluntary aided,EM,English medium school / provision,Juniors,Roman Catholic,Nobel Avenue,Port Talbot,,,SA12 6YN,01639769743,166,6713316,St Josephs Catholic Junior School,671,Castell-nedd Port Talbot,Gwirfoddol a Gynorthwyir,EM,Cyfrwng Saesneg,Iau,Eglwys Gatholig,Nobel Avenue,Port Talbot,,,SA12 6YN,01639769743,166,864,POINT (-3.796396342038127 51.600388801395276)
maintained_schools_wg.865,100101039970,6714064,Cefn Saeson Comprehensive School,671,Neath Port Talbot,Secondary,Community,EM,English medium school / provision,Secondary (ages 11-16),---,Afan Valley Road,Cimla,Neath,,SA11 3TA,01639791300,849,6714064,Cefn Saeson Comprehensive School,671,Castell-nedd Port Talbot,Cymuned,EM,Cyfrwng Saesneg,Uwchradd (ystod oedran 11-16),---,Afan Valley Road,Cimla,Neath,,SA11 3TA,01639791300,849,865,POINT (-3.7754551402427805 51.65060555466018)
maintained_schools_wg.866,10094264527,6714065,Cwmtawe Community School,671,Neath Port Talbot,Secondary,Community,EM,English medium school / provision,Secondary (ages 11-16),---,Ffordd Parc Ynysderw,Pontardawe,Swansea,,SA8 4EG,01792863200,1047,6714065,Cwmtawe Community School,671,Castell-nedd Port Talbot,Cymuned,EM,Cyfrwng Saesneg,Uwchradd (ystod oedran 11-16),---,Ffordd Parc Ynysderw,Pontardawe,Swansea,,SA8 4EG,01792863200,1047,866,POINT (-3.8532700345214317 51.71579275498809)
maintained_schools_wg.867,100101040111,6714066,Llangatwg Community School,671,Neath Port Talbot,Secondary,Community,EM,English medium school / provision,Secondary (ages 11-16),---,Main Road,Cadoxton,Neath,,SA10 8DB,01639634700,750,6714066,Llangatwg Community School,671,Castell-nedd Port Talbot,Cymuned,EM,Cyfrwng Saesneg,Uwchradd (ystod oedran 11-16),---,Main Road,Cadoxton,Neath,,SA10 8DB,01639634700,750,867,POINT (-3.785860007130606 51.67846746651538)
maintained_schools_wg.868,100101040037,6714067,Dwr Y Felin Comprehensive School,671,Neath Port Talbot,Secondary,Community,EM,English medium school / provision,Secondary (ages 11-16),---,Dwr Y Felin Road,Neath,,,SA10 7RE,01639635161,1097,6714067,Dwr Y Felin Comprehensive School,671,Castell-nedd Port Talbot,Cymuned,EM,Cyfrwng Saesneg,Uwchradd (ystod oedran 11-16),---,Dwr Y Felin Road,Neath,,,SA10 7RE,01639635161,1097,868,POINT (-3.8130879725719695 51.665946639119944)
maintained_schools_wg.869,200002955647,6714601,St Joseph's RC School and 6th Form Centre,671,Neath Port Talbot,Secondary,Voluntary aided,EM,English medium school / provision,Secondary (ages 11-19),Roman Catholic,Newton Avenue,Aberavon,Port Talbot,,SA12 6EY,01639884305,835,6714601,St Joseph's RC School and 6th Form Centre,671,Castell-nedd Port Talbot,Gwirfoddol a Gynorthwyir,EM,Cyfrwng Saesneg,Uwchradd (ystod oedran 11-19),Eglwys Gatholig,Newton Avenue,Aberavon,Port Talbot,,SA12 6EY,01639884305,835,869,POINT (-3.7945142145765187 51.5998960458636)
maintained_schools_wg.870,10023951257,6715500,Ysgol Bae Baglan,671,Neath Port Talbot,Middle,Community,EM,English medium school / provision,Middle (ages 3-16),---, SEAWAY PARADE,Sandfields,,PORT TALBOT,SA12 7BL,01639508540,1383,6715500,Ysgol Bae Baglan,671,Castell-nedd Port Talbot,Cymuned,EM,Cyfrwng Saesneg,Canol (ystod oedran 3-16),---, SEAWAY PARADE,Sandfields,,PORT TALBOT,SA12 7BL,01639508540,1383,870,POINT (-3.8196298977846457 51.61014719054196)
maintained_schools_wg.871,10009185182,6715501,Ysgol Gymraeg Ystalyfera Bro Dur,671,Neath Port Talbot,Middle,Community,WM,Welsh medium school / provision (including transitional),Middle (ages 3-19),---,Glan Yr Afon,Ystalyfera,Swansea,,SA9 2DY,01639842129,1557,6715501,Ysgol Gymraeg Ystalyfera Bro Dur,671,Castell-nedd Port Talbot,Cymuned,WM,Cyfrwng Cymraeg,Canol (ystod oedran 3-19),---,Glan Yr Afon,Ystalyfera,Swansea,,SA9 2DY,01639842129,1557,871,POINT (-3.782818850766363 51.764109781053115)
maintained_schools_wg.872,10094262141,6715502,Ysgol Cwm Brombil,671,Neath Port Talbot,Middle,Community,EM,English medium school / provision,Middle (ages 3-16),---,Bertha Road,,Margam,Port Talbot,SA13 2AN,01639760110,1439,6715502,Ysgol Cwm Brombil,671,Castell-nedd Port Talbot,Cymuned,EM,Cyfrwng Saesneg,Canol (ystod oedran 3-16),---,Bertha Road,,Margam,Port Talbot,SA13 2AN,01639760110,1439,872,POINT (-3.7519468876014814 51.57287903917659)
maintained_schools_wg.873,100101038592,6722046,Abercerdin Primary School,672,Bridgend,Primary,Community,EM,English medium school / provision,"Nursery, Infants & Juniors",---,Kenry Street,Evanstown,Gilfach Goch,Bridgend,CF39 8RS,01656815535,144,6722046,Abercerdin Primary School,672,Pen-y-bont ar Ogwr,Cymuned,EM,Cyfrwng Saesneg,"Iau, babanod a meithrin",---,Kenry Street,Evanstown,Gilfach Goch,Bridgend,CF39 8RS,01656815535,144,873,POINT (-3.479515019262135 51.595338615888124)
maintained_schools_wg.874,10013368237,6722051,Betws Primary School,672,Bridgend,Primary,Community,EM,English medium school / provision,"Nursery, Infants & Juniors",---,Heol Bradford,Bettws,Bridgend,,CF32 8TB,01656815650,174,6722051,Betws Primary School,672,Pen-y-bont ar Ogwr,Cymuned,EM,Cyfrwng Saesneg,"Iau, babanod a meithrin",---,Heol Bradford,Bettws,Bridgend,,CF32 8TB,01656815650,174,874,POINT (-3.5876448014598608 51.568135233199214)
maintained_schools_wg.875,100101038301,6722055,Blaengarw Primary,672,Bridgend,Primary,Community,EM,English medium school / provision,"Nursery, Infants & Juniors",---,Station Street,Blaengarw,Pontycymer,Bridgend,CF32 8BA,01656815550,157,6722055,Blaengarw Primary,672,Pen-y-bont ar Ogwr,Cymuned,EM,Cyfrwng Saesneg,"Iau, babanod a meithrin",---,Station Street,Blaengarw,Pontycymer,Bridgend,CF32 8BA,01656815550,157,875,POINT (-3.5875443474393407 51.624320585424755)
maintained_schools_wg.877,200002654653,6722090,Bryntirion Infants,672,Bridgend,Primary,Community,EM,English medium school / provision,Nursery & Infants,---,Bryngolau,Bryntirion,Bridgend,,CF31 4DD,01656815860,147,6722090,Bryntirion Infants,672,Pen-y-bont ar Ogwr,Cymuned,EM,Cyfrwng Saesneg,Babanod a meithrin,---,Bryngolau,Bryntirion,Bridgend,,CF31 4DD,01656815860,147,877,POINT (-3.6028257538430863 51.508585783415754)
maintained_schools_wg.878,200001850912,6722103,CEFN CRIBWR PRIMARY SCHOOL,672,Bridgend,Primary,Community,EM,English medium school / provision,"Nursery, Infants & Juniors",---,Cefn Road,Cefn Cribbwr,Bridgend,,CF32 0AW,01656815645,156,6722103,CEFN CRIBWR PRIMARY SCHOOL,672,Pen-y-bont ar Ogwr,Cymuned,EM,Cyfrwng Saesneg,"Iau, babanod a meithrin",---,Cefn Road,Cefn Cribbwr,Bridgend,,CF32 0AW,01656815645,156,878,POINT (-3.6492475092796584 51.531334177129835)
maintained_schools_wg.879,10090813916,6722109,Coety Primary,672,Bridgend,Primary,Community,EM,English medium school / provision,"Nursery, Infants & Juniors",---,Heol-yr-Ysgol,Coity,Bridgend,,CF35 6DH,01656754990,482,6722109,Coety Primary,672,Pen-y-bont ar Ogwr,Cymuned,EM,Cyfrwng Saesneg,"Iau, babanod a meithrin",---,Heol-yr-Ysgol,Coity,Bridgend,,CF35 6DH,01656754990,482,879,POINT (-3.563682420607827 51.52738741946793)
maintained_schools_wg.880,100101038376,6722117,Cwmfelin Primary School,672,Bridgend,Primary,Community,EM,English medium school / provision,"Nursery, Infants & Juniors",---,Maesteg Road,Cwmfelin,Maesteg,Bridgend,CF34 9LD,01656815525,200,6722117,Cwmfelin Primary School,672,Pen-y-bont ar Ogwr,Cymuned,EM,Cyfrwng Saesneg,"Iau, babanod a meithrin",---,Maesteg Road,Cwmfelin,Maesteg,Bridgend,CF34 9LD,01656815525,200,880,POINT (-3.6427090514911904 51.593514772283186)
maintained_schools_wg.881,200001850928,6722122,FFALDAU,672,Bridgend,Primary,Community,EM,English medium school / provision,"Nursery, Infants & Juniors",---,Albany Road,Pontycymmer,Bridgend,,CF32 8HW,01656815870,133,6722122,FFALDAU,672,Pen-y-bont ar Ogwr,Cymuned,EM,Cyfrwng Saesneg,"Iau, babanod a meithrin",---,Albany Road,Pontycymmer,Bridgend,,CF32 8HW,01656815870,133,881,POINT (-3.5814661444083637 51.60980501292787)
maintained_schools_wg.882,100101038468,6722129,Garth Primary School,672,Bridgend,Primary,Community,EM,English medium school / provision,"Nursery, Infants & Juniors",---,Mission Road,Garth,Maesteg,Bridgend,CF34 0ND,01656815590,191,6722129,Garth Primary School,672,Pen-y-bont ar Ogwr,Cymuned,EM,Cyfrwng Saesneg,"Iau, babanod a meithrin",---,Mission Road,Garth,Maesteg,Bridgend,CF34 0ND,01656815590,191,882,POINT (-3.639486701163606 51.600345047671006)
maintained_schools_wg.883,10033000640,6722146,Coychurch Llangrallo Primary,672,Bridgend,Primary,Community,EM,English medium school / provision,"Nursery, Infants & Juniors",---,Main Road,Coychurch,Bridgend,,CF35 5HN,01656815880,134,6722146,Coychurch Llangrallo Primary,672,Pen-y-bont ar Ogwr,Cymuned,EM,Cyfrwng Saesneg,"Iau, babanod a meithrin",---,Main Road,Coychurch,Bridgend,,CF35 5HN,01656815880,134,883,POINT (-3.526961710009136 51.507906981292656)
maintained_schools_wg.884,100101038362,6722149,LLANGYNWYD PRIMARY SCHOOL,672,Bridgend,Primary,Community,EM,English medium school / provision,"Nursery, Infants & Juniors",---,Heol Cadrawd,Llangynwyd,Maesteg,Bridgend,CF34 9TE,01656 733166,92,6722149,LLANGYNWYD PRIMARY SCHOOL,672,Pen-y-bont ar Ogwr,Cymuned,EM,Cyfrwng Saesneg,"Iau, babanod a meithrin",---,Heol Cadrawd,Llangynwyd,Maesteg,Bridgend,CF34 9TE,01656 733166,92,884,POINT (-3.636137277035358 51.58662103260223)
maintained_schools_wg.885,100101038436,6722172,NANTYFFYLLON PRIMARY SCHOOL,672,Bridgend,Primary,Community,EM,English medium school / provision,"Nursery, Infants & Juniors",---,Garnwen Terrace,Nantyffyllon,Maesteg,Bridgend,CF34 0ET,01656815740,204,6722172,NANTYFFYLLON PRIMARY SCHOOL,672,Pen-y-bont ar Ogwr,Cymuned,EM,Cyfrwng Saesneg,"Iau, babanod a meithrin",---,Garnwen Terrace,Nantyffyllon,Maesteg,Bridgend,CF34 0ET,01656815740,204,885,POINT (-3.6625917637724337 51.61963707301693)
maintained_schools_wg.886,100101038581,6722178,Nantymoel Primary School,672,Bridgend,Primary,Community,EM,English medium school / provision,"Nursery, Infants & Juniors",---,Gwendoline Street,Nantymoel,Bridgend,,CF32 7PL,01656815670,222,6722178,Nantymoel Primary School,672,Pen-y-bont ar Ogwr,Cymuned,EM,Cyfrwng Saesneg,"Iau, babanod a meithrin",---,Gwendoline Street,Nantymoel,Bridgend,,CF32 7PL,01656815670,222,886,POINT (-3.537666746080837 51.61845407888109)
maintained_schools_wg.887,100101038764,6722185,Newton Primary,672,Bridgend,Primary,Community,EM,English medium school / provision,"Nursery, Infants & Juniors",---,New Road,Porthcawl,Bridgend,,CF36 5BL,01656815780,169,6722185,Newton Primary,672,Pen-y-bont ar Ogwr,Cymuned,EM,Cyfrwng Saesneg,"Iau, babanod a meithrin",---,New Road,Porthcawl,Bridgend,,CF36 5BL,01656815780,169,887,POINT (-3.6939201822794554 51.48202912978547)
maintained_schools_wg.888,100101038780,6722194,NOTTAGE COUNTY PRIMARY,672,Bridgend,Primary,Community,EM,English medium school / provision,"Nursery, Infants & Juniors",---,Suffolk Place,Porthcawl,Bridgend,,CF36 3ED,01656815540,326,6722194,NOTTAGE COUNTY PRIMARY,672,Pen-y-bont ar Ogwr,Cymuned,EM,Cyfrwng Saesneg,"Iau, babanod a meithrin",---,Suffolk Place,Porthcawl,Bridgend,,CF36 3ED,01656815540,326,888,POINT (-3.70713577977481 51.48342799858356)
maintained_schools_wg.889,200002655716,6722220,Pen-y-Bont Primary,672,Bridgend,Primary,Community,EM,English medium school / provision,"Nursery, Infants & Juniors",---,Minerva Street,Bridgend,,,CF31 1TD,01656754860,334,6722220,Pen-y-Bont Primary,672,Pen-y-bont ar Ogwr,Cymuned,EM,Cyfrwng Saesneg,"Iau, babanod a meithrin",---,Minerva Street,Bridgend,,,CF31 1TD,01656754860,334,889,POINT (-3.5741517260201654 51.50906414786759)
maintained_schools_wg.890,200001850946,6722227,Pil Primary,672,Bridgend,Primary,Community,EM,English medium school / provision,"Nursery, Infants & Juniors",---,Pyle Inn Way,Pyle,Bridgend,,CF33 6AB,01656815630,198,6722227,Pil Primary,672,Pen-y-bont ar Ogwr,Cymuned,EM,Cyfrwng Saesneg,"Iau, babanod a meithrin",---,Pyle Inn Way,Pyle,Bridgend,,CF33 6AB,01656815630,198,890,POINT (-3.6916594296763017 51.53042551315851)
maintained_schools_wg.891,100101038407,6722232,Plasnewydd Primary School,672,Bridgend,Primary,Community,EM,English medium school / provision,"Nursery, Infants & Juniors",---,Castle Street,Maesteg,Bridgend,,CF34 9UN,01656815770,176,6722232,Plasnewydd Primary School,672,Pen-y-bont ar Ogwr,Cymuned,EM,Cyfrwng Saesneg,"Iau, babanod a meithrin",---,Castle Street,Maesteg,Bridgend,,CF34 9UN,01656815770,176,891,POINT (-3.659169020101482 51.61017568543833)
maintained_schools_wg.892,200001850918,6722256,Trelales Primary School,672,Bridgend,Primary,Community,EM,English medium school / provision,"Nursery, Infants & Juniors",---,Well Street,Laleston,Bridgend,,CF32 0LF,01656815610,181,6722256,Trelales Primary School,672,Pen-y-bont ar Ogwr,Cymuned,EM,Cyfrwng Saesneg,"Iau, babanod a meithrin",---,Well Street,Laleston,Bridgend,,CF32 0LF,01656815610,181,892,POINT (-3.6235389277137044 51.50505668215125)
maintained_schools_wg.893,200002663572,6722259,Ysgol Cynwyd Sant,672,Bridgend,Primary,Community,WM,Welsh medium school / provision (including transitional),"Nursery, Infants & Juniors",---,Pen-Yr-Ysgol,Maesteg,Bridgend,,CF34 9LN,01656815615,271,6722259,Ysgol Cynwyd Sant,672,Pen-y-bont ar Ogwr,Cymuned,WM,Cyfrwng Cymraeg,"Iau, babanod a meithrin",---,Pen-Yr-Ysgol,Maesteg,Bridgend,,CF34 9LN,01656815615,271,893,POINT (-3.660698953742279 51.603664583573774)
maintained_schools_wg.894,10094052104,6722275,Tynyrheol Primary School,672,Bridgend,Primary,Community,EM,English medium school / provision,"Nursery, Infants & Juniors",---,TYNYRHEOL PRIMARY SCHOO,HEOL LLANGEINOR,LLANGEINOR,,CF32 8PN,01656815820,60,6722275,Tynyrheol Primary School,672,Pen-y-bont ar Ogwr,Cymuned,EM,Cyfrwng Saesneg,"Iau, babanod a meithrin",---,TYNYRHEOL PRIMARY SCHOO,HEOL LLANGEINOR,LLANGEINOR,,CF32 8PN,01656815820,60,894,POINT (-3.5678684455606495 51.57609521308631)
maintained_schools_wg.895,100101038629,6722279,CROESTY PRIMARY SCHOOL,672,Bridgend,Primary,Community,EM,English medium school / provision,"Nursery, Infants & Juniors",---,Coychurch Road,Pencoed,Bridgend,,CF35 5LY,01656815890,185,6722279,CROESTY PRIMARY SCHOOL,672,Pen-y-bont ar Ogwr,Cymuned,EM,Cyfrwng Saesneg,"Iau, babanod a meithrin",---,Coychurch Road,Pencoed,Bridgend,,CF35 5LY,01656815890,185,895,POINT (-3.502503573955835 51.51911312205847)
maintained_schools_wg.896,100101038278,6722288,CORNELI PRIMARY,672,Bridgend,Primary,Community,EM,English medium school / provision,"Nursery, Infants & Juniors",---,Greenfield Terrace,North Cornelly,Bridgend,,CF33 4LW,01656754870,251,6722288,CORNELI PRIMARY,672,Pen-y-bont ar Ogwr,Cymuned,EM,Cyfrwng Saesneg,"Iau, babanod a meithrin",---,Greenfield Terrace,North Cornelly,Bridgend,,CF33 4LW,01656754870,251,896,POINT (-3.7037828796248746 51.521307240426744)
maintained_schools_wg.897,100101038353,6722292,LLANGEWYDD JUNIOR SCHOOL,672,Bridgend,Primary,Community,EM,English medium school / provision,Juniors,---,Llangewydd Road,Cefn Glas,Bridgend,,CF31 4JT,01656815530,348,6722292,LLANGEWYDD JUNIOR SCHOOL,672,Pen-y-bont ar Ogwr,Cymuned,EM,Cyfrwng Saesneg,Iau,---,Llangewydd Road,Cefn Glas,Bridgend,,CF31 4JT,01656815530,348,897,POINT (-3.5989907561367307 51.510576508111136)
maintained_schools_wg.898,100101038748,6722296,Porthcawl Primary School,672,Bridgend,Primary,Community,EM,English medium school / provision,"Nursery, Infants & Juniors",---,Meadow Lane,Porthcawl,,,CF36 5EY,01656815660,183,6722296,Porthcawl Primary School,672,Pen-y-bont ar Ogwr,Cymuned,EM,Cyfrwng Saesneg,"Iau, babanod a meithrin",---,Meadow Lane,Porthcawl,,,CF36 5EY,01656815660,183,898,POINT (-3.691506192088191 51.485886820036505)
maintained_schools_wg.899,200002657648,6722298,YSGOL GYMRAEG BRO OGWR,672,Bridgend,Primary,Community,WM,Welsh medium school / provision (including transitional),"Nursery, Infants & Juniors",---,Princess Way,Brackla,Bridgend,,CF31 2LN,01656815580,370,6722298,YSGOL GYMRAEG BRO OGWR,672,Pen-y-bont ar Ogwr,Cymuned,WM,Cyfrwng Cymraeg,"Iau, babanod a meithrin",---,Princess Way,Brackla,Bridgend,,CF31 2LN,01656815580,370,899,POINT (-3.567635818719641 51.513188938369)
maintained_schools_wg.900,200001097182,6722300,CEFN GLAS INFANTS,672,Bridgend,Primary,Community,EM,English medium school / provision,Nursery & Infants,---,St Winifred's Road,Cefn Glas,Bridgend,,CF31 4PL,01656815690,205,6722300,CEFN GLAS INFANTS,672,Pen-y-bont ar Ogwr,Cymuned,EM,Cyfrwng Saesneg,Babanod a meithrin,---,St Winifred's Road,Cefn Glas,Bridgend,,CF31 4PL,01656815690,205,900,POINT (-3.591935762811528 51.51366187441362)
maintained_schools_wg.901,100101038800,6722301,WEST PARK PRIMARY,672,Bridgend,Primary,Community,EM,English medium school / provision,"Nursery, Infants & Juniors",---,West Road,Nottage,Porthcawl,,CF36 3SN,01656815510,395,6722301,WEST PARK PRIMARY,672,Pen-y-bont ar Ogwr,Cymuned,EM,Cyfrwng Saesneg,"Iau, babanod a meithrin",---,West Road,Nottage,Porthcawl,,CF36 3SN,01656815510,395,901,POINT (-3.7070902284264324 51.49156199647861)
maintained_schools_wg.902,200002658271,6722304,Afon y Felin Primary School,672,Bridgend,Primary,Community,EM,English medium school / provision,"Nursery, Infants & Juniors",---,Heol y Parc,North Cornelly,Bridgend,,CF33 4PA,01656815750,143,6722304,Afon y Felin Primary School,672,Pen-y-bont ar Ogwr,Cymuned,EM,Cyfrwng Saesneg,"Iau, babanod a meithrin",---,Heol y Parc,North Cornelly,Bridgend,,CF33 4PA,01656815750,143,902,POINT (-3.7033968034251425 51.52602482555155)
maintained_schools_wg.903,100101038548,6722342,Tondu Primary School,672,Bridgend,Primary,Community,EM,English medium school / provision,"Nursery, Infants & Juniors",---,Meadow Street,Aberkenfig,Bridgend,,CF32 9BE,01656815720,199,6722342,Tondu Primary School,672,Pen-y-bont ar Ogwr,Cymuned,EM,Cyfrwng Saesneg,"Iau, babanod a meithrin",---,Meadow Street,Aberkenfig,Bridgend,,CF32 9BE,01656815720,199,903,POINT (-3.600865524928974 51.540624849437826)
maintained_schools_wg.904,200002658268,6722358,YSGOL Y FERCH O'R SGER,672,Bridgend,Primary,Community,WM,Welsh medium school / provision (including transitional),"Nursery, Infants & Juniors",---,Greenfield Terrace,North Cornelly,Bridgend,,CF33 4LW,01656754865,146,6722358,YSGOL Y FERCH O'R SGER,672,Pen-y-bont ar Ogwr,Cymuned,WM,Cyfrwng Cymraeg,"Iau, babanod a meithrin",---,Greenfield Terrace,North Cornelly,Bridgend,,CF33 4LW,01656754865,146,904,POINT (-3.7032924212038907 51.522069720494045)
maintained_schools_wg.905,10094050082,6722363,Ysgol Gynradd Gymraeg Calon Y Cymoedd,672,Bridgend,Primary,Community,WM,Welsh medium school / provision (including transitional),"Nursery, Infants & Juniors",---,Bettws Road,Bettws,Bridgend,,CF32 8TB,01656815810,193,6722363,Ysgol Gynradd Gymraeg Calon Y Cymoedd,672,Pen-y-bont ar Ogwr,Cymuned,WM,Cyfrwng Cymraeg,"Iau, babanod a meithrin",---,Bettws Road,Bettws,Bridgend,,CF32 8TB,01656815810,193,905,POINT (-3.5884570710931087 51.56860064155262)
maintained_schools_wg.906,10032999502,6722367,Maes Yr Haul Broadlands,672,Bridgend,Primary,Community,EM,English medium school / provision,"Nursery, Infants & Juniors",---,Broadlands,Ffordd Tirion,Bridgend,,CF31 5EG,01656815600,471,6722367,Maes Yr Haul Broadlands,672,Pen-y-bont ar Ogwr,Cymuned,EM,Cyfrwng Saesneg,"Iau, babanod a meithrin",---,Broadlands,Ffordd Tirion,Bridgend,,CF31 5EG,01656815600,471,906,POINT (-3.601599621695677 51.50310998521151)
maintained_schools_wg.907,200002658952,6722368,BRYNCETHIN PRIMARY,672,Bridgend,Primary,Community,EM,English medium school / provision,Infants & Juniors,---,Heol Canola,Bryncethin,Bridgend,,CF32 9TH,01656815840,237,6722368,BRYNCETHIN PRIMARY,672,Pen-y-bont ar Ogwr,Cymuned,EM,Cyfrwng Saesneg,Iau a babanod,---,Heol Canola,Bryncethin,Bridgend,,CF32 9TH,01656815840,237,907,POINT (-3.5723590219078103 51.542489585575964)
maintained_schools_wg.908,10013374334,6722369,Ogmore Vale Primary School,672,Bridgend,Primary,Community,EM,English medium school / provision,"Nursery, Infants & Juniors",---,Aber Road,Ogmore Vale,Bridgend,,CF32 7AJ,01656815640,292,6722369,Ogmore Vale Primary School,672,Pen-y-bont ar Ogwr,Cymuned,EM,Cyfrwng Saesneg,"Iau, babanod a meithrin",---,Aber Road,Ogmore Vale,Bridgend,,CF32 7AJ,01656815640,292,908,POINT (-3.5429619827854895 51.60706927922327)
maintained_schools_wg.909,10094050218,6722370,Pencoed Primary School,672,Bridgend,Primary,Community,EM,English medium school / provision,"Nursery, Infants & Juniors",---,PENCOED PRIMARY SCHOOL,PENPRYSG ROAD,PENCOED,,CF35 6RH,01656815730,572,6722370,Pencoed Primary School,672,Pen-y-bont ar Ogwr,Cymuned,EM,Cyfrwng Saesneg,"Iau, babanod a meithrin",---,PENCOED PRIMARY SCHOOL,PENPRYSG ROAD,PENCOED,,CF35 6RH,01656815730,572,909,POINT (-3.4953906878222964 51.52830082262209)
maintained_schools_wg.910,10013374232,6722371,Oldcastle Primary School,672,Bridgend,Primary,Community,EM,English medium school / provision,"Nursery, Infants & Juniors",---,South Street,Bridgend,,,CF31 3ED,01656815790,413,6722371,Oldcastle Primary School,672,Pen-y-bont ar Ogwr,Cymuned,EM,Cyfrwng Saesneg,"Iau, babanod a meithrin",---,South Street,Bridgend,,,CF31 3ED,01656815790,413,910,POINT (-3.5787033954121767 51.50187994738068)
maintained_schools_wg.911,10013374233,6722372,Brackla Primary School,672,Bridgend,Primary,Community,EM,English medium school / provision,"Nursery, Infants & Juniors",---,Brackla way,Brackla,Bridgend,,CF31 2EZ,01656815570,337,6722372,Brackla Primary School,672,Pen-y-bont ar Ogwr,Cymuned,EM,Cyfrwng Saesneg,"Iau, babanod a meithrin",---,Brackla way,Brackla,Bridgend,,CF31 2EZ,01656815570,337,911,POINT (-3.563874613671249 51.50913907658963)
maintained_schools_wg.912,10013375028,6722373,Caerau Primary School,672,Bridgend,Primary,Community,EM,English medium school / provision,"Nursery, Infants & Juniors",---,Library Road,Caerau,Maesteg,,CF34 0PA,01656815830,404,6722373,Caerau Primary School,672,Pen-y-bont ar Ogwr,Cymuned,EM,Cyfrwng Saesneg,"Iau, babanod a meithrin",---,Library Road,Caerau,Maesteg,,CF34 0PA,01656815830,404,912,POINT (-3.653035385903097 51.63342534101579)
maintained_schools_wg.913,100101038226,6722374,Litchard Primary,672,Bridgend,Primary,Community,EM,English medium school / provision,"Nursery, Infants & Juniors",---,Garfield Avenue,Litchard,Bridgend,,CF31 1QB,01656 815685,457,6722374,Litchard Primary,672,Pen-y-bont ar Ogwr,Cymuned,EM,Cyfrwng Saesneg,"Iau, babanod a meithrin",---,Garfield Avenue,Litchard,Bridgend,,CF31 1QB,01656 815685,457,913,POINT (-3.579033366781175 51.52322706063029)
maintained_schools_wg.914,100101037936,6722375,Tremains Primary School,672,Bridgend,Primary,Community,EM,English medium school / provision,"Nursery, Infants & Juniors",---,Channel View,Brackla,Bridgend,,CF31 2NL,01656815900,454,6722375,Tremains Primary School,672,Pen-y-bont ar Ogwr,Cymuned,EM,Cyfrwng Saesneg,"Iau, babanod a meithrin",---,Channel View,Brackla,Bridgend,,CF31 2NL,01656815900,454,914,POINT (-3.552173325033138 51.50865052967172)
maintained_schools_wg.915,200002653460,6722376,Mynydd Cynffig Primary,672,Bridgend,Primary,Community,EM,English medium school / provision,"Nursery, Infants & Juniors",---,Pwll-Y-Gath Street,Kenfig Hill,Bridgend,,CF33 6ET,01656815710,428,6722376,Mynydd Cynffig Primary,672,Pen-y-bont ar Ogwr,Cymuned,EM,Cyfrwng Saesneg,"Iau, babanod a meithrin",---,Pwll-Y-Gath Street,Kenfig Hill,Bridgend,,CF33 6ET,01656815710,428,915,POINT (-3.6774939045968003 51.532360091927195)
maintained_schools_wg.916,100101038542,6723013,Penyfai Church in Wales,672,Bridgend,Primary,Voluntary controlled,EM,English medium school / provision,Infants & Juniors,Church in Wales,Heol Eglwys,Penyfai,Bridgend,,CF31 4LX,01656815930,237,6723013,Penyfai Church in Wales,672,Pen-y-bont ar Ogwr,Gwirfoddol a Reolir,EM,Cyfrwng Saesneg,Iau a babanod,Eglwys yng Nghymru,Heol Eglwys,Penyfai,Bridgend,,CF31 4LX,01656815930,237,916,POINT (-3.597707026048831 51.526359078743525)
maintained_schools_wg.917,200002653765,6723311,ST. MARY`S & ST. PATRICK`S,672,Bridgend,Primary,Voluntary aided,EM,English medium school / provision,"Nursery, Infants & Juniors",Roman Catholic,Monica Street,Maesteg,Bridgend,,CF34 9AY,01656815585,209,6723311,ST. MARY`S & ST. PATRICK`S,672,Pen-y-bont ar Ogwr,Gwirfoddol a Gynorthwyir,EM,Cyfrwng Saesneg,"Iau, babanod a meithrin",Eglwys Gatholig,Monica Street,Maesteg,Bridgend,,CF34 9AY,01656815585,209,917,POINT (-3.654249721843734 51.606201540896244)
maintained_schools_wg.918,200001850933,6723315,St. Robert's RC Primary,672,Bridgend,Primary,Voluntary aided,EM,English medium school / provision,Infants & Juniors,Roman Catholic,Danylan,Aberkenfig,Bridgend,,CF32 9AB,01656815515,171,6723315,St. Robert's RC Primary,672,Pen-y-bont ar Ogwr,Gwirfoddol a Gynorthwyir,EM,Cyfrwng Saesneg,Iau a babanod,Eglwys Gatholig,Danylan,Aberkenfig,Bridgend,,CF32 9AB,01656815515,171,918,POINT (-3.5964021463469824 51.535803823529726)
maintained_schools_wg.919,100101038067,6723322,St Mary's R C Primary School,672,Bridgend,Primary,Voluntary aided,EM,English medium school / provision,"Nursery, Infants & Juniors",Roman Catholic,Llangewydd Road,Bridgend,,,CF31 4JW,01656815560,245,6723322,St Mary's R C Primary School,672,Pen-y-bont ar Ogwr,Gwirfoddol a Gynorthwyir,EM,Cyfrwng Saesneg,"Iau, babanod a meithrin",Eglwys Gatholig,Llangewydd Road,Bridgend,,,CF31 4JW,01656815560,245,919,POINT (-3.5860877740014483 51.50960469804776)
maintained_schools_wg.920,100101037920,6723323,Archdeacon John Lewis C in W,672,Bridgend,Primary,Voluntary aided,EM,English medium school / provision,"Nursery, Infants & Juniors",Church in Wales,C.I.W. Primary School,Brackla Way,Brackla,,CF31 2JS,01656815520,145,6723323,Archdeacon John Lewis C in W,672,Pen-y-bont ar Ogwr,Gwirfoddol a Gynorthwyir,EM,Cyfrwng Saesneg,"Iau, babanod a meithrin",Eglwys yng Nghymru,C.I.W. Primary School,Brackla Way,Brackla,,CF31 2JS,01656815520,145,920,POINT (-3.5535907349440117 51.512098967419966)
maintained_schools_wg.921,100101038272,6724059,Cynffig Comprehensive,672,Bridgend,Secondary,Community,EM,English medium school / provision,Secondary (ages 11-19),---,East Avenue,Kenfig Hill,Bridgend,,CF33 6NP,01656740294,777,6724059,Cynffig Comprehensive,672,Pen-y-bont ar Ogwr,Cymuned,EM,Cyfrwng Saesneg,Uwchradd (ystod oedran 11-19),---,East Avenue,Kenfig Hill,Bridgend,,CF33 6NP,01656740294,777,921,POINT (-3.678858662493298 51.527916358188065)
maintained_schools_wg.922,100101038356,6724068,Bryntirion Comprehensive.,672,Bridgend,Secondary,Community,EM,English medium school / provision,Secondary (ages 11-19),---,Merlin Crescent,Cefn Glas,Bridgend,,CF31 4QR,01656 641100,1258,6724068,Bryntirion Comprehensive.,672,Pen-y-bont ar Ogwr,Cymuned,EM,Cyfrwng Saesneg,Uwchradd (ystod oedran 11-19),---,Merlin Crescent,Cefn Glas,Bridgend,,CF31 4QR,01656 641100,1258,922,POINT (-3.594377684924228 51.51714465713484)
maintained_schools_wg.923,10013374066,6724071,Maesteg Comprehensive School,672,Bridgend,Secondary,Community,EM,English medium school / provision,Secondary (ages 11-19),---,Ffordd Dysgu,Maesteg,Bridgend,,CF34 0LQ,01656815950,1058,6724071,Maesteg Comprehensive School,672,Pen-y-bont ar Ogwr,Cymuned,EM,Cyfrwng Saesneg,Uwchradd (ystod oedran 11-19),---,Ffordd Dysgu,Maesteg,Bridgend,,CF34 0LQ,01656815950,1058,923,POINT (-3.652138324104364 51.61213220220031)
maintained_schools_wg.924,100101038631,6724076,PENCOED COMPREHENSIVE,672,Bridgend,Secondary,Community,EM,English medium school / provision,Secondary (ages 11-19),---,Coychurch Road,Pencoed,Bridgend,,CF35 5LZ,01656867100,882,6724076,PENCOED COMPREHENSIVE,672,Pen-y-bont ar Ogwr,Cymuned,EM,Cyfrwng Saesneg,Uwchradd (ystod oedran 11-19),---,Coychurch Road,Pencoed,Bridgend,,CF35 5LZ,01656867100,882,924,POINT (-3.501650688204368 51.51946206043272)
maintained_schools_wg.925,10033000652,6724078,Brynteg  School,672,Bridgend,Secondary,Community,EM,English medium school / provision,Secondary (ages 11-19),---,Ewenny Road,Bridgend,,,CF31 3ER,01656815559,1725,6724078,Brynteg  School,672,Pen-y-bont ar Ogwr,Cymuned,EM,Cyfrwng Saesneg,Uwchradd (ystod oedran 11-19),---,Ewenny Road,Bridgend,,,CF31 3ER,01656815559,1725,925,POINT (-3.5775857992724127 51.497930585900654)
maintained_schools_wg.926,100101038772,6724080,PORTHCAWL COMPREHENSIVE SCHOOL,672,Bridgend,Secondary,Community,EM,English medium school / provision,Secondary (ages 11-19),---,52 Park Avenue,Porthcawl,Bridgend,,CF36 3ES,01656774100,1185,6724080,PORTHCAWL COMPREHENSIVE SCHOOL,672,Pen-y-bont ar Ogwr,Cymuned,EM,Cyfrwng Saesneg,Uwchradd (ystod oedran 11-19),---,52 Park Avenue,Porthcawl,Bridgend,,CF36 3ES,01656774100,1185,926,POINT (-3.7106451502698907 51.480175192379264)
maintained_schools_wg.927,100101038363,6724085,Ysgol Gyfun Gymraeg Llangynwyd,672,Bridgend,Secondary,Community,WM,Welsh medium school / provision (including transitional),Secondary (ages 11-19),---,Llangynwyd,Maesteg,Bridgend,,CF34 9RW,01656815700,703,6724085,Ysgol Gyfun Gymraeg Llangynwyd,672,Pen-y-bont ar Ogwr,Cymuned,WM,Cyfrwng Cymraeg,Uwchradd (ystod oedran 11-19),---,Llangynwyd,Maesteg,Bridgend,,CF34 9RW,01656815700,703,927,POINT (-3.633204524920034 51.58233441295374)
maintained_schools_wg.928,200002659035,6724086,Coleg Cymunedol Y Dderwen,672,Bridgend,Secondary,Community,EM,English medium school / provision,Secondary (ages 11-19),---,Heol Yr Ysgol,Tondu,Bridgend,,CF32 9EL,01656815920,1249,6724086,Coleg Cymunedol Y Dderwen,672,Pen-y-bont ar Ogwr,Cymuned,EM,Cyfrwng Saesneg,Uwchradd (ystod oedran 11-19),---,Heol Yr Ysgol,Tondu,Bridgend,,CF32 9EL,01656815920,1249,928,POINT (-3.5870130716798427 51.545910135869995)
maintained_schools_wg.929,10090051938,6724601,Archbishop McGrath Catholic High School,672,Bridgend,Secondary,Voluntary aided,EM,English medium school / provision,Secondary (ages 11-19),Roman Catholic,Oak Tree Way,Brackla,Bridgend,,CF31 2DN,01656815500,825,6724601,Archbishop McGrath Catholic High School,672,Pen-y-bont ar Ogwr,Gwirfoddol a Gynorthwyir,EM,Cyfrwng Saesneg,Uwchradd (ystod oedran 11-19),Eglwys Gatholig,Oak Tree Way,Brackla,Bridgend,,CF31 2DN,01656815500,825,929,POINT (-3.5580981800108784 51.50794132954339)
maintained_schools_wg.930,64013324,6732109,ALBERT PRIMARY SCHOOL,673,The Vale of Glamorgan,Primary,Community,EM,English medium school / provision,"Nursery, Infants & Juniors",---,Albert Road,Penarth,,,CF64 1BX,02920707682,439,6732109,ALBERT PRIMARY SCHOOL,673,Bro Morgannwg,Cymuned,EM,Cyfrwng Saesneg,"Iau, babanod a meithrin",---,Albert Road,Penarth,,,CF64 1BX,02920707682,439,930,POINT (-3.172454506836629 51.441473414737565)
maintained_schools_wg.931,64028331,6732111,BARRY ISLAND PRIMARY SCHOOL,673,The Vale of Glamorgan,Primary,Community,EM,English medium school / provision,"Nursery, Infants & Juniors",---,Clive Road,Barry Island,Barry,Vale of Glamorgan,CF62 5UZ,01446733807,235,6732111,BARRY ISLAND PRIMARY SCHOOL,673,Bro Morgannwg,Cymuned,EM,Cyfrwng Saesneg,"Iau, babanod a meithrin",---,Clive Road,Barry Island,Barry,Vale of Glamorgan,CF62 5UZ,01446733807,235,931,POINT (-3.2722714012617136 51.39553489807309)
maintained_schools_wg.932,200001851121,6732114,COGAN PRIMARY SCHOOL,673,The Vale of Glamorgan,Primary,Community,EM,English medium school / provision,Infants & Juniors,---,Pill Street,Cogan,Nr. Penarth,Vale of Glamorgan,CF64 2JS,02920708497,221,6732114,COGAN PRIMARY SCHOOL,673,Bro Morgannwg,Cymuned,EM,Cyfrwng Saesneg,Iau a babanod,---,Pill Street,Cogan,Nr. Penarth,Vale of Glamorgan,CF64 2JS,02920708497,221,932,POINT (-3.1887040597615015 51.442775424996476)
maintained_schools_wg.933,64033450,6732115,COLCOT PRIMARY SCHOOL,673,The Vale of Glamorgan,Primary,Community,EM,English medium school / provision,"Nursery, Infants & Juniors",---,Florence Avenue,Barry,Vale of Glamorgan,,CF62 9XH,01446735719,283,6732115,COLCOT PRIMARY SCHOOL,673,Bro Morgannwg,Cymuned,EM,Cyfrwng Saesneg,"Iau, babanod a meithrin",---,Florence Avenue,Barry,Vale of Glamorgan,,CF62 9XH,01446735719,283,933,POINT (-3.275593131747069 51.42192655248903)
maintained_schools_wg.934,200001851124,6732117,FAIRFIELD PRIMARY SCHOOL,673,The Vale of Glamorgan,Primary,Community,EM,English medium school / provision,"Nursery, Infants & Juniors",---,Dryden Road,Penarth,,,CF64 2RT,02920709035,266,6732117,FAIRFIELD PRIMARY SCHOOL,673,Bro Morgannwg,Cymuned,EM,Cyfrwng Saesneg,"Iau, babanod a meithrin",---,Dryden Road,Penarth,,,CF64 2RT,02920709035,266,934,POINT (-3.1839756334824365 51.4402066203378)
maintained_schools_wg.935,64031041,6732118,GLADSTONE PRIMARY SCHOOL,673,The Vale of Glamorgan,Primary,Community,EM,English medium school / provision,"Nursery, Infants & Juniors",---,Gladstone Road,Barry,,,CF62 8NA,01446735321,434,6732118,GLADSTONE PRIMARY SCHOOL,673,Bro Morgannwg,Cymuned,EM,Cyfrwng Saesneg,"Iau, babanod a meithrin",---,Gladstone Road,Barry,,,CF62 8NA,01446735321,434,935,POINT (-3.2744284033401048 51.40699437528177)
maintained_schools_wg.936,64029013,6732120,High Street Primary School,673,The Vale of Glamorgan,Primary,Community,EM,English medium school / provision,"Nursery, Infants & Juniors",---,St  Paul's Avenue,Barry,Vale of Glamorgan,,CF62 8HT,01446734553,232,6732120,High Street Primary School,673,Bro Morgannwg,Cymuned,EM,Cyfrwng Saesneg,"Iau, babanod a meithrin",---,St  Paul's Avenue,Barry,Vale of Glamorgan,,CF62 8HT,01446734553,232,936,POINT (-3.2789605525303918 51.40272868338654)
maintained_schools_wg.937,64037705,6732122,HOLTON PRIMARY SCHOOL,673,The Vale of Glamorgan,Primary,Community,EM,English medium school / provision,"Nursery, Infants & Juniors",---,Holton Road,Barry,,,CF63 4TF,01446734844,383,6732122,HOLTON PRIMARY SCHOOL,673,Bro Morgannwg,Cymuned,EM,Cyfrwng Saesneg,"Iau, babanod a meithrin",---,Holton Road,Barry,,,CF63 4TF,01446734844,383,937,POINT (-3.262258754523495 51.40711657986197)
maintained_schools_wg.938,64036748,6732124,JENNER PARK PRIMARY SCHOOL,673,The Vale of Glamorgan,Primary,Community,EM,English medium school / provision,"Nursery, Infants & Juniors",---,Hannah Street,Barry,Vale of Glamorgan,,CF63 1DG,01446735587,205,6732124,JENNER PARK PRIMARY SCHOOL,673,Bro Morgannwg,Cymuned,EM,Cyfrwng Saesneg,"Iau, babanod a meithrin",---,Hannah Street,Barry,Vale of Glamorgan,,CF63 1DG,01446735587,205,938,POINT (-3.2631341936987974 51.412092358149394)
maintained_schools_wg.940,64029745,6732127,LLANFAIR PRIMARY SCHOOL,673,The Vale of Glamorgan,Primary,Community,EM,English medium school / provision,"Nursery, Infants & Juniors",---,The Herberts,St Mary Church,Nr. Cowbridge,Vale of Glamorgan,CF71 7LT,01446772245,142,6732127,LLANFAIR PRIMARY SCHOOL,673,Bro Morgannwg,Cymuned,EM,Cyfrwng Saesneg,"Iau, babanod a meithrin",---,The Herberts,St Mary Church,Nr. Cowbridge,Vale of Glamorgan,CF71 7LT,01446772245,142,940,POINT (-3.4417660768726215 51.438298946327905)
maintained_schools_wg.941,64026629,6732128,LLANGAN PRIMARY SCHOOL,673,The Vale of Glamorgan,Primary,Community,EM,English medium school / provision,"Nursery, Infants & Juniors",---,Llangan,Nr. Bridgend,Vale of Glamorgan,,CF35 5DR,01446772403,123,6732128,LLANGAN PRIMARY SCHOOL,673,Bro Morgannwg,Cymuned,EM,Cyfrwng Saesneg,"Iau, babanod a meithrin",---,Llangan,Nr. Bridgend,Vale of Glamorgan,,CF35 5DR,01446772403,123,941,POINT (-3.485852797463319 51.48657186233645)
maintained_schools_wg.942,64043501,6732131,PALMERSTON PRIMARY SCHOOL,673,The Vale of Glamorgan,Primary,Community,EM,English medium school / provision,"Nursery, Infants & Juniors",---,Pen-y-Bryn,Cadoxton,Barry,,CF63 2XL,01446747393,222,6732131,PALMERSTON PRIMARY SCHOOL,673,Bro Morgannwg,Cymuned,EM,Cyfrwng Saesneg,"Iau, babanod a meithrin",---,Pen-y-Bryn,Cadoxton,Barry,,CF63 2XL,01446747393,222,942,POINT (-3.239817899948526 51.41729412650787)
maintained_schools_wg.943,64019244,6732133,RHWS COUNTY PRIMARY SCHOOL,673,The Vale of Glamorgan,Primary,Community,EM,English medium school / provision,"Nursery, Infants & Juniors",---,Fontygary Road,Rhoose,Barry,,CF62 3DS,01446710258,368,6732133,RHWS COUNTY PRIMARY SCHOOL,673,Bro Morgannwg,Cymuned,EM,Cyfrwng Saesneg,"Iau, babanod a meithrin",---,Fontygary Road,Rhoose,Barry,,CF62 3DS,01446710258,368,943,POINT (-3.3513374733471686 51.38849893952827)
maintained_schools_wg.944,200001851133,6732136,SULLY PRIMARY SCHOOL,673,The Vale of Glamorgan,Primary,Community,EM,English medium school / provision,"Nursery, Infants & Juniors",---,Burnham Avenue,Sully,Penarth,,CF64 5SU,02920530377,381,6732136,SULLY PRIMARY SCHOOL,673,Bro Morgannwg,Cymuned,EM,Cyfrwng Saesneg,"Iau, babanod a meithrin",---,Burnham Avenue,Sully,Penarth,,CF64 5SU,02920530377,381,944,POINT (-3.2164729413478024 51.40463917070745)
maintained_schools_wg.945,200002939297,6732138,VICTORIA PRIMARY SCHOOL,673,The Vale of Glamorgan,Primary,Community,EM,English medium school / provision,"Nursery, Infants & Juniors",---,Cornerswell Road,Penarth,,,CF64 2UZ,02920709225,453,6732138,VICTORIA PRIMARY SCHOOL,673,Bro Morgannwg,Cymuned,EM,Cyfrwng Saesneg,"Iau, babanod a meithrin",---,Cornerswell Road,Penarth,,,CF64 2UZ,02920709225,453,945,POINT (-3.1817508285929312 51.43686868045383)
maintained_schools_wg.946,64000301,6732144,ST ATHAN PRIMARY SCHOOL,673,The Vale of Glamorgan,Primary,Community,EM,English medium school / provision,"Nursery, Infants & Juniors",---,Rock Road,St Athan,Barry,,CF62 4PG,01446751480,212,6732144,ST ATHAN PRIMARY SCHOOL,673,Bro Morgannwg,Cymuned,EM,Cyfrwng Saesneg,"Iau, babanod a meithrin",---,Rock Road,St Athan,Barry,,CF62 4PG,01446751480,212,946,POINT (-3.4111277276904537 51.40166000332762)
maintained_schools_wg.947,64005172,6732146,ST ILLTYD PRIMARY SCHOOL,673,The Vale of Glamorgan,Primary,Community,EM,English medium school / provision,"Nursery, Infants & Juniors",---,Station Road,Llantwit Major,,,CF61 1ST,01446796335,348,6732146,ST ILLTYD PRIMARY SCHOOL,673,Bro Morgannwg,Cymuned,EM,Cyfrwng Saesneg,"Iau, babanod a meithrin",---,Station Road,Llantwit Major,,,CF61 1ST,01446796335,348,947,POINT (-3.484219943007845 51.41019873736425)
maintained_schools_wg.948,200001851126,6732148,EVENLODE PRIMARY SCHOOL,673,The Vale of Glamorgan,Primary,Community,EM,English medium school / provision,Infants & Juniors,---,Evenlode Avenue,Penarth,Vale of Glamorgan,,CF64 3PD,02920702168,501,6732148,EVENLODE PRIMARY SCHOOL,673,Bro Morgannwg,Cymuned,EM,Cyfrwng Saesneg,Iau a babanod,---,Evenlode Avenue,Penarth,Vale of Glamorgan,,CF64 3PD,02920702168,501,948,POINT (-3.1811072180310482 51.429409208410995)
maintained_schools_wg.949,200001851122,6732149,LLANDOUGH COUNTY PRIMARY,673,The Vale of Glamorgan,Primary,Community,EM,English medium school / provision,"Nursery, Infants & Juniors",---,Dochdwy Road,Llandough,Penarth,,CF64 2QD,02920702835,184,6732149,LLANDOUGH COUNTY PRIMARY,673,Bro Morgannwg,Cymuned,EM,Cyfrwng Saesneg,"Iau, babanod a meithrin",---,Dochdwy Road,Llandough,Penarth,,CF64 2QD,02920702835,184,949,POINT (-3.197399858093699 51.450114285034736)
maintained_schools_wg.950,200001851134,6732151,Y BONT FAEN PRIMARY SCHOOL,673,The Vale of Glamorgan,Primary,Community,EM,English medium school / provision,"Nursery, Infants & Juniors",---,Borough Close,Cowbridge,Vale of Glamorgan,,CF71 7BN,01446772374,269,6732151,Y BONT FAEN PRIMARY SCHOOL,673,Bro Morgannwg,Cymuned,EM,Cyfrwng Saesneg,"Iau, babanod a meithrin",---,Borough Close,Cowbridge,Vale of Glamorgan,,CF71 7BN,01446772374,269,950,POINT (-3.4474012969642045 51.45953196127842)
maintained_schools_wg.951,64010558,6732152,YSGOL PEN-Y-GARTH,673,The Vale of Glamorgan,Primary,Community,WM,Welsh medium school / provision (including transitional),"Nursery, Infants & Juniors",---,1 Heol Tircoch,Penarth,,,CF64 2QN,02920700262,320,6732152,YSGOL PEN-Y-GARTH,673,Bro Morgannwg,Cymuned,WM,Cyfrwng Cymraeg,"Iau, babanod a meithrin",---,1 Heol Tircoch,Penarth,,,CF64 2QN,02920700262,320,951,POINT (-3.196172158113731 51.44113483735374)
maintained_schools_wg.952,64029016,6732156,Ysgol Gymraeg Sant Baruc,673,The Vale of Glamorgan,Primary,Community,WM,Welsh medium school / provision (including transitional),"Nursery, Infants & Juniors",---,Stryd Sant Baruc,Ffordd Y Mileniwm,Barry,The Vale of Glamorgan,CF62 5AT,01446749009,337,6732156,Ysgol Gymraeg Sant Baruc,673,Bro Morgannwg,Cymuned,WM,Cyfrwng Cymraeg,"Iau, babanod a meithrin",---,Stryd Sant Baruc,Ffordd Y Mileniwm,Barry,The Vale of Glamorgan,CF62 5AT,01446749009,337,952,POINT (-3.2794388725850045 51.397789848541514)
maintained_schools_wg.953,64005068,6732163,OAK FIELD PRIMARY AND NURSERY SCHOOL,673,The Vale of Glamorgan,Primary,Community,EM,English medium school / provision,"Nursery, Infants & Juniors",---,Amroth Court,Caldy Close,Gibbonsdown,Barry,CF62 9DU,01446744606,156,6732163,OAK FIELD PRIMARY AND NURSERY SCHOOL,673,Bro Morgannwg,Cymuned,EM,Cyfrwng Saesneg,"Iau, babanod a meithrin",---,Amroth Court,Caldy Close,Gibbonsdown,Barry,CF62 9DU,01446744606,156,953,POINT (-3.2688570219778974 51.41602894603191)
maintained_schools_wg.954,64018286,6732165,YSGOL IOLO MORGANWG,673,The Vale of Glamorgan,Primary,Community,WM,Welsh medium school / provision (including transitional),"Nursery, Infants & Juniors",---,Broadway,Y Bont-Faen,,,CF71 7ER,01446772358,195,6732165,YSGOL IOLO MORGANWG,673,Bro Morgannwg,Cymuned,WM,Cyfrwng Cymraeg,"Iau, babanod a meithrin",---,Broadway,Y Bont-Faen,,,CF71 7ER,01446772358,195,954,POINT (-3.4453382031910995 51.45892796721085)
maintained_schools_wg.955,64030959,6732178,YSGOL GYMRAEG SANT CURIG,673,The Vale of Glamorgan,Primary,Community,WM,Welsh medium school / provision (including transitional),"Nursery, Infants & Juniors",---,College Road,Barry,,,CF62 8HQ,01446744222,433,6732178,YSGOL GYMRAEG SANT CURIG,673,Bro Morgannwg,Cymuned,WM,Cyfrwng Cymraeg,"Iau, babanod a meithrin",---,College Road,Barry,,,CF62 8HQ,01446744222,433,955,POINT (-3.2784833618887292 51.40599505846459)
maintained_schools_wg.956,64005068,6732179,YSGOL GYMRAEG GWAUN Y NANT,673,The Vale of Glamorgan,Primary,Community,WM,Welsh medium school / provision (including transitional),"Nursery, Infants & Juniors",---,Amroth Court,Caldy Close,Gibbonsdown,Barry,CF62 9DU,01446421723,209,6732179,YSGOL GYMRAEG GWAUN Y NANT,673,Bro Morgannwg,Cymuned,WM,Cyfrwng Cymraeg,"Iau, babanod a meithrin",---,Amroth Court,Caldy Close,Gibbonsdown,Barry,CF62 9DU,01446421723,209,956,POINT (-3.2688570219778974 51.41602894603191)
maintained_schools_wg.957,64041503,6732181,CADOXTON PRIMARY SCHOOL,673,The Vale of Glamorgan,Primary,Community,EM,English medium school / provision,Infants & Juniors,---,Victoria Park Road,Barry,Vale of Glamorgan,,CF63 2JS,01446741518,460,6732181,CADOXTON PRIMARY SCHOOL,673,Bro Morgannwg,Cymuned,EM,Cyfrwng Saesneg,Iau a babanod,---,Victoria Park Road,Barry,Vale of Glamorgan,,CF63 2JS,01446741518,460,957,POINT (-3.2531905349734087 51.414123343354355)
maintained_schools_wg.958,64023379,6732182,ROMILLY PRIMARY SCHOOL,673,The Vale of Glamorgan,Primary,Community,EM,English medium school / provision,"Nursery, Infants & Juniors",---,Romilly Road,Barry,,,CF62 6LF,01446736934,684,6732182,ROMILLY PRIMARY SCHOOL,673,Bro Morgannwg,Cymuned,EM,Cyfrwng Saesneg,"Iau, babanod a meithrin",---,Romilly Road,Barry,,,CF62 6LF,01446736934,684,958,POINT (-3.2873656565524176 51.40146289092464)
maintained_schools_wg.959,64104942,6732184,Ysgol Gymraeg Dewi Sant,673,The Vale of Glamorgan,Primary,Community,WM,Welsh medium school / provision (including transitional),"Nursery, Infants & Juniors",---,Ham Lane East,Llantwit Major,,,CF61 1TQ,01446724461,229,6732184,Ysgol Gymraeg Dewi Sant,673,Bro Morgannwg,Cymuned,WM,Cyfrwng Cymraeg,"Iau, babanod a meithrin",---,Ham Lane East,Llantwit Major,,,CF61 1TQ,01446724461,229,959,POINT (-3.4750886482837826 51.4070116431806)
maintained_schools_wg.960,200001851132,6732185,DINAS POWYS PRIMARY SCHOOL,673,The Vale of Glamorgan,Primary,Community,EM,English medium school / provision,"Nursery, Infants & Juniors",---,Cardiff Road,Dinas Powys,,,CF64 4JU,02920512151,460,6732185,DINAS POWYS PRIMARY SCHOOL,673,Bro Morgannwg,Cymuned,EM,Cyfrwng Saesneg,"Iau, babanod a meithrin",---,Cardiff Road,Dinas Powys,,,CF64 4JU,02920512151,460,960,POINT (-3.2120837187273814 51.43345404312117)
maintained_schools_wg.961,64009192,6732186,Ysgol Y Ddraig,673,The Vale of Glamorgan,Primary,Community,EM,English medium school / provision,"Nursery, Infants & Juniors",---,Ham Lane East,Llantwit Major,,,CF61 1TQ,01446792368,255,6732186,Ysgol Y Ddraig,673,Bro Morgannwg,Cymuned,EM,Cyfrwng Saesneg,"Iau, babanod a meithrin",---,Ham Lane East,Llantwit Major,,,CF61 1TQ,01446792368,255,961,POINT (-3.4759881620270683 51.40409725089991)
maintained_schools_wg.962,64002513,6733037,ST NICHOLAS C/W PRIMARY SCHOOL,673,The Vale of Glamorgan,Primary,Voluntary controlled,EM,English medium school / provision,Infants & Juniors,Church in Wales,St Nicholas,Cardiff,,,CF5 6SG,01446760239,152,6733037,ST NICHOLAS C/W PRIMARY SCHOOL,673,Bro Morgannwg,Gwirfoddol a Reolir,EM,Cyfrwng Saesneg,Iau a babanod,Eglwys yng Nghymru,St Nicholas,Cardiff,,,CF5 6SG,01446760239,152,962,POINT (-3.3126036532760037 51.4608727379657)
maintained_schools_wg.963,64020146,6733047,PETERSTON-SUPER-ELY PRIMARY,673,The Vale of Glamorgan,Primary,Voluntary controlled,EM,English medium school / provision,"Nursery, Infants & Juniors",Church in Wales,Heol Llanbedr,Peterston Super Ely,Cardiff,,CF5 6LP,01446760328,136,6733047,PETERSTON-SUPER-ELY PRIMARY,673,Bro Morgannwg,Gwirfoddol a Reolir,EM,Cyfrwng Saesneg,"Iau, babanod a meithrin",Eglwys yng Nghymru,Heol Llanbedr,Peterston Super Ely,Cardiff,,CF5 6LP,01446760328,136,963,POINT (-3.3197448686489364 51.48122588753282)
maintained_schools_wg.964,64006688,6733057,GWENFO C/W PRIMARY SCHOOL,673,The Vale of Glamorgan,Primary,Voluntary controlled,EM,English medium school / provision,"Nursery, Infants & Juniors",Church in Wales,Old Port Road,Wenvoe,Cardiff,,CF5 6AN,02920593225,233,6733057,GWENFO C/W PRIMARY SCHOOL,673,Bro Morgannwg,Gwirfoddol a Reolir,EM,Cyfrwng Saesneg,"Iau, babanod a meithrin",Eglwys yng Nghymru,Old Port Road,Wenvoe,Cardiff,,CF5 6AN,02920593225,233,964,POINT (-3.2644143158556385 51.44905766457129)
maintained_schools_wg.965,64000763,6733320,St Brides C W Primary School,673,The Vale of Glamorgan,Primary,Voluntary aided,EM,English medium school / provision,"Nursery, Infants & Juniors",Church in Wales,Heol yr Ysgol,St Brides Major,Bridgend,Vale of Glamorgan,CF32 0TB,01656880477,220,6733320,St Brides C W Primary School,673,Bro Morgannwg,Gwirfoddol a Gynorthwyir,EM,Cyfrwng Saesneg,"Iau, babanod a meithrin",Eglwys yng Nghymru,Heol yr Ysgol,St Brides Major,Bridgend,Vale of Glamorgan,CF32 0TB,01656880477,220,965,POINT (-3.5933655715294246 51.46087586462278)
maintained_schools_wg.966,100101049296,6733321,Wick and Marcross C/W Primary,673,The Vale of Glamorgan,Primary,Voluntary aided,EM,English medium school / provision,"Nursery, Infants & Juniors",Church in Wales,Church Street,Wick,Cowbridge,,CF71 7QE,01656890253,144,6733321,Wick and Marcross C/W Primary,673,Bro Morgannwg,Gwirfoddol a Gynorthwyir,EM,Cyfrwng Saesneg,"Iau, babanod a meithrin",Eglwys yng Nghymru,Church Street,Wick,Cowbridge,,CF71 7QE,01656890253,144,966,POINT (-3.549619244114415 51.43765326173896)
maintained_schools_wg.967,64019973,6733363,PENDOYLAN C/W PRIMARY SCHOOL,673,The Vale of Glamorgan,Primary,Voluntary aided,EM,English medium school / provision,"Nursery, Infants & Juniors",Church in Wales,Pendoylan,Nr. Cowbridge,Vale of Glamorgan,,CF71 7UJ,01446760272,222,6733363,PENDOYLAN C/W PRIMARY SCHOOL,673,Bro Morgannwg,Gwirfoddol a Gynorthwyir,EM,Cyfrwng Saesneg,"Iau, babanod a meithrin",Eglwys yng Nghymru,Pendoylan,Nr. Cowbridge,Vale of Glamorgan,,CF71 7UJ,01446760272,222,967,POINT (-3.3560759315382422 51.482097142738795)
maintained_schools_wg.968,64009242,6733364,ST ANDREW'S C/W PRIMARY SCHOOL,673,The Vale of Glamorgan,Primary,Voluntary aided,EM,English medium school / provision,"Nursery, Infants & Juniors",Church in Wales,St Andrew's Road,Dinas Powys,Vale of Glamorgan,,CF64 4HB,02920513089,236,6733364,ST ANDREW'S C/W PRIMARY SCHOOL,673,Bro Morgannwg,Gwirfoddol a Gynorthwyir,EM,Cyfrwng Saesneg,"Iau, babanod a meithrin",Eglwys yng Nghymru,St Andrew's Road,Dinas Powys,Vale of Glamorgan,,CF64 4HB,02920513089,236,968,POINT (-3.2288705236968176 51.432558780849526)
maintained_schools_wg.969,64019204,6733365,LLANSANNOR C/W PRIMARY SCHOOL,673,The Vale of Glamorgan,Primary,Voluntary aided,EM,English medium school / provision,"Nursery, Infants & Juniors",Church in Wales,Llansannor,Ystradowen,Cowbridge,,CF71 7SZ,01443223545,228,6733365,LLANSANNOR C/W PRIMARY SCHOOL,673,Bro Morgannwg,Gwirfoddol a Gynorthwyir,EM,Cyfrwng Saesneg,"Iau, babanod a meithrin",Eglwys yng Nghymru,Llansannor,Ystradowen,Cowbridge,,CF71 7SZ,01443223545,228,969,POINT (-3.4400956813433585 51.502712221117825)
maintained_schools_wg.970,64022676,6733367,ST DAVID'S CHURCH-IN-WALES,673,The Vale of Glamorgan,Primary,Voluntary aided,EM,English medium school / provision,"Nursery, Infants & Juniors",Church in Wales,Colwinston,Vale of Glamorgan,,,CF71 7NL,01656656447,187,6733367,ST DAVID'S CHURCH-IN-WALES,673,Bro Morgannwg,Gwirfoddol a Gynorthwyir,EM,Cyfrwng Saesneg,"Iau, babanod a meithrin",Eglwys yng Nghymru,Colwinston,Vale of Glamorgan,,,CF71 7NL,01656656447,187,970,POINT (-3.525858154643745 51.47020187903495)
maintained_schools_wg.971,200001740182,6733368,ST. JOSEPH'S RC PRIMARY SCHOOL,673,The Vale of Glamorgan,Primary,Voluntary aided,EM,English medium school / provision,"Nursery, Infants & Juniors",Roman Catholic,Sully Road,Penarth,,,CF64 2TQ,02920702864,217,6733368,ST. JOSEPH'S RC PRIMARY SCHOOL,673,Bro Morgannwg,Gwirfoddol a Gynorthwyir,EM,Cyfrwng Saesneg,"Iau, babanod a meithrin",Eglwys Gatholig,Sully Road,Penarth,,,CF64 2TQ,02920702864,217,971,POINT (-3.196877281437124 51.43233346562073)
maintained_schools_wg.972,100101048855,6733372,ALL SAINTS CW PRIMARY SCHOOL,673,The Vale of Glamorgan,Primary,Voluntary aided,EM,English medium school / provision,"Nursery, Infants & Juniors",Church in Wales,Plas Cleddau (Off Severn Road),Cwm Talwg,Barry,Vale of Glamorgan,CF62 7FG,01446745726,207,6733372,ALL SAINTS CW PRIMARY SCHOOL,673,Bro Morgannwg,Gwirfoddol a Gynorthwyir,EM,Cyfrwng Saesneg,"Iau, babanod a meithrin",Eglwys yng Nghymru,Plas Cleddau (Off Severn Road),Cwm Talwg,Barry,Vale of Glamorgan,CF62 7FG,01446745726,207,972,POINT (-3.2897495271825696 51.40725834795342)
maintained_schools_wg.973,64004717,6733373,St Helen's Catholic Primary School,673,The Vale of Glamorgan,Primary,Voluntary aided,EM,English medium school / provision,"Nursery, Infants & Juniors",Roman Catholic,Maes-Y-Cwm Street,,,Barry,CF63 4EH,01446700034,317,6733373,St Helen's Catholic Primary School,673,Bro Morgannwg,Gwirfoddol a Gynorthwyir,EM,Cyfrwng Saesneg,"Iau, babanod a meithrin",Eglwys Gatholig,Maes-Y-Cwm Street,,,Barry,CF63 4EH,01446700034,317,973,POINT (-3.2712340451736823 51.41055811364779)
maintained_schools_wg.974,64009193,6734060,LLANTWIT MAJOR SCHOOL,673,The Vale of Glamorgan,Secondary,Community,EM,English medium school / provision,Secondary (ages 11-19),---,Ham Lane East,Llantwit Major,Vale of Glamorgan,,CF61 1TQ,01446793301,980,6734060,LLANTWIT MAJOR SCHOOL,673,Bro Morgannwg,Cymuned,EM,Cyfrwng Saesneg,Uwchradd (ystod oedran 11-19),---,Ham Lane East,Llantwit Major,Vale of Glamorgan,,CF61 1TQ,01446793301,980,974,POINT (-3.476289159362003 51.40548806978675)
maintained_schools_wg.975,64108336,6734067,St Cyres Comprehensive School,673,The Vale of Glamorgan,Secondary,Community,EM,English medium school / provision,Secondary (ages 11-19),---,St Cyres Road,Penarth,The Vale of Glamorgan,,CF64 2XP,02920708708,1226,6734067,St Cyres Comprehensive School,673,Bro Morgannwg,Cymuned,EM,Cyfrwng Saesneg,Uwchradd (ystod oedran 11-19),---,St Cyres Road,Penarth,The Vale of Glamorgan,,CF64 2XP,02920708708,1226,975,POINT (-3.196362137409042 51.437866736812495)
maintained_schools_wg.976,64112784,6734068,Whitmore High School,673,The Vale of Glamorgan,Secondary,Community,EM,English medium school / provision,Secondary (ages 11-19),---,Port Road West,,Barry,Vale of Glamorgan,CF62 8ZJ,01446411411,1091,6734068,Whitmore High School,673,Bro Morgannwg,Cymuned,EM,Cyfrwng Saesneg,Uwchradd (ystod oedran 11-19),---,Port Road West,,Barry,Vale of Glamorgan,CF62 8ZJ,01446411411,1091,976,POINT (-3.2878163293947 51.41521064691084)
maintained_schools_wg.977,64112783,6734069,Pencoedtre High School,673,The Vale of Glamorgan,Secondary,Community,EM,English medium school / provision,Secondary (ages 11-19),---,Merthyr Dyfan Road,,Barry,Vale of Glamorgan,CF62 9YQ,01446403500,1061,6734069,Pencoedtre High School,673,Bro Morgannwg,Cymuned,EM,Cyfrwng Saesneg,Uwchradd (ystod oedran 11-19),---,Merthyr Dyfan Road,,Barry,Vale of Glamorgan,CF62 9YQ,01446403500,1061,977,POINT (-3.267280292522668 51.42467768060184)
maintained_schools_wg.978,64044066,6734612,St Richard Gwyn Catholic High School,673,The Vale of Glamorgan,Secondary,Voluntary aided,EM,English medium school / provision,Secondary (ages 11-16),Roman Catholic,Argae Lane,Barry,Vale of Glamorgan,,CF63 1BL,01446729250,817,6734612,St Richard Gwyn Catholic High School,673,Bro Morgannwg,Gwirfoddol a Gynorthwyir,EM,Cyfrwng Saesneg,Uwchradd (ystod oedran 11-16),Eglwys Gatholig,Argae Lane,Barry,Vale of Glamorgan,,CF63 1BL,01446729250,817,978,POINT (-3.2420408027660423 51.421990245960615)
maintained_schools_wg.979,64011650,6735400,Stanwell School,673,The Vale of Glamorgan,Secondary,Foundation,EM,English medium school / provision,Secondary (ages 11-19),---,Archer Road,Penarth,The Vale of Glamorgan,,CF64 2XL,02920707633,1923,6735400,Stanwell School,673,Bro Morgannwg,Sefydledig,EM,Cyfrwng Saesneg,Uwchradd (ystod oedran 11-19),---,Archer Road,Penarth,The Vale of Glamorgan,,CF64 2XL,02920707633,1923,979,POINT (-3.1825776391562144 51.43343178497466)
maintained_schools_wg.980,64105721,6735500,YSGOL GYMRAEG BRO MORGANNWG,673,The Vale of Glamorgan,Middle,Community,WM,Welsh medium school / provision (including transitional),Middle (ages 3-19),---,Heol Colcot,Barry,,,CF62 8YU,01446450280,1431,6735500,YSGOL GYMRAEG BRO MORGANNWG,673,Bro Morgannwg,Cymuned,WM,Cyfrwng Cymraeg,Canol (ystod oedran 3-19),---,Heol Colcot,Barry,,,CF62 8YU,01446450280,1431,980,POINT (-3.2863069744719247 51.412393455914156)
maintained_schools_wg.981,100101049559,6742044,PENDERYN PRIMARY,674,Rhondda Cynon Taf,Primary,Community,WM,Welsh medium school / provision (including transitional),"Nursery, Infants & Juniors",---,Pontprenllwyd,Penderyn,Aberdare,,CF44 9JW,01685811259,194,6742044,PENDERYN PRIMARY,674,Rhondda Cynon Taf,Cymuned,WM,Cyfrwng Cymraeg,"Iau, babanod a meithrin",---,Pontprenllwyd,Penderyn,Aberdare,,CF44 9JW,01685811259,194,981,POINT (-3.5218818215880625 51.76357077819924)
maintained_schools_wg.982,200001844866,6742045,OAKLANDS PRIMARY SCHOOL,674,Rhondda Cynon Taf,Primary,Community,EM,English medium school / provision,"Nursery, Infants & Juniors",---,Maes Y Deri,The Oaklands,Aberaman,Aberdare,CF44 6TF,01685882577,206,6742045,OAKLANDS PRIMARY SCHOOL,674,Rhondda Cynon Taf,Cymuned,EM,Cyfrwng Saesneg,"Iau, babanod a meithrin",---,Maes Y Deri,The Oaklands,Aberaman,Aberdare,CF44 6TF,01685882577,206,982,POINT (-3.4244931302416997 51.69604973663127)
maintained_schools_wg.983,100101050766,6742052,Alaw Primary School,674,Rhondda Cynon Taf,Primary,Community,EM,English medium school / provision,"Nursery, Infants & Juniors",---,Egypt Street,Trealaw,Tonypandy,Rhondda Cynon Taf,CF40 2UU,01443432350,157,6742052,Alaw Primary School,674,Rhondda Cynon Taf,Cymuned,EM,Cyfrwng Saesneg,"Iau, babanod a meithrin",---,Egypt Street,Trealaw,Tonypandy,Rhondda Cynon Taf,CF40 2UU,01443432350,157,983,POINT (-3.4346122398078234 51.61931585310118)
maintained_schools_wg.984,200003770097,6742053,ABERNANT COUNTY PRIMARY,674,Rhondda Cynon Taf,Primary,Community,EM,English medium school / provision,"Nursery, Infants & Juniors",---,Richmond Terrace,Abernant,Aberdare,,CF44 0SF,01685871597,112,6742053,ABERNANT COUNTY PRIMARY,674,Rhondda Cynon Taf,Cymuned,EM,Cyfrwng Saesneg,"Iau, babanod a meithrin",---,Richmond Terrace,Abernant,Aberdare,,CF44 0SF,01685871597,112,984,POINT (-3.4338442864006966 51.719971010036254)
maintained_schools_wg.985,200003758061,6742061,Brynnau Primary,674,Rhondda Cynon Taf,Primary,Community,EM,English medium school / provision,"Nursery, Infants & Juniors",---,William Street,"Brynna, Llanharan",Pontyclun,,CF72 9QJ,01443237828,247,6742061,Brynnau Primary,674,Rhondda Cynon Taf,Cymuned,EM,Cyfrwng Saesneg,"Iau, babanod a meithrin",---,William Street,"Brynna, Llanharan",Pontyclun,,CF72 9QJ,01443237828,247,985,POINT (-3.4647674560536177 51.537457797590676)
maintained_schools_wg.986,100101050188,6742066,COEDPENMAEN COUNTY PRIMARY,674,Rhondda Cynon Taf,Primary,Community,EM,English medium school / provision,"Nursery, Infants & Juniors",---, Coedpenmaen Close,Pontypridd,Rhondda Cynon Taf,,CF37 4LE,01443486828,209,6742066,COEDPENMAEN COUNTY PRIMARY,674,Rhondda Cynon Taf,Cymuned,EM,Cyfrwng Saesneg,"Iau, babanod a meithrin",---, Coedpenmaen Close,Pontypridd,Rhondda Cynon Taf,,CF37 4LE,01443486828,209,986,POINT (-3.333279360295716 51.60642946263568)
maintained_schools_wg.987,200002936613,6742069,BODRINGALLT PRIMARY SCHOOL.,674,Rhondda Cynon Taf,Primary,Community,EM,English medium school / provision,"Nursery, Infants & Juniors",---,Bodringallt Terrace,Ystrad,Pentre,,CF41 7QE,01443434292,75,6742069,BODRINGALLT PRIMARY SCHOOL.,674,Rhondda Cynon Taf,Cymuned,EM,Cyfrwng Saesneg,"Iau, babanod a meithrin",---,Bodringallt Terrace,Ystrad,Pentre,,CF41 7QE,01443434292,75,987,POINT (-3.466719275721894 51.6465062644005)
maintained_schools_wg.988,100101049452,6742070,BLAENGWAWR PRIMARY,674,Rhondda Cynon Taf,Primary,Community,EM,English medium school / provision,"Nursery, Infants & Juniors",---,Gwawr Street,Aberaman,Aberdare,Rhondda Cynon Taf,CF44 6YP,01685871064,221,6742070,BLAENGWAWR PRIMARY,674,Rhondda Cynon Taf,Cymuned,EM,Cyfrwng Saesneg,"Iau, babanod a meithrin",---,Gwawr Street,Aberaman,Aberdare,Rhondda Cynon Taf,CF44 6YP,01685871064,221,988,POINT (-3.434507900448385 51.70526133437505)
maintained_schools_wg.989,200002935412,6742072,Coedylan Primary School,674,Rhondda Cynon Taf,Primary,Community,EM,English medium school / provision,"Nursery, Infants & Juniors",---,Tyfica Road,Graigwen,Pontypridd,,CF37 2DB,01443486829,146,6742072,Coedylan Primary School,674,Rhondda Cynon Taf,Cymuned,EM,Cyfrwng Saesneg,"Iau, babanod a meithrin",---,Tyfica Road,Graigwen,Pontypridd,,CF37 2DB,01443486829,146,989,POINT (-3.342074627306427 51.60596953788415)
maintained_schools_wg.990,100101049851,6742077,Caegarw Primary School,674,Rhondda Cynon Taf,Primary,Community,EM,English medium school / provision,"Nursery, Infants & Juniors",---,Troed Y Rhiw Road,Caegarw,Mountain Ash,Rhondda Cynon Taf,CF45 4BH,01443473730,167,6742077,Caegarw Primary School,674,Rhondda Cynon Taf,Cymuned,EM,Cyfrwng Saesneg,"Iau, babanod a meithrin",---,Troed Y Rhiw Road,Caegarw,Mountain Ash,Rhondda Cynon Taf,CF45 4BH,01443473730,167,990,POINT (-3.376110232596966 51.685162099873324)
maintained_schools_wg.991,200001851011,6742079,Cwmlai Primary,674,Rhondda Cynon Taf,Primary,Community,EM,English medium school / provision,"Nursery, Infants & Juniors",---,Penygarreg Road,Tonyrefail,Porth,,CF39 8AS,01443670356,431,6742079,Cwmlai Primary,674,Rhondda Cynon Taf,Cymuned,EM,Cyfrwng Saesneg,"Iau, babanod a meithrin",---,Penygarreg Road,Tonyrefail,Porth,,CF39 8AS,01443670356,431,991,POINT (-3.427266402188961 51.571640168368866)
maintained_schools_wg.992,200002939847,6742083,DOLAU PRIMARY,674,Rhondda Cynon Taf,Primary,Community,DS,Dual language school / provision (Welsh and English) (including transitional),"Nursery, Infants & Juniors",---,Bridgend Road,Llanharan,Pontyclun,Rhondda Cynon Taf,CF72 9RP,01443237830,510,6742083,DOLAU PRIMARY,674,Rhondda Cynon Taf,Cymuned,DS,Ddwy ffrwd,"Iau, babanod a meithrin",---,Bridgend Road,Llanharan,Pontyclun,Rhondda Cynon Taf,CF72 9RP,01443237830,510,992,POINT (-3.455083997668602 51.53267765500636)
maintained_schools_wg.993,200001851055,6742084,Capcoch Primary School,674,Rhondda Cynon Taf,Primary,Community,EM,English medium school / provision,"Nursery, Infants & Juniors",---,School Street,Abercwmboi,Aberdare,Rhondda Cynon Taf,CF44 6AD,01443472746,150,6742084,Capcoch Primary School,674,Rhondda Cynon Taf,Cymuned,EM,Cyfrwng Saesneg,"Iau, babanod a meithrin",---,School Street,Abercwmboi,Aberdare,Rhondda Cynon Taf,CF44 6AD,01443472746,150,993,POINT (-3.414578964898144 51.69039683261111)
maintained_schools_wg.994,100101049380,6742093,Caradog Primary School,674,Rhondda Cynon Taf,Primary,Community,EM,English medium school / provision,"Nursery, Infants & Juniors",---,Clifton Street,Aberdare,,,CF44 7PB,01685 874715,193,6742093,Caradog Primary School,674,Rhondda Cynon Taf,Cymuned,EM,Cyfrwng Saesneg,"Iau, babanod a meithrin",---,Clifton Street,Aberdare,,,CF44 7PB,01685 874715,193,994,POINT (-3.4484912054850225 51.711698696830865)
maintained_schools_wg.995,100101049624,6742102,Ffynnon Taf Primary School,674,Rhondda Cynon Taf,Primary,Community,EM,English medium school / provision,"Nursery, Infants & Juniors",---,Cardiff Road,Taffs Well,Cardiff,Rhondda Cynon Taf,CF15 7PR,02920810452,157,6742102,Ffynnon Taf Primary School,674,Rhondda Cynon Taf,Cymuned,EM,Cyfrwng Saesneg,"Iau, babanod a meithrin",---,Cardiff Road,Taffs Well,Cardiff,Rhondda Cynon Taf,CF15 7PR,02920810452,157,995,POINT (-3.2716182605548236 51.546481746905684)
maintained_schools_wg.996,200003771328,6742112,DARRAN PARK PRIMARY,674,Rhondda Cynon Taf,Primary,Community,EM,English medium school / provision,"Nursery, Infants & Juniors",---,Brook Street,Ferndale,Rhondda Cynon Taf,,CF43 4LE,01443730450,320,6742112,DARRAN PARK PRIMARY,674,Rhondda Cynon Taf,Cymuned,EM,Cyfrwng Saesneg,"Iau, babanod a meithrin",---,Brook Street,Ferndale,Rhondda Cynon Taf,,CF43 4LE,01443730450,320,996,POINT (-3.4499903682079185 51.660354773449846)
maintained_schools_wg.997,200003764845,6742118,LLANILLTUD FAERDREF PRIMARY,674,Rhondda Cynon Taf,Primary,Community,EM,English medium school / provision,"Nursery, Infants & Juniors",---,St Illtyd's Road,Church Village,Pontypridd,,CF38 1DB,01443204626,182,6742118,LLANILLTUD FAERDREF PRIMARY,674,Rhondda Cynon Taf,Cymuned,EM,Cyfrwng Saesneg,"Iau, babanod a meithrin",---,St Illtyd's Road,Church Village,Pontypridd,,CF38 1DB,01443204626,182,997,POINT (-3.319627668158072 51.56590453108721)
maintained_schools_wg.998,200002936538,6742119,GELLI PRIMARY SCHOOL,674,Rhondda Cynon Taf,Primary,Community,EM,English medium school / provision,"Nursery, Infants & Juniors",---,Ystrad Road,Ystrad,Pentre,,CF41 7PX,01443435311,203,6742119,GELLI PRIMARY SCHOOL,674,Rhondda Cynon Taf,Cymuned,EM,Cyfrwng Saesneg,"Iau, babanod a meithrin",---,Ystrad Road,Ystrad,Pentre,,CF41 7PX,01443435311,203,998,POINT (-3.476541250118536 51.64586160778643)
maintained_schools_wg.999,200001851138,6742124,Llantrisant Primary School,674,Rhondda Cynon Taf,Primary,Community,EM,English medium school / provision,"Nursery, Infants & Juniors",---,Coed-Yr-Esgob,Llantrisant,Pontyclun,,CF72 8EL,01443237829,127,6742124,Llantrisant Primary School,674,Rhondda Cynon Taf,Cymuned,EM,Cyfrwng Saesneg,"Iau, babanod a meithrin",---,Coed-Yr-Esgob,Llantrisant,Pontyclun,,CF72 8EL,01443237829,127,999,POINT (-3.3773944593270544 51.54529635485109)
maintained_schools_wg.1000,100101050493,6742127,Hafod Primary School,674,Rhondda Cynon Taf,Primary,Community,EM,English medium school / provision,"Nursery, Infants & Juniors",---,Wayne Street,Trehafod,Pontypridd,,CF37 2NL,01443682234,110,6742127,Hafod Primary School,674,Rhondda Cynon Taf,Cymuned,EM,Cyfrwng Saesneg,"Iau, babanod a meithrin",---,Wayne Street,Trehafod,Pontypridd,,CF37 2NL,01443682234,110,1000,POINT (-3.3818656981335447 51.60953611874061)
maintained_schools_wg.1001,200003763636,6742130,MAES-Y-COED PRIMARY SCHOOL,674,Rhondda Cynon Taf,Primary,Community,EM,English medium school / provision,"Nursery, Infants & Juniors",---,Lanwern Road,Maes-Y-Coed,Pontypridd,,CF37 1EQ,01443486835,248,6742130,MAES-Y-COED PRIMARY SCHOOL,674,Rhondda Cynon Taf,Cymuned,EM,Cyfrwng Saesneg,"Iau, babanod a meithrin",---,Lanwern Road,Maes-Y-Coed,Pontypridd,,CF37 1EQ,01443486835,248,1001,POINT (-3.3498731434565143 51.59820103625104)
maintained_schools_wg.1002,10001301603,6742134,CWMDAR COUNTY PRIMARY SCHOOL,674,Rhondda Cynon Taf,Primary,Community,EM,English medium school / provision,"Nursery, Infants & Juniors",---,The Square,Cwmdare,Aberdare,Rhondda Cynon Taf,CF44 8UA,01685871198,281,6742134,CWMDAR COUNTY PRIMARY SCHOOL,674,Rhondda Cynon Taf,Cymuned,EM,Cyfrwng Saesneg,"Iau, babanod a meithrin",---,The Square,Cwmdare,Aberdare,Rhondda Cynon Taf,CF44 8UA,01685871198,281,1002,POINT (-3.474541393928471 51.719593086594685)
maintained_schools_wg.1003,200002935175,6742137,PARCLEWIS PRIMARY SCHOOL,674,Rhondda Cynon Taf,Primary,Community,EM,English medium school / provision,"Nursery, Infants & Juniors",---,Broadway,Pontypridd,,,CF37 1BE,01443486836,270,6742137,PARCLEWIS PRIMARY SCHOOL,674,Rhondda Cynon Taf,Cymuned,EM,Cyfrwng Saesneg,"Iau, babanod a meithrin",---,Broadway,Pontypridd,,,CF37 1BE,01443486836,270,1003,POINT (-3.3280991042655694 51.59666909197492)
maintained_schools_wg.1004,200001851149,6742142,Llanharan Primary School,674,Rhondda Cynon Taf,Primary,Community,EM,English medium school / provision,"Nursery, Infants & Juniors",---,Llwyn Brain Terrace,Llanharan,Pontyclun,,CF72 9PW,01443237831,145,6742142,Llanharan Primary School,674,Rhondda Cynon Taf,Cymuned,EM,Cyfrwng Saesneg,"Iau, babanod a meithrin",---,Llwyn Brain Terrace,Llanharan,Pontyclun,,CF72 9PW,01443237831,145,1004,POINT (-3.4424361190380584 51.54122346899359)
maintained_schools_wg.1005,100101050822,6742143,LLWYNYPIA PRIMARY SCHOOL,674,Rhondda Cynon Taf,Primary,Community,EM,English medium school / provision,"Nursery, Infants & Juniors",---,School Terrace,Llwynypia,Tonypandy,,CF40 2HL,01443432354,185,6742143,LLWYNYPIA PRIMARY SCHOOL,674,Rhondda Cynon Taf,Cymuned,EM,Cyfrwng Saesneg,"Iau, babanod a meithrin",---,School Terrace,Llwynypia,Tonypandy,,CF40 2HL,01443432354,185,1005,POINT (-3.4593188956193632 51.62714896695964)
maintained_schools_wg.1006,200001851084,6742144,DARRENLAS PRIMARY SCHOOL,674,Rhondda Cynon Taf,Primary,Community,EM,English medium school / provision,"Nursery, Infants & Juniors",---,Kingcraft Street,Darrenlas,Mountain Ash,,CF45 3LT,01443473291,222,6742144,DARRENLAS PRIMARY SCHOOL,674,Rhondda Cynon Taf,Cymuned,EM,Cyfrwng Saesneg,"Iau, babanod a meithrin",---,Kingcraft Street,Darrenlas,Mountain Ash,,CF45 3LT,01443473291,222,1006,POINT (-3.380918574809405 51.67869451447189)
maintained_schools_wg.1007,200001851147,6742151,LLANHARI PRIMARY,674,Rhondda Cynon Taf,Primary,Community,EM,English medium school / provision,"Nursery, Infants & Juniors",---,Aelfryn,Llanharry,Pontyclun,,CF72 9LQ,01443237832,154,6742151,LLANHARI PRIMARY,674,Rhondda Cynon Taf,Cymuned,EM,Cyfrwng Saesneg,"Iau, babanod a meithrin",---,Aelfryn,Llanharry,Pontyclun,,CF72 9LQ,01443237832,154,1007,POINT (-3.4359731446655624 51.512276406826594)
maintained_schools_wg.1008,10024275791,6742160,Pontyclun Primary,674,Rhondda Cynon Taf,Primary,Community,EM,English medium school / provision,"Nursery, Infants & Juniors",---,Palalwyf Avenue,Pontyclun,,,CF72 9EG,01443237833,395,6742160,Pontyclun Primary,674,Rhondda Cynon Taf,Cymuned,EM,Cyfrwng Saesneg,"Iau, babanod a meithrin",---,Palalwyf Avenue,Pontyclun,,,CF72 9EG,01443237833,395,1008,POINT (-3.3915831482666303 51.52065263132124)
maintained_schools_wg.1009,100101050960,6742161,PARC PRIMARY SCHOOL,674,Rhondda Cynon Taf,Primary,Community,EM,English medium school / provision,"Nursery, Infants & Juniors",---,Tallis Street,Cwmparc,Treorchy,,CF42 6LY,01443776601,241,6742161,PARC PRIMARY SCHOOL,674,Rhondda Cynon Taf,Cymuned,EM,Cyfrwng Saesneg,"Iau, babanod a meithrin",---,Tallis Street,Cwmparc,Treorchy,,CF42 6LY,01443776601,241,1009,POINT (-3.516809537121887 51.654115377158)
maintained_schools_wg.1010,10023820952,6742170,HIRWAUN PRIMARY SCHOOL,674,Rhondda Cynon Taf,Primary,Community,EM,English medium school / provision,"Nursery, Infants & Juniors",---,Glannant Street,Hirwaun,Aberdare,,CF44 9NF,01685811619,294,6742170,HIRWAUN PRIMARY SCHOOL,674,Rhondda Cynon Taf,Cymuned,EM,Cyfrwng Saesneg,"Iau, babanod a meithrin",---,Glannant Street,Hirwaun,Aberdare,,CF44 9NF,01685811619,294,1010,POINT (-3.510252763434877 51.735999074835696)
maintained_schools_wg.1011,100101049394,6742180,LLWYDCOED PRIMARY SCHOOL,674,Rhondda Cynon Taf,Primary,Community,EM,English medium school / provision,"Nursery, Infants & Juniors",---,Corner House Street,Llwydcoed,Aberdare,Rhondda Cynon Taf,CF44 0YA,01685871110,132,6742180,LLWYDCOED PRIMARY SCHOOL,674,Rhondda Cynon Taf,Cymuned,EM,Cyfrwng Saesneg,"Iau, babanod a meithrin",---,Corner House Street,Llwydcoed,Aberdare,Rhondda Cynon Taf,CF44 0YA,01685871110,132,1011,POINT (-3.4589247061070183 51.73365342110004)
maintained_schools_wg.1012,200001850994,6742182,Trallwng Infants School,674,Rhondda Cynon Taf,Primary,Community,EM,English medium school / provision,Nursery & Infants,---,Bonvilston Road,Trallwn,Pontypridd,,CF37 4RD,01443486842,77,6742182,Trallwng Infants School,674,Rhondda Cynon Taf,Cymuned,EM,Cyfrwng Saesneg,Babanod a meithrin,---,Bonvilston Road,Trallwn,Pontypridd,,CF37 4RD,01443486842,77,1012,POINT (-3.3345794406762144 51.608905428978325)
maintained_schools_wg.1013,100101049839,6742192,PENGEULAN PRIMARY,674,Rhondda Cynon Taf,Primary,Community,EM,English medium school / provision,"Nursery, Infants & Juniors",---,Penrhiwceiber Road,Miskin,Mountain Ash,,CF45 3UW,01443473365,136,6742192,PENGEULAN PRIMARY,674,Rhondda Cynon Taf,Cymuned,EM,Cyfrwng Saesneg,"Iau, babanod a meithrin",---,Penrhiwceiber Road,Miskin,Mountain Ash,,CF45 3UW,01443473365,136,1013,POINT (-3.370115220861218 51.67393852229513)
maintained_schools_wg.1014,100101050813,6742196,Pontrhondda Primary School,674,Rhondda Cynon Taf,Primary,Community,EM,English medium school / provision,Infants & Juniors,---,Pontrhondda Road,Llwynypia,Tonypandy,,CF40 2SZ,01443433004,124,6742196,Pontrhondda Primary School,674,Rhondda Cynon Taf,Cymuned,EM,Cyfrwng Saesneg,Iau a babanod,---,Pontrhondda Road,Llwynypia,Tonypandy,,CF40 2SZ,01443433004,124,1014,POINT (-3.4535563962158107 51.63941351281776)
maintained_schools_wg.1015,200001850985,6742199,Trehopcyn Primary,674,Rhondda Cynon Taf,Primary,Community,EM,English medium school / provision,"Nursery, Infants & Juniors",---,Plymouth Road,Hopkinstown,Pontypridd,,CF37 2RH,01443486844,110,6742199,Trehopcyn Primary,674,Rhondda Cynon Taf,Cymuned,EM,Cyfrwng Saesneg,"Iau, babanod a meithrin",---,Plymouth Road,Hopkinstown,Pontypridd,,CF37 2RH,01443486844,110,1015,POINT (-3.357988585889192 51.60598429220113)
maintained_schools_wg.1016,100101049661,6742200,PONTYGWAITH PRIMARY SCHOOL,674,Rhondda Cynon Taf,Primary,Community,EM,English medium school / provision,"Nursery, Infants & Juniors",---,Graig Street,Pontygwaith,Ferndale,,CF43 3LY,01443730471,155,6742200,PONTYGWAITH PRIMARY SCHOOL,674,Rhondda Cynon Taf,Cymuned,EM,Cyfrwng Saesneg,"Iau, babanod a meithrin",---,Graig Street,Pontygwaith,Ferndale,,CF43 3LY,01443730471,155,1016,POINT (-3.433672489489839 51.637616878795576)
maintained_schools_wg.1017,100101050204,6742206,TREROBART PRIMARY SCHOOL,674,Rhondda Cynon Taf,Primary,Community,EM,English medium school / provision,"Nursery, Infants & Juniors",---,Crawshay Street,Ynysybwl,Pontypridd,,CF37 3EF,01443790233,155,6742206,TREROBART PRIMARY SCHOOL,674,Rhondda Cynon Taf,Cymuned,EM,Cyfrwng Saesneg,"Iau, babanod a meithrin",---,Crawshay Street,Ynysybwl,Pontypridd,,CF37 3EF,01443790233,155,1017,POINT (-3.3589806182464303 51.63629334167939)
maintained_schools_wg.1018,100101049758,6742218,Perthcelyn Community Primary School,674,Rhondda Cynon Taf,Primary,Community,EM,English medium school / provision,"Nursery, Infants & Juniors",---,Glamorgan Street,Perthcelyn,Mountain Ash,,CF45 3RJ,01443473296,126,6742218,Perthcelyn Community Primary School,674,Rhondda Cynon Taf,Cymuned,EM,Cyfrwng Saesneg,"Iau, babanod a meithrin",---,Glamorgan Street,Perthcelyn,Mountain Ash,,CF45 3RJ,01443473296,126,1018,POINT (-3.3657564513285214 51.667982785696545)
maintained_schools_wg.1019,200001851034,6742222,TON PENTRE JUNIOR SCHOOL,674,Rhondda Cynon Taf,Primary,Community,EM,English medium school / provision,Juniors,---,Bailey Street,Ton Pentre,Pentre,Rhondda Cynon Taf,CF41 7EL,01443435436,164,6742222,TON PENTRE JUNIOR SCHOOL,674,Rhondda Cynon Taf,Cymuned,EM,Cyfrwng Saesneg,Iau,---,Bailey Street,Ton Pentre,Pentre,Rhondda Cynon Taf,CF41 7EL,01443435436,164,1019,POINT (-3.49072542395699 51.64866767010569)
maintained_schools_wg.1020,200002935472,6742225,Craig yr Hesg Primary School,674,Rhondda Cynon Taf,Primary,Community,EM,English medium school / provision,"Nursery, Infants & Juniors",---,Cefn Lane,Glyncoch,Pontypridd,,CF37 3BP,01443486830,162,6742225,Craig yr Hesg Primary School,674,Rhondda Cynon Taf,Cymuned,EM,Cyfrwng Saesneg,"Iau, babanod a meithrin",---,Cefn Lane,Glyncoch,Pontypridd,,CF37 3BP,01443486830,162,1020,POINT (-3.3292446495882766 51.622543646790795)
maintained_schools_wg.1021,200002935932,6742228,Llwyn-crwn Primary School,674,Rhondda Cynon Taf,Primary,Community,EM,English medium school / provision,"Nursery, Infants & Juniors",---,Llwyn-Crwn Road,Beddau,Pontypridd,,CF38 2BE,01443203557,272,6742228,Llwyn-crwn Primary School,674,Rhondda Cynon Taf,Cymuned,EM,Cyfrwng Saesneg,"Iau, babanod a meithrin",---,Llwyn-Crwn Road,Beddau,Pontypridd,,CF38 2BE,01443203557,272,1021,POINT (-3.3610999207770345 51.55402811617288)
maintained_schools_wg.1022,100101049911,6742229,Ton Pentre Infants,674,Rhondda Cynon Taf,Primary,Community,EM,English medium school / provision,Nursery & Infants,---,School Street,Ton Pentre,Rhondda Cynon Taf,,CF41 7LS,01443435438,144,6742229,Ton Pentre Infants,674,Rhondda Cynon Taf,Cymuned,EM,Cyfrwng Saesneg,Babanod a meithrin,---,School Street,Ton Pentre,Rhondda Cynon Taf,,CF41 7LS,01443435438,144,1022,POINT (-3.486596475822204 51.64484450515657)
maintained_schools_wg.1023,10001299988,6742235,Y.G.G.ABERDAR,674,Rhondda Cynon Taf,Primary,Community,WM,Welsh medium school / provision (including transitional),"Nursery, Infants & Juniors",---,Laburnam Drive,Cwmdar,Aberdar,Rhondda Cynon Taf,CF44 8RT,01685872939,426,6742235,Y.G.G.ABERDAR,674,Rhondda Cynon Taf,Cymuned,WM,Cyfrwng Cymraeg,"Iau, babanod a meithrin",---,Laburnam Drive,Cwmdar,Aberdar,Rhondda Cynon Taf,CF44 8RT,01685872939,426,1023,POINT (-3.466663892338115 51.717740484194486)
maintained_schools_wg.1024,100101050805,6742243,TREALAW COUNTY PRIMARY SCHOOL,674,Rhondda Cynon Taf,Primary,Community,EM,English medium school / provision,"Nursery, Infants & Juniors",---,Miskin Road,Trealaw,Tonypandy,Rhondda Cynon Taf,CF40 2QW,01443430633,119,6742243,TREALAW COUNTY PRIMARY SCHOOL,674,Rhondda Cynon Taf,Cymuned,EM,Cyfrwng Saesneg,"Iau, babanod a meithrin",---,Miskin Road,Trealaw,Tonypandy,Rhondda Cynon Taf,CF40 2QW,01443432217,119,1024,POINT (-3.4470459161389586 51.62011636193917)
maintained_schools_wg.1025,100101049721,6742244,Glenboi Community Primary School,674,Rhondda Cynon Taf,Primary,Community,EM,English medium school / provision,"Nursery, Infants & Juniors",---,Abercwmboi Isaf Road,Glenboi,Mountain Ash,,CF45 3DW,01443473747,150,6742244,Glenboi Community Primary School,674,Rhondda Cynon Taf,Cymuned,EM,Cyfrwng Saesneg,"Iau, babanod a meithrin",---,Abercwmboi Isaf Road,Glenboi,Mountain Ash,,CF45 3DW,01443473747,150,1025,POINT (-3.396338983389446 51.68440179179825)
maintained_schools_wg.1026,100101050257,6742247,Cefn Primary School,674,Rhondda Cynon Taf,Primary,Community,EM,English medium school / provision,"Nursery, Infants & Juniors",---,Greenfield Avenue,Glyncoch,Pontypridd,Rhondda Cynon Taf,CF37 3BD,01443400815,129,6742247,Cefn Primary School,674,Rhondda Cynon Taf,Cymuned,EM,Cyfrwng Saesneg,"Iau, babanod a meithrin",---,Greenfield Avenue,Glyncoch,Pontypridd,Rhondda Cynon Taf,CF37 3BD,01443400815,129,1026,POINT (-3.3419471082145416 51.62143095489151)
maintained_schools_wg.1027,100101050922,6742251,TREORCHY PRIMARY,674,Rhondda Cynon Taf,Primary,Community,EM,English medium school / provision,"Nursery, Infants & Juniors",---,Glyncoli Road,Treorchy,Rhondda,,CF42 6SA,01443773084,408,6742251,TREORCHY PRIMARY,674,Rhondda Cynon Taf,Cymuned,EM,Cyfrwng Saesneg,"Iau, babanod a meithrin",---,Glyncoli Road,Treorchy,Rhondda,,CF42 6SA,01443773084,408,1027,POINT (-3.5054102827533984 51.66129379118145)
maintained_schools_wg.1028,10090594385,6742258,WILLIAMSTOWN PRIMARY,674,Rhondda Cynon Taf,Primary,Community,EM,English medium school / provision,"Nursery, Infants & Juniors",---,Dinas Isaf West,Williamstown,Tonypandy,Rhondda Cynon Taf,CF40 1AG,01443432186,310,6742258,WILLIAMSTOWN PRIMARY,674,Rhondda Cynon Taf,Cymuned,EM,Cyfrwng Saesneg,"Iau, babanod a meithrin",---,Dinas Isaf West,Williamstown,Tonypandy,Rhondda Cynon Taf,CF40 1AG,01443432186,310,1028,POINT (-3.4392650340217847 51.60292952811918)
maintained_schools_wg.1029,200002936012,6742263,Maesybryn Primary School,674,Rhondda Cynon Taf,Primary,Community,EM,English medium school / provision,"Nursery, Infants & Juniors",---,Lancaster Drive,Crown Hill,Llantwit Fadre,Pontypridd,CF38 2NS,01443202928,321,6742263,Maesybryn Primary School,674,Rhondda Cynon Taf,Cymuned,EM,Cyfrwng Saesneg,"Iau, babanod a meithrin",---,Lancaster Drive,Crown Hill,Llantwit Fadre,Pontypridd,CF38 2NS,01443202928,321,1029,POINT (-3.3312363534770433 51.55731198548118)
maintained_schools_wg.1030,200003766722,6742264,TYLORSTOWN PRIMARY SCHOOL,674,Rhondda Cynon Taf,Primary,Community,EM,English medium school / provision,"Nursery, Infants & Juniors",---,Edmund Street,Tylorstown,Ferndale Rhondda,,CF43 3HH,01443730396,115,6742264,TYLORSTOWN PRIMARY SCHOOL,674,Rhondda Cynon Taf,Cymuned,EM,Cyfrwng Saesneg,"Iau, babanod a meithrin",---,Edmund Street,Tylorstown,Ferndale Rhondda,,CF43 3HH,01443730396,115,1030,POINT (-3.431816359922642 51.64658646148089)
maintained_schools_wg.1031,100101050617,6742269,Tref-y-Rhyg Primary School,674,Rhondda Cynon Taf,Primary,Community,EM,English medium school / provision,"Nursery, Infants & Juniors",---, The Avenue, Tonyrefail, Porth,,CF39 8PR,01443670306,86,6742269,Tref-y-Rhyg Primary School,674,Rhondda Cynon Taf,Cymuned,EM,Cyfrwng Saesneg,"Iau, babanod a meithrin",---, The Avenue, Tonyrefail, Porth,,CF39 8PR,01443670306,86,1031,POINT (-3.417099439483573 51.58296740366166)
maintained_schools_wg.1032,100101050619,6742272,Ysgol Gynradd Gymraeg Tonyrefail,674,Rhondda Cynon Taf,Primary,Community,WM,Welsh medium school / provision (including transitional),"Nursery, Infants & Juniors",---,Martin Crescent,Porth,Rhondda Cynon Taf,,CF39 8NT,01443670319,197,6742272,Ysgol Gynradd Gymraeg Tonyrefail,674,Rhondda Cynon Taf,Cymuned,WM,Cyfrwng Cymraeg,"Iau, babanod a meithrin",---,Martin Crescent,Porth,Rhondda Cynon Taf,,CF39 8NT,01443670319,197,1032,POINT (-3.4273943367202864 51.585352633703486)
maintained_schools_wg.1033,10001301999,6742276,Penygawsi Primary School,674,Rhondda Cynon Taf,Primary,Community,EM,English medium school / provision,"Nursery, Infants & Juniors",---,Llys Derwen,Llantrisant,Pontyclun,,CF72 8PZ,01443237834,222,6742276,Penygawsi Primary School,674,Rhondda Cynon Taf,Cymuned,EM,Cyfrwng Saesneg,"Iau, babanod a meithrin",---,Llys Derwen,Llantrisant,Pontyclun,,CF72 8PZ,01443237834,222,1033,POINT (-3.374984744215576 51.535685218279646)
maintained_schools_wg.1034,200002936293,6742284,YSGOL GYMRAEG LLWYNCELYN,674,Rhondda Cynon Taf,Primary,Community,WM,Welsh medium school / provision (including transitional),"Nursery, Infants & Juniors",---,Ffordd Y Grug,Llwyncelyn,Porth,,CF39 9TL,01443562220,354,6742284,YSGOL GYMRAEG LLWYNCELYN,674,Rhondda Cynon Taf,Cymuned,WM,Cyfrwng Cymraeg,"Iau, babanod a meithrin",---,Ffordd Y Grug,Llwyncelyn,Porth,,CF39 9TL,01443562220,354,1034,POINT (-3.40029670728285 51.61152067202198)
maintained_schools_wg.1035,200002936723,6742287,YSGOL GYNRADD GYMRAEG YNYSWEN,674,Rhondda Cynon Taf,Primary,Community,WM,Welsh medium school / provision (including transitional),"Nursery, Infants & Juniors",---,Clinic Road,Ynyswen,Treorci,Rhondda Cynon Taf,CF42 6ED,01443772432,222,6742287,YSGOL GYNRADD GYMRAEG YNYSWEN,674,Rhondda Cynon Taf,Cymuned,WM,Cyfrwng Cymraeg,"Iau, babanod a meithrin",---,Clinic Road,Ynyswen,Treorci,Rhondda Cynon Taf,CF42 6ED,01443772432,222,1035,POINT (-3.520118577356292 51.665303516651655)
maintained_schools_wg.1036,200003761875,6742306,Tonysguboriau Primary School,674,Rhondda Cynon Taf,Primary,Community,EM,English medium school / provision,"Nursery, Infants & Juniors",---,Stuart Terrace,Talbot Green,Pontyclun,,CF72 8AA,01443237836,241,6742306,Tonysguboriau Primary School,674,Rhondda Cynon Taf,Cymuned,EM,Cyfrwng Saesneg,"Iau, babanod a meithrin",---,Stuart Terrace,Talbot Green,Pontyclun,,CF72 8AA,01443237836,241,1036,POINT (-3.387825615367143 51.535965597669424)
maintained_schools_wg.1037,10012771334,6742351,Y. G. G. G. Llantrisant,674,Rhondda Cynon Taf,Primary,Community,WM,Welsh medium school / provision (including transitional),"Nursery, Infants & Juniors",---,Ffordd Cefn Yr Hendy,Miskin,Pontyclun,,CF72 8TL,01443237837,213,6742351,Y. G. G. G. Llantrisant,674,Rhondda Cynon Taf,Cymuned,WM,Cyfrwng Cymraeg,"Iau, babanod a meithrin",---,Ffordd Cefn Yr Hendy,Miskin,Pontyclun,,CF72 8TL,01443237837,213,1037,POINT (-3.3798295783922203 51.52615974262547)
maintained_schools_wg.1038,10001301034,6742356,YSGOL GYMRAEG BODRINGALLT,674,Rhondda Cynon Taf,Primary,Community,WM,Welsh medium school / provision (including transitional),"Nursery, Infants & Juniors",---,Bryn Terrace,Ystrad,Pentre,Rhondda Cynon Taf,CF41 7RX,01443434096,141,6742356,YSGOL GYMRAEG BODRINGALLT,674,Rhondda Cynon Taf,Cymuned,WM,Cyfrwng Cymraeg,"Iau, babanod a meithrin",---,Bryn Terrace,Ystrad,Pentre,Rhondda Cynon Taf,CF41 7RX,01443434096,141,1038,POINT (-3.4660436033794437 51.645723415850206)
maintained_schools_wg.1039,200002935997,6742359,Y.G.G. CASTELLAU,674,Rhondda Cynon Taf,Primary,Community,WM,Welsh medium school / provision (including transitional),"Nursery, Infants & Juniors",---,Ffordd Castellau,Beddau,Pontypridd,Rhondda Cynon Taf,CF38 2AA,01443562206,233,6742359,Y.G.G. CASTELLAU,674,Rhondda Cynon Taf,Cymuned,WM,Cyfrwng Cymraeg,"Iau, babanod a meithrin",---,Ffordd Castellau,Beddau,Pontypridd,Rhondda Cynon Taf,CF38 2AA,01443562206,233,1039,POINT (-3.3604088508498826 51.55795743215885)
maintained_schools_wg.1041,200003771377,6742362,YSGOL GYMRAEG EVAN JAMES,674,Rhondda Cynon Taf,Primary,Community,WM,Welsh medium school / provision (including transitional),"Nursery, Infants & Juniors",---,Ffordd Y Rhondda,Pontypridd,Rhondda Cynon Taf,,CF37 1HF,01443486813,310,6742362,YSGOL GYMRAEG EVAN JAMES,674,Rhondda Cynon Taf,Cymuned,WM,Cyfrwng Cymraeg,"Iau, babanod a meithrin",---,Ffordd Y Rhondda,Pontypridd,Rhondda Cynon Taf,,CF37 1HF,01443486813,310,1041,POINT (-3.346351107307597 51.60213497862757)
maintained_schools_wg.1042,200003772277,6742364,Ysgol Gymraeg Abercynon,674,Rhondda Cynon Taf,Primary,Community,WM,Welsh medium school / provision (including transitional),"Nursery, Infants & Juniors",---,Greenfield Terrace,Glancynon,Abercynon,Rhondda Cynon Taf,CF45 4TH,01443 740239,266,6742364,Ysgol Gymraeg Abercynon,674,Rhondda Cynon Taf,Cymuned,WM,Cyfrwng Cymraeg,"Iau, babanod a meithrin",---,Greenfield Terrace,Glancynon,Abercynon,Rhondda Cynon Taf,CF45 4TH,01443 740239,266,1042,POINT (-3.327508197924236 51.651633803189895)
maintained_schools_wg.1043,200002936593,6742365,YGG BRONLLWYN School,674,Rhondda Cynon Taf,Primary,Community,WM,Welsh medium school / provision (including transitional),"Nursery, Infants & Juniors",---,Colwyn Road,Gelli,Rhondda Cynon Taf,,CF41 7NW,01443435294,230,6742365,YGG BRONLLWYN School,674,Rhondda Cynon Taf,Cymuned,WM,Cyfrwng Cymraeg,"Iau, babanod a meithrin",---,Colwyn Road,Gelli,Rhondda Cynon Taf,,CF41 7NW,01443435294,230,1043,POINT (-3.4842696751564213 51.642194351021175)
maintained_schools_wg.1044,100101049859,6742367,MISKIN PRIMARY,674,Rhondda Cynon Taf,Primary,Community,EM,English medium school / provision,"Nursery, Infants & Juniors",---,York Street,Miskin,Mountain Ash,,CF45 3BG,01443476426,94,6742367,MISKIN PRIMARY,674,Rhondda Cynon Taf,Cymuned,EM,Cyfrwng Saesneg,"Iau, babanod a meithrin",---,York Street,Miskin,Mountain Ash,,CF45 3BG,01443476426,94,1044,POINT (-3.376905402158451 51.67513593205239)
maintained_schools_wg.1045,200002936633,6742369,Penpych Community Primary Scho,674,Rhondda Cynon Taf,Primary,Community,EM,English medium school / provision,"Nursery, Infants & Juniors",---,Blaenrhondda Road,Ty Newydd,Treherbert,Rhondda,CF42 5SD,01443771434,170,6742369,Penpych Community Primary Scho,674,Rhondda Cynon Taf,Cymuned,EM,Cyfrwng Saesneg,"Iau, babanod a meithrin",---,Blaenrhondda Road,Ty Newydd,Treherbert,Rhondda,CF42 5SD,01443771434,170,1045,POINT (-3.550651393419256 51.68332875486989)
maintained_schools_wg.1046,10001301101,6742370,Hendreforgan Primary School,674,Rhondda Cynon Taf,Primary,Community,EM,English medium school / provision,"Nursery, Infants & Juniors",---,Hendreforgan,Gilfach Goch,,,CF39 8UH,01443672394,233,6742370,Hendreforgan Primary School,674,Rhondda Cynon Taf,Cymuned,EM,Cyfrwng Saesneg,"Iau, babanod a meithrin",---,Hendreforgan,Gilfach Goch,,,CF39 8UH,01443672394,233,1046,POINT (-3.4665561566240903 51.582314706168624)
maintained_schools_wg.1047,10001299987,6742371,Penyrenglyn Primary,674,Rhondda Cynon Taf,Primary,Community,EM,English medium school / provision,"Nursery, Infants & Juniors",---,Baglan Street,Treherbert,Treorchy,,CF42 5AW,01443772433,180,6742371,Penyrenglyn Primary,674,Rhondda Cynon Taf,Cymuned,EM,Cyfrwng Saesneg,"Iau, babanod a meithrin",---,Baglan Street,Treherbert,Treorchy,,CF42 5AW,01443772433,180,1047,POINT (-3.5269786398126626 51.668496558688084)
maintained_schools_wg.1048,200002937412,6742372,Penywaun Community School,674,Rhondda Cynon Taf,Primary,Community,EM,English medium school / provision,"Nursery, Infants & Juniors",---,Coed Glas,Penywaun,Aberdare,,CF44 9DR,01685661005,180,6742372,Penywaun Community School,674,Rhondda Cynon Taf,Cymuned,EM,Cyfrwng Saesneg,"Iau, babanod a meithrin",---,Coed Glas,Penywaun,Aberdare,,CF44 9DR,01685661005,180,1048,POINT (-3.4799249004965533 51.731502478297195)
maintained_schools_wg.1049,100101049665,6742373,Penrhys Community Primary,674,Rhondda Cynon Taf,Primary,Community,EM,English medium school / provision,"Nursery, Infants & Juniors",---,Penrhys,Tylorstown,Ferndale,,CF43 3PL,01443730037,86,6742373,Penrhys Community Primary,674,Rhondda Cynon Taf,Cymuned,EM,Cyfrwng Saesneg,"Iau, babanod a meithrin",---,Penrhys,Tylorstown,Ferndale,,CF43 3PL,01443730037,86,1049,POINT (-3.4401246958362797 51.64422787079322)
maintained_schools_wg.1050,100101050505,6742374,Gwaunmeisgyn Primary School,674,Rhondda Cynon Taf,Primary,Community,EM,English medium school / provision,"Nursery, Infants & Juniors",---,Woodland Road,Beddau,Pontypridd,,CF38 2SE,01443203079,361,6742374,Gwaunmeisgyn Primary School,674,Rhondda Cynon Taf,Cymuned,EM,Cyfrwng Saesneg,"Iau, babanod a meithrin",---,Woodland Road,Beddau,Pontypridd,,CF38 2SE,01443203079,361,1050,POINT (-3.3513312151652936 51.5534404916408)
maintained_schools_wg.1051,100101050262,6742375,Gwauncelyn Primary School,674,Rhondda Cynon Taf,Primary,Community,EM,English medium school / provision,"Nursery, Infants & Juniors",---,Heol Deg,Tonteg,Pontypridd,,CF38 1EU,01443562210,372,6742375,Gwauncelyn Primary School,674,Rhondda Cynon Taf,Cymuned,EM,Cyfrwng Saesneg,"Iau, babanod a meithrin",---,Heol Deg,Tonteg,Pontypridd,,CF38 1EU,01443562210,372,1051,POINT (-3.3158293087667143 51.569768749959515)
maintained_schools_wg.1052,100101049748,6742376,Penrhiwceibr Primary,674,Rhondda Cynon Taf,Primary,Community,EM,English medium school / provision,"Nursery, Infants & Juniors",---,Church Street,Penrhiwceibr,Mountain Ash,,CF45 3YD,01443472247,118,6742376,Penrhiwceibr Primary,674,Rhondda Cynon Taf,Cymuned,EM,Cyfrwng Saesneg,"Iau, babanod a meithrin",---,Church Street,Penrhiwceibr,Mountain Ash,,CF45 3YD,01443472247,118,1052,POINT (-3.3631310734951785 51.66964080720982)
maintained_schools_wg.1053,100101050618,6742378,Ynyshir Community Primary,674,Rhondda Cynon Taf,Primary,Community,EM,English medium school / provision,"Nursery, Infants & Juniors",---,Llanwonno Road,Ynyshir,Porth,Rhondda Cynon Taf,CF39 0HU,01443685208,228,6742378,Ynyshir Community Primary,674,Rhondda Cynon Taf,Cymuned,EM,Cyfrwng Saesneg,"Iau, babanod a meithrin",---,Llanwonno Road,Ynyshir,Porth,Rhondda Cynon Taf,CF39 0HU,01443685208,228,1053,POINT (-3.4094286393902378 51.622381483181776)
maintained_schools_wg.1054,100101050868,6742380,Cwmclydach Community Primary School,674,Rhondda Cynon Taf,Primary,Community,EM,English medium school / provision,"Nursery, Infants & Juniors",---,Wern Street,Clydach Vale,Tonypandy,,CF40 2BQ,01443433005,180,6742380,Cwmclydach Community Primary School,674,Rhondda Cynon Taf,Cymuned,EM,Cyfrwng Saesneg,"Iau, babanod a meithrin",---,Wern Street,Clydach Vale,Tonypandy,,CF40 2BQ,01443433005,180,1054,POINT (-3.475591383520248 51.626846614794154)
maintained_schools_wg.1055,10024275528,6742381,Aberdare Park Primary,674,Rhondda Cynon Taf,Primary,Community,EM,English medium school / provision,"Nursery, Infants & Juniors",---,Hirwaun Road,Trecynon,Aberdare,Mid Glamorgan,CF44 8LU,01685874026,256,6742381,Aberdare Park Primary,674,Rhondda Cynon Taf,Cymuned,EM,Cyfrwng Saesneg,"Iau, babanod a meithrin",---,Hirwaun Road,Trecynon,Aberdare,Mid Glamorgan,CF44 8LU,01685874026,256,1055,POINT (-3.456172020043461 51.720100981767715)
maintained_schools_wg.1056,100101049662,6742382,Maerdy Primary School,674,Rhondda Cynon Taf,Primary,Community,EM,English medium school / provision,"Nursery, Infants & Juniors",---,Graig Wen,Ferndale,,,CF43 4TW,01443755227,293,6742382,Maerdy Primary School,674,Rhondda Cynon Taf,Cymuned,EM,Cyfrwng Saesneg,"Iau, babanod a meithrin",---,Graig Wen,Ferndale,,,CF43 4TW,01443755227,293,1056,POINT (-3.4814600611579407 51.6708241225316)
maintained_schools_wg.1057,100101049524,6742383,Cwmbach Community Primary,674,Rhondda Cynon Taf,Primary,Community,EM,English medium school / provision,"Nursery, Infants & Juniors",---,Llangorse Road,Cwmbach,Aberdare,,CF44 0HS,01685876115,262,6742383,Cwmbach Community Primary,674,Rhondda Cynon Taf,Cymuned,EM,Cyfrwng Saesneg,"Iau, babanod a meithrin",---,Llangorse Road,Cwmbach,Aberdare,,CF44 0HS,01685876115,262,1057,POINT (-3.416186241375715 51.710366209304105)
maintained_schools_wg.1058,100101049725,6742384,Ynysboeth Community Primary,674,Rhondda Cynon Taf,Primary,Community,EM,English medium school / provision,"Nursery, Infants & Juniors",---,Ynysboeth,Matthewstown,Mountain Ash,,CF45 4LJ,01443749040,125,6742384,Ynysboeth Community Primary,674,Rhondda Cynon Taf,Cymuned,EM,Cyfrwng Saesneg,"Iau, babanod a meithrin",---,Ynysboeth,Matthewstown,Mountain Ash,,CF45 4LJ,01443749040,125,1058,POINT (-3.345193413731006 51.65966898106999)
maintained_schools_wg.1059,10091204173,6742385,Abercynon Primary,674,Rhondda Cynon Taf,Primary,Community,EM,English medium school / provision,"Nursery, Infants & Juniors",---,Ynysmeurig Road,Abercynon,Mountain Ash,,CF45 4SU,01443743060,334,6742385,Abercynon Primary,674,Rhondda Cynon Taf,Cymuned,EM,Cyfrwng Saesneg,"Iau, babanod a meithrin",---,Ynysmeurig Road,Abercynon,Mountain Ash,,CF45 4SU,01443743060,334,1059,POINT (-3.328285840398834 51.64658960647309)
maintained_schools_wg.1060,200002936321,6742386,Cymmer Primary,674,Rhondda Cynon Taf,Primary,Community,EM,English medium school / provision,"Nursery, Infants & Juniors",---,High Street,Cymmer,Rhondda Cynon Taf,,CF39 9HA,01443570020,209,6742386,Cymmer Primary,674,Rhondda Cynon Taf,Cymuned,EM,Cyfrwng Saesneg,"Iau, babanod a meithrin",---,High Street,Cymmer,Rhondda Cynon Taf,,CF39 9HA,01443570020,209,1060,POINT (-3.4121946995199646 51.60538949127905)
maintained_schools_wg.1061,10094099744,6742387,Cwmaman Primary School,674,Rhondda Cynon Taf,Primary,Community,EM,English medium school / provision,"Nursery, Infants & Juniors",---,Glanaman Road,,Cwmaman,Aberdare,CF44 6LA,01685661001,201,6742387,Cwmaman Primary School,674,Rhondda Cynon Taf,Cymuned,EM,Cyfrwng Saesneg,"Iau, babanod a meithrin",---,Glanaman Road,,Cwmaman,Aberdare,CF44 6LA,01685661001,201,1061,POINT (-3.4496176894128348 51.68484717659928)
maintained_schools_wg.1062,100101049779,6743309,Our Lady's R.C.,674,Rhondda Cynon Taf,Primary,Voluntary aided,EM,English medium school / provision,"Nursery, Infants & Juniors",Roman Catholic,Miskin Road,Miskin,Mountain Ash,Rhondda Cynon Taf,CF45 3UA,01443472230,118,6743309,Our Lady's R.C.,674,Rhondda Cynon Taf,Gwirfoddol a Gynorthwyir,EM,Cyfrwng Saesneg,"Iau, babanod a meithrin",Eglwys Gatholig,Miskin Road,Miskin,Mountain Ash,Rhondda Cynon Taf,CF45 3UA,01443472230,118,1062,POINT (-3.3744446254684695 51.67936392487306)
maintained_schools_wg.1063,200003764917,6743312,ST MICHAELS PRIMARY,674,Rhondda Cynon Taf,Primary,Voluntary aided,EM,English medium school / provision,"Nursery, Infants & Juniors",Roman Catholic,John Place,Treforest,Pontypridd,Rhondda Cynon Taf,CF37 1SP,01443570090,248,6743312,ST MICHAELS PRIMARY,674,Rhondda Cynon Taf,Gwirfoddol a Gynorthwyir,EM,Cyfrwng Saesneg,"Iau, babanod a meithrin",Eglwys Gatholig,John Place,Treforest,Pontypridd,Rhondda Cynon Taf,CF37 1SP,01443570090,248,1063,POINT (-3.324019586241503 51.58944077140234)
maintained_schools_wg.1064,200001851021,6743313,S.S.Gabriel and Raphael Prim,674,Rhondda Cynon Taf,Primary,Voluntary aided,EM,English medium school / provision,"Nursery, Infants & Juniors",Roman Catholic,Primrose Street,Tonypandy,,,CF40 1BJ,01443433094,153,6743313,S.S.Gabriel and Raphael Prim,674,Rhondda Cynon Taf,Gwirfoddol a Gynorthwyir,EM,Cyfrwng Saesneg,"Iau, babanod a meithrin",Eglwys Gatholig,Primrose Street,Tonypandy,,,CF40 1BJ,01443433094,153,1064,POINT (-3.452906143347623 51.61952243286683)
maintained_schools_wg.1065,200002937022,6743314,St. Margaret's Catholic Primary School,674,Rhondda Cynon Taf,Primary,Voluntary aided,EM,English medium school / provision,"Nursery, Infants & Juniors",Roman Catholic,Ty Fry,Aberdare,Rhondda Cynon Taf,,CF44 7PP,01685876072,97,6743314,St. Margaret's Catholic Primary School,674,Rhondda Cynon Taf,Gwirfoddol a Gynorthwyir,EM,Cyfrwng Saesneg,"Iau, babanod a meithrin",Eglwys Gatholig,Ty Fry,Aberdare,Rhondda Cynon Taf,,CF44 7PP,01685876072,97,1065,POINT (-3.453271805681155 51.71047071130552)
maintained_schools_wg.1066,200001851065,6743317,ABERDARE TOWN C IN W PRIMARY,674,Rhondda Cynon Taf,Primary,Voluntary aided,EM,English medium school / provision,"Nursery, Infants & Juniors",Church in Wales,Wind Street,Aberdare,Rhondda Cynon Taf,,CF44 7HF,01685871520,292,6743317,ABERDARE TOWN C IN W PRIMARY,674,Rhondda Cynon Taf,Gwirfoddol a Gynorthwyir,EM,Cyfrwng Saesneg,"Iau, babanod a meithrin",Eglwys yng Nghymru,Wind Street,Aberdare,Rhondda Cynon Taf,,CF44 7HF,01685871520,292,1066,POINT (-3.4403602550812873 51.70999133324913)
maintained_schools_wg.1068,200002936014,6744019,Bryncelynnog Comprehensive School,674,Rhondda Cynon Taf,Secondary,Community,EM,English medium school / provision,Secondary (ages 11-19),---,Penycoedcae Road,Beddau,Pontypridd,,CF38 2AE,01443203411,1348,6744019,Bryncelynnog Comprehensive School,674,Rhondda Cynon Taf,Cymuned,EM,Cyfrwng Saesneg,Uwchradd (ystod oedran 11-19),---,Penycoedcae Road,Beddau,Pontypridd,,CF38 2AE,01443203411,1348,1068,POINT (-3.3589859940572127 51.56006904693821)
maintained_schools_wg.1069,100101049784,6744053,Mountain Ash Comprehensive School,674,Rhondda Cynon Taf,Secondary,Community,EM,English medium school / provision,Secondary (ages 11-19),---,New Road,Mountain Ash,,,CF45 4DG,01443479199,909,6744053,Mountain Ash Comprehensive School,674,Rhondda Cynon Taf,Cymuned,EM,Cyfrwng Saesneg,Uwchradd (ystod oedran 11-19),---,New Road,Mountain Ash,,,CF45 4DG,01443479199,909,1069,POINT (-3.389832338314121 51.68827351184906)
maintained_schools_wg.1070,200003770235,6744081,Treorchy Comprehensive School,674,Rhondda Cynon Taf,Secondary,Community,EM,English medium school / provision,Secondary (ages 11-19),---,Pengelli,Treorchy,Rhondda,,CF42 6UL,01443773128,1433,6744081,Treorchy Comprehensive School,674,Rhondda Cynon Taf,Cymuned,EM,Cyfrwng Saesneg,Uwchradd (ystod oedran 11-19),---,Pengelli,Treorchy,Rhondda,,CF42 6UL,01443773128,1433,1070,POINT (-3.5111311493114816 51.65898130748856)
maintained_schools_wg.1071,200003759436,6744083,Ferndale Community School,674,Rhondda Cynon Taf,Secondary,Community,EM,English medium school / provision,Secondary (ages 11-16),---,Ferndale,,,,CF43 4AR,01443755337,636,6744083,Ferndale Community School,674,Rhondda Cynon Taf,Cymuned,EM,Cyfrwng Saesneg,Uwchradd (ystod oedran 11-16),---,Ferndale,,,,CF43 4AR,01443755337,636,1071,POINT (-3.472670342094914 51.66912732321014)
maintained_schools_wg.1072,100101049972,6744096,Y Pant Comprehensive,674,Rhondda Cynon Taf,Secondary,Community,EM,English medium school / provision,Secondary (ages 11-19),---,Cowbridge Road,Talbot Green,Pontyclun,Rhondda Cynon Taf,CF72 8YQ,01443562250,1461,6744096,Y Pant Comprehensive,674,Rhondda Cynon Taf,Cymuned,EM,Cyfrwng Saesneg,Uwchradd (ystod oedran 11-19),---,Cowbridge Road,Talbot Green,Pontyclun,Rhondda Cynon Taf,CF72 8YQ,01443562250,1461,1072,POINT (-3.3846438130193617 51.530419168569544)
maintained_schools_wg.1073,200002936289,6744097,Ysgol Gyfun Cwm Rhondda,674,Rhondda Cynon Taf,Secondary,Community,WM,Welsh medium school / provision (including transitional),Secondary (ages 11-19),---,Heol Graigwen,Cymmer,Porth,,CF39 9HA,01443680800,625,6744097,Ysgol Gyfun Cwm Rhondda,674,Rhondda Cynon Taf,Cymuned,WM,Cyfrwng Cymraeg,Uwchradd (ystod oedran 11-19),---,Heol Graigwen,Cymmer,Porth,,CF39 9HA,01443680800,625,1073,POINT (-3.4136715459525084 51.60551558130714)
maintained_schools_wg.1074,10024277497,6744105,Ysgol Gyfun Rhydywaun,674,Rhondda Cynon Taf,Secondary,Community,WM,Welsh medium school / provision (including transitional),Secondary (ages 11-19),---,Rhodfa Lawrence,Penywaun,Hirwaun,Rhondda Cynon Taf,CF44 9ES,01685813500,1030,6744105,Ysgol Gyfun Rhydywaun,674,Rhondda Cynon Taf,Cymuned,WM,Cyfrwng Cymraeg,Uwchradd (ystod oedran 11-19),---,Rhodfa Lawrence,Penywaun,Hirwaun,Rhondda Cynon Taf,CF44 9ES,01685813500,1030,1074,POINT (-3.493115230379756 51.73452766826345)
maintained_schools_wg.1075,10091206655,6744106,Aberdare Community School,674,Rhondda Cynon Taf,Secondary,Community,EM,English medium school / provision,Secondary (ages 11-19),---,Ynys Road,Ynys,Aberdare,,CF44 7RP,01685888500,1227,6744106,Aberdare Community School,674,Rhondda Cynon Taf,Cymuned,EM,Cyfrwng Saesneg,Uwchradd (ystod oedran 11-19),---,Ynys Road,Ynys,Aberdare,,CF44 7RP,01685888500,1227,1075,POINT (-3.439019615920753 51.712770314321496)
maintained_schools_wg.1076,200003770212,6744602,Cardinal Newman R.C.,674,Rhondda Cynon Taf,Secondary,Voluntary aided,EM,English medium school / provision,Secondary (ages 11-16),Roman Catholic,Dynea Road,Rhydyfelin,Pontypridd,Rhondda Cynon Taf,CF37 5DP,01443494110,980,6744602,Cardinal Newman R.C.,674,Rhondda Cynon Taf,Gwirfoddol a Gynorthwyir,EM,Cyfrwng Saesneg,Uwchradd (ystod oedran 11-16),Eglwys Gatholig,Dynea Road,Rhydyfelin,Pontypridd,Rhondda Cynon Taf,CF37 5DP,01443494110,980,1076,POINT (-3.3037472511810346 51.58472223877)
maintained_schools_wg.1077,200002937309,6744604,St John Baptist CIW High School,674,Rhondda Cynon Taf,Secondary,Community,EM,English medium school / provision,Secondary (ages 11-19),Church in Wales,Glan Road,Aberdare,Rhondda Cynon Taf,,CF44 8BW,01685875414,946,6744604,St John Baptist CIW High School,674,Rhondda Cynon Taf,Cymuned,EM,Cyfrwng Saesneg,Uwchradd (ystod oedran 11-19),Eglwys yng Nghymru,Glan Road,Aberdare,Rhondda Cynon Taf,,CF44 8BW,01685875414,946,1077,POINT (-3.458515880172578 51.71465883762071)
maintained_schools_wg.1078,10001301422,6745500,Ysgol Llanhari,674,Rhondda Cynon Taf,Middle,Community,WM,Welsh medium school / provision (including transitional),Middle (ages 3-19),---,Llanhari,Pontyclun,Rhondda Cynon Taf,,CF72 9XE,01443237824,647,6745500,Ysgol Llanhari,674,Rhondda Cynon Taf,Cymuned,WM,Cyfrwng Cymraeg,Canol (ystod oedran 3-19),---,Llanhari,Pontyclun,Rhondda Cynon Taf,,CF72 9XE,01443237824,647,1078,POINT (-3.437565615641675 51.51159148148634)
maintained_schools_wg.1079,100101050540,6745501,Porth Community School,674,Rhondda Cynon Taf,Middle,Community,EM,English medium school / provision,Middle (ages 3-16),---,Cemetery Road,,,Porth,CF39 0BS,01443682137,927,6745501,Porth Community School,674,Rhondda Cynon Taf,Cymuned,EM,Cyfrwng Saesneg,Canol (ystod oedran 3-16),---,Cemetery Road,,,Porth,CF39 0BS,01443682137,927,1079,POINT (-3.4183545616876145 51.61677091229362)
maintained_schools_wg.1080,100101050795,6745502,Ysgol Nantgwyn,674,Rhondda Cynon Taf,Middle,Community,EM,English medium school / provision,Middle (ages 3-16),---,Llewellyn Street,Penygraig,,Tonypandy,CF40 1HQ,01443436171,1048,6745502,Ysgol Nantgwyn,674,Rhondda Cynon Taf,Cymuned,EM,Cyfrwng Saesneg,Canol (ystod oedran 3-16),---,Llewellyn Street,Penygraig,,Tonypandy,CF40 1HQ,01443436171,1048,1080,POINT (-3.4557621083230474 51.61578236316622)
maintained_schools_wg.1081,100101050560,6745503,Tonyrefail Community School,674,Rhondda Cynon Taf,Middle,Community,EM,English medium school / provision,Middle (ages 3-19),---,Gilfach Road,,Tonyrefail,,CF39 8HG,01443670647,1707,6745503,Tonyrefail Community School,674,Rhondda Cynon Taf,Cymuned,EM,Cyfrwng Saesneg,Canol (ystod oedran 3-19),---,Gilfach Road,,Tonyrefail,,CF39 8HG,01443670647,1707,1081,POINT (-3.4392892578518848 51.58222963560149)
maintained_schools_wg.1082,10012769769,6745504,Ysgol Garth Olwg,674,Rhondda Cynon Taf,Middle,Community,WM,Welsh medium school / provision (including transitional),Middle (ages 3-19),---,Ysgol Garth Olwg,St Illtyd's Road,Church Village,Pontypridd,CF38 1DX,01443570057,1210,6745504,Ysgol Garth Olwg,674,Rhondda Cynon Taf,Cymuned,WM,Cyfrwng Cymraeg,Canol (ystod oedran 3-19),---,Ysgol Garth Olwg,St Illtyd's Road,Church Village,Pontypridd,CF38 1DX,01443570057,1210,1082,POINT (-3.3223474556001804 51.56516354647541)
maintained_schools_wg.1083,10034652901,6752000,Abercanaid Community,675,Merthyr Tydfil,Primary,Community,EM,English medium school / provision,"Nursery, Infants & Juniors",---,The Park,Abercanaid,Merthyr Tydfil,,CF48 1SZ,01685351820,168,6752000,Abercanaid Community,675,Merthyr Tudful,Cymuned,EM,Cyfrwng Saesneg,"Iau, babanod a meithrin",---,The Park,Abercanaid,Merthyr Tydfil,,CF48 1SZ,01685351820,168,1083,POINT (-3.3616146115394128 51.72320425562753)
maintained_schools_wg.1084,10034653501,6752002,Cyfarthfa Park Primary School,675,Merthyr Tydfil,Primary,Community,EM,English medium school / provision,"Nursery, Infants & Juniors",---,Cyfarthfa Park,Merthyr Tydfil,,,CF47 8RE,01685351807,437,6752002,Cyfarthfa Park Primary School,675,Merthyr Tudful,Cymuned,EM,Cyfrwng Saesneg,"Iau, babanod a meithrin",---,Cyfarthfa Park,Merthyr Tydfil,,,CF47 8RE,01685351807,437,1084,POINT (-3.3875495174070767 51.75361646172008)
maintained_schools_wg.1085,100101037561,6752006,Caedraw Primary,675,Merthyr Tydfil,Primary,Community,EM,English medium school / provision,"Nursery, Infants & Juniors",---,Caedraw Road,Merthyr Tydfil,,,CF47 8HA,01685351801,228,6752006,Caedraw Primary,675,Merthyr Tudful,Cymuned,EM,Cyfrwng Saesneg,"Iau, babanod a meithrin",---,Caedraw Road,Merthyr Tydfil,,,CF47 8HA,01685351801,228,1085,POINT (-3.3788271102846528 51.74265037103971)
maintained_schools_wg.1086,100101037563,6752010,Gellifaelog Primary School,675,Merthyr Tydfil,Primary,Community,EM,English medium school / provision,"Nursery, Infants & Juniors",---,Penydarren,Merthyr Tydfil,,,CF47 9TJ,01685351812,226,6752010,Gellifaelog Primary School,675,Merthyr Tudful,Cymuned,EM,Cyfrwng Saesneg,"Iau, babanod a meithrin",---,Penydarren,Merthyr Tydfil,,,CF47 9TJ,01685351812,226,1086,POINT (-3.3633802018313825 51.76214473291465)
maintained_schools_wg.1087,10034657537,6752015,PANTYSGALLOG PRIMARY SCHOOL,675,Merthyr Tydfil,Primary,Community,EM,English medium school / provision,"Nursery, Infants & Juniors",---,Pant,Dowlais,Merthyr Tydfil,,CF48 2AD,01685351813,412,6752015,PANTYSGALLOG PRIMARY SCHOOL,675,Merthyr Tudful,Cymuned,EM,Cyfrwng Saesneg,"Iau, babanod a meithrin",---,Pant,Dowlais,Merthyr Tydfil,,CF48 2AD,01685351813,412,1087,POINT (-3.356379024412028 51.77076781091647)
maintained_schools_wg.1088,10034651357,6752020,Gwaunfarren Primary,675,Merthyr Tydfil,Primary,Community,EM,English medium school / provision,"Nursery, Infants & Juniors",---,Alexandra Avenue,Merthyr Tydfil,,,CF47 9AF,01685351810,280,6752020,Gwaunfarren Primary,675,Merthyr Tudful,Cymuned,EM,Cyfrwng Saesneg,"Iau, babanod a meithrin",---,Alexandra Avenue,Merthyr Tydfil,,,CF47 9AF,01685351810,280,1088,POINT (-3.3749794754472577 51.755697433963036)
maintained_schools_wg.1089,200002938213,6752022,Heolgerrig Community School,675,Merthyr Tydfil,Primary,Community,EM,English medium school / provision,"Nursery, Infants & Juniors",---,Heolgerrig Road,Heolgerrig,Merthyr Tydfil,,CF48 1SB,01685351803,210,6752022,Heolgerrig Community School,675,Merthyr Tudful,Cymuned,EM,Cyfrwng Saesneg,"Iau, babanod a meithrin",---,Heolgerrig Road,Heolgerrig,Merthyr Tydfil,,CF48 1SB,01685351803,210,1089,POINT (-3.4040727302867464 51.74357426204697)
maintained_schools_wg.1090,10034659923,6752039,YNYSOWEN PRIMARY,675,Merthyr Tydfil,Primary,Community,EW,English medium school / provision,"Nursery, Infants & Juniors",---,Aberfan Road,Aberfan,Merthyr Tydfil,,CF48 4QQ,01685 351821,311,6752039,YNYSOWEN PRIMARY,675,Merthyr Tudful,Cymuned,EW,Cyfrwng Saesneg yn bennaf ond â defnydd sylweddol or Gymraeg,"Iau, babanod a meithrin",---,Aberfan Road,Aberfan,Merthyr Tydfil,,CF48 4QQ,01685 351821,311,1090,POINT (-3.3421346320496705 51.69620036014278)
maintained_schools_wg.1091,10034658924,6752042,YSGOL SANTES TUDFUL,675,Merthyr Tydfil,Primary,Community,WM,Welsh medium school / provision (including transitional),"Nursery, Infants & Juniors",---,HEOL PANTYFFIN,Twynyrodyn,,MERTHYR TUDFUL,CF47 0HU,01685351815,411,6752042,YSGOL SANTES TUDFUL,675,Merthyr Tudful,Cymuned,WM,Cyfrwng Cymraeg,"Iau, babanod a meithrin",---,HEOL PANTYFFIN,Twynyrodyn,,MERTHYR TUDFUL,CF47 0HU,01685351815,411,1091,POINT (-3.367673093782546 51.74692590442414)
maintained_schools_wg.1092,10034652179,6752054,Bedlinog Community Primary School,675,Merthyr Tydfil,Primary,Community,EM,English medium school / provision,"Nursery, Infants & Juniors",---,Hylton Terrace,Bedlinog,Treharris,Merthyr Tydfil,CF46 6RG,01685351823,110,6752054,Bedlinog Community Primary School,675,Merthyr Tudful,Cymuned,EM,Cyfrwng Saesneg,"Iau, babanod a meithrin",---,Hylton Terrace,Bedlinog,Treharris,Merthyr Tydfil,CF46 6RG,01685351823,110,1092,POINT (-3.315668331479478 51.70298401067176)
maintained_schools_wg.1093,10034660269,6752231,TRELEWIS PRIMARY SCHOOL,675,Merthyr Tydfil,Primary,Community,EM,English medium school / provision,"Nursery, Infants & Juniors",---,Trelewis,Treharris,Merthyr Tydfil,,CF46 6AH,01685351822,244,6752231,TRELEWIS PRIMARY SCHOOL,675,Merthyr Tudful,Cymuned,EM,Cyfrwng Saesneg,"Iau, babanod a meithrin",---,Trelewis,Treharris,Merthyr Tydfil,,CF46 6AH,01685351822,244,1093,POINT (-3.294836873229016 51.66826474471814)
maintained_schools_wg.1094,10034660273,6752330,YSGOL-Y-GRAIG,675,Merthyr Tydfil,Primary,Community,EM,English medium school / provision,Infants & Juniors,---,Cefn Coed,Merthyr Tydfil,,,CF48 2LR,01685351806,213,6752330,YSGOL-Y-GRAIG,675,Merthyr Tudful,Cymuned,EM,Cyfrwng Saesneg,Iau a babanod,---,Cefn Coed,Merthyr Tydfil,,,CF48 2LR,01685351806,213,1094,POINT (-3.40146913497855 51.762406991407225)
maintained_schools_wg.1095,10034660442,6752346,Ysgol Gymraeg Rhyd-y-grug,675,Merthyr Tydfil,Primary,Community,WM,Welsh medium school / provision (including transitional),"Nursery, Infants & Juniors",---,Aberfan,Merthyr Tydfil,,,CF48 4NT,01685351818,278,6752346,Ysgol Gymraeg Rhyd-y-grug,675,Merthyr Tudful,Cymuned,WM,Cyfrwng Cymraeg,"Iau, babanod a meithrin",---,Aberfan,Merthyr Tydfil,,,CF48 4NT,01685351818,278,1095,POINT (-3.340924955867563 51.68745739563163)
maintained_schools_wg.1096,10034660198,6752351,COED Y DDERWEN PRIMARY SCHOOL,675,Merthyr Tydfil,Primary,Community,EM,English medium school / provision,"Nursery, Infants & Juniors",---,Gellideg Estate,Merthyr Tydfil,,,CF48 1LG,01685351805,223,6752351,COED Y DDERWEN PRIMARY SCHOOL,675,Merthyr Tudful,Cymuned,EM,Cyfrwng Saesneg,"Iau, babanod a meithrin",---,Gellideg Estate,Merthyr Tydfil,,,CF48 1LG,01685351805,223,1096,POINT (-3.4018873380278354 51.75439040509354)
maintained_schools_wg.1097,10034651076,6752352,Twynyrodyn Community School,675,Merthyr Tydfil,Primary,Community,EM,English medium school / provision,"Nursery, Infants & Juniors",---,Gilfach Cynon,Twynyrodyn,Merthyr Tydfil,,CF47 0LW,01685351804,298,6752352,Twynyrodyn Community School,675,Merthyr Tudful,Cymuned,EM,Cyfrwng Saesneg,"Iau, babanod a meithrin",---,Gilfach Cynon,Twynyrodyn,Merthyr Tydfil,,CF47 0LW,01685351804,298,1097,POINT (-3.36605615475746 51.744705786533515)
maintained_schools_wg.1099,10034661505,6752354,Troedyrhiw  Commmunity Primary School,675,Merthyr Tydfil,Primary,Community,EM,English medium school / provision,"Nursery, Infants & Juniors",---,Archer Street,Troedyrhiw,Merthyr Tydfil,,CF48 4JQ,01685351819,201,6752354,Troedyrhiw  Commmunity Primary School,675,Merthyr Tudful,Cymuned,EM,Cyfrwng Saesneg,"Iau, babanod a meithrin",---,Archer Street,Troedyrhiw,Merthyr Tydfil,,CF48 4JQ,01685351819,201,1099,POINT (-3.347730972798488 51.713491468176834)
maintained_schools_wg.1100,10034651990,6752355,Dowlais Primary School,675,Merthyr Tydfil,Primary,Community,EM,English medium school / provision,Infants & Juniors,---,High Street,Caeharris,Dowlais,Merthyr Tydfil,CF48 3HB,01685351808,194,6752355,Dowlais Primary School,675,Merthyr Tudful,Cymuned,EM,Cyfrwng Saesneg,Iau a babanod,---,High Street,Caeharris,Dowlais,Merthyr Tydfil,CF48 3HB,01685351808,194,1100,POINT (-3.347935821119241 51.76222399618776)
maintained_schools_wg.1101,100101037814,6752356,Goetre Primary School,675,Merthyr Tydfil,Primary,Community,EM,English medium school / provision,"Nursery, Infants & Juniors",---,Rowan Way,Gurnos Estate,Merthyr Tydfil,,CF47 9PB,01685351814,413,6752356,Goetre Primary School,675,Merthyr Tudful,Cymuned,EM,Cyfrwng Saesneg,"Iau, babanod a meithrin",---,Rowan Way,Gurnos Estate,Merthyr Tydfil,,CF47 9PB,01685351814,413,1101,POINT (-3.3847077598132573 51.761122069555526)
maintained_schools_wg.1102,100101037877,6754011,Afon Taf High School,675,Merthyr Tydfil,Secondary,Community,EM,English medium school / provision,Secondary (ages 11-16),---,Yew Street,Troedyrhiw,Merthyr Tydfil,,CF48 4ED,01685351830,798,6754011,Afon Taf High School,675,Merthyr Tudful,Cymuned,EM,Cyfrwng Saesneg,Uwchradd (ystod oedran 11-16),---,Yew Street,Troedyrhiw,Merthyr Tydfil,,CF48 4ED,01685351830,798,1102,POINT (-3.345251005656164 51.7094286675582)
maintained_schools_wg.1103,10034657184,6754012,PEN-Y-DRE HIGH SCHOOL,675,Merthyr Tydfil,Secondary,Community,EM,English medium school / provision,Secondary (ages 11-16),---,Gurnos Estate,Merthyr Tydfil,,,CF47 9BY,01685351845,893,6754012,PEN-Y-DRE HIGH SCHOOL,675,Merthyr Tudful,Cymuned,EM,Cyfrwng Saesneg,Uwchradd (ystod oedran 11-16),---,Gurnos Estate,Merthyr Tydfil,,,CF47 9BY,01685351845,893,1103,POINT (-3.3800504684806563 51.76710236434801)
maintained_schools_wg.1104,200002937698,6754013,Cyfarthfa High School,675,Merthyr Tydfil,Secondary,Community,EM,English medium school / provision,Secondary (ages 11-16),---,Cae Mari Dwn,Queen's Road,Merthyr Tydfil,,CF47 0LS,01685725222,785,6754013,Cyfarthfa High School,675,Merthyr Tudful,Cymuned,EM,Cyfrwng Saesneg,Uwchradd (ystod oedran 11-16),---,Cae Mari Dwn,Queen's Road,Merthyr Tydfil,,CF47 0LS,01685725222,785,1104,POINT (-3.370442968670602 51.74894373315809)
maintained_schools_wg.1105,10034651327,6755900,Blessed Carlo Acutis Catholic School,675,Merthyr Tydfil,Middle,Voluntary aided,EM,English medium school / provision,Middle (ages 3-16),Roman Catholic,Secondary Campus,Gwaunfarren Road,Penydarren,Merthyr Tydfil,CF47 9AN,01685351870,989,6755900,Blessed Carlo Acutis Catholic School,675,Merthyr Tudful,Gwirfoddol a Gynorthwyir,EM,Cyfrwng Saesneg,Canol (ystod oedran 3-16),Eglwys Gatholig,Secondary Campus,Gwaunfarren Road,Penydarren,Merthyr Tydfil,CF47 9AN,01685351870,989,1105,POINT (-3.371999939351187 51.75682025294166)
maintained_schools_wg.1106,43044681,6762058,Pengam Primary,676,Caerphilly,Primary,Community,EM,English medium school / provision,"Nursery, Infants & Juniors",---,Commercial Street,Pengam,Blackwood,Caerphilly,NP12 3ST,01443830429,198,6762058,Pengam Primary,676,Caerffili,Cymuned,EM,Cyfrwng Saesneg,"Iau, babanod a meithrin",---,Commercial Street,Pengam,Blackwood,Caerphilly,NP12 3ST,01443830429,198,1106,POINT (-3.2224654803079256 51.66873433967226)
maintained_schools_wg.1107,43044133,6762061,Fleur-de-Lys Primary,676,Caerphilly,Primary,Community,EM,English medium school / provision,"Nursery, Infants & Juniors",---,School Street,Fleur-De-Lys,Blackwood,,NP12 3UX,01443830539,96,6762061,Fleur-de-Lys Primary,676,Caerffili,Cymuned,EM,Cyfrwng Saesneg,"Iau, babanod a meithrin",---,School Street,Fleur-De-Lys,Blackwood,,NP12 3UX,01443830539,96,1107,POINT (-3.2195531827361754 51.65790312378507)
maintained_schools_wg.1108,43017751,6762071,COED-Y-BRAIN PRIMARY,676,Caerphilly,Primary,Community,EM,English medium school / provision,"Nursery, Infants & Juniors",---,School Street,Llanbradach,Caerphilly,,CF83 3LD,02920852513,210,6762071,COED-Y-BRAIN PRIMARY,676,Caerffili,Cymuned,EM,Cyfrwng Saesneg,"Iau, babanod a meithrin",---,School Street,Llanbradach,Caerphilly,,CF83 3LD,02920852513,210,1108,POINT (-3.2308017687510704 51.60137157983795)
maintained_schools_wg.1109,43041230,6762078,Markham Primary,676,Caerphilly,Primary,Community,EM,English medium school / provision,"Nursery, Infants & Juniors",---,Pantycefn Road,Markham,Blackwood,,NP12 0QD,01495224811,201,6762078,Markham Primary,676,Caerffili,Cymuned,EM,Cyfrwng Saesneg,"Iau, babanod a meithrin",---,Pantycefn Road,Markham,Blackwood,,NP12 0QD,01495224811,201,1109,POINT (-3.206566955873166 51.70345408962753)
maintained_schools_wg.1110,43009509,6762081,CWMABER JUNIOR SCHOOL,676,Caerphilly,Primary,Community,EM,English medium school / provision,Juniors,---,Brynhafod Road,Abertridwr,Caerphilly,,CF83 4BH,02920832231,107,6762081,CWMABER JUNIOR SCHOOL,676,Caerffili,Cymuned,EM,Cyfrwng Saesneg,Iau,---,Brynhafod Road,Abertridwr,Caerphilly,,CF83 4BH,02920832231,107,1110,POINT (-3.269312917373254 51.597832209387164)
maintained_schools_wg.1111,43054075,6762084,Libanus Primary,676,Caerphilly,Primary,Community,EM,English medium school / provision,"Nursery, Infants & Juniors",---,Libanus Rd,Blackwood,Caerphilly,,NP12 1EH,01495225736,342,6762084,Libanus Primary,676,Caerffili,Cymuned,EM,Cyfrwng Saesneg,"Iau, babanod a meithrin",---,Libanus Rd,Blackwood,Caerphilly,,NP12 1EH,01495225736,342,1111,POINT (-3.1940946586558234 51.66065549493861)
maintained_schools_wg.1112,43058605,6762086,Pontllanfraith Primary School,676,Caerphilly,Primary,Community,EM,English medium school / provision,"Nursery, Infants & Juniors",---,Penmaen Road,Pontllanfraith,Blackwood,,NP12 2DN,01495222128,178,6762086,Pontllanfraith Primary School,676,Caerffili,Cymuned,EM,Cyfrwng Saesneg,"Iau, babanod a meithrin",---,Penmaen Road,Pontllanfraith,Blackwood,,NP12 2DN,01495222128,178,1112,POINT (-3.183763005812043 51.65809858246611)
maintained_schools_wg.1113,43001990,6762089,Deri Primary School,676,Caerphilly,Primary,Community,EM,English medium school / provision,"Nursery, Infants & Juniors",---,Glynmarch Street,Deri,Bargoed,Caerphilly,CF81 9HZ,01443875516,74,6762089,Deri Primary School,676,Caerffili,Cymuned,EM,Cyfrwng Saesneg,"Iau, babanod a meithrin",---,Glynmarch Street,Deri,Bargoed,Caerphilly,CF81 9HZ,01443875516,74,1113,POINT (-3.2667689203423604 51.70917732984312)
maintained_schools_wg.1114,43068462,6762093,Crumlin High Level Primary,676,Caerphilly,Primary,Community,EM,English medium school / provision,"Nursery, Infants & Juniors",---,Commercial Road,Crumlin,Newport,,NP11 4PX,01495244606,108,6762093,Crumlin High Level Primary,676,Caerffili,Cymuned,EM,Cyfrwng Saesneg,"Iau, babanod a meithrin",---,Commercial Road,Crumlin,Newport,,NP11 4PX,01495244606,108,1114,POINT (-3.143246531368871 51.677751136899154)
maintained_schools_wg.1115,43061108,6762095,PENTWYNMAWR PRIMARY SCHOOL,676,Caerphilly,Primary,Community,EM,English medium school / provision,"Nursery, Infants & Juniors",---,Tonypistyll Road,Pentwynmawr,Newbridge,,NP11 4HJ,01495243400,116,6762095,PENTWYNMAWR PRIMARY SCHOOL,676,Caerffili,Cymuned,EM,Cyfrwng Saesneg,"Iau, babanod a meithrin",---,Tonypistyll Road,Pentwynmawr,Newbridge,,NP11 4HJ,01495243400,116,1115,POINT (-3.1627280846904977 51.658659450987244)
maintained_schools_wg.1116,43021233,6762097,DERWENDEG PRIMARY SCHOOL,676,Caerphilly,Primary,Community,EM,English medium school / provision,"Nursery, Infants & Juniors",---,Hengoed Road,Cefn Hengoed,Hengoed,,CF82 7HP,01443 813138,195,6762097,DERWENDEG PRIMARY SCHOOL,676,Caerffili,Cymuned,EM,Cyfrwng Saesneg,"Iau, babanod a meithrin",---,Hengoed Road,Cefn Hengoed,Hengoed,,CF82 7HP,01443 813138,195,1116,POINT (-3.2367142870421617 51.658460934719265)
maintained_schools_wg.1117,43067578,6762098,Tynewydd Primary School,676,Caerphilly,Primary,Community,EM,English medium school / provision,"Nursery, Infants & Juniors",---,Greenfield,Newbridge,Newbridge,,NP11 4QZ,01495243312,268,6762098,Tynewydd Primary School.,676,Caerffili,Cymuned,EM,Cyfrwng Saesneg,"Iau, babanod a meithrin",---,Greenfield,Newbridge,Newbridge,,NP11 4QZ,01495243312,268,1117,POINT (-3.143172158976884 51.67032479342884)
maintained_schools_wg.1118,43065984,6762100,Cwmcarn Primary School,676,Caerphilly,Primary,Community,EM,English medium school / provision,"Nursery, Infants & Juniors",---,Newport Road,Cwmcarn,Crosskeys,,NP11 7LZ,01495270494,220,6762100,Cwmcarn Primary School,676,Caerffili,Cymuned,EM,Cyfrwng Saesneg,"Iau, babanod a meithrin",---,Newport Road,Cwmcarn,Crosskeys,,NP11 7LZ,01495270494,220,1118,POINT (-3.128705169725946 51.634003689532854)
maintained_schools_wg.1119,43069263,6762103,Waunfawr Primary,676,Caerphilly,Primary,Community,EM,English medium school / provision,"Nursery, Infants & Juniors",---,Waunfawr Road,Crosskeys,Caerphilly,,NP11 7PG,01495270269,165,6762103,Waunfawr Primary,676,Caerffili,Cymuned,EM,Cyfrwng Saesneg,"Iau, babanod a meithrin",---,Waunfawr Road,Crosskeys,Caerphilly,,NP11 7PG,01495270269,165,1119,POINT (-3.12596892816514 51.61920271138822)
maintained_schools_wg.1120,43071305,6762105,Risca Primary,676,Caerphilly,Primary,Community,EM,English medium school / provision,"Nursery, Infants & Juniors",---,Danygraig Road,Risca,Caerphilly,,NP11 6DB,01633612429,332,6762105,Risca Primary,676,Caerffili,Cymuned,EM,Cyfrwng Saesneg,"Iau, babanod a meithrin",---,Danygraig Road,Risca,Caerphilly,,NP11 6DB,01633612429,332,1120,POINT (-3.1024946832233966 51.60779932744742)
maintained_schools_wg.1121,43000557,6762108,Fochriw Primary,676,Caerphilly,Primary,Community,EM,English medium school / provision,"Nursery, Infants & Juniors",---,Pontlottyn Road,Fochriw,Bargoed,,CF81 9LL,01685841236,91,6762108,Fochriw Primary,676,Caerffili,Cymuned,EM,Cyfrwng Saesneg,"Iau, babanod a meithrin",---,Pontlottyn Road,Fochriw,Bargoed,,CF81 9LL,01685841236,91,1121,POINT (-3.2959728112057434 51.7424695296118)
maintained_schools_wg.1122,43031863,6762121,GILFACH FARGOED PRIMARY,676,Caerphilly,Primary,Community,EM,English medium school / provision,"Nursery, Infants & Juniors",---,Vere Street,Gilfach,Bargoed,,CF81 8LB,01443875510,178,6762121,GILFACH FARGOED PRIMARY,676,Caerffili,Cymuned,EM,Cyfrwng Saesneg,"Iau, babanod a meithrin",---,Vere Street,Gilfach,Bargoed,,CF81 8LB,01443875510,178,1122,POINT (-3.2279716530346265 51.67731833241178)
maintained_schools_wg.1123,43027378,6762148,Hengoed Primary,676,Caerphilly,Primary,Community,EM,English medium school / provision,"Nursery, Infants & Juniors",---,Chapel Terrace,Hengoed,Caerphilly,,CF82 7JU,01443812909,147,6762148,Hengoed Primary,676,Caerffili,Cymuned,EM,Cyfrwng Saesneg,"Iau, babanod a meithrin",---,Chapel Terrace,Hengoed,Caerphilly,,CF82 7JU,01443812909,147,1123,POINT (-3.2320709987011025 51.65037226093158)
maintained_schools_wg.1124,43008197,6762158,Llancaeach Junior School,676,Caerphilly,Primary,Community,EM,English medium school / provision,Juniors,---,Commercial Street,Nelson,Treharris,,CF46 6NF,01443450211,136,6762158,Llancaeach Junior School,676,Caerffili,Cymuned,EM,Cyfrwng Saesneg,Iau,---,Commercial Street,Nelson,Treharris,,CF46 6NF,01443450211,136,1124,POINT (-3.2810974990090678 51.650764677273614)
maintained_schools_wg.1125,43008163,6762171,Llanfabon Infants School,676,Caerphilly,Primary,Community,EM,English medium school / provision,Nursery & Infants,---,Bryncelyn Avenue,Nelson,Treharris,Caerphilly,CF46 6HL,01443450275,104,6762171,Llanfabon Infants School,676,Caerffili,Cymuned,EM,Cyfrwng Saesneg,Babanod a meithrin,---,Bryncelyn Avenue,Nelson,Treharris,Caerphilly,CF46 6HL,01443450275,104,1125,POINT (-3.287186013753458 51.64985285682961)
maintained_schools_wg.1126,43164740,6762193,RHYDRI PRIMARY SCHOOL,676,Caerphilly,Primary,Community,EM,English medium school / provision,"Nursery, Infants & Juniors",---,Rhydri,Caerphilly,,,CF83 3DF,02920852525,35,6762193,RHYDRI PRIMARY SCHOOL,676,Caerffili,Cymuned,EM,Cyfrwng Saesneg,"Iau, babanod a meithrin",---,Rhydri,Caerphilly,,,CF83 3DF,02920852525,35,1126,POINT (-3.163297561129673 51.57642466511572)
maintained_schools_wg.1127,43007099,6762197,NANT Y PARC PRIMARY SCHOOL,676,Caerphilly,Primary,Community,EM,English medium school / provision,"Nursery, Infants & Juniors",---,Universal Site,Senghenydd,Caerphilly,,CF83 4GY,02920832116,210,6762197,NANT Y PARC PRIMARY SCHOOL,676,Caerffili,Cymuned,EM,Cyfrwng Saesneg,"Iau, babanod a meithrin",---,Universal Site,Senghenydd,Caerphilly,,CF83 4GY,02920832116,210,1127,POINT (-3.281634672573938 51.61138382775442)
maintained_schools_wg.1128,43068140,6762207,Pantside Primary,676,Caerphilly,Primary,Community,EM,English medium school / provision,"Nursery, Infants & Juniors",---,Old Pant Road,Pantside,Newbridge,Newport,NP11 5DE,01495243286,191,6762207,Pantside Primary,676,Caerffili,Cymuned,EM,Cyfrwng Saesneg,"Iau, babanod a meithrin",---,Old Pant Road,Pantside,Newbridge,Newport,NP11 5DE,01495243286,191,1128,POINT (-3.1357747614851323 51.67058540151184)
maintained_schools_wg.1129,43030792,6762224,Tiryberth Primary,676,Caerphilly,Primary,Community,EM,English medium school / provision,"Nursery, Infants & Juniors",---,New Road,Tiryberth,Hengoed,,CF82 8AU,01443875526,139,6762224,Tiryberth Primary,676,Caerffili,Cymuned,EM,Cyfrwng Saesneg,"Iau, babanod a meithrin",---,New Road,Tiryberth,Hengoed,,CF82 8AU,01443875526,139,1129,POINT (-3.229194087792712 51.66371012781973)
maintained_schools_wg.1130,43074508,6762227,Ty Isaf Infants School,676,Caerphilly,Primary,Community,EM,English medium school / provision,Nursery & Infants,---,Mill Street,Risca,Caerphilly,,NP11 6EF,01633612420,110,6762227,Ty Isaf Infants School,676,Caerffili,Cymuned,EM,Cyfrwng Saesneg,Babanod a meithrin,---,Mill Street,Risca,Caerphilly,,NP11 6EF,01633612420,110,1130,POINT (-3.0912628301364613 51.60491906694092)
maintained_schools_wg.1131,43017217,6762252,CWM  IFOR  PRIMARY SCHOOL,676,Caerphilly,Primary,Community,EM,English medium school / provision,"Nursery, Infants & Juniors",---,Heol Aneurin,Penyrheol,Caerphilly,,CF83 2PG,02920852509,215,6762252,CWM  IFOR  PRIMARY SCHOOL,676,Caerffili,Cymuned,EM,Cyfrwng Saesneg,"Iau, babanod a meithrin",---,Heol Aneurin,Penyrheol,Caerphilly,,CF83 2PG,02920852509,215,1131,POINT (-3.244215720063178 51.5876435194419)
maintained_schools_wg.1132,43046612,6762256,BRYN PRIMARY,676,Caerphilly,Primary,Community,EM,English medium school / provision,"Nursery, Infants & Juniors",---,"Forest Hill,The Bryn",Pontllanfraith,Blackwood,,NP12 2PL,01495225690,178,6762256,BRYN PRIMARY,676,Caerffili,Cymuned,EM,Cyfrwng Saesneg,"Iau, babanod a meithrin",---,"Forest Hill,The Bryn",Pontllanfraith,Blackwood,,NP12 2PL,01495225690,178,1132,POINT (-3.2033221190760797 51.64987018210356)
maintained_schools_wg.1133,43090601,6762262,YSGOL IFOR BACH,676,Caerphilly,Primary,Community,WM,Welsh medium school / provision (including transitional),"Nursery, Infants & Juniors",---,Windsor Way,Abertridwr,Caerphilly,,CF83 4AB,02920830375,236,6762262,YSGOL IFOR BACH,676,Caerffili,Cymuned,WM,Cyfrwng Cymraeg,"Iau, babanod a meithrin",---,Windsor Way,Abertridwr,Caerphilly,,CF83 4AB,02920830375,236,1133,POINT (-3.274492189153329 51.59975427400358)
maintained_schools_wg.1134,43087277,6762264,Abercarn Primary school,676,Caerphilly,Primary,Community,EM,English medium school / provision,"Nursery, Infants & Juniors",---,Chapel Of Ease,Abercarn,Caerphilly,,NP11 5LH,01495244566,255,6762264,Abercarn Primary school,676,Caerffili,Cymuned,EM,Cyfrwng Saesneg,"Iau, babanod a meithrin",---,Chapel Of Ease,Abercarn,Caerphilly,,NP11 5LH,01495244566,255,1134,POINT (-3.1330462441718043 51.65454374201425)
maintained_schools_wg.1135,43012743,6762278,Greenhill Primary,676,Caerphilly,Primary,Community,EM,English medium school / provision,"Nursery, Infants & Juniors",---,Penywrlod,Gelligaer,Hengoed,,CF82 8EU,01443875521,166,6762278,Greenhill Primary,676,Caerffili,Cymuned,EM,Cyfrwng Saesneg,"Iau, babanod a meithrin",---,Penywrlod,Gelligaer,Hengoed,,CF82 8EU,01443875521,166,1135,POINT (-3.2599894269797427 51.66502783520033)
maintained_schools_wg.1136,43174135,6762282,YSGOL GYMRAEG CAERFFILI,676,Caerphilly,Primary,Community,WM,Welsh medium school / provision (including transitional),"Nursery, Infants & Juniors",---,Heol Parcyfelin,Caerffilli,,,CF83 3HG,02920852531,442,6762282,YSGOL GYMRAEG CAERFFILI,676,Caerffili,Cymuned,WM,Cyfrwng Cymraeg,"Iau, babanod a meithrin",---,Heol Parcyfelin,Caerffilli,,,CF83 3HG,02920852531,442,1136,POINT (-3.2206857055893043 51.582404133408374)
maintained_schools_wg.1137,43031864,6762285,YSGOL GYMRAEG GILFACH FARGOD,676,Caerphilly,Primary,Foundation,WM,Welsh medium school / provision (including transitional),"Nursery, Infants & Juniors",---,Commercial Street,Gilfach,Bargoed,,CF81 8JG,01443875528,109,6762285,YSGOL GYMRAEG GILFACH FARGOD,676,Caerffili,Sefydledig,WM,Cyfrwng Cymraeg,"Iau, babanod a meithrin",---,Commercial Street,Gilfach,Bargoed,,CF81 8JG,01443875528,109,1137,POINT (-3.2279199192228347 51.678613673102696)
maintained_schools_wg.1138,43051503,6762296,YNYSDDU PRIMARY SCHOOL,676,Caerphilly,Primary,Community,EM,English medium school / provision,"Nursery, Infants & Juniors",---,High Street,Ynysddu,Newport,,NP11 7JH,01495200223,109,6762296,YNYSDDU PRIMARY SCHOOL,676,Caerffili,Cymuned,EM,Cyfrwng Saesneg,"Iau, babanod a meithrin",---,High Street,Ynysddu,Newport,,NP11 7JH,01495200223,109,1138,POINT (-3.186191646163583 51.62431927752531)
maintained_schools_wg.1139,43036538,6762307,UPPER RHYMNEY PRIMARY SCHOOL,676,Caerphilly,Primary,Community,EM,English medium school / provision,"Nursery, Infants & Juniors",---,Oakland Terrace,Rhymney,,,NP22 5EP,01685840293,144,6762307,UPPER RHYMNEY PRIMARY SCHOOL,676,Caerffili,Cymuned,EM,Cyfrwng Saesneg,"Iau, babanod a meithrin",---,Oakland Terrace,Rhymney,,,NP22 5EP,01685840293,144,1139,POINT (-3.290442266772278 51.765926552817454)
maintained_schools_wg.1140,43018221,6762309,Ysgol Y Lawnt,676,Caerphilly,Primary,Community,WM,Welsh medium school / provision (including transitional),"Nursery, Infants & Juniors",---,Surgery Hill,Rhymney,,,NP22 5LS,01685840285,191,6762309,Ysgol Y Lawnt,676,Caerffili,Cymuned,WM,Cyfrwng Cymraeg,"Iau, babanod a meithrin",---,Surgery Hill,Rhymney,,,NP22 5LS,01685840285,191,1140,POINT (-3.28664176121313 51.75917058426623)
maintained_schools_wg.1141,43018220,6762310,Bryn Awel Primary School,676,Caerphilly,Primary,Community,EM,English medium school / provision,"Nursery, Infants & Juniors",---,Eglwys Fan,Rhymney,,,NP22 5JJ,01685840230,136,6762310,Bryn Awel Primary School,676,Caerffili,Cymuned,EM,Cyfrwng Saesneg,"Iau, babanod a meithrin",---,Eglwys Fan,Rhymney,,,NP22 5JJ,01685840230,136,1141,POINT (-3.2770354103446295 51.75609235170039)
maintained_schools_wg.1142,43044688,6762313,Ysgol Gymraeg Trelyn,676,Caerphilly,Primary,Foundation,WM,Welsh medium school / provision (including transitional),"Nursery, Infants & Juniors",---,Commercial Street,Pengam,Blackwood,,NP12 3ST,01443821600,208,6762313,Ysgol Gymraeg Trelyn,676,Caerffili,Sefydledig,WM,Cyfrwng Cymraeg,"Iau, babanod a meithrin",---,Commercial Street,Pengam,Blackwood,,NP12 3ST,01443821600,208,1142,POINT (-3.2232329574667515 51.668924613411384)
maintained_schools_wg.1143,43038959,6762316,PHILLIPSTOWN PRIMARY SCHOOL,676,Caerphilly,Primary,Community,EM,English medium school / provision,"Nursery, Infants & Juniors",---,Cefn Rhychdir Road,Phillipstown,New Tredegar,Caerphilly,NP24 6XE,01443875522,148,6762316,PHILLIPSTOWN PRIMARY SCHOOL,676,Caerffili,Cymuned,EM,Cyfrwng Saesneg,"Iau, babanod a meithrin",---,Cefn Rhychdir Road,Phillipstown,New Tredegar,Caerphilly,NP24 6XE,01443875522,148,1143,POINT (-3.240506820088219 51.72423983944154)
maintained_schools_wg.1144,43029976,6762322,MAESYCWMMER PRIMARY SCHOOL,676,Caerphilly,Primary,Community,EM,English medium school / provision,"Nursery, Infants & Juniors",---,Tabor Road,Maesycwmmer,Hengoed,,CF82 7PU,01443812148,142,6762322,MAESYCWMMER PRIMARY SCHOOL,676,Caerffili,Cymuned,EM,Cyfrwng Saesneg,"Iau, babanod a meithrin",---,Tabor Road,Maesycwmmer,Hengoed,,CF82 7PU,01443812148,142,1144,POINT (-3.2211769151109366 51.64355347754386)
maintained_schools_wg.1145,43050752,6762323,Bedwas Junior,676,Caerphilly,Primary,Community,EM,English medium school / provision,Juniors,---,Church Street,Bedwas,Caerphilly,,CF83 8EB,02920852511,156,6762323,Bedwas Junior,676,Caerffili,Cymuned,EM,Cyfrwng Saesneg,Iau,---,Church Street,Bedwas,Caerphilly,,CF83 8EB,02920852511,156,1145,POINT (-3.198967640570621 51.59055134672164)
maintained_schools_wg.1146,43062305,6762326,Machen Primary School,676,Caerphilly,Primary,Community,EM,English medium school / provision,"Nursery, Infants & Juniors",---,Commercial Road,Machen,Newport,,CF83 8NA,01633440403,166,6762326,Machen Primary School,676,Caerffili,Cymuned,EM,Cyfrwng Saesneg,"Iau, babanod a meithrin",---,Commercial Road,Machen,Newport,,CF83 8NA,01633440403,166,1146,POINT (-3.1430935049495847 51.59594648441398)
maintained_schools_wg.1147,43012781,6762328,Graig-y-Rhacca Primary and Nursery Community,676,Caerphilly,Primary,Community,EM,English medium school / provision,"Nursery, Infants & Juniors",---,Addison Way,Machen,Caerphilly,,CF83 8WW,02920852516,105,6762328,Graig-y-Rhacca Primary and Nursery Community,676,Caerffili,Cymuned,EM,Cyfrwng Saesneg,"Iau, babanod a meithrin",---,Addison Way,Machen,Caerphilly,,CF83 8WW,02920852516,105,1147,POINT (-3.168804917181968 51.59365209002738)
maintained_schools_wg.1148,43045334,6762335,Bedwas Infants,676,Caerphilly,Primary,Community,EM,English medium school / provision,Nursery & Infants,---,St Mary's Street,Bedwas,Caerphilly,,CF83 8EE,02920852512,163,6762335,Bedwas Infants,676,Caerffili,Cymuned,EM,Cyfrwng Saesneg,Babanod a meithrin,---,St Mary's Street,Bedwas,Caerphilly,,CF83 8EE,02920852512,163,1148,POINT (-3.201259565111707 51.59261399764255)
maintained_schools_wg.1149,43015467,6762338,HENDREDENNY PARK PRIMARY,676,Caerphilly,Primary,Community,EM,English medium school / provision,"Nursery, Infants & Juniors",---,Hendredenny Park Primary School,Groeswen Drive,Hendredenny,Caerphilly,CF83 2BL,02920852520,266,6762338,HENDREDENNY PARK PRIMARY,676,Caerffili,Cymuned,EM,Cyfrwng Saesneg,"Iau, babanod a meithrin",---,Hendredenny Park Primary School,Groeswen Drive,Hendredenny,Caerphilly,CF83 2BL,02920852520,266,1149,POINT (-3.2469285761904656 51.58023244031197)
maintained_schools_wg.1150,43009510,6762347,CWMABER INFANTS SCHOOL,676,Caerphilly,Primary,Community,EM,English medium school / provision,Nursery & Infants,---,Bryngelli Terrace,Abertridwr,Caerphilly,,CF83 4FF,02920830248,105,6762347,CWMABER INFANTS SCHOOL,676,Caerffili,Cymuned,EM,Cyfrwng Saesneg,Babanod a meithrin,---,Bryngelli Terrace,Abertridwr,Caerphilly,,CF83 4FF,02920830248,105,1150,POINT (-3.2691082540092844 51.599812621824555)
maintained_schools_wg.1151,43018555,6762368,YSGOL GYMRAEG BRO ALLTA,676,Caerphilly,Primary,Community,WM,Welsh medium school / provision (including transitional),"Nursery, Infants & Juniors",---,Central Street,Ystrad Mynach,Hengoed,,CF82 7XQ,01443814883,282,6762368,YSGOL GYMRAEG BRO ALLTA,676,Caerffili,Cymuned,WM,Cyfrwng Cymraeg,"Iau, babanod a meithrin",---,Central Street,Ystrad Mynach,Hengoed,,CF82 7XQ,01443814883,282,1151,POINT (-3.2390123626384444 51.64147833254449)
maintained_schools_wg.1152,43057336,6762370,Cwmfelinfach Primary,676,Caerphilly,Primary,Community,EM,English medium school / provision,"Nursery, Infants & Juniors",---,King Street,Cwmfelinfach,Ynysddu,,NP11 7HL,01495200225,203,6762370,Cwmfelinfach Primary,676,Caerffili,Cymuned,EM,Cyfrwng Saesneg,"Iau, babanod a meithrin",---,King Street,Cwmfelinfach,Ynysddu,,NP11 7HL,01495200225,203,1152,POINT (-3.1797941864095125 51.61883586849889)
maintained_schools_wg.1153,43066392,6762373,YSGOL GYMRAEG CWM GWYDDON,676,Caerphilly,Primary,Community,WM,Welsh medium school / provision (including transitional),"Nursery, Infants & Juniors",---,Heol Gwyddon,Abercarn,Newport,,NP11 5GX,01495244267,275,6762373,YSGOL GYMRAEG CWM GWYDDON,676,Caerffili,Cymuned,WM,Cyfrwng Cymraeg,"Iau, babanod a meithrin",---,Heol Gwyddon,Abercarn,Newport,,NP11 5GX,01495244267,275,1153,POINT (-3.1333069009141883 51.647608676368854)
maintained_schools_wg.1154,43164658,6762374,Y G G  Y Castell,676,Caerphilly,Primary,Community,WM,Welsh medium school / provision (including transitional),"Nursery, Infants & Juniors",---,Crescent Road,Caerphilly,,,CF83 1WH,02920864790,419,6762374,Y G G  Y Castell,676,Caerffili,Cymuned,WM,Cyfrwng Cymraeg,"Iau, babanod a meithrin",---,Crescent Road,Caerphilly,,,CF83 1WH,02920864790,419,1154,POINT (-3.2247816424960596 51.574702857563636)
maintained_schools_wg.1155,43085167,6762376,Cwrt Rawlin Primary School,676,Caerphilly,Primary,Community,EM,English medium school / provision,"Nursery, Infants & Juniors",---,Cae Meillion,Caerphilly,,,CF83 1SN,02920807070,361,6762376,Cwrt Rawlin Primary School,676,Caerffili,Cymuned,EM,Cyfrwng Saesneg,"Iau, babanod a meithrin",---,Cae Meillion,Caerphilly,,,CF83 1SN,02920807070,361,1155,POINT (-3.241418072827134 51.56998165302128)
maintained_schools_wg.1156,43176639,6762377,Cefn Fforest Primary,676,Caerphilly,Primary,Community,EM,English medium school / provision,"Nursery, Infants & Juniors",---,Cefn Fforest Avenue,Cefn Fforest,Blackwood,,NP12 3JX,01443830449,284,6762377,Cefn Fforest Primary,676,Caerffili,Cymuned,EM,Cyfrwng Saesneg,"Iau, babanod a meithrin",---,Cefn Fforest Avenue,Cefn Fforest,Blackwood,,NP12 3JX,01443830449,284,1156,POINT (-3.211114136320289 51.672432719077456)
maintained_schools_wg.1157,43053090,6762378,PENLLWYN PRIMARY,676,Caerphilly,Primary,Community,EM,English medium school / provision,"Nursery, Infants & Juniors",---,Fleur-De-Lys Avenue,Pontllanfraith,Blackwood,,NP12 2NT,01495223505,142,6762378,PENLLWYN PRIMARY,676,Caerffili,Cymuned,EM,Cyfrwng Saesneg,"Iau, babanod a meithrin",---,Fleur-De-Lys Avenue,Pontllanfraith,Blackwood,,NP12 2NT,01495223505,142,1157,POINT (-3.20022917693773 51.65589929343133)
maintained_schools_wg.1158,43048143,6762379,Blackwood Primary,676,Caerphilly,Primary,Community,EM,English medium school / provision,"Nursery, Infants & Juniors",---,Apollo Way,Blackwood,,,NP12 1WA,01495224111,372,6762379,Blackwood Primary,676,Caerffili,Cymuned,EM,Cyfrwng Saesneg,"Iau, babanod a meithrin",---,Apollo Way,Blackwood,,,NP12 1WA,01495224111,372,1158,POINT (-3.202020259294629 51.666221390361834)
maintained_schools_wg.1159,43012332,6762380,GLYN-GAER PRIMARY SCHOOL,676,Caerphilly,Primary,Community,EM,English medium school / provision,"Nursery, Infants & Juniors",---,Oxford Street Glyngaer,Gelligaer,Hengoed,Caerphilly,CF82 8FF,01443875519,212,6762380,GLYN-GAER PRIMARY SCHOOL,676,Caerffili,Cymuned,EM,Cyfrwng Saesneg,"Iau, babanod a meithrin",---,Oxford Street Glyngaer,Gelligaer,Hengoed,Caerphilly,CF82 8FF,01443875519,212,1159,POINT (-3.2455662608865974 51.664940295568826)
maintained_schools_wg.1160,43091596,6762381,Park Primary,676,Caerphilly,Primary,Community,EM,English medium school / provision,"Nursery, Infants & Juniors",---,Park Crescent,Bargoed,,,CF81 8PN,01443875524,128,6762381,Park Primary,676,Caerffili,Cymuned,EM,Cyfrwng Saesneg,"Iau, babanod a meithrin",---,Park Crescent,Bargoed,,,CF81 8PN,01443875524,128,1160,POINT (-3.233230742929024 51.68616496644431)
maintained_schools_wg.1161,43085289,6762382,Aberbargoed Primary School,676,Caerphilly,Primary,Community,EM,English medium school / provision,"Nursery, Infants & Juniors",---,Heol Ysgol Newydd,Bargoed,Caerphilly,,CF81 9DD,01443875512,215,6762382,Aberbargoed Primary School,676,Caerffili,Cymuned,EM,Cyfrwng Saesneg,"Iau, babanod a meithrin",---,Heol Ysgol Newydd,Bargoed,Caerphilly,,CF81 9DD,01443875512,215,1161,POINT (-3.22547231858455 51.6929539498974)
maintained_schools_wg.1162,43042360,6762383,Trinant Primary,676,Caerphilly,Primary,Community,EM,English medium school / provision,"Nursery, Infants & Juniors",---,Conway Road,Pentwyn,Crumlin,,NP11 3JN,01495214357,181,6762383,Trinant Primary,676,Caerffili,Cymuned,EM,Cyfrwng Saesneg,"Iau, babanod a meithrin",---,Conway Road,Pentwyn,Crumlin,,NP11 3JN,01495214357,181,1162,POINT (-3.147010482201104 51.69861088539549)
maintained_schools_wg.1163,43074470,6762384,Ty Sign Primary School,676,Caerphilly,Primary,Community,EM,English medium school / provision,"Nursery, Infants & Juniors",---,Elm Drive,Risca,Caerphilly,,NP11 6HJ,01633612813,425,6762384,Ty Sign Primary School,676,Caerffili,Cymuned,EM,Cyfrwng Saesneg,"Iau, babanod a meithrin",---,Elm Drive,Risca,Caerphilly,,NP11 6HJ,01633612813,425,1163,POINT (-3.092828697337818 51.60999378184232)
maintained_schools_wg.1164,43051748,6762385,Tyn-Y-Wern Primary,676,Caerphilly,Primary,Community,EM,English medium school / provision,"Nursery, Infants & Juniors",---,Navigator Street,Trethomas,,,CF83 8FL,02920852528,233,6762385,Tyn-Y-Wern Primary,676,Caerffili,Cymuned,EM,Cyfrwng Saesneg,"Iau, babanod a meithrin",---,Navigator Street,Trethomas,,,CF83 8FL,02920852528,233,1164,POINT (-3.1848571926373146 51.59250201519091)
maintained_schools_wg.1165,43173826,6762386,Twyn Primary,676,Caerphilly,Primary,Community,EM,English medium school / provision,"Nursery, Infants & Juniors",---,East View,Caerphilly,,,CF83 1UT,02920852527,414,6762386,Twyn Primary,676,Caerffili,Cymuned,EM,Cyfrwng Saesneg,"Iau, babanod a meithrin",---,East View,Caerphilly,,,CF83 1UT,02920852527,414,1165,POINT (-3.2152124001149645 51.574504730435244)
maintained_schools_wg.1166,43164750,6762387,White Rose Primary School,676,Caerphilly,Primary,Community,EM,English medium school / provision,"Nursery, Infants & Juniors",---,White Rose Way,New Tredegar,,,NP24 6DW,01443828060,231,6762387,White Rose Primary School,676,Caerffili,Cymuned,EM,Cyfrwng Saesneg,"Iau, babanod a meithrin",---,White Rose Way,New Tredegar,,,NP24 6DW,01443828060,231,1166,POINT (-3.234634868798001 51.7175579935304)
maintained_schools_wg.1167,43033082,6762388,Ysgol Bro Sannan,676,Caerphilly,Primary,Community,WM,Welsh medium school / provision (including transitional),"Nursery, Infants & Juniors",---,Ty Fry Road,Aberbargoed,Bargoed,,CF81 9FN,01443828000,118,6762388,Ysgol Bro Sannan,676,Caerffili,Cymuned,WM,Cyfrwng Cymraeg,"Iau, babanod a meithrin",---,Ty Fry Road,Aberbargoed,Bargoed,,CF81 9FN,01443828000,118,1167,POINT (-3.218904748452159 51.689758330606615)
maintained_schools_wg.1168,43027346,6762389,Plasyfelin Primary School,676,Caerphilly,Primary,Community,EM,English medium school / provision,"Nursery, Infants & Juniors",---,Lewis Drive,Churchill Park,Caerphilly,,CF83 3FT,02920852523,291,6762389,Plasyfelin Primary School,676,Caerffili,Cymuned,EM,Cyfrwng Saesneg,"Iau, babanod a meithrin",---,Lewis Drive,Churchill Park,Caerphilly,,CF83 3FT,02920852523,291,1168,POINT (-3.224819898558004 51.58202925383544)
maintained_schools_wg.1169,43085166,6762390,St James Primary School,676,Caerphilly,Primary,Community,EM,English medium school / provision,"Nursery, Infants & Juniors",---,Lansbury Park,Caerphilly,,,CF83 3GT,02920852522,271,6762390,St James Primary School,676,Caerffili,Cymuned,EM,Cyfrwng Saesneg,"Iau, babanod a meithrin",---,Lansbury Park,Caerphilly,,,CF83 3GT,02920852522,271,1169,POINT (-3.2012328413055515 51.581752203270845)
maintained_schools_wg.1170,43024358,6762391,St Gwladys Bargoed School,676,Caerphilly,Primary,Community,EM,English medium school / provision,"Nursery, Infants & Juniors",---,Church Place,Bargoed,,,CF81 8RP,01443875523,438,6762391,St Gwladys Bargoed School,676,Caerffili,Cymuned,EM,Cyfrwng Saesneg,"Iau, babanod a meithrin",---,Church Place,Bargoed,,,CF81 8RP,01443875523,438,1170,POINT (-3.2313739371309125 51.69237070600416)
maintained_schools_wg.1171,43059708,6762392,Rhiw syr Dafydd Primary School,676,Caerphilly,Primary,Community,EM,English medium school / provision,"Nursery, Infants & Juniors",---,Maes-y-Garn Road,Oakdale,Blackwood,,NP12 0NA,01495222829,602,6762392,Rhiw syr Dafydd Primary School,676,Caerffili,Cymuned,EM,Cyfrwng Saesneg,"Iau, babanod a meithrin",---,Maes-y-Garn Road,Oakdale,Blackwood,,NP12 0NA,01495222829,602,1171,POINT (-3.1744270384694113 51.68002403387075)
maintained_schools_wg.1172,43019828,6762393,Ystrad Mynach Primary,676,Caerphilly,Primary,Community,EM,English medium school / provision,"Nursery, Infants & Juniors",---,Lewis Street,Ystrad Mynach,Hengoed,,CF82 7AQ,01443812707,447,6762393,Ystrad Mynach Primary,676,Caerffili,Cymuned,EM,Cyfrwng Saesneg,"Iau, babanod a meithrin",---,Lewis Street,Ystrad Mynach,Hengoed,,CF82 7AQ,01443812707,447,1172,POINT (-3.239325811996426 51.641843684690706)
maintained_schools_wg.1173,43090731,6762394,Ysgol Gynradd Gymraeg Cwm Derwen,676,Caerphilly,Primary,Community,WM,Welsh medium school / provision (including transitional),"Nursery, Infants & Juniors",---,Beech Grove,Oakdale,Blackwood,,NP12 0JL,01495226062,165,6762394,Ysgol Gynradd Gymraeg Cwm Derwen,676,Caerffili,Cymuned,WM,Cyfrwng Cymraeg,"Iau, babanod a meithrin",---,Beech Grove,Oakdale,Blackwood,,NP12 0JL,01495226062,165,1173,POINT (-3.1790433474286663 51.68067013106309)
maintained_schools_wg.1174,43091200,6762395,Ysgol Penalltau,676,Caerphilly,Primary,Community,WM,Welsh medium school / provision (including transitional),"Nursery, Infants & Juniors",---,Cwm Calon,Penallta,Ystrad Mynach,,CF82 6AP,01443862974,247,6762395,Ysgol Penalltau,676,Caerffili,Cymuned,WM,Cyfrwng Cymraeg,"Iau, babanod a meithrin",---,Cwm Calon,Penallta,Ystrad Mynach,,CF82 6AP,01443862974,247,1174,POINT (-3.2439638814154135 51.65553397776887)
maintained_schools_wg.1175,43090042,6763310,St Helens RC Primary,676,Caerphilly,Primary,Voluntary aided,EM,English medium school / provision,"Nursery, Infants & Juniors",Roman Catholic,Lansbury Park,Caerphilly,,,CF83 1QH,02920852532,224,6763310,St Helens RC Primary,676,Caerffili,Gwirfoddol a Gynorthwyir,EM,Cyfrwng Saesneg,"Iau, babanod a meithrin",Eglwys Gatholig,Lansbury Park,Caerphilly,,,CF83 1QH,02920852532,224,1175,POINT (-3.2031405972261617 51.580213044744454)
maintained_schools_wg.1176,43067327,6764031,Newbridge School,676,Caerphilly,Secondary,Community,EM,English medium school / provision,Secondary (ages 11-16),---,Bridge Street,Newbridge,Newport,,NP11 5FR,01495243243,1010,6764031,Newbridge School,676,Caerffili,Cymuned,EM,Cyfrwng Saesneg,Uwchradd (ystod oedran 11-16),---,Bridge Street,Newbridge,Newport,,NP11 5FR,01495243243,1010,1176,POINT (-3.1408084064955677 51.6648808800585)
maintained_schools_wg.1177,43048142,6764046,Blackwood Comprehensive School,676,Caerphilly,Secondary,Community,EM,English medium school / provision,Secondary (ages 11-16),---,Ty Isha Terrace,Cen Fforest,Blackwood,,NP12 1ER,01495225566,957,6764046,Blackwood Comprehensive School,676,Caerffili,Cymuned,EM,Cyfrwng Saesneg,Uwchradd (ystod oedran 11-16),---,Ty Isha Terrace,Cen Fforest,Blackwood,,NP12 1ER,01495225566,957,1177,POINT (-3.2037014190959887 51.67127546429902)
maintained_schools_wg.1178,43015712,6764065,St Cenydd School,676,Caerphilly,Secondary,Community,EM,English medium school / provision,Secondary (ages 11-19),---,St Cenydd Road,Trecenydd,Caerphilly,,CF83 2RP,02920852504,971,6764065,St Cenydd School,676,Caerffili,Cymuned,EM,Cyfrwng Saesneg,Uwchradd (ystod oedran 11-19),---,St Cenydd Road,Trecenydd,Caerphilly,,CF83 2RP,02920852504,971,1178,POINT (-3.242128955701367 51.58099370210917)
maintained_schools_wg.1179,43075055,6764068,Risca Community Comprehensive,676,Caerphilly,Secondary,Community,EM,English medium school / provision,Secondary (ages 11-16),---,Pontymason Lane,Rogerstone,Newport,,NP11 6YY,01633612425,618,6764068,Risca Community Comprehensive,676,Caerffili,Cymuned,EM,Cyfrwng Saesneg,Uwchradd (ystod oedran 11-16),---,Pontymason Lane,Rogerstone,Newport,,NP11 6YY,01633612425,618,1179,POINT (-3.0705164723894165 51.605694600859344)
maintained_schools_wg.1180,43024437,6764070,St Martin's School,676,Caerphilly,Secondary,Community,EM,English medium school / provision,Secondary (ages 11-19),---,Hillside,Caerphilly,,,CF83 1UW,02920858050,1030,6764070,St Martin's School,676,Caerffili,Cymuned,EM,Cyfrwng Saesneg,Uwchradd (ystod oedran 11-19),---,Hillside,Caerphilly,,,CF83 1UW,02920858050,1030,1180,POINT (-3.2209285924046864 51.569185174671425)
maintained_schools_wg.1181,43091059,6764073,HEOLDDU COMPREHENSIVE SCHOOL,676,Caerphilly,Secondary,Community,EM,English medium school / provision,Secondary (ages 11-19),---,Mountain Road,Bargoed,Caerphilly,,CF81 8XL,01443875531,724,6764073,HEOLDDU COMPREHENSIVE SCHOOL,676,Caerffili,Cymuned,EM,Cyfrwng Saesneg,Uwchradd (ystod oedran 11-19),---,Mountain Road,Bargoed,Caerphilly,,CF81 8XL,01443875531,724,1181,POINT (-3.2445306503223295 51.688347627089044)
maintained_schools_wg.1182,43085822,6764075,Lewis School Pengam,676,Caerphilly,Secondary,Community,EM,English medium school / provision,Secondary (ages 11-19),---,Gilfach,Bargoed,,,CF81 8LJ,01443873873,645,6764075,Lewis School Pengam,676,Caerffili,Cymuned,EM,Cyfrwng Saesneg,Uwchradd (ystod oedran 11-19),---,Gilfach,Bargoed,,,CF81 8LJ,01443873873,645,1182,POINT (-3.2242817049777366 51.67295993592001)
maintained_schools_wg.1183,43050677,6764093,Bedwas High School,676,Caerphilly,Secondary,Community,EM,English medium school / provision,Secondary (ages 11-19),---,Newport Road,Bedwas,Caerphilly,,CF83 8BJ,02920859800,666,6764093,Bedwas High School,676,Caerffili,Cymuned,EM,Cyfrwng Saesneg,Uwchradd (ystod oedran 11-19),---,Newport Road,Bedwas,Caerphilly,,CF83 8BJ,02920859800,666,1183,POINT (-3.19228713150934 51.5912218628699)
maintained_schools_wg.1184,43091061,6764103,Ysgol Gyfun Cwm Rhymni,676,Caerphilly,Secondary,Community,WM,Welsh medium school / provision (including transitional),Secondary (ages 11-19),---,Heol Gelli Haf,Fleur De Lys,Blackwood,Caerphilly,NP12 3JQ,01443875227,1785,6764103,Ysgol Gyfun Cwm Rhymni,676,Caerffili,Cymuned,WM,Cyfrwng Cymraeg,Uwchradd (ystod oedran 11-19),---,Heol Gelli Haf,Fleur De Lys,Blackwood,Caerphilly,NP12 3JQ,01443875227,1785,1184,POINT (-3.2159548259827924 51.660655933380596)
maintained_schools_wg.1185,43086040,6764104,Islwyn High School,676,Caerphilly,Secondary,Community,EM,English medium school / provision,Secondary (ages 11-16),---,Waterloo,Oakdale,Blackwood,,NP12 0NU,01495233600,1047,6764104,Islwyn High School,676,Caerffili,Cymuned,EM,Cyfrwng Saesneg,Uwchradd (ystod oedran 11-16),---,Waterloo,Oakdale,Blackwood,,NP12 0NU,01495233600,1047,1185,POINT (-3.1770648167622055 51.68413376939219)
maintained_schools_wg.1186,43175564,6765500,Idris Davies School 3 to 18,676,Caerphilly,Middle,Community,EM,English medium school / provision,Middle (ages 3-19),---,Mill Field,Abertysswg,Rhymney,,NP22 5XF,01685846900,812,6765500,Idris Davies School 3 to 18,676,Caerffili,Cymuned,EM,Cyfrwng Saesneg,Canol (ystod oedran 3-19),---,Mill Field,Abertysswg,Rhymney,,NP22 5XF,01685846900,812,1186,POINT (-3.2709513668450985 51.74356594719072)
maintained_schools_wg.1187,100101035694,6772067,Bryn Bach Primary School,677,Blaenau Gwent,Primary,Community,EM,English medium school / provision,"Nursery, Infants & Juniors",---,Merthyr Road,Tredegar,Blaenau Gwent,,NP22 3RX,01495722569,233,6772067,Bryn Bach Primary School,677,Blaenau Gwent,Cymuned,EM,Cyfrwng Saesneg,"Iau, babanod a meithrin",---,Merthyr Road,Tredegar,Blaenau Gwent,,NP22 3RX,01495722569,233,1187,POINT (-3.2618576132290786 51.78625241522991)
maintained_schools_wg.1188,10014118112,6772070,Glanhowy Primary School,677,Blaenau Gwent,Primary,Community,EM,English medium school / provision,"Nursery, Infants & Juniors",---,Coach Bach,Tredegar,Blaenau Gwent,,NP22 4RW,01495722312,282,6772070,Glanhowy Primary School,677,Blaenau Gwent,Cymuned,EM,Cyfrwng Saesneg,"Iau, babanod a meithrin",---,Coach Bach,Tredegar,Blaenau Gwent,,NP22 4RW,01495722312,282,1188,POINT (-3.2468306151509143 51.78300355533687)
maintained_schools_wg.1189,100101035671,6772072,Deighton Junior and Infants,677,Blaenau Gwent,Primary,Community,EM,English medium school / provision,"Nursery, Infants & Juniors",---,Stockton Way,Tredegar,Blaenau Gwent,,NP22 3ES,01495722567,238,6772072,Deighton Junior and Infants,677,Blaenau Gwent,Cymuned,EM,Cyfrwng Saesneg,"Iau, babanod a meithrin",---,Stockton Way,Tredegar,Blaenau Gwent,,NP22 3ES,01495722567,238,1189,POINT (-3.2486535050853766 51.78064298939218)
maintained_schools_wg.1190,100101035584,6772074,Georgetown Junior and Infants,677,Blaenau Gwent,Primary,Community,EM,English medium school / provision,"Nursery, Infants & Juniors",---,Oakfield Road,Tredegar,Blaenau Gwent,,NP22 4LJ,01495717341,430,6772074,Georgetown Junior and Infants,677,Blaenau Gwent,Cymuned,EM,Cyfrwng Saesneg,"Iau, babanod a meithrin",---,Oakfield Road,Tredegar,Blaenau Gwent,,NP22 4LJ,01495717341,430,1190,POINT (-3.2355454086880306 51.7666745268561)
maintained_schools_wg.1191,200002950955,6772179,SOFRYDD PRIMARY,677,Blaenau Gwent,Primary,Community,EM,English medium school / provision,"Nursery, Infants & Juniors",---,Sofrydd Road,Crumlin,Newbridge,Blaenau Gwent,NP11 5DW,01495244003,152,6772179,SOFRYDD PRIMARY,677,Blaenau Gwent,Cymuned,EM,Cyfrwng Saesneg,"Iau, babanod a meithrin",---,Sofrydd Road,Crumlin,Newbridge,Blaenau Gwent,NP11 5DW,01495244003,152,1191,POINT (-3.135066331085218 51.683413010059176)
maintained_schools_wg.1192,100101035351,6772253,Cwm Primary School,677,Blaenau Gwent,Primary,Community,EM,English medium school / provision,"Nursery, Infants & Juniors",---,Canning Street,Cwm,Ebbw Vale,Blaenau Gwent,NP23 7RD,01495364825,229,6772253,Cwm Primary School,677,Blaenau Gwent,Cymuned,EM,Cyfrwng Saesneg,"Iau, babanod a meithrin",---,Canning Street,Cwm,Ebbw Vale,Blaenau Gwent,NP23 7RD,01495364825,229,1192,POINT (-3.1878241188104974 51.74447565284964)
maintained_schools_wg.1193,200002953044,6772277,Beaufort Hill Primary,677,Blaenau Gwent,Primary,Community,EM,English medium school / provision,"Nursery, Infants & Juniors",---,Beaufort Hill,Ebbw Vale,Blaenau Gwent,,NP23 5QD,01495302624,249,6772277,Beaufort Hill Primary,677,Blaenau Gwent,Cymuned,EM,Cyfrwng Saesneg,"Iau, babanod a meithrin",---,Beaufort Hill,Ebbw Vale,Blaenau Gwent,,NP23 5QD,01495302624,249,1193,POINT (-3.196219303973899 51.79688971537186)
maintained_schools_wg.1194,100101035376,6772278,Willowtown Primary School,677,Blaenau Gwent,Primary,Community,EM,English medium school / provision,"Nursery, Infants & Juniors",---,Brynheulog Street,Willowtown,Ebbw Vale,Blaenau Gwent,NP23 6NJ,01495355400,483,6772278,Willowtown Primary School,677,Blaenau Gwent,Cymuned,EM,Cyfrwng Saesneg,"Iau, babanod a meithrin",---,Brynheulog Street,Willowtown,Ebbw Vale,Blaenau Gwent,NP23 6NJ,01495355400,483,1194,POINT (-3.215153335543208 51.78132167858283)
maintained_schools_wg.1195,100101035312,6772306,Blaen-y-Cwm Primary School,677,Blaenau Gwent,Primary,Community,EM,English medium school / provision,"Nursery, Infants & Juniors",---,Blaenafon Road,Brynmawr,Blaenau Gwent,,NP23 4BR,01495313524,274,6772306,Blaen-y-Cwm Primary School,677,Blaenau Gwent,Cymuned,EM,Cyfrwng Saesneg,"Iau, babanod a meithrin",---,Blaenafon Road,Brynmawr,Blaenau Gwent,,NP23 4BR,01495313524,274,1195,POINT (-3.173135554554589 51.79549256722303)
maintained_schools_wg.1196,10014118969,6772307,Ysgol Gymraeg Brohelyg,677,Blaenau Gwent,Primary,Community,WM,Welsh medium school / provision (including transitional),"Nursery, Infants & Juniors",---,Rising Sun Industrial Estate,Blaina,Blaenau Gwent,,NP13 3DQ,01495369240,341,6772307,Ysgol Gymraeg Brohelyg,677,Blaenau Gwent,Cymuned,WM,Cyfrwng Cymraeg,"Iau, babanod a meithrin",---,Rising Sun Industrial Estate,Blaina,Blaenau Gwent,,NP13 3DQ,01495355830,341,1196,POINT (-3.1689873212025095 51.777158586237455)
maintained_schools_wg.1198,10070620374,6772310,Rhos y Fedwen,677,Blaenau Gwent,Primary,Community,EM,English medium school / provision,"Nursery, Infants & Juniors",---,Honeyfield Road,Rassau,Ebbw Vale,Blaenau Gwent,NP23 5TA,01495364840,123,6772310,Rhos y Fedwen,677,Blaenau Gwent,Cymuned,EM,Cyfrwng Saesneg,"Iau, babanod a meithrin",---,Honeyfield Road,Rassau,Ebbw Vale,Blaenau Gwent,NP23 5TA,01495356021,123,1198,POINT (-3.223156931127446 51.799669335975196)
maintained_schools_wg.1199,10070620112,6772311,Ystruth Primary,677,Blaenau Gwent,Primary,Community,EM,English medium school / provision,"Nursery, Infants & Juniors",---,East Pentwyn,Blaina,Blaenau Gwent,,NP13 3XG,01495355990,330,6772311,Ystruth Primary,677,Blaenau Gwent,Cymuned,EM,Cyfrwng Saesneg,"Iau, babanod a meithrin",---,East Pentwyn,Blaina,Blaenau Gwent,,NP13 3XG,01495355990,330,1199,POINT (-3.154337788414433 51.76706344692982)
maintained_schools_wg.1200,10014118233,6772312,St. Illtyd's Primary School,677,Blaenau Gwent,Primary,Community,EM,English medium school / provision,"Nursery, Infants & Juniors",---,Llanhilleth,,,Abertillery,NP13 2JT,01495364830,178,6772312,St. Illtyd's Primary School,677,Blaenau Gwent,Cymuned,EM,Cyfrwng Saesneg,"Iau, babanod a meithrin",---,Llanhilleth,,,Abertillery,NP13 2JT,01495364830,178,1200,POINT (-3.133566374506856 51.69957456745724)
maintained_schools_wg.1201,10014119847,6772313,Coed y Garn Primary School,677,Blaenau Gwent,Primary,Community,EM,English medium school / provision,"Nursery, Infants & Juniors",---,Parrot Row,Blaina,Blaenau Gwent,,NP13 3AH,01495290044,166,6772313,Coed y Garn Primary School,677,Blaenau Gwent,Cymuned,EM,Cyfrwng Saesneg,"Iau, babanod a meithrin",---,Parrot Row,Blaina,Blaenau Gwent,,NP13 3AH,01495290044,166,1201,POINT (-3.1635501707066163 51.77663645685424)
maintained_schools_wg.26,200001853279,6697000,HEOL GOFFA,669,Carmarthenshire,Special,Not Applicable,0 ,Not available,Special (with post-16 provision),---,Heol Goffa,Llanelli,Carmarthenshire,,SA15 3LS,01554759465,127,6697000,HEOL GOFFA,669,Sir Gaerfyrddin,Ddim yn gymwys,0 ,Dim ar gael,Arbennig gyda darpariaeth ôl-16,---,Heol Goffa,Llanelli,Carmarthenshire,,SA15 3LS,01554759465,127,26,POINT (-4.153170750328224 51.690848693900385)
maintained_schools_wg.1202,200002952969,6773308,ST MARY'S ROMAN CATHOLIC,677,Blaenau Gwent,Primary,Community,EM,English medium school / provision,"Nursery, Infants & Juniors",Roman Catholic,Catholic Road,Brynmawr,Blaenau Gwent,,NP23 4EF,01495310596,201,6773308,ST MARY'S ROMAN CATHOLIC,677,Blaenau Gwent,Cymuned,EM,Cyfrwng Saesneg,"Iau, babanod a meithrin",Eglwys Gatholig,Catholic Road,Brynmawr,Blaenau Gwent,,NP23 4EF,01495310596,201,1202,POINT (-3.172731277825091 51.79709105476831)
maintained_schools_wg.1203,10070620314,6773309,St. MARY'S CHURCH SCHOOL,677,Blaenau Gwent,Primary,Voluntary aided,EM,English medium school / provision,"Nursery, Infants & Juniors",Church in Wales,Intermediate Road,Brynmawr,Blaenau Gwent,,NP23 4SF,01495310525,237,6773309,St. MARY'S CHURCH SCHOOL,677,Blaenau Gwent,Gwirfoddol a Gynorthwyir,EM,Cyfrwng Saesneg,"Iau, babanod a meithrin",Eglwys yng Nghymru,Intermediate Road,Brynmawr,Blaenau Gwent,,NP23 4SF,01495310525,237,1203,POINT (-3.1716300511878077 51.80322700611779)
maintained_schools_wg.1204,100101035387,6773315,All Saints R.C. Primary School,677,Blaenau Gwent,Primary,Community,EM,English medium school / provision,"Nursery, Infants & Juniors",Roman Catholic,Heol yr Ysgol,Ebbw Vale,Blaenau Gwent,,NP23 6QF,01495303631,210,6773315,All Saints R.C. Primary School,677,Blaenau Gwent,Cymuned,EM,Cyfrwng Saesneg,"Iau, babanod a meithrin",Eglwys Gatholig,Heol yr Ysgol,Ebbw Vale,Blaenau Gwent,,NP23 6QF,01495303631,210,1204,POINT (-3.222748682294154 51.77845319995821)
maintained_schools_wg.1205,10070620189,6773316,St. Joseph's R.C. Primary,677,Blaenau Gwent,Primary,Community,EM,English medium school / provision,"Nursery, Infants & Juniors",Roman Catholic,Ashvale,Tredegar,Blaenau Gwent,,NP22 3RU,01495722899,103,6773316,St. Joseph's R.C. Primary,677,Blaenau Gwent,Cymuned,EM,Cyfrwng Saesneg,"Iau, babanod a meithrin",Eglwys Gatholig,Ashvale,Tredegar,Blaenau Gwent,,NP22 3RU,01495722899,103,1205,POINT (-3.2574677130674035 51.78540588406162)
maintained_schools_wg.1206,100101035670,6774061,Tredegar Comprehensive School,677,Blaenau Gwent,Secondary,Community,EM,English medium school / provision,Secondary (ages 11-16),---,Stable Lane,Tredegar,Blaenau Gwent,,NP22 4BH,01495713000,746,6774061,Tredegar Comprehensive School,677,Blaenau Gwent,Cymuned,EM,Cyfrwng Saesneg,Uwchradd (ystod oedran 11-16),---,Stable Lane,Tredegar,Blaenau Gwent,,NP22 4BH,01495713000,746,1206,POINT (-3.2416650711363766 51.7660030081918)
maintained_schools_wg.1207,100101035325,6775401,Brynmawr Foundation School,677,Blaenau Gwent,Secondary,Foundation,EM,English medium school / provision,Secondary (ages 11-16),---,"Rhydw, Intermediate Road",Brynmawr,Blaenau Gwent,,NP23 4XT,01495310527,569,6775401,Brynmawr Foundation School,677,Blaenau Gwent,Sefydledig,EM,Cyfrwng Saesneg,Uwchradd (ystod oedran 11-16),---,"Rhydw, Intermediate Road",Brynmawr,Blaenau Gwent,,NP23 4XT,01495310527,569,1207,POINT (-3.166811217862948 51.80571062380722)
maintained_schools_wg.1208,10014120840,6775500,Ebbw Fawr Learning Community,677,Blaenau Gwent,Middle,Community,EM,English medium school / provision,Middle (ages 3-16),---,Lime Avenue,Ebbw Vale,Blaenau Gwent,,NP23 6GL,01495369555,1406,6775500,Ebbw Fawr Learning Community,677,Blaenau Gwent,Cymuned,EM,Cyfrwng Saesneg,Canol (ystod oedran 3-16),---,Lime Avenue,Ebbw Vale,Blaenau Gwent,,NP23 6GL,01495354690,1406,1208,POINT (-3.2031862179032844 51.775989294122084)
maintained_schools_wg.1209,10093452029,6775501,Abertillery Learning Community,677,Blaenau Gwent,Middle,Community,EM,English medium school / provision,Middle (ages 3-16),---,Alma Street,Abertillery,Blaenau Gwent,,NP13 1HN,01495369530,1608,6775501,Abertillery Learning Community,677,Blaenau Gwent,Cymuned,EM,Cyfrwng Saesneg,Canol (ystod oedran 3-16),---,Alma Street,Abertillery,Blaenau Gwent,,NP13 1HN,01495355911,1608,1209,POINT (-3.1322335689685534 51.73498035387477)
maintained_schools_wg.1210,100101048295,6782203,Llanyrafon Primary School,678,Torfaen,Primary,Community,EM,English medium school / provision,Infants & Juniors,---,Llanyrafon Way,Llanyrafon,Cwmbran,Torfaen,NP44 8HW,01633867130,380,6782203,Llanyrafon Primary School,678,Torfaen,Cymuned,EM,Cyfrwng Saesneg,Iau a babanod,---,Llanyrafon Way,Llanyrafon,Cwmbran,Torfaen,NP44 8HW,01633867130,380,1210,POINT (-3.00824481652985 51.649082011115176)
maintained_schools_wg.1211,100101048523,6782204,Maendy Junior and Infants,678,Torfaen,Primary,Community,EM,English medium school / provision,"Nursery, Infants & Juniors",---,Wayfield Crescent,Cwmbran,Torfaen,,NP44 1NH,01495742780,248,6782204,Maendy Junior and Infants,678,Torfaen,Cymuned,EM,Cyfrwng Saesneg,"Iau, babanod a meithrin",---,Wayfield Crescent,Cwmbran,Torfaen,,NP44 1NH,01495742780,248,1211,POINT (-3.0248293779631017 51.65831660565109)
maintained_schools_wg.1212,10091510768,6782205,Llantarnam Community Primary School,678,Torfaen,Primary,Community,EM,English medium school / provision,"Nursery, Infants & Juniors",---,Llantarnam Road,Llantarnam,Cwmbran,Torfaen,NP44 3XB,01633480039,371,6782205,Llantarnam Community Primary School,678,Torfaen,Cymuned,EM,Cyfrwng Saesneg,"Iau, babanod a meithrin",---,Llantarnam Road,Llantarnam,Cwmbran,Torfaen,NP44 3XB,01633480039,371,1212,POINT (-3.0075608193918213 51.63504638874353)
maintained_schools_wg.1213,100101048494,6782211,Pontnewydd Primary & Nursery,678,Torfaen,Primary,Community,EM,English medium school / provision,"Nursery, Infants & Juniors",---,Bryncelyn Road,Pontnewydd,Cwmbran,Torfaen,NP44 1JW,01633483307,372,6782211,Pontnewydd Primary & Nursery,678,Torfaen,Cymuned,EM,Cyfrwng Saesneg,"Iau, babanod a meithrin",---,Bryncelyn Road,Pontnewydd,Cwmbran,Torfaen,NP44 1JW,01633483307,372,1213,POINT (-3.0331793862734004 51.66122862084683)
maintained_schools_wg.1214,10013473571,6782249,Greenmeadow Primary,678,Torfaen,Primary,Community,EM,English medium school / provision,Infants & Juniors,---,Greenmeadow,,Cwmbran,Torfaen,NP44 5YY,01633484320,190,6782249,Greenmeadow Primary,678,Torfaen,Cymuned,EM,Cyfrwng Saesneg,Iau a babanod,---,Greenmeadow,,Cwmbran,Torfaen,NP44 5YY,01633484320,190,1214,POINT (-3.054099024284788 51.649983040912524)
maintained_schools_wg.1215,100101048481,6782298,Cwmffrwdoer Primary,678,Torfaen,Primary,Community,EM,English medium school / provision,"Nursery, Infants & Juniors",---,Waunddu,Pontnewynydd,Pontypool,Torfaen,NP4 6QZ,01495742761,220,6782298,Cwmffrwdoer Primary,678,Torfaen,Cymuned,EM,Cyfrwng Saesneg,"Iau, babanod a meithrin",---,Waunddu,Pontnewynydd,Pontypool,Torfaen,NP4 6QZ,01495742761,220,1215,POINT (-3.0659940431852606 51.710910239729806)
maintained_schools_wg.1216,100101048584,6782308,George Street Primary School,678,Torfaen,Primary,Community,EM,English medium school / provision,"Nursery, Infants & Juniors",---,Wainfelin Road,Pontypool,Torfaen,,NP4 6BX,01495756436,409,6782308,George Street Primary School,678,Torfaen,Cymuned,EM,Cyfrwng Saesneg,"Iau, babanod a meithrin",---,Wainfelin Road,Pontypool,Torfaen,,NP4 6BX,01495756436,409,1216,POINT (-3.0468465810496244 51.705675952015895)
maintained_schools_wg.1217,10013477562,6782312,Ysgol Gymraeg Cwmbran Primary,678,Torfaen,Primary,Community,WM,Welsh medium school / provision (including transitional),"Nursery, Infants & Juniors",---,Henllys Way,St Dials,Cwmbran,Torfaen,NP44 4HB,01633483383,288,6782312,Ysgol Gymraeg Cwmbran Primary,678,Torfaen,Cymuned,WM,Cyfrwng Cymraeg,"Iau, babanod a meithrin",---,Henllys Way,St Dials,Cwmbran,Torfaen,NP44 4HB,01633483383,288,1217,POINT (-3.0342333290903603 51.64555127337852)
maintained_schools_wg.1218,10013477576,6782315,Garnteg Primary,678,Torfaen,Primary,Community,EM,English medium school / provision,"Nursery, Infants & Juniors",---,Hillcrest,Garndiffaith,Pontypool,Torfaen,NP4 7SJ,01495742934,384,6782315,Garnteg Primary,678,Torfaen,Cymuned,EM,Cyfrwng Saesneg,"Iau, babanod a meithrin",---,Hillcrest,Garndiffaith,Pontypool,Torfaen,NP4 7SJ,01495742934,384,1218,POINT (-3.064382661721861 51.73597511215261)
maintained_schools_wg.1219,10013475149,6782318,YSGOL BRYN ONNEN,678,Torfaen,Primary,Community,WM,Welsh medium school / provision (including transitional),Infants & Juniors,---,Varteg Road,Pontypool,Torfaen,,NP4 7RT,01495772284,174,6782318,YSGOL BRYN ONNEN,678,Torfaen,Cymuned,WM,Cyfrwng Cymraeg,Iau a babanod,---,Varteg Road,Pontypool,Torfaen,,NP4 7RT,01495772284,174,1219,POINT (-3.064209414488567 51.74585828809115)
maintained_schools_wg.1220,100101048632,6782319,Woodlands Community Primary School,678,Torfaen,Primary,Community,EM,English medium school / provision,"Nursery, Infants & Juniors",---,Thornhill Road,Upper Cwmbran,Cwmbran,Torfaen,NP44 5UA,01633647488,326,6782319,Woodlands Community Primary School,678,Torfaen,Cymuned,EM,Cyfrwng Saesneg,"Iau, babanod a meithrin",---,Thornhill Road,Upper Cwmbran,Cwmbran,Torfaen,NP44 5UA,01633647488,326,1220,POINT (-3.047486456396085 51.6622168081376)
maintained_schools_wg.1221,100101048301,6782320,New Inn Primary School,678,Torfaen,Primary,Community,EM,English medium school / provision,"Nursery, Infants & Juniors",---,Off Golf Road,New Inn,Pontypool,Torfaen,NP4 0NG,01495742320,566,6782320,New Inn Primary School,678,Torfaen,Cymuned,EM,Cyfrwng Saesneg,"Iau, babanod a meithrin",---,Off Golf Road,New Inn,Pontypool,Torfaen,NP4 0NG,01495742320,566,1221,POINT (-3.0042160088117447 51.69257785221234)
maintained_schools_wg.1222,100101048385,6782321,Griffithstown Primary School,678,Torfaen,Primary,Community,EM,English medium school / provision,"Nursery, Infants & Juniors",---,Florence Place,Griffithstown,Pontypool,Torfaen,NP4 5DN,01495759679,378,6782321,Griffithstown Primary School,678,Torfaen,Cymuned,EM,Cyfrwng Saesneg,"Iau, babanod a meithrin",---,Florence Place,Griffithstown,Pontypool,Torfaen,NP4 5DN,01495759679,378,1222,POINT (-3.0249798310175096 51.68291612250268)
maintained_schools_wg.1223,100101048624,6782322,Penygarn Community Primary School,678,Torfaen,Primary,Community,EM,English medium school / provision,"Nursery, Infants & Juniors",---,Penygarn Road,Penygarn,Pontypool,,NP4 8JR,01495742090,368,6782322,Penygarn Community Primary School,678,Torfaen,Cymuned,EM,Cyfrwng Saesneg,"Iau, babanod a meithrin",---,Penygarn Road,Penygarn,Pontypool,,NP4 8JR,01495742090,368,1223,POINT (-3.0343045353029505 51.70997970172753)
maintained_schools_wg.1224,10013478908,6782323,Blenheim Road Community Primary School,678,Torfaen,Primary,Community,EM,English medium school / provision,"Nursery, Infants & Juniors",---,Blenheim Road,St Dials,Cwmbran,,NP44 4SZ,01633484655,273,6782323,Blenheim Road Community Primary School,678,Torfaen,Cymuned,EM,Cyfrwng Saesneg,"Iau, babanod a meithrin",---,Blenheim Road,St Dials,Cwmbran,,NP44 4SZ,01633484655,273,1224,POINT (-3.040858280977661 51.647435263845836)
maintained_schools_wg.1225,200001848275,6782324,Coed Eva Primary School,678,Torfaen,Primary,Community,EM,English medium school / provision,"Nursery, Infants & Juniors",---,Teynes,Coed Eva,Cwmbran,Torfaen,NP44 4TG,01633484131,458,6782324,Coed Eva Primary School,678,Torfaen,Cymuned,EM,Cyfrwng Saesneg,"Iau, babanod a meithrin",---,Teynes,Coed Eva,Cwmbran,Torfaen,NP44 4TG,01633484131,458,1225,POINT (-3.046693420757968 51.640477757685744)
maintained_schools_wg.1226,100101047913,6782325,Croesyceiliog Primary School,678,Torfaen,Primary,Community,EM,English medium school / provision,"Nursery, Infants & Juniors",---,North Road,Croesyceiliog,Cwmbran,Torfaen,NP44 2LL,01633624114,381,6782325,Croesyceiliog Primary School,678,Torfaen,Cymuned,EM,Cyfrwng Saesneg,"Iau, babanod a meithrin",---,North Road,Croesyceiliog,Cwmbran,Torfaen,NP44 2LL,01633624114,381,1226,POINT (-3.0081632135795062 51.662573442910045)
maintained_schools_wg.1227,100101048217,6782326,Nant Celyn Primary School,678,Torfaen,Primary,Community,EM,English medium school / provision,"Nursery, Infants & Juniors",---,Henllys Way,Cwmbran,,,NP44 7DJ,01633624170,442,6782326,Nant Celyn Primary School,678,Torfaen,Cymuned,EM,Cyfrwng Saesneg,"Iau, babanod a meithrin",---,Henllys Way,Cwmbran,,,NP44 7DJ,01633624170,442,1227,POINT (-3.038920017593654 51.64236274901349)
maintained_schools_wg.1228,10091510773,6782327,Ysgol Panteg,678,Torfaen,Primary,Community,WM,Welsh medium school / provision (including transitional),"Nursery, Infants & Juniors",---,Station Road,Griffithstown,,Pontypool,NP4 5HP,01495762581,409,6782327,Ysgol Panteg,678,Torfaen,Cymuned,WM,Cyfrwng Cymraeg,"Iau, babanod a meithrin",---,Station Road,Griffithstown,,Pontypool,NP4 5HP,01495762581,409,1228,POINT (-3.01928952262683 51.67978391347401)
maintained_schools_wg.1229,10091510402,6783028,Blaenavon Heritage VC Primary School,678,Torfaen,Primary,Voluntary controlled,EM,English medium school / provision,"Nursery, Infants & Juniors",Church in Wales,Blaenavon Community Campus,Middle Coed Cae Road,Blaenavon,Torfaen,NP4 9AW,01495766500,472,6783028,Blaenavon Heritage VC Primary School,678,Torfaen,Gwirfoddol a Reolir,EM,Cyfrwng Saesneg,"Iau, babanod a meithrin",Eglwys yng Nghymru,Blaenavon Community Campus,Middle Coed Cae Road,Blaenavon,Torfaen,NP4 9AW,01495766500,472,1229,POINT (-3.07738562337104 51.77371757264294)
maintained_schools_wg.1230,100101048204,6783321,Cwmbran R.C. Jnr. & Infts.,678,Torfaen,Primary,Voluntary aided,EM,English medium school / provision,"Nursery, Infants & Juniors",Roman Catholic,Victoria Street,Cwmbran,Torfaen,,NP44 3JR,01633484673,209,6783321,Cwmbran R.C. Jnr. & Infts.,678,Torfaen,Gwirfoddol a Gynorthwyir,EM,Cyfrwng Saesneg,"Iau, babanod a meithrin",Eglwys Gatholig,Victoria Street,Cwmbran,Torfaen,,NP44 3JR,01633484673,209,1230,POINT (-3.022735795097763 51.64880381211046)
maintained_schools_wg.1231,200002953712,6783324,St. Davids Cwmbran R.C. School,678,Torfaen,Primary,Voluntary aided,EM,English medium school / provision,"Nursery, Infants & Juniors",Roman Catholic,Caldicot Way,Pontrhydyrun,Cwmbran,Torfaen,NP44 1UF,01633482580,232,6783324,St. Davids Cwmbran R.C. School,678,Torfaen,Gwirfoddol a Gynorthwyir,EM,Cyfrwng Saesneg,"Iau, babanod a meithrin",Eglwys Gatholig,Caldicot Way,Pontrhydyrun,Cwmbran,Torfaen,NP44 1UF,01633482580,232,1231,POINT (-3.019930447795838 51.66290898484772)
maintained_schools_wg.1232,100101048219,6783330,Henllys Church in Wales,678,Torfaen,Primary,Voluntary aided,EM,English medium school / provision,Infants & Juniors,Church in Wales,Ty Canol Way,Cwmbran,Torfaen,,NP44 6JA,01633877796,169,6783330,Henllys Church in Wales,678,Torfaen,Gwirfoddol a Gynorthwyir,EM,Cyfrwng Saesneg,Iau a babanod,Eglwys yng Nghymru,Ty Canol Way,Cwmbran,Torfaen,,NP44 6JA,01633877796,169,1232,POINT (-3.058179759897094 51.64211465646534)
maintained_schools_wg.1233,100101048422,6783331,Padre Pio RC Primary School,678,Torfaen,Primary,Voluntary aided,EM,English medium school / provision,Infants & Juniors,Roman Catholic,Conway Road,Pontypool,Torfaen,,NP4 6HL,01495742074,183,6783331,Padre Pio RC Primary School,678,Torfaen,Gwirfoddol a Gynorthwyir,EM,Cyfrwng Saesneg,Iau a babanod,Eglwys Gatholig,Conway Road,Pontypool,Torfaen,,NP4 6HL,01495742074,183,1233,POINT (-3.048745786972616 51.70363223676373)
maintained_schools_wg.1234,100101048485,6783332,PONTHIR CHURCH IN WALES SCHOOL,678,Torfaen,Primary,Voluntary aided,EM,English medium school / provision,Infants & Juniors,Church in Wales,Caerleon Road,Ponthir,Torfaen,,NP18 1GA,01633620999,101,6783332,PONTHIR CHURCH IN WALES SCHOOL,678,Torfaen,Gwirfoddol a Gynorthwyir,EM,Cyfrwng Saesneg,Iau a babanod,Eglwys yng Nghymru,Caerleon Road,Ponthir,Torfaen,,NP18 1GA,01633620999,101,1234,POINT (-2.9782568455920564 51.6318022003701)
maintained_schools_wg.1235,100101047915,6784051,Croesyceiliog School,678,Torfaen,Secondary,Community,EM,English medium school / provision,Secondary (ages 11-16),---,Woodland Road,Croesyceiliog,Cwmbran,Torfaen,NP44 2YB,01633645900,1185,6784051,Croesyceiliog School,678,Torfaen,Cymuned,EM,Cyfrwng Saesneg,Uwchradd (ystod oedran 11-16),---,Woodland Road,Croesyceiliog,Cwmbran,Torfaen,NP44 2YB,01633645900,1185,1235,POINT (-3.0062166651059212 51.65539340424623)
maintained_schools_wg.1236,200002953530,6784070,Abersychan Comprehensive,678,Torfaen,Secondary,Community,EM,English medium school / provision,Secondary (ages 11-16),---, INCLINE ROAD,ABERSYCHAN,Pontypool,Torfaen,NP4 7DF,01495773068,739,6784070,Abersychan Comprehensive,678,Torfaen,Cymuned,EM,Cyfrwng Saesneg,Uwchradd (ystod oedran 11-16),---, INCLINE ROAD,ABERSYCHAN,Pontypool,Torfaen,NP4 7DF,01495773068,739,1236,POINT (-3.0606595217383554 51.72787141837096)
maintained_schools_wg.1237,10091511733,6784072,West Monmouth School,678,Torfaen,Secondary,Community,EM,English medium school / provision,Secondary (ages 11-16),---,Blaendare Road,Pontypool,Torfaen,,NP4 5YG,01495762080,1149,6784072,West Monmouth School,678,Torfaen,Cymuned,EM,Cyfrwng Saesneg,Uwchradd (ystod oedran 11-16),---,Blaendare Road,Pontypool,Torfaen,,NP4 5YG,01495762080,1149,1237,POINT (-3.0376726235814084 51.69651670825397)
maintained_schools_wg.1238,200002953898,6784076,Cwmbran High School,678,Torfaen,Secondary,Community,EM,English medium school / provision,Secondary (ages 11-16),---,Ty Gwyn Way,Fairwater,Cwmbran,,NP44 4YZ,01633643950,1145,6784076,Cwmbran High School,678,Torfaen,Cymuned,EM,Cyfrwng Saesneg,Uwchradd (ystod oedran 11-16),---,Ty Gwyn Way,Fairwater,Cwmbran,,NP44 4YZ,01633643950,1145,1238,POINT (-3.05138736921529 51.64773248605335)
maintained_schools_wg.1239,100101048607,6784603,St. Albans R.C. High School,678,Torfaen,Secondary,Voluntary aided,EM,English medium school / provision,Secondary (ages 11-16),Roman Catholic,The Park,Pontypool,Torfaen,,NP4 6XG,01495765800,824,6784603,St. Albans R.C. High School,678,Torfaen,Gwirfoddol a Gynorthwyir,EM,Cyfrwng Saesneg,Uwchradd (ystod oedran 11-16),Eglwys Gatholig,The Park,Pontypool,Torfaen,,NP4 6XG,01495765800,824,1239,POINT (-3.0388734066529826 51.702827115628935)
maintained_schools_wg.1240,200001852514,6785500,Ysgol Gymraeg Gwynllyw,678,Torfaen,Middle,Community,WM,Welsh medium school / provision (including transitional),Middle (ages 3-19),Not available,Heol Folly,Trefddyn,Pontypool,Torfaen,NP4 8JD,01495750405,808,6785500,Ysgol Gymraeg Gwynllyw,678,Torfaen,Cymuned,WM,Cyfrwng Cymraeg,Canol (ystod oedran 3-19),Ddim ar gael,Heol Folly,Trefddyn,Pontypool,Torfaen,NP4 8JD,01495750405,808,1240,POINT (-3.036837054096811 51.71502856742475)
maintained_schools_wg.1241,200000946216,6792057,Gilwern Primary School,679,Monmouthshire,Primary,Community,EM,English medium school / provision,Infants & Juniors,---,Cae Meldon,Gilwern,Abergavenny,Monmouthshire,NP7 0AY,01873830325,213,6792057,Gilwern Primary School,679,Sir Fynwy,Cymuned,EM,Cyfrwng Saesneg,Iau a babanod,---,Cae Meldon,Gilwern,Abergavenny,Monmouthshire,NP7 0AY,01873830325,213,1241,POINT (-3.0911030332542415 51.82976215657928)
maintained_schools_wg.1242,10033344062,6792134,Goytre Fawr Primary,679,Monmouthshire,Primary,Community,EM,English medium school / provision,Infants & Juniors,---,Penperlleni,Nr Pontypool,Monmouthshire,,NP4 0AH,01873880369,182,6792134,Goytre Fawr Primary,679,Sir Fynwy,Cymuned,EM,Cyfrwng Saesneg,Iau a babanod,---,Penperlleni,Nr Pontypool,Monmouthshire,,NP4 0AH,01873880369,182,1242,POINT (-2.9825846456632337 51.73503326560175)
maintained_schools_wg.1243,200000949234,6792163,Undy Primary School,679,Monmouthshire,Primary,Community,EM,English medium school / provision,"Nursery, Infants & Juniors",---,Pennyfarthing Lane,Undy,Newport,Monmouthshire,NP26 3LZ,01633880021,417,6792163,Undy Primary School,679,Sir Fynwy,Cymuned,EM,Cyfrwng Saesneg,"Iau, babanod a meithrin",---,Pennyfarthing Lane,Undy,Newport,Monmouthshire,NP26 3LZ,01633880021,417,1243,POINT (-2.821963698448738 51.58030142587838)
maintained_schools_wg.1244,200000957604,6792164,ROGIET COUNTY PRIMARY,679,Monmouthshire,Primary,Community,EM,English medium school / provision,Infants & Juniors,---,Station Road,Rogiet,Newport,Monmouthshire,NP26 3SD,01291420348,198,6792164,ROGIET COUNTY PRIMARY,679,Sir Fynwy,Cymuned,EM,Cyfrwng Saesneg,Iau a babanod,---,Station Road,Rogiet,Newport,Monmouthshire,NP26 3SD,01291420348,198,1244,POINT (-2.780678856957614 51.58645952385288)
maintained_schools_wg.1245,100101032741,6792228,Pembroke Primary,679,Monmouthshire,Primary,Community,EM,English medium school / provision,"Nursery, Infants & Juniors",---,Fairfield Road,Bulwark,Chepstow,Monmouthshire,NP16 5JP,01291440920,262,6792228,Pembroke Primary,679,Sir Fynwy,Cymuned,EM,Cyfrwng Saesneg,"Iau, babanod a meithrin",---,Fairfield Road,Bulwark,Chepstow,Monmouthshire,NP16 5JP,01291622310,262,1245,POINT (-2.677459525457518 51.63132239719184)
maintained_schools_wg.1246,10033348141,6792243,LLANVIHANGEL CRUCORNEY COUNTY PRIMARY SCHOOL,679,Monmouthshire,Primary,Community,EM,English medium school / provision,Infants & Juniors,---,Pandy,Abergavenny,Monmouthshire,,NP7 8DL,01873890416,67,6792243,LLANVIHANGEL CRUCORNEY COUNTY PRIMARY SCHOOL,679,Sir Fynwy,Cymuned,EM,Cyfrwng Saesneg,Iau a babanod,---,Pandy,Abergavenny,Monmouthshire,,NP7 8DL,01873890416,67,1246,POINT (-2.9702138094435653 51.8861267687658)
maintained_schools_wg.1247,200000955501,6792246,Thornwell Primary School,679,Monmouthshire,Primary,Community,EM,English medium school / provision,"Nursery, Infants & Juniors",---,Thornwell Road,Bulwark,Chepstow,Monmouthshire,NP16 5NT,01291623390,254,6792246,Thornwell Primary School,679,Sir Fynwy,Cymuned,EM,Cyfrwng Saesneg,"Iau, babanod a meithrin",---,Thornwell Road,Bulwark,Chepstow,Monmouthshire,NP16 5NT,01291623390,254,1247,POINT (-2.6693749813288603 51.62505843164004)
maintained_schools_wg.1249,10033347804,6792263,Llandogo Primary,679,Monmouthshire,Primary,Community,EM,English medium school / provision,Infants & Juniors,---,Llandogo,Homlfield Drive,Monmouth,Monmouthshire,NP25 4TJ,01594530388,64,6792263,Llandogo Primary,679,Sir Fynwy,Cymuned,EM,Cyfrwng Saesneg,Iau a babanod,---,Llandogo,Homlfield Drive,Monmouth,Monmouthshire,NP25 4TJ,01594530388,64,1249,POINT (-2.6866666021157712 51.73527430656196)
maintained_schools_wg.1250,10033351567,6792299,Shirenewton Primary School,679,Monmouthshire,Primary,Community,EM,English medium school / provision,Infants & Juniors,---,Shirenewton,Chepstow,Monmouthshire,,NP16 6RN,01291641774,197,6792299,Shirenewton Primary School,679,Sir Fynwy,Cymuned,EM,Cyfrwng Saesneg,Iau a babanod,---,Shirenewton,Chepstow,Monmouthshire,,NP16 6RN,01291641774,197,1250,POINT (-2.7532625926070637 51.64276452837098)
maintained_schools_wg.1251,10033353078,6792301,Trellech Junior & Infants,679,Monmouthshire,Primary,Community,EM,English medium school / provision,Infants & Juniors,---,Trellech,Monmouth,Monmouthshire,,NP25 4PA,01600860395,169,6792301,Trellech Junior & Infants,679,Sir Fynwy,Cymuned,EM,Cyfrwng Saesneg,Iau a babanod,---,Trellech,Monmouth,Monmouthshire,,NP25 4PA,01600860395,169,1251,POINT (-2.7244007947731057 51.74754653027003)
maintained_schools_wg.1252,200000950246,6792303,The Dell Primary,679,Monmouthshire,Primary,Community,EM,English medium school / provision,Infants & Juniors,---,Welsh Street,Chepstow,Monmouthshire,,NP16 5UQ,01291635641,398,6792303,The Dell Primary,679,Sir Fynwy,Cymuned,EM,Cyfrwng Saesneg,Iau a babanod,---,Welsh Street,Chepstow,Monmouthshire,,NP16 5UQ,01291635641,398,1252,POINT (-2.679249593236532 51.643309272283076)
maintained_schools_wg.1253,100101032966,6792304,Overmonnow Primary School,679,Monmouthshire,Primary,Community,EM,English medium school / provision,"Nursery, Infants & Juniors",---,Rockfield Road,Monmouth,Monmouthshire,,NP25 5BA,01600713458,337,6792304,Overmonnow Primary School,679,Sir Fynwy,Cymuned,EM,Cyfrwng Saesneg,"Iau, babanod a meithrin",---,Rockfield Road,Monmouth,Monmouthshire,,NP25 5BA,01600713458,337,1253,POINT (-2.726796931616041 51.81033429535239)
maintained_schools_wg.1254,10033353048,6792305,Cross Ash County Primary School,679,Monmouthshire,Primary,Community,EM,English medium school / provision,Infants & Juniors,---,Cross Ash,Abergavenny,Monmouthshire,,NP7 8PL,01873821427,166,6792305,Cross Ash County Primary School,679,Sir Fynwy,Cymuned,EM,Cyfrwng Saesneg,Iau a babanod,---,Cross Ash,Abergavenny,Monmouthshire,,NP7 8PL,01873821427,166,1254,POINT (-2.8649408056352197 51.8750063388368)
maintained_schools_wg.1255,10033353079,6792317,Ysgol Gymraeg Y Fenni,679,Monmouthshire,Primary,Community,WM,Welsh medium school / provision (including transitional),"Nursery, Infants & Juniors",---,St David's Road,Abergavenny,,,NP7 6HF,01873852388,271,6792317,Ysgol Gymraeg Y Fenni,679,Sir Fynwy,Cymuned,WM,Cyfrwng Cymraeg,"Iau, babanod a meithrin",---,St David's Road,Abergavenny,,,NP7 6HF,01873852388,271,1255,POINT (-3.008955032145888 51.83479043465028)
maintained_schools_wg.1256,10033356929,6792318,YSGOL GYMRAEG Y FFIN,679,Monmouthshire,Primary,Voluntary controlled,WM,Welsh medium school / provision (including transitional),"Nursery, Infants & Juniors",---,Sandy Lane,Caldicot,,,NP26 4NQ,01291420331,157,6792318,YSGOL GYMRAEG Y FFIN,679,Sir Fynwy,Gwirfoddol a Reolir,WM,Cyfrwng Cymraeg,"Iau, babanod a meithrin",---,Sandy Lane,Caldicot,,,NP26 4NQ,01291420331,157,1256,POINT (-2.7577846425413415 51.59582095734896)
maintained_schools_wg.1257,10033353070,6792319,Cantref Primary,679,Monmouthshire,Primary,Community,EM,English medium school / provision,Infants & Juniors,---,Harold Road,Abergavenny,Monmouthshire,,NP7 7DG,01873854697,235,6792319,Cantref Primary,679,Sir Fynwy,Cymuned,EM,Cyfrwng Saesneg,Iau a babanod,---,Harold Road,Abergavenny,Monmouthshire,,NP7 7DG,01873854697,235,1257,POINT (-3.0266109383409474 51.82743693541992)
maintained_schools_wg.1258,10033353051,6792321,KYMIN VIEW PRIMARY SCHOOL,679,Monmouthshire,Primary,Community,EM,English medium school / provision,"Nursery, Infants & Juniors",---,Wyesham Road,Monmouth,,,NP25 3JR,01600714146,145,6792321,KYMIN VIEW PRIMARY SCHOOL,679,Sir Fynwy,Cymuned,EM,Cyfrwng Saesneg,"Iau, babanod a meithrin",---,Wyesham Road,Monmouth,,,NP25 3JR,01600714146,145,1258,POINT (-2.6998395348039503 51.80600751230414)
maintained_schools_wg.1259,10033357446,6792322,Castle Park Primary School,679,Monmouthshire,Primary,Community,EM,English medium school / provision,Infants & Juniors,---,Church Road,Caldicot,Monmouthshire,,NP26 4HN,01291420465,186,6792322,Castle Park Primary School,679,Sir Fynwy,Cymuned,EM,Cyfrwng Saesneg,Iau a babanod,---,Church Road,Caldicot,Monmouthshire,,NP26 4HN,01291420465,186,1259,POINT (-2.7491673049066425 51.59344939586502)
maintained_schools_wg.1260,10033356931,6792323,Llanfoist Fawr Primary,679,Monmouthshire,Primary,Community,EM,English medium school / provision,Infants & Juniors,---,Llanfoist,Abergavenny,Monmouthshire,,NP7 9FD,01873737110,209,6792323,Llanfoist Fawr Primary,679,Sir Fynwy,Cymuned,EM,Cyfrwng Saesneg,Iau a babanod,---,Llanfoist,Abergavenny,Monmouthshire,,NP7 9FD,01873853093,209,1260,POINT (-3.0284605893683056 51.81118443967544)
maintained_schools_wg.1261,10033363891,6792324,Dewstow,679,Monmouthshire,Primary,Community,EM,English medium school / provision,"Nursery, Infants & Juniors",---,Green Lane,Caldicot,Newport,Monmouthshire,NP26 4EE,01291636360,204,6792324,Dewstow,679,Sir Fynwy,Cymuned,EM,Cyfrwng Saesneg,"Iau, babanod a meithrin",---,Green Lane,Caldicot,Newport,Monmouthshire,NP26 4EE,01291636360,204,1261,POINT (-2.759058351915994 51.59247651974526)
maintained_schools_wg.1262,200000947645,6793004,Llantilio Pertholey CV Primary,679,Monmouthshire,Primary,Voluntary controlled,EM,English medium school / provision,Infants & Juniors,Church in Wales,Hillgrove Avenue,Mardy  Abergavenny,Monmouthshire,,NP7 6LZ,01873853746,203,6793004,Llantilio Pertholey CV Primary,679,Sir Fynwy,Gwirfoddol a Reolir,EM,Cyfrwng Saesneg,Iau a babanod,Eglwys yng Nghymru,Hillgrove Avenue,Mardy  Abergavenny,Monmouthshire,,NP7 6LZ,01873853746,203,1262,POINT (-3.009487157256517 51.840048908982205)
maintained_schools_wg.1263,100101033055,6793022,Usk Primary School,679,Monmouthshire,Primary,Voluntary controlled,EM,English medium school / provision,Infants & Juniors,Church in Wales,Monmouth Road,Usk,Monmouthshire,,NP15 1SE,01291673818,261,6793022,Usk Primary School,679,Sir Fynwy,Gwirfoddol a Reolir,EM,Cyfrwng Saesneg,Iau a babanod,Eglwys yng Nghymru,Monmouth Road,Usk,Monmouthshire,,NP15 1SE,01291673818,261,1263,POINT (-2.8977492228940154 51.70532173375351)
maintained_schools_wg.1264,200000947967,6793031,Raglan Primary,679,Monmouthshire,Primary,Voluntary controlled,EM,English medium school / provision,Infants & Juniors,Church in Wales, STATION ROAD,RAGLAN,Monmouthshire,,NP15 2EN,01291690704,165,6793031,Raglan Primary,679,Sir Fynwy,Gwirfoddol a Reolir,EM,Cyfrwng Saesneg,Iau a babanod,Eglwys yng Nghymru, STATION ROAD,RAGLAN,Monmouthshire,,NP15 2EN,01291690704,165,1264,POINT (-2.848877730649708 51.763898218256415)
maintained_schools_wg.1266,10033344344,6793310,Magor V A Primary School,679,Monmouthshire,Primary,Voluntary aided,EM,English medium school / provision,"Nursery, Infants & Juniors",Church in Wales,Sycamore Terrace,Magor,Newport,Monmouthshire,NP26 3EG,01633880327,290,6793310,Magor V A Primary School,679,Sir Fynwy,Gwirfoddol a Gynorthwyir,EM,Cyfrwng Saesneg,"Iau, babanod a meithrin",Eglwys yng Nghymru,Sycamore Terrace,Magor,Newport,Monmouthshire,NP26 3EG,01633880327,290,1266,POINT (-2.8287881193040953 51.58000129608472)
maintained_schools_wg.1267,200000946591,6793317,Our Lady & St Michael's RC,679,Monmouthshire,Primary,Voluntary aided,EM,English medium school / provision,Infants & Juniors,Roman Catholic,14  Pen Y Pound Road,Abergavenny,Monmouthshire,,NP7 5UD,01873735080,203,6793317,Our Lady & St Michael's RC,679,Sir Fynwy,Gwirfoddol a Gynorthwyir,EM,Cyfrwng Saesneg,Iau a babanod,Eglwys Gatholig,14  Pen Y Pound Road,Abergavenny,Monmouthshire,,NP7 5UD,01873735080,203,1267,POINT (-3.021968387829787 51.82651710829699)
maintained_schools_wg.1268,200000950049,6793326,ST MARY'S R.C.P.SCHOOL,679,Monmouthshire,Primary,Voluntary aided,EM,English medium school / provision,Infants & Juniors,Roman Catholic,Bulwark Road,Chepstow,Monmouthshire,,NP16 5JE,01291623006,117,6793326,ST MARY'S R.C.P.SCHOOL,679,Sir Fynwy,Gwirfoddol a Gynorthwyir,EM,Cyfrwng Saesneg,Iau a babanod,Eglwys Gatholig,Bulwark Road,Chepstow,Monmouthshire,,NP16 5JE,01291623006,117,1268,POINT (-2.6787860779010217 51.63549843274151)
maintained_schools_wg.1269,10033353045,6793327,ARCHBISHOP ROWAN WILLIAMS VA,679,Monmouthshire,Primary,Voluntary aided,EM,English medium school / provision,Infants & Juniors,Church in Wales,Crick Road,Portskewett,Monmouthshire,,NP26 5UL,01291420526,210,6793327,ARCHBISHOP ROWAN WILLIAMS VA,679,Sir Fynwy,Gwirfoddol a Gynorthwyir,EM,Cyfrwng Saesneg,Iau a babanod,Eglwys yng Nghymru,Crick Road,Portskewett,Monmouthshire,,NP26 5UL,01291420526,210,1269,POINT (-2.7255348805655197 51.59184473711817)
maintained_schools_wg.1270,10033346463,6794060,Monmouth Comprehensive School,679,Monmouthshire,Secondary,Community,EM,English medium school / provision,Secondary (ages 11-19),---,Old Dixton Road,Monmouth,Monmouthshire,,NP25 3YT,01600775177,1696,6794060,Monmouth Comprehensive School,679,Sir Fynwy,Cymuned,EM,Cyfrwng Saesneg,Uwchradd (ystod oedran 11-19),---,Old Dixton Road,Monmouth,Monmouthshire,,NP25 3YT,01600775177,1696,1270,POINT (-2.7093763400180846 51.81496694006249)
maintained_schools_wg.1272,200000956640,6794066,Caldicot School,679,Monmouthshire,Secondary,Community,EM,English medium school / provision,Secondary (ages 11-19),---,Mill Lane,Caldicot,Monmouthshire,,NP26 5XA,01291426436,1247,6794066,Caldicot School,679,Sir Fynwy,Cymuned,EM,Cyfrwng Saesneg,Uwchradd (ystod oedran 11-19),---,Mill Lane,Caldicot,Monmouthshire,,NP26 5XA,01291426436,1247,1272,POINT (-2.7511341980613717 51.58952048485912)
maintained_schools_wg.1273,100101046360,6802003,Clytha Primary School,680,Newport,Primary,Community,EM,English medium school / provision,"Nursery, Infants & Juniors",---,Bryngwyn Road,Newport,,,NP20 4JT,01633265266,238,6802003,Clytha Primary School,680,Casnewydd,Cymuned,EM,Cyfrwng Saesneg,"Iau, babanod a meithrin",---,Bryngwyn Road,Newport,,,NP20 4JT,01633265266,238,1273,POINT (-3.011340249688717 51.58487332534842)
maintained_schools_wg.1274,100101046183,6802004,Crindau Primary School,680,Newport,Primary,Community,EM,English medium school / provision,"Nursery, Infants & Juniors",---,Ailesbury Street,Newport,,,NP20 5ND,01633858268,367,6802004,Crindau Primary School,680,Casnewydd,Cymuned,EM,Cyfrwng Saesneg,"Iau, babanod a meithrin",---,Ailesbury Street,Newport,,,NP20 5ND,01633858268,367,1274,POINT (-2.996354431466794 51.5992083067308)
maintained_schools_wg.1275,100101046535,6802009,Eveswell Primary School,680,Newport,Primary,Community,EM,English medium school / provision,"Nursery, Infants & Juniors",---,Chepstow Road,Newport,,,NP19 8GX,01633272142,486,6802009,Eveswell Primary School,680,Casnewydd,Cymuned,EM,Cyfrwng Saesneg,"Iau, babanod a meithrin",---,Chepstow Road,Newport,,,NP19 8GX,01633272142,486,1275,POINT (-2.973336933746692 51.58960061502163)
maintained_schools_wg.1276,100101047361,6802017,Maesglas Primary & Nursery,680,Newport,Primary,Community,EM,English medium school / provision,"Nursery, Infants & Juniors",---,Maesglas Road,Newport,,,NP20 3DG,01633816047,294,6802017,Maesglas Primary & Nursery,680,Casnewydd,Cymuned,EM,Cyfrwng Saesneg,"Iau, babanod a meithrin",---,Maesglas Road,Newport,,,NP20 3DG,01633816047,294,1276,POINT (-3.0106674756901994 51.5669137776673)
maintained_schools_wg.1277,100100969765,6802019,Maindee Primary,680,Newport,Primary,Community,EM,English medium school / provision,"Nursery, Infants & Juniors",---,Rodney Road,Newport,,,NP19 0AP,01633263309,542,6802019,Maindee Primary,680,Casnewydd,Cymuned,EM,Cyfrwng Saesneg,"Iau, babanod a meithrin",---,Rodney Road,Newport,,,NP19 0AP,01633263309,542,1277,POINT (-2.9866094817992863 51.58725085585838)
maintained_schools_wg.1278,100101047816,6802022,Malpas Court Primary,680,Newport,Primary,Community,EM,English medium school / provision,"Nursery, Infants & Juniors",---,Whittle Drive,Newport,,,NP20 6NS,01633855005,232,6802022,Malpas Court Primary,680,Casnewydd,Cymuned,EM,Cyfrwng Saesneg,"Iau, babanod a meithrin",---,Whittle Drive,Newport,,,NP20 6NS,01633855005,232,1278,POINT (-3.0120397885784773 51.61764177369414)
maintained_schools_wg.1279,100101047727,6802027,St. Woolos Primary,680,Newport,Primary,Community,EM,English medium school / provision,"Nursery, Infants & Juniors",---,Stow Hill,Newport,,,NP20 4DW,01633265792,349,6802027,St. Woolos Primary,680,Casnewydd,Cymuned,EM,Cyfrwng Saesneg,"Iau, babanod a meithrin",---,Stow Hill,Newport,,,NP20 4DW,01633265792,349,1279,POINT (-2.9973400337676046 51.58488525745137)
maintained_schools_wg.1280,100101047109,6802030,Somerton Primary,680,Newport,Primary,Community,EM,English medium school / provision,"Nursery, Infants & Juniors",---,Hawthorn Fosse,Newport,,,NP19 9AB,01633272504,182,6802030,Somerton Primary,680,Casnewydd,Cymuned,EM,Cyfrwng Saesneg,"Iau, babanod a meithrin",---,Hawthorn Fosse,Newport,,,NP19 9AB,01633272504,182,1280,POINT (-2.9595143938616255 51.5871518456696)
maintained_schools_wg.1281,100101047435,6802039,Glasllwch Primary School,680,Newport,Primary,Community,EM,English medium school / provision,"Nursery, Infants & Juniors",---,Melbourne Way,Newport,,,NP20 3RH,01633266398,229,6802039,Glasllwch Primary School,680,Casnewydd,Cymuned,EM,Cyfrwng Saesneg,"Iau, babanod a meithrin",---,Melbourne Way,Newport,,,NP20 3RH,01633266398,229,1281,POINT (-3.028037428999289 51.58221055954498)
maintained_schools_wg.1282,100101047788,6802043,Malpas Park Jnr & Infts.,680,Newport,Primary,Community,EM,English medium school / provision,Infants & Juniors,---,Wavell Drive,Malpas,Newport,,NP20 6LE,01633675900,239,6802043,Malpas Park Jnr & Infts.,680,Casnewydd,Cymuned,EM,Cyfrwng Saesneg,Iau a babanod,---,Wavell Drive,Malpas,Newport,,NP20 6LE,01633675900,239,1282,POINT (-3.0064788804819162 51.61707978094016)
maintained_schools_wg.1283,100101047475,6802209,Langstone Primary School,680,Newport,Primary,Community,EM,English medium school / provision,"Nursery, Infants & Juniors",---,Old Roman Road,Langstone,Newport,,NP18 2JU,01633412200,346,6802209,Langstone Primary School,680,Casnewydd,Cymuned,EM,Cyfrwng Saesneg,"Iau, babanod a meithrin",---,Old Roman Road,Langstone,Newport,,NP18 2JU,01633412200,346,1283,POINT (-2.893154593754197 51.61259132265753)
maintained_schools_wg.1284,100101047783,6802224,Llanmartin Junior & Infants,680,Newport,Primary,Community,EM,English medium school / provision,"Nursery, Infants & Juniors",---,Waltwood Road,Llanmartin,Newport,,NP18 2HB,01633412660,121,6802224,Llanmartin Junior & Infants,680,Casnewydd,Cymuned,EM,Cyfrwng Saesneg,"Iau, babanod a meithrin",---,Waltwood Road,Llanmartin,Newport,,NP18 2HB,01633412660,121,1284,POINT (-2.8944370346254145 51.59407693845756)
maintained_schools_wg.1285,100101046172,6802236,Marshfield Primary School,680,Newport,Primary,Community,EM,English medium school / provision,"Nursery, Infants & Juniors",---,Marshfield Road,Castleton,Newport,,CF3 2UW,01633680303,444,6802236,Marshfield Primary School,680,Casnewydd,Cymuned,EM,Cyfrwng Saesneg,"Iau, babanod a meithrin",---,Marshfield Road,Castleton,Newport,,CF3 2UW,01633680303,444,1285,POINT (-3.076332494952346 51.54019973354123)
maintained_schools_wg.1286,100101047564,6802258,Mount Pleasant Primary,680,Newport,Primary,Community,EM,English medium school / provision,Infants & Juniors,---,Ruskin Avenue,Rogerstone,Newport,,NP10 0AB,01633894820,265,6802258,Mount Pleasant Primary,680,Casnewydd,Cymuned,EM,Cyfrwng Saesneg,Iau a babanod,---,Ruskin Avenue,Rogerstone,Newport,,NP10 0AB,01633894820,265,1286,POINT (-3.0480605467657274 51.59434301542518)
maintained_schools_wg.1287,100101046949,6802276,Rogerstone Primary,680,Newport,Primary,Community,EM,English medium school / provision,"Nursery, Infants & Juniors",---,Ebenezer Drive,Highcross Estate,Rogerstone,Newport,NP10 9YX,01633831610,477,6802276,Rogerstone Primary,680,Casnewydd,Cymuned,EM,Cyfrwng Saesneg,"Iau, babanod a meithrin",---,Ebenezer Drive,Highcross Estate,Rogerstone,Newport,NP10 9YX,01633831610,477,1287,POINT (-3.049727909684004 51.586514353304935)
maintained_schools_wg.1288,100101047118,6802295,HIGH CROSS PRIMARY SCHOOL,680,Newport,Primary,Community,EM,English medium school / provision,"Nursery, Infants & Juniors",---,High Cross Drive,High Cross,Rogerstone,Newport,NP10 9AB,01633895472,257,6802295,HIGH CROSS PRIMARY SCHOOL,680,Casnewydd,Cymuned,EM,Cyfrwng Saesneg,"Iau, babanod a meithrin",---,High Cross Drive,High Cross,Rogerstone,Newport,NP10 9AB,01633895472,257,1288,POINT (-3.038514524155358 51.586596148618675)
maintained_schools_wg.1289,100101046857,6802300,Pentrepoeth Primary,680,Newport,Primary,Community,EM,English medium school / provision,"Nursery, Infants & Juniors",---,Bryn Hedydd,Cwm Cwddy Drive,Bassaleg,Newport,NP10 8JN,01633896101,456,6802300,Pentrepoeth Primary,680,Casnewydd,Cymuned,EM,Cyfrwng Saesneg,"Iau, babanod a meithrin",---,Bryn Hedydd,Cwm Cwddy Drive,Bassaleg,Newport,NP10 8JN,01633896101,456,1289,POINT (-3.0602007199662413 51.577563385309425)
maintained_schools_wg.1290,200001852533,6802302,Pillgwenlly Primary School,680,Newport,Primary,Community,EM,English medium school / provision,"Nursery, Infants & Juniors",---,Capel Crescent,Newport,,,NP20 2FT,01633265268,656,6802302,Pillgwenlly Primary School,680,Casnewydd,Cymuned,EM,Cyfrwng Saesneg,"Iau, babanod a meithrin",---,Capel Crescent,Newport,,,NP20 2FT,01633265268,656,1290,POINT (-2.992642457013878 51.577611826886056)
maintained_schools_wg.1291,200001852525,6802314,Ysgol Gymraeg Casnewydd,680,Newport,Primary,Community,WM,Welsh medium school / provision (including transitional),"Nursery, Infants & Juniors",---,Hartridge Farm Road,Casnewydd,,,NP18 2LN,01633290270,355,6802314,Ysgol Gymraeg Casnewydd,680,Casnewydd,Cymuned,WM,Cyfrwng Cymraeg,"Iau, babanod a meithrin",---,Hartridge Farm Road,Casnewydd,,,NP18 2LN,01633290270,355,1291,POINT (-2.934688563542758 51.58508634006443)
maintained_schools_wg.1292,100101046179,6802315,Alway Primary School,680,Newport,Primary,Community,EM,English medium school / provision,"Nursery, Infants & Juniors",---,Aberthaw Road,Newport,,,NP19 9QP,01633277905,395,6802315,Alway Primary School,680,Casnewydd,Cymuned,EM,Cyfrwng Saesneg,"Iau, babanod a meithrin",---,Aberthaw Road,Newport,,,NP19 9QP,01633277905,395,1292,POINT (-2.952488881573088 51.58595924985032)
maintained_schools_wg.1293,100101046868,6802316,RINGLAND PRIMARY,680,Newport,Primary,Community,EM,English medium school / provision,"Nursery, Infants & Juniors",---,Dunstable Road,Newport,,,NP19 9LU,01633272308,211,6802316,RINGLAND PRIMARY,680,Casnewydd,Cymuned,EM,Cyfrwng Saesneg,"Iau, babanod a meithrin",---,Dunstable Road,Newport,,,NP19 9LU,01633272308,211,1293,POINT (-2.9381439740379838 51.58887120414365)
maintained_schools_wg.1294,100101047485,6802317,Millbrook Primary,680,Newport,Primary,Community,EM,English medium school / provision,"Nursery, Infants & Juniors",---, PARRET ROAD,BETTWS,,,NP20 7DQ,01633855100,265,6802317,Millbrook Primary,680,Casnewydd,Cymuned,EM,Cyfrwng Saesneg,"Iau, babanod a meithrin",---, PARRET ROAD,BETTWS,,,NP20 7DQ,01633855100,265,1294,POINT (-3.01847084277708 51.611993363547384)
maintained_schools_wg.1295,100101046859,6802318,Monnow Primary,680,Newport,Primary,Community,EM,English medium school / provision,"Nursery, Infants & Juniors",---,Darent Close,Newport,,,NP20 7SQ,01633852636,387,6802318,Monnow Primary,680,Casnewydd,Cymuned,EM,Cyfrwng Saesneg,"Iau, babanod a meithrin",---,Darent Close,Newport,,,NP20 7SQ,01633852636,387,1295,POINT (-3.032745338615016 51.60906323751514)
maintained_schools_wg.1296,10010553071,6802319,Glan Usk Primary,680,Newport,Primary,Community,EM,English medium school / provision,"Nursery, Infants & Juniors",---,Bank Street,Newport,,,NP19 7HF,01633259445,678,6802319,Glan Usk Primary,680,Casnewydd,Cymuned,EM,Cyfrwng Saesneg,"Iau, babanod a meithrin",---,Bank Street,Newport,,,NP19 7HF,01633259445,678,1296,POINT (-2.9871901498085336 51.60096377054075)
maintained_schools_wg.1297,100101047440,6802320,Ysgol Gymraeg Ifor Hael,680,Newport,Primary,Community,WM,Welsh medium school / provision (including transitional),"Nursery, Infants & Juniors",---,Clos Meon,Bettws,Newport,,NP20 7DU,01633414694,193,6802320,Ysgol Gymraeg Ifor Hael,680,Casnewydd,Cymuned,WM,Cyfrwng Cymraeg,"Iau, babanod a meithrin",---,Clos Meon,Bettws,Newport,,NP20 7DU,01633414694,193,1297,POINT (-3.0169167952808564 51.611602216263286)
maintained_schools_wg.1298,10014123941,6802321,Lliswerry Primary School,680,Newport,Primary,Community,EM,English medium school / provision,"Nursery, Infants & Juniors",---,Nash Road,Newport,,,NP19 4NG,01633277015,621,6802321,Lliswerry Primary School,680,Casnewydd,Cymuned,EM,Cyfrwng Saesneg,"Iau, babanod a meithrin",---,Nash Road,Newport,,,NP19 4NG,01633277015,621,1298,POINT (-2.9579169676564647 51.57914437150115)
maintained_schools_wg.1299,100101046241,6802322,St. Julians Primary School,680,Newport,Primary,Community,EM,English medium school / provision,"Nursery, Infants & Juniors",---,Beaufort Road,Newport,,,NP19 7UB,01633259563,700,6802322,St. Julians Primary School,680,Casnewydd,Cymuned,EM,Cyfrwng Saesneg,"Iau, babanod a meithrin",---,Beaufort Road,Newport,,,NP19 7UB,01633259563,700,1299,POINT (-2.9647039760731464 51.5997784725362)
maintained_schools_wg.1300,100101046359,6802323,Ysgol Gymraeg Bro Teyrnon,680,Newport,Primary,Community,WM,Welsh medium school / provision (including transitional),"Nursery, Infants & Juniors",---,Brynglas Drive,Casnewydd,,,NP20 5QS,01633850804,212,6802323,Ysgol Gymraeg Bro Teyrnon,680,Casnewydd,Cymuned,WM,Cyfrwng Cymraeg,"Iau, babanod a meithrin",---,Brynglas Drive,Casnewydd,,,NP20 5QS,01633850804,212,1300,POINT (-3.0004229005186636 51.60695144253363)
maintained_schools_wg.1301,10093294849,6802324,Caerleon Lodge Hill Primary,680,Newport,Primary,Community,EM,English medium school / provision,"Nursery, Infants & Juniors",---,Lodge Hill,Caerleon,Newport,,NP18 3BY,01633414904,317,6802324,Caerleon Lodge Hill Primary,680,Casnewydd,Cymuned,EM,Cyfrwng Saesneg,"Iau, babanod a meithrin",---,Lodge Hill,Caerleon,Newport,,NP18 3BY,01633414904,317,1301,POINT (-2.9693286646413473 51.61652136880228)
maintained_schools_wg.1302,10090952610,6802325,St Andrews Primary School,680,Newport,Primary,Community,EM,English medium school / provision,"Nursery, Infants & Juniors",---,Milner Street,Newport,,,NP19 0GR,01633839795,737,6802325,St Andrews Primary School,680,Casnewydd,Cymuned,EM,Cyfrwng Saesneg,"Iau, babanod a meithrin",---,Milner Street,Newport,,,NP19 0GR,01633257261,737,1302,POINT (-2.9710893275009047 51.580905992125366)
maintained_schools_wg.1303,10090953337,6802326,Gaer Primary School,680,Newport,Primary,Community,EM,English medium school / provision,"Nursery, Infants & Juniors",---,Gaer Road,Newport,,,NP20 3GY,01633263407,477,6802326,Gaer Primary School,680,Casnewydd,Cymuned,EM,Cyfrwng Saesneg,"Iau, babanod a meithrin",---,Gaer Road,Newport,,,NP20 3GY,01633263407,477,1303,POINT (-3.0165643671670357 51.57662527080473)
maintained_schools_wg.1304,10093295632,6802327,Tredegar Park Primary,680,Newport,Primary,Community,EM,English medium school / provision,"Nursery, Infants & Juniors",---,Partridge Way,Duffryn,,Newport,NP10 8WP,01633817161,455,6802327,Tredegar Park Primary,680,Casnewydd,Cymuned,EM,Cyfrwng Saesneg,"Iau, babanod a meithrin",---,Partridge Way,Duffryn,,Newport,NP10 8WP,01633817161,455,1304,POINT (-3.0179724037616364 51.562656990031606)
maintained_schools_wg.1305,10093295457,6802328,Jubilee Park Primary School,680,Newport,Primary,Community,EM,English medium school / provision,"Nursery, Infants & Juniors",---,temp postcode,,Rogerstone,Newport,NP10 9NL,01633414630,364,6802328,Jubilee Park Primary School,680,Casnewydd,Cymuned,EM,Cyfrwng Saesneg,"Iau, babanod a meithrin",---,temp postcode,,Rogerstone,Newport,NP10 9NL,01633414630,364,1305,POINT (-3.057213542298928 51.58325609092933)
maintained_schools_wg.1306,10093296179,6802329,Milton Primary School,680,Newport,Primary,Community,EM,English medium school / provision,"Nursery, Infants & Juniors",---,Hendre Farm Drive,,,Newport,NP19 9HB,01633273505,469,6802329,Milton Primary School,680,Casnewydd,Cymuned,EM,Cyfrwng Saesneg,"Iau, babanod a meithrin",---,Hendre Farm Drive,,,Newport,NP19 9HB,01633273505,469,1306,POINT (-2.929300018356872 51.59601535132997)
maintained_schools_wg.1307,10093296182,6802330,Glan Llyn Primary School,680,Newport,Primary,Community,EM,English medium school / provision,"Nursery, Infants & Juniors",---,Bessemer Drive,,Newport,,NP19 4EB,01633414616,459,6802330,Glan Llyn Primary School,680,Casnewydd,Cymuned,EM,Cyfrwng Saesneg,"Iau, babanod a meithrin",---,Bessemer Drive,,Newport,,NP19 4EB,01633414616,459,1307,POINT (-2.9359265395488032 51.57761460436118)
maintained_schools_wg.1308,10094538711,6802331,Ysgol Gymraeg Nant Gwenlli,680,Newport,Primary,Community,WM,Welsh medium school / provision (including transitional),Nursery & Infants,Not available,ROMAN WAY,CAERLEON,,NEWPORT,NP18 3DY,01633414698,40,6802331,Ysgol Gymraeg Nant Gwenlli,680,Casnewydd,Cymuned,WM,Cyfrwng Cymraeg,Babanod a meithrin,Ddim ar gael,ROMAN WAY,CAERLEON,,NEWPORT,NP18 3DY,01633414698,40,1308,POINT (-2.9677867643770828 51.6167765956735)
maintained_schools_wg.1309,10093296178,6803002,Malpas Church in Wales Primary School,680,Newport,Primary,Voluntary controlled,EM,English medium school / provision,"Nursery, Infants & Juniors",Church in Wales,Yewberry Close,Malpas,,Newport,NP20 6WJ,01633439255,282,6803002,Malpas Church in Wales Primary School,680,Casnewydd,Gwirfoddol a Reolir,EM,Cyfrwng Saesneg,"Iau, babanod a meithrin",Eglwys yng Nghymru,Yewberry Close,Malpas,,Newport,NP20 6WJ,01633439255,282,1309,POINT (-3.0019554708661813 51.60982386587854)
maintained_schools_wg.1310,10002147596,6803300,St. Davids Primary,680,Newport,Primary,Voluntary aided,EM,English medium school / provision,Infants & Juniors,Roman Catholic,Park Crescent,Newport,,,NP20 3AQ,01633816027,215,6803300,St. Davids Primary,680,Casnewydd,Gwirfoddol a Gynorthwyir,EM,Cyfrwng Saesneg,Iau a babanod,Eglwys Gatholig,Park Crescent,Newport,,,NP20 3AQ,01633816027,215,1310,POINT (-3.01943971573865 51.56949941891225)
maintained_schools_wg.1311,100101047041,6803301,St Josephs R.C. Jnr. & Infts,680,Newport,Primary,Voluntary aided,EM,English medium school / provision,Infants & Juniors,Roman Catholic,Fairoak Avenue,Newport,,,NP19 8FW,01633258801,206,6803301,St Josephs R.C. Jnr. & Infts,680,Casnewydd,Gwirfoddol a Gynorthwyir,EM,Cyfrwng Saesneg,Iau a babanod,Eglwys Gatholig,Fairoak Avenue,Newport,,,NP19 8FW,01633258801,206,1311,POINT (-2.9790406913465097 51.59237653431742)
maintained_schools_wg.1312,100101047528,6803302,St Marys Primary School,680,Newport,Primary,Voluntary aided,EM,English medium school / provision,Infants & Juniors,Roman Catholic,Queens Hill,Newport,,,NP20 5HJ,01633840490,413,6803302,St Marys Primary School,680,Casnewydd,Gwirfoddol a Gynorthwyir,EM,Cyfrwng Saesneg,Iau a babanod,Eglwys Gatholig,Queens Hill,Newport,,,NP20 5HJ,01633840490,413,1312,POINT (-3.0012115516209987 51.591969529208356)
maintained_schools_wg.1313,100100973012,6803304,St Michael's RC Primary School,680,Newport,Primary,Voluntary aided,EM,English medium school / provision,"Nursery, Infants & Juniors",Roman Catholic,Baldwin Close,Newport,,,NP20 2LW,01633262078,250,6803304,St Michael's RC Primary School,680,Casnewydd,Gwirfoddol a Gynorthwyir,EM,Cyfrwng Saesneg,"Iau, babanod a meithrin",Eglwys Gatholig,Baldwin Close,Newport,,,NP20 2LW,01633262078,250,1313,POINT (-2.9933199434046847 51.57394954762099)
maintained_schools_wg.1314,100101047040,6803305,St Patricks R.C. Primary,680,Newport,Primary,Voluntary aided,EM,English medium school / provision,"Nursery, Infants & Juniors",Roman Catholic,Fairfax Road,Newport,,,NP19 0HR,01633272488,240,6803305,St Patricks R.C. Primary,680,Casnewydd,Gwirfoddol a Gynorthwyir,EM,Cyfrwng Saesneg,"Iau, babanod a meithrin",Eglwys Gatholig,Fairfax Road,Newport,,,NP19 0HR,01633272488,240,1314,POINT (-2.966625854617007 51.58421615966079)
maintained_schools_wg.1315,100101047538,6803306,St. Gabriel's R.C.,680,Newport,Primary,Voluntary aided,EM,English medium school / provision,Infants & Juniors,Roman Catholic,Ringland Circle,Newport,,,NP19 9PQ,01633273937,211,6803306,St. Gabriel's R.C.,680,Casnewydd,Gwirfoddol a Gynorthwyir,EM,Cyfrwng Saesneg,Iau a babanod,Eglwys Gatholig,Ringland Circle,Newport,,,NP19 9PQ,01633273937,211,1315,POINT (-2.938613314940865 51.592032493491516)
maintained_schools_wg.1316,10090952609,6803313,Charles Williams Church In Wales Primary School,680,Newport,Primary,Voluntary aided,EM,English medium school / provision,"Nursery, Infants & Juniors",Church in Wales,High Street,Caerleon,,,NP18 1AZ,01633423497,515,6803313,Charles Williams Church In Wales Primary School,680,Casnewydd,Gwirfoddol a Gynorthwyir,EM,Cyfrwng Saesneg,"Iau, babanod a meithrin",Eglwys yng Nghymru,High Street,Caerleon,,,NP18 1AZ,01633423497,515,1316,POINT (-2.9572211260993537 51.61039191404594)
maintained_schools_wg.1317,100101047110,6804003,St Julian's School,680,Newport,Secondary,Community,EM,English medium school / provision,Secondary (ages 11-19),---,Heather Road,St Julian's,Newport,,NP19 7XU,01633224490,1426,6804003,St Julian's School,680,Casnewydd,Cymuned,EM,Cyfrwng Saesneg,Uwchradd (ystod oedran 11-19),---,Heather Road,St Julian's,Newport,,NP19 7XU,01633224490,1426,1317,POINT (-2.976452778212632 51.60054692531597)
maintained_schools_wg.1318,100101047307,6804020,The John Frost School,680,Newport,Secondary,Community,EM,English medium school / provision,Secondary (ages 11-19),---,"Lighthouse Road,",Duffryn,Newport,,NP10 8YD,01633654100,1405,6804020,The John Frost School,680,Casnewydd,Cymuned,EM,Cyfrwng Saesneg,Uwchradd (ystod oedran 11-19),---,"Lighthouse Road,",Duffryn,Newport,,NP10 8YD,01633654100,1405,1318,POINT (-3.0124381406001013 51.55829346855356)
maintained_schools_wg.1319,100101047539,6804021,Llanwern High School,680,Newport,Secondary,Community,EM,English medium school / provision,Secondary (ages 11-19),---,Hartridge Farm Road,Newport,,,NP18 2YE,01633411116,1101,6804021,Llanwern High School,680,Casnewydd,Cymuned,EM,Cyfrwng Saesneg,Uwchradd (ystod oedran 11-19),---,Hartridge Farm Road,Newport,,,NP18 2YE,01633411116,1101,1319,POINT (-2.9319165318329907 51.58609090089913)
maintained_schools_wg.1320,10014124795,6804025,Newport High School,680,Newport,Secondary,Community,EM,English medium school / provision,Secondary (ages 11-19),---,Bettws Lane,Newport,,,NP20 7YB,01633820100,1097,6804025,Newport High School,680,Casnewydd,Cymuned,EM,Cyfrwng Saesneg,Uwchradd (ystod oedran 11-19),---,Bettws Lane,Newport,,,NP20 7YB,01633820100,1097,1320,POINT (-3.0148618250929213 51.60688142167409)
maintained_schools_wg.1321,100101047465,6804026,Lliswerry High School,680,Newport,Secondary,Community,EM,English medium school / provision,Secondary (ages 11-19),---,Nash Road,Newport,,,NP19 4RP,01633277867,1079,6804026,Lliswerry High School,680,Casnewydd,Cymuned,EM,Cyfrwng Saesneg,Uwchradd (ystod oedran 11-19),---,Nash Road,Newport,,,NP19 4RP,01633277867,1079,1321,POINT (-2.95293794951117 51.57155102152751)
maintained_schools_wg.1322,100101047047,6804030,Bassaleg School,680,Newport,Secondary,Community,EM,English medium school / provision,Secondary (ages 11-19),---,Forge Lane,Bassaleg,Newport,,NP10 8NF,01633892191,1871,6804030,Bassaleg School,680,Casnewydd,Cymuned,EM,Cyfrwng Saesneg,Uwchradd (ystod oedran 11-19),---,Forge Lane,Bassaleg,Newport,,NP10 8NF,01633892191,1871,1322,POINT (-3.04615292772003 51.57558344585475)
maintained_schools_wg.1323,100101046588,6804059,Caerleon Comprehensive School,680,Newport,Secondary,Community,EM,English medium school / provision,Secondary (ages 11-19),---,Cold Bath Road,Caerleon,Newport,,NP18 1NF,01633420106,1471,6804059,Caerleon Comprehensive School,680,Casnewydd,Cymuned,EM,Cyfrwng Saesneg,Uwchradd (ystod oedran 11-19),---,Cold Bath Road,Caerleon,Newport,,NP18 1NF,01633420106,1471,1323,POINT (-2.961356755584054 51.61014626920329)
maintained_schools_wg.1324,10093296258,6804060,Ysgol Gyfun Gwent Is Coed,680,Newport,Secondary,Community,WM,Welsh medium school / provision (including transitional),Secondary (ages 11-19),---,Duffryn Way,Duffryn,Newport,,NP10 8BX,01633851614,537,6804060,Ysgol Gyfun Gwent Is Coed,680,Casnewydd,Cymuned,WM,Cyfrwng Cymraeg,Uwchradd (ystod oedran 11-19),---,Duffryn Way,Duffryn,Newport,,NP10 8BX,01633851614,537,1324,POINT (-3.0142034445915287 51.55910221899295)
maintained_schools_wg.1325,10010553330,6804602,St Joseph's RC High School,680,Newport,Secondary,Voluntary aided,EM,English medium school / provision,Secondary (ages 11-19),Roman Catholic,Pencarn Way,Tredegar Park,Newport,,NP10 8XH,01633653110,1457,6804602,St Joseph's RC High School,680,Casnewydd,Gwirfoddol a Gynorthwyir,EM,Cyfrwng Saesneg,Uwchradd (ystod oedran 11-19),Eglwys Gatholig,Pencarn Way,Tredegar Park,Newport,,NP10 8XH,01633653110,1457,1325,POINT (-3.0238649871398153 51.55710630051594)
maintained_schools_wg.1326,100101041612,6812001,MILLBANK PRIMARY SCHOOL,681,Cardiff,Primary,Community,EM,English medium school / provision,"Nursery, Infants & Juniors",---,Clarke Street,Caerau,Cardiff,,CF5 5AL,02920562595,251,6812001,MILLBANK PRIMARY SCHOOL,681,Caerdydd,Cymuned,EM,Cyfrwng Saesneg,"Iau, babanod a meithrin",---,Clarke Street,Caerau,Cardiff,,CF5 5AL,02920562595,251,1326,POINT (-3.2310517700706844 51.482937078156304)
maintained_schools_wg.1328,100101040811,6812005,ALBANY PRIMARY SCHOOL,681,Cardiff,Primary,Community,EM,English medium school / provision,"Nursery, Infants & Juniors",---,Albany Road,Roath,Cardiff,,CF24 3RR,02920499520,411,6812005,ALBANY PRIMARY SCHOOL,681,Caerdydd,Cymuned,EM,Cyfrwng Saesneg,"Iau, babanod a meithrin",---,Albany Road,Roath,Cardiff,,CF24 3RR,02920499520,411,1328,POINT (-3.1680516455240553 51.49332888233662)
maintained_schools_wg.1329,100101042825,6812009,BADEN POWELL PRIMARY SCHOOL,681,Cardiff,Primary,Community,EM,English medium school / provision,"Nursery, Infants & Juniors",---,Muirton Road,Splott,Cardiff,,CF24 2SJ,02920461894,292,6812009,BADEN POWELL PRIMARY SCHOOL,681,Caerdydd,Cymuned,EM,Cyfrwng Saesneg,"Iau, babanod a meithrin",---,Muirton Road,Splott,Cardiff,,CF24 2SJ,02920461894,292,1329,POINT (-3.141827032361122 51.48493700964693)
maintained_schools_wg.1330,100101040931,6812011,BIRCHGROVE PRIMARY SCHOOL,681,Cardiff,Primary,Community,EM,English medium school / provision,Infants & Juniors,---,Birchgrove Road,Heath,Cardiff,,CF14 1RR,02920628204,369,6812011,BIRCHGROVE PRIMARY SCHOOL,681,Caerdydd,Cymuned,EM,Cyfrwng Saesneg,Iau a babanod,---,Birchgrove Road,Heath,Cardiff,,CF14 1RR,02920628204,369,1330,POINT (-3.2009076820285727 51.5108189202552)
maintained_schools_wg.1331,100101040936,6812015,TRELAI PRIMARY SCHOOL,681,Cardiff,Primary,Community,EM,English medium school / provision,"Nursery, Infants & Juniors",---,Bishopston Road,Caerau,Cardiff,,CF5 5DY,02920402814,329,6812015,TRELAI PRIMARY SCHOOL,681,Caerdydd,Cymuned,EM,Cyfrwng Saesneg,"Iau, babanod a meithrin",---,Bishopston Road,Caerau,Cardiff,,CF5 5DY,02920402814,329,1331,POINT (-3.2335937538167276 51.47680481799324)
maintained_schools_wg.1332,10002525543,6812017,FAIRWATER PRIMARY SCHOOL,681,Cardiff,Primary,Community,EM,English medium school / provision,Infants & Juniors,---,Wellwright Road,Fairwater,Cardiff,,CF5 3ED,02920563160,159,6812017,FAIRWATER PRIMARY SCHOOL,681,Caerdydd,Cymuned,EM,Cyfrwng Saesneg,Iau a babanod,---,Wellwright Road,Fairwater,Cardiff,,CF5 3ED,02920563160,159,1332,POINT (-3.2457262914276845 51.48872576028227)
maintained_schools_wg.1333,100101041715,6812019,GABALFA PRIMARY,681,Cardiff,Primary,Community,EM,English medium school / provision,"Nursery, Infants & Juniors",---,Colwill Road,Llandaff North,Cardiff,,CF14 2QQ,02920624615,237,6812019,GABALFA PRIMARY,681,Caerdydd,Cymuned,EM,Cyfrwng Saesneg,"Iau, babanod a meithrin",---,Colwill Road,Llandaff North,Cardiff,,CF14 2QQ,02920624615,237,1333,POINT (-3.2162165426576927 51.50040200713342)
maintained_schools_wg.1334,100101042472,6812031,Kitchener Primary School,681,Cardiff,Primary,Community,EM,English medium school / provision,"Nursery, Infants & Juniors",---,1 Kitchener Road,Riverside,Cardiff,,CF11 6HT,02920387505,449,6812031,Kitchener Primary School,681,Caerdydd,Cymuned,EM,Cyfrwng Saesneg,"Iau, babanod a meithrin",---,1 Kitchener Road,Riverside,Cardiff,,CF11 6HT,02920387505,449,1334,POINT (-3.20014935783394 51.47867160031243)
maintained_schools_wg.1335,100101042972,6812033,LANSDOWNE PRIMARY SCHOOL,681,Cardiff,Primary,Community,EM,English medium school / provision,"Nursery, Infants & Juniors",---,Norfolk Street,Canton,Cardiff,,CF5 1JY,02920383184,315,6812033,LANSDOWNE PRIMARY SCHOOL,681,Caerdydd,Cymuned,EM,Cyfrwng Saesneg,"Iau, babanod a meithrin",---,Norfolk Street,Canton,Cardiff,,CF5 1JY,02920383184,315,1335,POINT (-3.214210219417341 51.48162004572757)
maintained_schools_wg.1336,100101042756,6812037,MOORLAND PRIMARY,681,Cardiff,Primary,Community,EM,English medium school / provision,"Nursery, Infants & Juniors",---,Moorland Road,Splott,Cardiff,,CF24 2LJ,02920462170,400,6812037,MOORLAND PRIMARY,681,Caerdydd,Cymuned,EM,Cyfrwng Saesneg,"Iau, babanod a meithrin",---,Moorland Road,Splott,Cardiff,,CF24 2LJ,02920462170,400,1336,POINT (-3.1468743880331624 51.47995002642276)
maintained_schools_wg.1337,100101043256,6812039,Radnor Primary School,681,Cardiff,Primary,Community,EM,English medium school / provision,Infants & Juniors,---,Radnor Road,Canton,Cardiff,,CF5 1RB,02920387506,226,6812039,Radnor Primary School,681,Caerdydd,Cymuned,EM,Cyfrwng Saesneg,Iau a babanod,---,Radnor Road,Canton,Cardiff,,CF5 1RB,02920387506,226,1337,POINT (-3.2080475313874373 51.48438128964566)
maintained_schools_wg.1338,100101042180,6812041,RHYDYPENAU PRIMARY SCHOOL,681,Cardiff,Primary,Community,EM,English medium school / provision,"Nursery, Infants & Juniors",---,Rhyd Y Penau Road,Cyncoed,Cardiff,,CF14 0NX,02920757253,488,6812041,RHYDYPENAU PRIMARY SCHOOL,681,Caerdydd,Cymuned,EM,Cyfrwng Saesneg,"Iau, babanod a meithrin",---,Rhyd Y Penau Road,Cyncoed,Cardiff,,CF14 0NX,02920757253,488,1338,POINT (-3.176650226212392 51.5223675985237)
maintained_schools_wg.1339,100101043111,6812043,ROATH PARK PRIMARY SCHOOL,681,Cardiff,Primary,Community,EM,English medium school / provision,"Nursery, Infants & Juniors",---,Pen-Y-Wain Road,Roath,Cardiff,,CF24 4BB,02920499549,451,6812043,ROATH PARK PRIMARY SCHOOL,681,Caerdydd,Cymuned,EM,Cyfrwng Saesneg,"Iau, babanod a meithrin",---,Pen-Y-Wain Road,Roath,Cardiff,,CF24 4BB,02920499549,451,1339,POINT (-3.1700925873634915 51.497651615986996)
maintained_schools_wg.1340,100101042596,6812045,GREENWAY PRIMARY SCHOOL,681,Cardiff,Primary,Community,EM,English medium school / provision,"Nursery, Infants & Juniors",---,Llanstephan Road,Rumney,Cardiff,,CF3 3JG,02920777048,245,6812045,GREENWAY PRIMARY SCHOOL,681,Caerdydd,Cymuned,EM,Cyfrwng Saesneg,"Iau, babanod a meithrin",---,Llanstephan Road,Rumney,Cardiff,,CF3 3JG,02920777048,245,1340,POINT (-3.1224357568702223 51.50931234585553)
maintained_schools_wg.1341,100101043543,6812050,STACEY PRIMARY SCHOOL,681,Cardiff,Primary,Community,EM,English medium school / provision,"Nursery, Infants & Juniors",---,Stacey Road,Adamsdown,Cardiff,,CF24 1DW,02920499508,204,6812050,STACEY PRIMARY SCHOOL,681,Caerdydd,Cymuned,EM,Cyfrwng Saesneg,"Iau, babanod a meithrin",---,Stacey Road,Adamsdown,Cardiff,,CF24 1DW,02920499508,204,1341,POINT (-3.1543242164153797 51.49048851709754)
maintained_schools_wg.1342,100101042645,6812052,TON-YR-YWEN PRIMARY SCHOOL,681,Cardiff,Primary,Community,EM,English medium school / provision,"Nursery, Infants & Juniors",---,Maes-Y-Coed Road,Heath,Cardiff,,CF14 4HG,02920754633,454,6812052,TON-YR-YWEN PRIMARY SCHOOL,681,Caerdydd,Cymuned,EM,Cyfrwng Saesneg,"Iau, babanod a meithrin",---,Maes-Y-Coed Road,Heath,Cardiff,,CF14 4HG,02920754633,454,1342,POINT (-3.1911081844264606 51.52018948938581)
maintained_schools_wg.1343,100101043215,6812061,PETER LEA PRIMARY SCHOOL,681,Cardiff,Primary,Community,EM,English medium school / provision,"Nursery, Infants & Juniors",---,Carter Place,Fairwater,Cardiff,,CF5 3NP,02920562034,303,6812061,PETER LEA PRIMARY SCHOOL,681,Caerdydd,Cymuned,EM,Cyfrwng Saesneg,"Iau, babanod a meithrin",---,Carter Place,Fairwater,Cardiff,,CF5 3NP,02920562034,303,1343,POINT (-3.242609846505272 51.49700444727955)
maintained_schools_wg.1344,100101040941,6812065,BRYN HAFOD PRIMARY SCHOOL,681,Cardiff,Primary,Community,EM,English medium school / provision,"Nursery, Infants & Juniors",---,Blagdon Close,Llanrumney,Cardiff,,CF3 4HF,02920793402,367,6812065,BRYN HAFOD PRIMARY SCHOOL,681,Caerdydd,Cymuned,EM,Cyfrwng Saesneg,"Iau, babanod a meithrin",---,Blagdon Close,Llanrumney,Cardiff,,CF3 4HF,02920793402,367,1344,POINT (-3.1294624740400976 51.51725660353831)
maintained_schools_wg.1345,100101042067,6812069,Pen-Y-Bryn Primary School,681,Cardiff,Primary,Community,EM,English medium school / provision,"Nursery, Infants & Juniors",---,Dunster Road,Llanrumney,Cardiff,,CF3 5TP,02920777618,246,6812069,Pen-Y-Bryn Primary School,681,Caerdydd,Cymuned,EM,Cyfrwng Saesneg,"Iau, babanod a meithrin",---,Dunster Road,Llanrumney,Cardiff,,CF3 5TP,02920777618,246,1345,POINT (-3.1161968770229924 51.523480064783435)
maintained_schools_wg.1346,100101043726,6812072,COED GLAS C P SCHOOL,681,Cardiff,Primary,Community,EM,English medium school / provision,"Nursery, Infants & Juniors",---,Ty Glas Avenue,Llanishen,Cardiff,,CF14 5DW,02920754862,474,6812072,COED GLAS PRIMARY SCHOOL,681,Caerdydd,Cymuned,EM,Cyfrwng Saesneg,"Iau, babanod a meithrin",---,Ty Glas Avenue,Llanishen,Cardiff,,CF14 5DW,02920754862,474,1346,POINT (-3.1854099120683914 51.5277644195114)
maintained_schools_wg.1347,100101043016,6812074,LAKESIDE PRIMARY SCHOOL,681,Cardiff,Primary,Community,EM,English medium school / provision,"Nursery, Infants & Juniors",---,Ontario Way,Cyncoed,Cardiff,,CF23 6HB,02920767050,473,6812074,LAKESIDE PRIMARY SCHOOL,681,Caerdydd,Cymuned,EM,Cyfrwng Saesneg,"Iau, babanod a meithrin",---,Ontario Way,Cyncoed,Cardiff,,CF23 6HB,02920767050,473,1347,POINT (-3.16847124381919 51.512549337874184)
maintained_schools_wg.1348,200001850888,6812075,PENTREBANE PRIMARY SCHOOL,681,Cardiff,Primary,Community,EM,English medium school / provision,"Nursery, Infants & Juniors",---,Beechley Drive,Fairwater,Cardiff,,CF5 3SG,02920565773,199,6812075,PENTREBANE PRIMARY SCHOOL,681,Caerdydd,Cymuned,EM,Cyfrwng Saesneg,"Iau, babanod a meithrin",---,Beechley Drive,Fairwater,Cardiff,,CF5 3SG,02920565773,199,1348,POINT (-3.2535363324893853 51.49410063828621)
maintained_schools_wg.1349,100101040766,6812084,MOUNT STUART PRIMARY SCHOOL,681,Cardiff,Primary,Community,EM,English medium school / provision,"Nursery, Infants & Juniors",---,Adelaide Street,Butetown,Cardiff,,CF10 5BS,02920481188,439,6812084,MOUNT STUART PRIMARY SCHOOL,681,Caerdydd,Cymuned,EM,Cyfrwng Saesneg,"Iau, babanod a meithrin",---,Adelaide Street,Butetown,Cardiff,,CF10 5BS,02920481188,439,1349,POINT (-3.169621196616066 51.46347805979516)
maintained_schools_wg.1350,100101042333,6812090,LLANISHEN FACH PRIMARY SCHOOL,681,Cardiff,Primary,Community,EM,English medium school / provision,"Nursery, Infants & Juniors",---,Heol Uchaf,Rhiwbina,Cardiff,,CF14 6SS,02920627886,527,6812090,LLANISHEN FACH PRIMARY SCHOOL,681,Caerdydd,Cymuned,EM,Cyfrwng Saesneg,"Iau, babanod a meithrin",---,Heol Uchaf,Rhiwbina,Cardiff,,CF14 6SS,02920627886,527,1350,POINT (-3.20904334412143 51.53126378826912)
maintained_schools_wg.1351,200002933035,6812092,RHIWBEINA PRIMARY SCHOOL,681,Cardiff,Primary,Community,EM,English medium school / provision,"Nursery, Infants & Juniors",---,Lon Ucha,Rhiwbina,Cardiff,,CF14 6HL,02920623732,687,6812092,RHIWBEINA PRIMARY SCHOOL,681,Caerdydd,Cymuned,EM,Cyfrwng Saesneg,"Iau, babanod a meithrin",---,Lon Ucha,Rhiwbina,Cardiff,,CF14 6HL,02920623732,687,1351,POINT (-3.2158745243847737 51.52468305223746)
maintained_schools_wg.1352,100101043793,6812094,LLANEDEYRN PRIMARY SCHOOL,681,Cardiff,Primary,Community,EM,English medium school / provision,"Nursery, Infants & Juniors",---,Wellwood,Llanedeyrn,Cardiff,,CF23 9JN,02920736420,229,6812094,LLANEDEYRN PRIMARY SCHOOL,681,Caerdydd,Cymuned,EM,Cyfrwng Saesneg,"Iau, babanod a meithrin",---,Wellwood,Llanedeyrn,Cardiff,,CF23 9JN,02920736420,229,1352,POINT (-3.1510576216771162 51.508333528709294)
maintained_schools_wg.1353,200001850835,6812096,SPRINGWOOD PRIMARY SCHOOL,681,Cardiff,Primary,Community,EM,English medium school / provision,"Nursery, Infants & Juniors",---,Pennsylvania,Llanedeyrn,Cardiff,,CF23 9LS,02920735101,300,6812096,SPRINGWOOD PRIMARY SCHOOL,681,Caerdydd,Cymuned,EM,Cyfrwng Saesneg,"Iau, babanod a meithrin",---,Pennsylvania,Llanedeyrn,Cardiff,,CF23 9LS,02920735101,300,1353,POINT (-3.157677133717656 51.51480544670543)
maintained_schools_wg.1354,100101043388,6812101,NINIAN PARK PRIMARY SCHOOL,681,Cardiff,Primary,Community,EM,English medium school / provision,"Nursery, Infants & Juniors",---,Virgil Street,Leckwith,Cardiff,,CF11 8TF,02920388991,566,6812101,NINIAN PARK PRIMARY SCHOOL,681,Caerdydd,Cymuned,EM,Cyfrwng Saesneg,"Iau, babanod a meithrin",---,Virgil Street,Leckwith,Cardiff,,CF11 8TF,02920388991,566,1354,POINT (-3.194971515241832 51.46954372029294)
maintained_schools_wg.1355,100101042405,6812104,CORYTON PRIMARY,681,Cardiff,Primary,Community,EM,English medium school / provision,"Nursery, Infants & Juniors",---,Hollybush Estate,Whitchurch,Cardiff,,CF14 7DS,02920616792,172,6812104,CORYTON PRIMARY,681,Caerdydd,Cymuned,EM,Cyfrwng Saesneg,"Iau, babanod a meithrin",---,Hollybush Estate,Whitchurch,Cardiff,,CF14 7DS,02920616792,172,1355,POINT (-3.2366831007901538 51.52232540712372)
maintained_schools_wg.1356,200001850827,6812107,BRYN CELYN PRIMARY SCHOOL,681,Cardiff,Primary,Community,EM,English medium school / provision,"Nursery, Infants & Juniors",---,Bryn Celyn,Pentwyn,Cardiff,,CF23 7EH,02920400770,188,6812107,BRYN CELYN PRIMARY SCHOOL,681,Caerdydd,Cymuned,EM,Cyfrwng Saesneg,"Iau, babanod a meithrin",---,Bryn Celyn,Pentwyn,Cardiff,,CF23 7EH,02920400770,188,1356,POINT (-3.141718383462784 51.524685401662126)
maintained_schools_wg.1357,100101042646,6812111,Y G G Gwaelod y Garth,681,Cardiff,Primary,Community,DS,Dual language school / provision (Welsh and English) (including transitional),"Nursery, Infants & Juniors",---,Main Road,Gwaelod-y-Garth,Cardiff,,CF15 9HJ,02920810489,237,6812111,YSGOL GYNRADD GWAELOD Y GARTH,681,Caerdydd,Cymuned,DS,Ddwy ffrwd,"Iau, babanod a meithrin",---,Main Road,Gwaelod-y-Garth,Cardiff,,CF15 9HJ,02920810489,237,1357,POINT (-3.273807446401464 51.543796393229194)
maintained_schools_wg.1358,100101043072,6812132,RADYR PRIMARY SCHOOL,681,Cardiff,Primary,Community,EM,English medium school / provision,"Nursery, Infants & Juniors",---,Park Road,Radyr,Cardiff,,CF15 8DF,02920842228,449,6812132,RADYR PRIMARY SCHOOL,681,Caerdydd,Cymuned,EM,Cyfrwng Saesneg,"Iau, babanod a meithrin",---,Park Road,Radyr,Cardiff,,CF15 8DF,02920842228,449,1358,POINT (-3.257865666885879 51.51897093875843)
maintained_schools_wg.1359,100101042672,6812137,Tongwynlais Primary School,681,Cardiff,Primary,Community,EM,English medium school / provision,"Nursery, Infants & Juniors",---,Merthyr Road,Tongwynlais,Cardiff,,CF15 7LF,02920810383,189,6812137,Tongwynlais Primary School,681,Caerdydd,Cymuned,EM,Cyfrwng Saesneg,"Iau, babanod a meithrin",---,Merthyr Road,Tongwynlais,Cardiff,,CF15 7LF,02920810383,189,1359,POINT (-3.249200765718258 51.530456301879106)
maintained_schools_wg.1360,200001850859,6812147,LLYSFAEN PRIMARY SCHOOL,681,Cardiff,Primary,Community,EM,English medium school / provision,Infants & Juniors,---,Rowan Way,Lisvane,Cardiff,,CF14 0TB,02920756071,467,6812147,LLYSFAEN PRIMARY SCHOOL,681,Caerdydd,Cymuned,EM,Cyfrwng Saesneg,Iau a babanod,---,Rowan Way,Lisvane,Cardiff,,CF14 0TB,02920756071,467,1360,POINT (-3.1742340754587195 51.542182852966405)
maintained_schools_wg.1361,100101041056,6812153,BRYN DERI PRIMARY,681,Cardiff,Primary,Community,EM,English medium school / provision,"Nursery, Infants & Juniors",---,Caer Graig,Radyr,Cardiff,,CF15 8RD,02920843328,226,6812153,BRYN DERI PRIMARY,681,Caerdydd,Cymuned,EM,Cyfrwng Saesneg,"Iau, babanod a meithrin",---,Caer Graig,Radyr,Cardiff,,CF15 8RD,02920843328,226,1361,POINT (-3.26198657568191 51.52205585541154)
maintained_schools_wg.1362,100101042178,6812164,OAKFIELD PRIMARY SCHOOL,681,Cardiff,Primary,Community,EM,English medium school / provision,"Nursery, Infants & Juniors",---,Ferntree Drive,Trowbridge,Cardiff,,CF3 0AA,02920799396,458,6812164,OAKFIELD PRIMARY SCHOOL,681,Caerdydd,Cymuned,EM,Cyfrwng Saesneg,"Iau, babanod a meithrin",---,Ferntree Drive,Trowbridge,Cardiff,,CF3 0AA,02920799396,458,1362,POINT (-3.1079132462253707 51.52425997127212)
maintained_schools_wg.1363,100101042232,6812166,YSGOL GYMRAEG MELIN GRUFFYDD,681,Cardiff,Primary,Community,WM,Welsh medium school / provision (including transitional),"Nursery, Infants & Juniors",---,Glan-Y-Nant Road,Whitchurch,Cardiff,,CF14 1AP,02920691247,456,6812166,YSGOL GYMRAEG MELIN GRUFFYDD,681,Caerdydd,Cymuned,WM,Cyfrwng Cymraeg,"Iau, babanod a meithrin",---,Glan-Y-Nant Road,Whitchurch,Cardiff,,CF14 1AP,02920691247,456,1363,POINT (-3.2171328701892197 51.514032594077044)
maintained_schools_wg.1364,100101042587,6812169,Ysgol Y Wern,681,Cardiff,Primary,Community,WM,Welsh medium school / provision (including transitional),"Nursery, Infants & Juniors",---,Llangrannog Road,Llanishen,Cardiff,,CF14 5BL,02920762114,673,6812169,Ysgol-Y-Wern,681,Caerdydd,Cymuned,WM,Cyfrwng Cymraeg,"Iau, babanod a meithrin",---,Llangrannog Road,Llanishen,Cardiff,,CF14 5BL,02920762114,673,1364,POINT (-3.1982925619105886 51.532062265705775)
maintained_schools_wg.1365,200002938819,6812170,YSGOL GYMRAEG COED Y GOF,681,Cardiff,Primary,Community,WM,Welsh medium school / provision (including transitional),Infants & Juniors,---,Beechley Drive,Fairwater,Cardiff,,CF5 3SG,02920564585,188,6812170,YSGOL GYMRAEG COED-Y-GOF,681,Caerdydd,Cymuned,WM,Cyfrwng Cymraeg,Iau a babanod,---,Beechley Drive,Fairwater,Cardiff,,CF5 3SG,02920564585,188,1365,POINT (-3.254460454402549 51.4941806743736)
maintained_schools_wg.1366,200001679358,6812171,YSGOL BRO EIRWG,681,Cardiff,Primary,Community,WM,Welsh medium school / provision (including transitional),"Nursery, Infants & Juniors",---,Ridgeway Road,Llanrumney,Cardiff,,CF3 4AB,02920777124,367,6812171,YSGOL BRO EIRWG,681,Caerdydd,Cymuned,WM,Cyfrwng Cymraeg,"Iau, babanod a meithrin",---,Ridgeway Road,Llanrumney,Cardiff,,CF3 4AB,02920777124,367,1366,POINT (-3.136650962015219 51.51191793362693)
maintained_schools_wg.1367,200002932430,6812173,YSGOL TREGANNA,681,Cardiff,Primary,Community,WM,Welsh medium school / provision (including transitional),Infants & Juniors,---,Sanatorium Road,Canton,Cardiff,,CF11 8DG,02920590830,659,6812173,YSGOL GYMRAEG TREGANNA,681,Caerdydd,Cymuned,WM,Cyfrwng Cymraeg,Iau a babanod,---,Sanatorium Road,Canton,Cardiff,,CF11 8DG,02920590830,659,1367,POINT (-3.2167333602173227 51.47941540826146)
maintained_schools_wg.1368,100101043357,6812174,WILLOWBROOK PRIMARY SCHOOL,681,Cardiff,Primary,Community,EM,English medium school / provision,"Nursery, Infants & Juniors",---,Sandbrook Road,Trowbridge,Cardiff,,CF3 0ST,02920795965,422,6812174,WILLOWBROOK PRIMARY SCHOOL,681,Caerdydd,Cymuned,EM,Cyfrwng Saesneg,"Iau, babanod a meithrin",---,Sandbrook Road,Trowbridge,Cardiff,,CF3 0ST,02920795965,422,1368,POINT (-3.0900449881732124 51.52208054721168)
maintained_schools_wg.1369,100101041001,6812175,PENTYRCH PRIMARY,681,Cardiff,Primary,Community,EM,English medium school / provision,Infants & Juniors,---,Bronllwyn,Pentyrch,Cardiff,,CF15 9QL,02920890292,177,6812175,PENTYRCH PRIMARY,681,Caerdydd,Cymuned,EM,Cyfrwng Saesneg,Iau a babanod,---,Bronllwyn,Pentyrch,Cardiff,,CF15 9QL,02920890292,177,1369,POINT (-3.300716212310781 51.528610452944065)
maintained_schools_wg.1370,100101042324,6812176,THORNHILL PRIMARY SCHOOL,681,Cardiff,Primary,Community,EM,English medium school / provision,"Nursery, Infants & Juniors",---,Heol Hir,Llanishen,Cardiff,,CF14 9LA,02920751302,434,6812176,THORNHILL PRIMARY SCHOOL,681,Caerdydd,Cymuned,EM,Cyfrwng Saesneg,"Iau, babanod a meithrin",---,Heol Hir,Llanishen,Cardiff,,CF14 9LA,02920751302,434,1370,POINT (-3.191604005370118 51.5413872447457)
maintained_schools_wg.1371,200001850885,6812177,YSGOL PENCAE,681,Cardiff,Primary,Community,WM,Welsh medium school / provision (including transitional),Infants & Juniors,---,Highfields,Llandaff,Cardiff,,CF5 2QA,02920563851,207,6812177,YSGOL PENCAE,681,Caerdydd,Cymuned,WM,Cyfrwng Cymraeg,Iau a babanod,---,Highfields,Llandaff,Cardiff,,CF5 2QA,02920563851,207,1371,POINT (-3.2283408884558265 51.499420761690814)
maintained_schools_wg.1372,100101043962,6812179,Meadowlane Primary School,681,Cardiff,Primary,Community,EM,English medium school / provision,"Nursery, Infants & Juniors",---,Heol Maes Eirwg,Trowbridge,Cardiff,,CF3 0JZ,02920360340,319,6812179,Meadowlane Primary School,681,Caerdydd,Cymuned,EM,Cyfrwng Saesneg,"Iau, babanod a meithrin",---,Heol Maes Eirwg,Trowbridge,Cardiff,,CF3 0JZ,02920360340,319,1372,POINT (-3.098359246672899 51.51778581949338)
maintained_schools_wg.1374,10002527286,6812305,CREIGIAU PRIMARY SCHOOL,681,Cardiff,Primary,Community,DS,Dual language school / provision (Welsh and English) (including transitional),"Nursery, Infants & Juniors",---,Tregarth Court,Creigiau,Cardiff,,CF15 9NN,02920891045,364,6812305,CREIGIAU PRIMARY SCHOOL,681,Caerdydd,Cymuned,DS,Ddwy ffrwd,"Iau, babanod a meithrin",---,Tregarth Court,Creigiau,Cardiff,,CF15 9NN,02920891045,364,1374,POINT (-3.3294147218633428 51.52501558843525)
maintained_schools_wg.1375,200002932443,6812306,YSGOL GYMRAEG PWLL COCH,681,Cardiff,Primary,Community,WM,Welsh medium school / provision (including transitional),"Nursery, Infants & Juniors",---,Lawrenny Avenue,Leckwith,Cardiff,,CF11 8BR,02920373453,315,6812306,YSGOL GYMRAEG PWLL COCH,681,Caerdydd,Cymuned,WM,Cyfrwng Cymraeg,"Iau, babanod a meithrin",---,Lawrenny Avenue,Leckwith,Cardiff,,CF11 8BR,02920373453,315,1375,POINT (-3.2110312945621713 51.4750744180595)
maintained_schools_wg.1376,10008904106,6812308,Ysgol Y Berllan Deg,681,Cardiff,Primary,Community,WM,Welsh medium school / provision (including transitional),"Nursery, Infants & Juniors",---,Circle Way East,Llanedeyrn,,,CF23 9LD,02920734152,396,6812308,Ysgol Y Berllan Deg,681,Caerdydd,Cymuned,WM,Cyfrwng Cymraeg,"Iau, babanod a meithrin",---,Circle Way East,Llanedeyrn,,,CF23 9LD,02920734152,396,1376,POINT (-3.1485789712493704 51.50889734386898)
maintained_schools_wg.1377,200001850847,6812310,GLAN YR AFON PRIMARY SCHOOL,681,Cardiff,Primary,Community,EM,English medium school / provision,"Nursery, Infants & Juniors",---,Browning Close,Llanrumney,Cardiff,,CF3 5NJ,02920778176,133,6812310,GLAN-YR-AFON PRIMARY SCHOOL,681,Caerdydd,Cymuned,EM,Cyfrwng Saesneg,"Iau, babanod a meithrin",---,Browning Close,Llanrumney,Cardiff,,CF3 5NJ,02920778176,133,1377,POINT (-3.130228426923201 51.52665467137551)
maintained_schools_wg.1378,100101040996,6812311,Grangetown Primary School,681,Cardiff,Primary,Community,EM,English medium school / provision,Infants & Juniors,---,Bromsgrove Street,Grangetown,Cardiff,,CF11 7XS,02920233379,375,6812311,Grangetown Primary School,681,Caerdydd,Cymuned,EM,Cyfrwng Saesneg,Iau a babanod,---,Bromsgrove Street,Grangetown,Cardiff,,CF11 7XS,02920233379,375,1378,POINT (-3.183243194927424 51.46585909565283)
maintained_schools_wg.1379,10002507126,6812312,Herbert Thompson Primary,681,Cardiff,Primary,Community,EM,English medium school / provision,"Nursery, Infants & Juniors",---,Plymouth Wood Road,Ely,Cardiff,,CF5 4XD,02920561115,463,6812312,Herbert Thompson Primary,681,Caerdydd,Cymuned,EM,Cyfrwng Saesneg,"Iau, babanod a meithrin",---,Plymouth Wood Road,Ely,Cardiff,,CF5 4XD,02920561115,463,1379,POINT (-3.2413891298719184 51.48441965493324)
maintained_schools_wg.1380,10094241943,6812313,Ysgol Glan Morfa,681,Cardiff,Primary,Community,WM,Welsh medium school / provision (including transitional),"Nursery, Infants & Juniors",---,Lewis Road,Splott,Cardiff,,CF24 2LZ,02920483663,255,6812313,Ysgol Glan Morfa,681,Caerdydd,Cymuned,WM,Cyfrwng Cymraeg,"Iau, babanod a meithrin",---,Lewis Road,Splott,Cardiff,,CF24 2LZ,02920483663,255,1380,POINT (-3.1549064369186692 51.4779393576317)
maintained_schools_wg.1381,100101042234,6812314,Ysgol Pen Y Pil,681,Cardiff,Primary,Community,WM,Welsh medium school / provision (including transitional),Infants & Juniors,---,Glan-Y-Mor Road,Trowbridge,Cardiff,,CF3 1RQ,02920791255,175,6812314,Ysgol Pen Y Pil,681,Caerdydd,Cymuned,WM,Cyfrwng Cymraeg,Iau a babanod,---,Glan-Y-Mor Road,Trowbridge,Cardiff,,CF3 1RQ,02920791255,175,1381,POINT (-3.108975888165742 51.516975553213896)
maintained_schools_wg.1382,10002509542,6812315,Ysgol Gymraeg Nant Caerau,681,Cardiff,Primary,Community,WM,Welsh medium school / provision (including transitional),"Nursery, Infants & Juniors",---,Caerau Lane,Caerau,Cardiff,,CF5 5QZ,02920599469,231,6812315,Ysgol Gymraeg Nant Caerau,681,Caerdydd,Cymuned,WM,Cyfrwng Cymraeg,"Iau, babanod a meithrin",---,Caerau Lane,Caerau,Cardiff,,CF5 5QZ,02920599469,231,1382,POINT (-3.2532204218963954 51.47155215163655)
maintained_schools_wg.1383,10023544701,6812317,Rumney Primary,681,Cardiff,Primary,Community,EM,English medium school / provision,"Nursery, Infants & Juniors",---,Barmouth Road,Rumney,Cardiff,,CF3 3HD,02920791345,457,6812317,Rumney Primary,681,Caerdydd,Cymuned,EM,Cyfrwng Saesneg,"Iau, babanod a meithrin",---,Barmouth Road,Rumney,Cardiff,,CF3 3HD,02920791345,457,1383,POINT (-3.1281730160449492 51.506379900653215)
maintained_schools_wg.1384,100101042255,6812318,Windsor Clive Primary,681,Cardiff,Primary,Community,EM,English medium school / provision,"Nursery, Infants & Juniors",---,Grand Avenue,Ely,Cardiff,,CF5 4HX,02920591297,469,6812318,Windsor Clive Primary,681,Caerdydd,Cymuned,EM,Cyfrwng Saesneg,"Iau, babanod a meithrin",---,Grand Avenue,Ely,Cardiff,,CF5 4HX,02920591297,469,1384,POINT (-3.2530958402655723 51.4785587772558)
maintained_schools_wg.1385,10023544698,6812319,Severn Primary,681,Cardiff,Primary,Community,EM,English medium school / provision,"Nursery, Infants & Juniors",---,Severn Road,Pontcanna,Cardiff,,CF11 9DZ,02920387507,439,6812319,Severn Primary,681,Caerdydd,Cymuned,EM,Cyfrwng Saesneg,"Iau, babanod a meithrin",---,Severn Road,Pontcanna,Cardiff,,CF11 9DZ,02920387507,439,1385,POINT (-3.199842286011375 51.48218042893225)
maintained_schools_wg.1386,10023544702,6812320,Hawthorn Primary,681,Cardiff,Primary,Community,EM,English medium school / provision,"Nursery, Infants & Juniors",---,Hawthorn Road East,Llandaff North ,Cardiff,,CF14 2FL,02920564345,209,6812320,Hawthorn Primary,681,Caerdydd,Cymuned,EM,Cyfrwng Saesneg,"Iau, babanod a meithrin",---,Hawthorn Road East,Llandaff North ,Cardiff,,CF14 2FL,02920564345,209,1386,POINT (-3.2268209358348696 51.506327723375485)
maintained_schools_wg.1387,200001850886,6812321,Danescourt Primary,681,Cardiff,Primary,Community,EM,English medium school / provision,"Nursery, Infants & Juniors",---,Danescourt Way,Llandaff,Cardiff,,CF5 2SN,02920552422,433,6812321,Danescourt Primary,681,Caerdydd,Cymuned,EM,Cyfrwng Saesneg,"Iau, babanod a meithrin",---,Danescourt Way,Llandaff,Cardiff,,CF5 2SN,02920552422,433,1387,POINT (-3.238830981582944 51.5032129004437)
maintained_schools_wg.1388,10023544700,6812322,Hywel Dda Primary School,681,Cardiff,Primary,Community,EM,English medium school / provision,"Nursery, Infants & Juniors",---,Cambria Road,Ely,Cardiff,,CF5 4PD,02920591275,417,6812322,Hywel Dda Primary School,681,Caerdydd,Cymuned,EM,Cyfrwng Saesneg,"Iau, babanod a meithrin",---,Cambria Road,Ely,Cardiff,,CF5 4PD,02920591275,417,1388,POINT (-3.2599270956926834 51.47249635844942)
maintained_schools_wg.1389,10090486673,6812323,Ysgol Gynradd Gymraeg Pen-Y-Groes,681,Cardiff,Primary,Community,WM,Welsh medium school / provision (including transitional),"Nursery, Infants & Juniors",---,Bryn Celyn,Pentwyn,Cardiff,,CF23 7EH,02920735723,104,6812323,Ysgol Gynradd Gymraeg Pen-Y-Groes,681,Caerdydd,Cymuned,WM,Cyfrwng Cymraeg,"Iau, babanod a meithrin",---,Bryn Celyn,Pentwyn,Cardiff,,CF23 7EH,02920735723,104,1389,POINT (-3.14144846680799 51.52454982457247)
maintained_schools_wg.1390,100101041007,6812324,Trowbridge Primary,681,Cardiff,Primary,Community,EM,English medium school / provision,"Nursery, Infants & Juniors",---,Brynbala Way,Trowbridge,Cardiff,,CF3 1SX,02920792361,188,6812324,Trowbridge Primary,681,Caerdydd,Cymuned,EM,Cyfrwng Saesneg,"Iau, babanod a meithrin",---,Brynbala Way,Trowbridge,Cardiff,,CF3 1SX,02920792361,188,1390,POINT (-3.10886693460761 51.51427004624278)
maintained_schools_wg.1391,10090486675,6812325,Ysgol Glan Ceubal,681,Cardiff,Primary,Community,WM,Welsh medium school / provision (including transitional),"Nursery, Infants & Juniors",---,Colwill Road,Llandaff North,Cardiff,,CF14 2QQ,02920626650,207,6812325,Ysgol Glan Ceubal,681,Caerdydd,Cymuned,WM,Cyfrwng Cymraeg,"Iau, babanod a meithrin",---,Colwill Road,Llandaff North,Cardiff,,CF14 2QQ,02920626650,207,1391,POINT (-3.2164947515379776 51.50046727990275)
maintained_schools_wg.1392,10008904097,6812326,Marlborough Primary,681,Cardiff,Primary,Community,EM,English medium school / provision,"Nursery, Infants & Juniors",---,Agincourt Road,Roath,Cardiff,,CF23 5BS,02920492564,492,6812326,Marlborough Primary,681,Caerdydd,Cymuned,EM,Cyfrwng Saesneg,"Iau, babanod a meithrin",---,Agincourt Road,Roath,Cardiff,,CF23 5BS,02920492564,492,1392,POINT (-3.160504973453157 51.49508530181339)
maintained_schools_wg.1393,100101042008,6812327,Pencaerau Primary,681,Cardiff,Primary,Community,EM,English medium school / provision,"Nursery, Infants & Juniors",---,Cyntwell Avenue,Caerau,Cardiff,,CF5 5QN,02920599224,232,6812327,Pencaerau Primary,681,Caerdydd,Cymuned,EM,Cyfrwng Saesneg,"Iau, babanod a meithrin",---,Cyntwell Avenue,Caerau,Cardiff,,CF5 5QN,02920599224,232,1393,POINT (-3.256804397580166 51.47203531845571)
maintained_schools_wg.1394,10003567591,6812328,Glyncoed Primary,681,Cardiff,Primary,Community,EM,English medium school / provision,"Nursery, Infants & Juniors",---,Glyn Coed Road,Pentwyn,Cardiff,,CF23 7DW,02920733694,285,6812328,Glyncoed Primary,681,Caerdydd,Cymuned,EM,Cyfrwng Saesneg,"Iau, babanod a meithrin",---,Glyn Coed Road,Pentwyn,Cardiff,,CF23 7DW,02920733694,285,1394,POINT (-3.1535584668746157 51.52462016620804)
maintained_schools_wg.1395,100101042162,6812329,Whitchurch Primary,681,Cardiff,Primary,Community,EM,English medium school / provision,"Nursery, Infants & Juniors",---,Erw Las,Whitchurch,Cardiff,,CF14 1NL,02920623441,677,6812329,Whitchurch Primary,681,Caerdydd,Cymuned,EM,Cyfrwng Saesneg,"Iau, babanod a meithrin",---,Erw Las,Whitchurch,Cardiff,,CF14 1NL,02920623441,677,1395,POINT (-3.2210178961505522 51.50949625556492)
maintained_schools_wg.1396,10002508435,6812330,Pontprennau,681,Cardiff,Primary,Community,EM,English medium school / provision,"Nursery, Infants & Juniors",---,Heol Pontprennau,Pontprennau,Cardiff,,CF23 8LL,02920735812,483,6812330,Pontprennau Primary School,681,Caerdydd,Cymuned,EM,Cyfrwng Saesneg,"Iau, babanod a meithrin",---,Heol Pontprennau,Pontprennau,Cardiff,,CF23 8LL,02920735812,483,1396,POINT (-3.1412480384542674 51.53670871326117)
maintained_schools_wg.1397,10092989608,6812331,Howardian Primary School,681,Cardiff,Primary,Community,EM,English medium school / provision,"Nursery, Infants & Juniors",---,Hammond Way,Penylan,Cardiff,,CF23 9NB,02920499451,452,6812331,Howardian Primary School,681,Caerdydd,Cymuned,EM,Cyfrwng Saesneg,"Iau, babanod a meithrin",---,Hammond Way,Penylan,Cardiff,,CF23 9NB,02920499451,452,1397,POINT (-3.149951572984574 51.49983672849044)
maintained_schools_wg.1398,10093728356,6812332,Ysgol Gynradd Gymraeg Hamadryad,681,Cardiff,Primary,Community,WM,Welsh medium school / provision (including transitional),"Nursery, Infants & Juniors",---,Hamadryad Road,Butetown,Cardiff,,CF10 5UY,02920471173,364,6812332,Ysgol Gynradd Gymraeg Hamadryad,681,Caerdydd,Cymuned,WM,Cyfrwng Cymraeg,"Iau, babanod a meithrin",---,Hamadryad Road,Butetown,Cardiff,,CF10 5UY,02920471173,364,1398,POINT (-3.1939183600325833 51.4694335991973)
maintained_schools_wg.1400,200001850813,6813321,ST ALBAN'S RC PRIMARY SCHOOL,681,Cardiff,Primary,Voluntary aided,EM,English medium school / provision,Infants & Juniors,Roman Catholic,Mona Place,Splott,Cardiff,,CF24 2TG,02920462915,169,6813321,ST ALBAN'S RC PRIMARY SCHOOL,681,Caerdydd,Gwirfoddol a Gynorthwyir,EM,Cyfrwng Saesneg,Iau a babanod,Eglwys Gatholig,Mona Place,Splott,Cardiff,,CF24 2TG,02920462915,169,1400,POINT (-3.1393010110612467 51.48702072447898)
maintained_schools_wg.1401,100101043197,6813323,ST CUTHBERT'S RC PRIMARY,681,Cardiff,Primary,Voluntary aided,EM,English medium school / provision,Infants & Juniors,Roman Catholic,Letton Road,Butetown,Cardiff,,CF10 4AB,02920 463234,122,6813323,ST CUTHBERT'S RC PRIMARY,681,Caerdydd,Gwirfoddol a Gynorthwyir,EM,Cyfrwng Saesneg,Iau a babanod,Eglwys Gatholig,Letton Road,Butetown,Cardiff,,CF10 4AB,02920 463234,122,1401,POINT (-3.167258298765403 51.47242160645756)
maintained_schools_wg.1402,100100893265,6813328,St. Joseph's RC School,681,Cardiff,Primary,Voluntary aided,EM,English medium school / provision,Infants & Juniors,Roman Catholic,204 North Road,Gabalfa,Cardiff,,CF14 3BL,02920621625,224,6813328,St. Joseph's RC School,681,Caerdydd,Gwirfoddol a Gynorthwyir,EM,Cyfrwng Saesneg,Iau a babanod,Eglwys Gatholig,204 North Road,Gabalfa,Cardiff,,CF14 3BL,02920621625,224,1402,POINT (-3.1951256939854926 51.50187710485865)
maintained_schools_wg.1403,100101044077,6813330,ST. MARY'S R.C. PRIMARY SCHOOL,681,Cardiff,Primary,Voluntary aided,EM,English medium school / provision,"Nursery, Infants & Juniors",Roman Catholic,Wyndham Crescent,Pontcanna,Cardiff,,CF11 9EF,02920225680,206,6813330,ST. MARY'S R.C. PRIMARY SCHOOL,681,Caerdydd,Gwirfoddol a Gynorthwyir,EM,Cyfrwng Saesneg,"Iau, babanod a meithrin",Eglwys Gatholig,Wyndham Crescent,Pontcanna,Cardiff,,CF11 9EF,02920225680,206,1403,POINT (-3.1987789790446777 51.48352328067454)
maintained_schools_wg.1404,200001850796,6813332,ST PATRICK'S R C SCHOOL,681,Cardiff,Primary,Voluntary aided,EM,English medium school / provision,Infants & Juniors,Roman Catholic,Lucknow Street,Grangetown,Cardiff,,CF11 6NA,02920226237,302,6813332,ST PATRICK'S R C SCHOOL,681,Caerdydd,Gwirfoddol a Gynorthwyir,EM,Cyfrwng Saesneg,Iau a babanod,Eglwys Gatholig,Lucknow Street,Grangetown,Cardiff,,CF11 6NA,02920226237,302,1404,POINT (-3.1888369635379257 51.470046697813174)
maintained_schools_wg.1405,100101043396,6813334,ST. PETER'S PRIMARY SCHOOL,681,Cardiff,Primary,Voluntary aided,EM,English medium school / provision,"Nursery, Infants & Juniors",Roman Catholic,Southey Street,Roath,Cardiff,,CF24 3SP,02920497847,441,6813334,ST. PETER'S PRIMARY SCHOOL,681,Caerdydd,Gwirfoddol a Gynorthwyir,EM,Cyfrwng Saesneg,"Iau, babanod a meithrin",Eglwys Gatholig,Southey Street,Roath,Cardiff,,CF24 3SP,02920497847,441,1405,POINT (-3.1615279963677128 51.4871623078796)
maintained_schools_wg.1406,100101043382,6813336,St Cadoc's Catholic Primary,681,Cardiff,Primary,Community,EM,English medium school / provision,"Nursery, Infants & Juniors",Roman Catholic,Shaw Close,Llanrumney,Cardiff,,CF3 5NX,02920778545,332,6813336,St Cadoc's Catholic Primary,681,Caerdydd,Cymuned,EM,Cyfrwng Saesneg,"Iau, babanod a meithrin",Eglwys Gatholig,Shaw Close,Llanrumney,Cardiff,,CF3 5NX,02920778545,332,1406,POINT (-3.126364740917869 51.52663789021851)
maintained_schools_wg.1408,100101040997,6813343,ST.PAUL'S C/W PRIMARY SCHOOL,681,Cardiff,Primary,Voluntary aided,EM,English medium school / provision,Infants & Juniors,Church in Wales,Oakley Place,Grangetown,Cardiff,,CF11 7EU,02920235854,225,6813343,ST.PAUL'S C/W PRIMARY SCHOOL,681,Caerdydd,Gwirfoddol a Gynorthwyir,EM,Cyfrwng Saesneg,Iau a babanod,Eglwys yng Nghymru,Oakley Place,Grangetown,Cardiff,,CF11 7EU,02920235854,225,1408,POINT (-3.185444411577753 51.464694879130064)
maintained_schools_wg.1409,200001850808,6813344,TREDEGARVILLE C/W PRIMARY,681,Cardiff,Primary,Voluntary aided,EM,English medium school / provision,"Nursery, Infants & Juniors",Church in Wales,Glossop Road,Adamsdown,Cardiff,,CF24 0JT,02920483680,237,6813344,TREDEGARVILLE C/W PRIMARY,681,Caerdydd,Gwirfoddol a Gynorthwyir,EM,Cyfrwng Saesneg,"Iau, babanod a meithrin",Eglwys yng Nghymru,Glossop Road,Adamsdown,Cardiff,,CF24 0JT,02920483680,237,1409,POINT (-3.164924628873342 51.484242208416276)
maintained_schools_wg.1410,100101042317,6813346,LLANDAFF CITY PRIMARY SCHOOL,681,Cardiff,Primary,Community,EM,English medium school / provision,Infants & Juniors,Church in Wales,Hendre Close,Llandaff,Cardiff,,CF5 2HT,02920565932,402,6813346,LLANDAFF CITY PRIMARY SCHOOL,681,Caerdydd,Cymuned,EM,Cyfrwng Saesneg,Iau a babanod,Eglwys yng Nghymru,Hendre Close,Llandaff,Cardiff,,CF5 2HT,02920565932,402,1410,POINT (-3.221618905139588 51.49317865336326)
maintained_schools_wg.1411,100101042164,6813351,CHRIST THE KING PRIMARY SCHOOL,681,Cardiff,Primary,Voluntary aided,EM,English medium school / provision,Infants & Juniors,Roman Catholic,Everest Avenue,Llanishen,Cardiff,,CF14 5AS,02920754787,236,6813351,CHRIST THE KING PRIMARY SCHOOL,681,Caerdydd,Cymuned,EM,Cyfrwng Saesneg,Iau a babanod,Eglwys Gatholig,Everest Avenue,Llanishen,Cardiff,,CF14 5AS,02920754787,236,1411,POINT (-3.182880280933854 51.533059182774124)
maintained_schools_wg.1412,100101041400,6813353,St John Lloyd,681,Cardiff,Primary,Voluntary aided,EM,English medium school / provision,"Nursery, Infants & Juniors",Roman Catholic,Cemaes Crescent,Trowbridge,Cardiff,,CF3 1TA,02920777690,337,6813353,St John Lloyd,681,Caerdydd,Gwirfoddol a Gynorthwyir,EM,Cyfrwng Saesneg,"Iau, babanod a meithrin",Eglwys Gatholig,Cemaes Crescent,Trowbridge,Cardiff,,CF3 1TA,02920777690,337,1412,POINT (-3.107251280975467 51.51420438566755)
maintained_schools_wg.1413,100101040899,6813354,HOLY FAMILY R.C. PRIMARY,681,Cardiff,Primary,Voluntary aided,EM,English medium school / provision,Infants & Juniors,Roman Catholic,Beechley Drive,Fairwater,Cardiff,,CF5 3SN,02920565354,156,6813354,HOLY FAMILY R.C. PRIMARY,681,Caerdydd,Gwirfoddol a Gynorthwyir,EM,Cyfrwng Saesneg,Iau a babanod,Eglwys Gatholig,Beechley Drive,Fairwater,Cardiff,,CF5 3SN,02920565354,156,1413,POINT (-3.256236520602636 51.493810972610575)
maintained_schools_wg.1414,100101042976,6813355,ST MARY THE VIRGIN C/W PRIMARY SCHOOL,681,Cardiff,Primary,Voluntary aided,EM,English medium school / provision,"Nursery, Infants & Juniors",Church in Wales,5 North Church Street,Butetown,Cardiff,,CF10 5HB,02920481608,211,6813355,ST MARY THE VIRGIN C/W PRIMARY SCHOOL,681,Caerdydd,Gwirfoddol a Gynorthwyir,EM,Cyfrwng Saesneg,"Iau, babanod a meithrin",Eglwys yng Nghymru,5 North Church Street,Butetown,Cardiff,,CF10 5HB,02920481608,211,1414,POINT (-3.173185072131458 51.47390006365492)
maintained_schools_wg.1415,100101040767,6813357,ALL SAINTS C/W PRIMARY,681,Cardiff,Primary,Voluntary aided,EM,English medium school / provision,Infants & Juniors,Church in Wales,Ael-Y-Bryn,Llanedeyrn,Cardiff,,CF23 9LF,02920735106,138,6813357,ALL SAINTS C/W PRIMARY,681,Caerdydd,Gwirfoddol a Gynorthwyir,EM,Cyfrwng Saesneg,Iau a babanod,Eglwys yng Nghymru,Ael-Y-Bryn,Llanedeyrn,Cardiff,,CF23 9LF,02920735106,138,1415,POINT (-3.155930825854464 51.50901393366357)
maintained_schools_wg.1416,10002526339,6813366,ST FAGANS CHURCH IN WALES,681,Cardiff,Primary,Voluntary aided,EM,English medium school / provision,"Nursery, Infants & Juniors",Church in Wales,Drope Road,Ely,Cardiff,,CF5 4SZ,02920670569,201,6813366,ST FAGANS CHURCH IN WALES,681,Caerdydd,Gwirfoddol a Gynorthwyir,EM,Cyfrwng Saesneg,"Iau, babanod a meithrin",Eglwys yng Nghymru,Drope Road,Ely,Cardiff,,CF5 4SZ,02920670569,201,1416,POINT (-3.272223791539735 51.473194685948144)
maintained_schools_wg.1417,200001850828,6813370,ST BERNADETTES PRIMARY SCHOOL,681,Cardiff,Primary,Voluntary aided,EM,English medium school / provision,"Nursery, Infants & Juniors",Roman Catholic,Bryn Heulog,Pentwyn,Cardiff,,CF23 7JB,02920733443,244,6813370,ST BERNADETTES PRIMARY SCHOOL,681,Caerdydd,Gwirfoddol a Gynorthwyir,EM,Cyfrwng Saesneg,"Iau, babanod a meithrin",Eglwys Gatholig,Bryn Heulog,Pentwyn,Cardiff,,CF23 7JB,02920733443,244,1417,POINT (-3.1433059254660582 51.52734617370368)
maintained_schools_wg.1418,200001850826,6813371,ST DAVID'S C/W PRIMARY SCHOOL,681,Cardiff,Primary,Community,EM,English medium school / provision,"Nursery, Infants & Juniors",Church in Wales,Bryn Celyn,Pentwyn,Cardiff,,CF23 7ED,02920734308,217,6813371,ST DAVID'S C/W PRIMARY SCHOOL,681,Caerdydd,Cymuned,EM,Cyfrwng Saesneg,"Iau, babanod a meithrin",Eglwys yng Nghymru,Bryn Celyn,Pentwyn,Cardiff,,CF23 7ED,02920734308,217,1418,POINT (-3.14617128963552 51.52204899390198)
maintained_schools_wg.1419,100101043959,6813373,BISHOP CHILDS C/W PRIMARY,681,Cardiff,Primary,Voluntary aided,EM,English medium school / provision,Infants & Juniors,Church in Wales,Willowbrook Drive,Trowbridge,Cardiff,,CF3 0AY,02920770584,201,6813373,BISHOP CHILDS C/W PRIMARY,681,Caerdydd,Gwirfoddol a Gynorthwyir,EM,Cyfrwng Saesneg,Iau a babanod,Eglwys yng Nghymru,Willowbrook Drive,Trowbridge,Cardiff,,CF3 0AY,02920770584,201,1419,POINT (-3.101842255463292 51.52714058936912)
maintained_schools_wg.1420,100101041690,6813374,ST PHILIP EVANS PRIMARY SCHOOL,681,Cardiff,Primary,Voluntary aided,EM,English medium school / provision,"Nursery, Infants & Juniors",Roman Catholic,Coed-Y-Gores,Llanedeyrn,Cardiff,,CF23 9NX,02920732514,370,6813374,ST PHILIP EVANS PRIMARY SCHOOL,681,Caerdydd,Gwirfoddol a Gynorthwyir,EM,Cyfrwng Saesneg,"Iau, babanod a meithrin",Eglwys Gatholig,Coed-Y-Gores,Llanedeyrn,Cardiff,,CF23 9NX,02920732514,370,1420,POINT (-3.149683557078728 51.51728490765919)
maintained_schools_wg.1421,100101042755,6813375,St. Francis R. C. Primary Sch.,681,Cardiff,Primary,Voluntary aided,EM,English medium school / provision,"Nursery, Infants & Juniors",Roman Catholic,Wilson Road,Ely,Cardiff,,CF5 4JL,02920591666,332,6813375,St. Francis R. C. Primary Sch.,681,Caerdydd,Gwirfoddol a Gynorthwyir,EM,Cyfrwng Saesneg,"Iau, babanod a meithrin",Eglwys Gatholig,Wilson Road,Ely,Cardiff,,CF5 4JL,02920591666,332,1421,POINT (-3.2544725996549877 51.47783314763343)
maintained_schools_wg.1422,100101042583,6814039,CARDIFF HIGH SCHOOL,681,Cardiff,Secondary,Community,EM,English medium school / provision,Secondary (ages 11-19),---,Llandennis Road,Cyncoed,Cardiff,,CF23 6WG,02920757741,1794,6814039,CARDIFF HIGH SCHOOL,681,Caerdydd,Cymuned,EM,Cyfrwng Saesneg,Uwchradd (ystod oedran 11-19),---,Llandennis Road,Cyncoed,Cardiff,,CF23 6WG,02920757741,1794,1422,POINT (-3.1746015085217847 51.517811279760515)
maintained_schools_wg.1423,100101043963,6814041,Willows High School,681,Cardiff,Secondary,Community,EM,English medium school / provision,Secondary (ages 11-16),---,Willows Avenue,Splott,Cardiff,,CF24 2YE,02920414243,809,6814041,Willows High School,681,Caerdydd,Cymuned,EM,Cyfrwng Saesneg,Uwchradd (ystod oedran 11-16),---,Willows Avenue,Splott,Cardiff,,CF24 2YE,02920414243,809,1423,POINT (-3.137359979361834 51.484261078334804)
maintained_schools_wg.1424,10002526204,6814042,Fitzalan High School,681,Cardiff,Secondary,Community,EM,English medium school / provision,Secondary (ages 11-19),---,Leckwith Road,Canton,Cardiff,,CF11 8XB,02920232850,1833,6814042,Fitzalan High School,681,Caerdydd,Cymuned,EM,Cyfrwng Saesneg,Uwchradd (ystod oedran 11-19),---,Leckwith Road,Canton,Cardiff,,CF11 8XB,02920232850,1833,1424,POINT (-3.2120801522298454 51.47623792732366)
maintained_schools_wg.1425,100101042170,6814049,Cantonian High School,681,Cardiff,Secondary,Community,EM,English medium school / provision,Secondary (ages 11-19),---,Fairwater Road,Fairwater,Cardiff,,CF5 3JR,02920415250,947,6814049,Cantonian High School,681,Caerdydd,Cymuned,EM,Cyfrwng Saesneg,Uwchradd (ystod oedran 11-19),---,Fairwater Road,Fairwater,Cardiff,,CF5 3JR,02920415250,947,1425,POINT (-3.23367736262604 51.491640662640734)
maintained_schools_wg.1426,100101042323,6814051,Llanishen High School,681,Cardiff,Secondary,Community,EM,English medium school / provision,Secondary (ages 11-19),---,Heol Hir,Llanishen,Cardiff,,CF14 5YL,02920680800,1715,6814051,Llanishen High School,681,Caerdydd,Cymuned,EM,Cyfrwng Saesneg,Uwchradd (ystod oedran 11-19),---,Heol Hir,Llanishen,Cardiff,,CF14 5YL,02920680800,1715,1426,POINT (-3.1875828683347227 51.53204953429549)
maintained_schools_wg.1427,200002932816,6814054,Cathays High School,681,Cardiff,Secondary,Community,EM,English medium school / provision,Secondary (ages 11-19),---,Crown Way,Cathays,Cardiff,,CF14 3XG,02920544400,1247,6814054,Cathays High School,681,Caerdydd,Cymuned,EM,Cyfrwng Saesneg,Uwchradd (ystod oedran 11-19),---,Crown Way,Cathays,Cardiff,,CF14 3XG,02920544400,1247,1427,POINT (-3.191916127372756 51.498690673418615)
maintained_schools_wg.1428,100101042325,6814070,Radyr Comprehensive School,681,Cardiff,Secondary,Community,EM,English medium school / provision,Secondary (ages 11-19),---,Heol Isaf,Radyr,Cardiff,,CF15 8XG,02920845100,1426,6814070,Radyr Comprehensive School,681,Caerdydd,Cymuned,EM,Cyfrwng Saesneg,Uwchradd (ystod oedran 11-19),---,Heol Isaf,Radyr,Cardiff,,CF15 8XG,02920845100,1426,1428,POINT (-3.2471735977280494 51.509032164877276)
maintained_schools_wg.1429,200002932767,6814071,Ysgol Gyfun Gymraeg Glantaf,681,Cardiff,Secondary,Community,WM,Welsh medium school / provision (including transitional),Secondary (ages 11-19),---,Bridge Road,Llandaff North,Cardiff,,CF14 2JL,02920838803,1498,6814071,Ysgol Gyfun Gymraeg Glantaf,681,Caerdydd,Cymuned,WM,Cyfrwng Cymraeg,Uwchradd (ystod oedran 11-19),---,Bridge Road,Llandaff North,Cardiff,,CF14 2JL,02920838803,1498,1429,POINT (-3.2263257138664554 51.501096368899454)
maintained_schools_wg.1430,10002508995,6814072,Ysgol Gyfun Gymraeg Plasmawr,681,Cardiff,Secondary,Community,WM,Welsh medium school / provision (including transitional),Secondary (ages 11-19),---,Waterhall Road,Fairwater,Cardiff,,CF5 3PZ,02920405499,1181,6814072,Ysgol Gyfun Gymraeg Plasmawr,681,Caerdydd,Cymuned,WM,Cyfrwng Cymraeg,Uwchradd (ystod oedran 11-19),---,Waterhall Road,Fairwater,Cardiff,,CF5 3PZ,02920405499,1181,1430,POINT (-3.246296462391309 51.4969563281201)
maintained_schools_wg.1431,100101042585,6814074,Ysgol Gyfun Gymraeg Bro Edern,681,Cardiff,Secondary,Community,WM,Welsh medium school / provision (including transitional),Secondary (ages 11-19),---,Llanedeyrn Road,Penylan,Cardiff,,CF23 9DT,02920489445,935,6814074,Ysgol Gyfun Gymraeg Bro Edern,681,Caerdydd,Cymuned,WM,Cyfrwng Cymraeg,Uwchradd (ystod oedran 11-19),---,Llanedeyrn Road,Penylan,Cardiff,,CF23 9DT,02920489445,935,1431,POINT (-3.155880363875758 51.50474329581002)
maintained_schools_wg.1432,100101043112,6814075,Cardiff West Community High School,681,Cardiff,Secondary,Community,EM,English medium school / provision,Secondary (ages 11-19),---,Penally Road,Caerau,Cardiff,,CF5 5XP,02920671444,1061,6814075,Cardiff West Community High School,681,Caerdydd,Cymuned,EM,Cyfrwng Saesneg,Uwchradd (ystod oedran 11-19),---,Penally Road,Caerau,Cardiff,,CF5 5XP,02920671444,1061,1432,POINT (-3.2324289427381565 51.4748114109024)
maintained_schools_wg.1433,10090489760,6814076,Eastern High,681,Cardiff,Secondary,Community,EM,English medium school / provision,Secondary (ages 11-16),---,Eastern Community Campus,Trowbridge Road,Trowbridge,Cardiff,CF3 1XZ,02920792751,1185,6814076,Eastern High,681,Caerdydd,Cymuned,EM,Cyfrwng Saesneg,Uwchradd (ystod oedran 11-16),---,Eastern Community Campus,Trowbridge Road,Trowbridge,Cardiff,CF3 1XZ,02920792751,1185,1433,POINT (-3.110381642216364 51.51333728936301)
maintained_schools_wg.1434,100101042867,6814600,St. Illtyd's Catholic High School,681,Cardiff,Secondary,Voluntary aided,EM,English medium school / provision,Secondary (ages 11-16),Roman Catholic,Newport Road,Rumney,Cardiff,,CF3 1XQ,02920778174,990,6814600,St. Illtyd's Catholic High School,681,Caerdydd,Gwirfoddol a Gynorthwyir,EM,Cyfrwng Saesneg,Uwchradd (ystod oedran 11-16),Eglwys Gatholig,Newport Road,Rumney,Cardiff,,CF3 1XQ,02920778174,990,1434,POINT (-3.114699107971809 51.51763164686768)
maintained_schools_wg.1435,64006719,6814607,Mary Immaculate High School,681,Cardiff,Secondary,Voluntary aided,EM,English medium school / provision,Secondary (ages 11-16),Roman Catholic,Caerau Lane,Wenvoe,Cardiff,,CF5 5QZ,02920593465,871,6814607,Mary Immaculate High School,681,Caerdydd,Gwirfoddol a Gynorthwyir,EM,Cyfrwng Saesneg,Uwchradd (ystod oedran 11-16),Eglwys Gatholig,Caerau Lane,Wenvoe,Cardiff,,CF5 5QZ,02920593465,871,1435,POINT (-3.2584345910207895 51.46378116072762)
maintained_schools_wg.1436,100101043318,6814608,Bishop of Llandaff Church in Wales High School,681,Cardiff,Secondary,Voluntary aided,EM,English medium school / provision,Secondary (ages 11-19),Church in Wales,Rookwood Close,Llandaff,Cardiff,,CF5 2NR,02920562485,1263,6814608,Bishop of Llandaff Church in Wales High School,681,Caerdydd,Gwirfoddol a Gynorthwyir,EM,Cyfrwng Saesneg,Uwchradd (ystod oedran 11-19),Eglwys yng Nghymru,Rookwood Close,Llandaff,Cardiff,,CF5 2NR,02920562485,1263,1436,POINT (-3.231266278044985 51.49623382156437)
maintained_schools_wg.1437,10090718877,6814609,St Teilo's C-in-W High School,681,Cardiff,Secondary,Voluntary aided,EM,English medium school / provision,Secondary (ages 11-19),Church in Wales,Circle Way East,Llanedyern,Cardiff,,CF23 9PD,02920547180,1375,6814609,St Teilo's C-in-W High School,681,Caerdydd,Gwirfoddol a Gynorthwyir,EM,Cyfrwng Saesneg,Uwchradd (ystod oedran 11-19),Eglwys yng Nghymru,Circle Way East,Llanedyern,Cardiff,,CF23 9PD,02920547180,1375,1437,POINT (-3.1456559592383124 51.51223323000836)
maintained_schools_wg.1438,100101043725,6814611,CORPUS CHRISTI CATHOLIC HIGH SCHOOL,681,Cardiff,Secondary,Voluntary aided,EM,English medium school / provision,Secondary (ages 11-16),Roman Catholic,Ty-Draw Road,Pontprennau,Cardiff,,CF23 6XL,02920761893,1132,6814611,CORPUS CHRISTI CATHOLIC HIGH SCHOOL,681,Caerdydd,Gwirfoddol a Gynorthwyir,EM,Cyfrwng Saesneg,Uwchradd (ystod oedran 11-16),Eglwys Gatholig,Ty-Draw Road,Pontprennau,Cardiff,,CF23 6XL,02920761893,1132,1438,POINT (-3.1610091270558303 51.53361940701373)
maintained_schools_wg.1439,100101042233,6815403,Whitchurch High School,681,Cardiff,Secondary,Foundation,EM,English medium school / provision,Secondary (ages 11-19),---,Penlline Road,Whitchurch,Cardiff,,CF14 2XJ,02920629700,2459,6815403,Whitchurch High School,681,Caerdydd,Sefydledig,EM,Cyfrwng Saesneg,Uwchradd (ystod oedran 11-19),---,Penlline Road,Whitchurch,Cardiff,,CF14 2XJ,02920629700,2459,1439,POINT (-3.223226631637287 51.51341169153506)
maintained_schools_wg.1440,200002948121,6622276,Ysgol Minafon,662,Conwy,Primary,Community,EM,English medium school / provision,"Nursery, Infants & Juniors",Not available,Mochdre,Bae Colwyn,,,LL28 5AU,Not available,105,6622276,Ysgol Minafon,662,Conwy,Cymuned,EM,Cyfrwng Saesneg,"Iau, babanod a meithrin",Ddim ar gael,Mochdre,Bae Colwyn,,,LL28 5AU,Dim ar gael,105,1440,POINT (-3.760345441714047 53.29080332293426)
maintained_schools_wg.1441,10013547928,6657018,Ysgol Cae’r Gwenyn,665,Wrexham,Special,Not Applicable,,Not available,Special (without post-16 provision),Not available,Prince Charles Road,Wrexham,,,LL13 8TH,Not available,,6657018,,665,Wrecsam,Ddim yn gymwys,,Dim ar gael,Arbennig heb ddarpariaeth ôl-16,Ddim ar gael,Prince Charles Road,Wrexham,,,LL13 8TH,Dim ar gael,,1441,POINT (-2.9723439868374255 53.04438246199439)
maintained_schools_wg.1442,10010026281,6707009,Ysgol Calon Lan,670,Swansea,Special,Not Applicable,,Not available,Special (with post-16 provision),Not available,Glasbury Road,Morriston,Swansea,,SA6 7PA,Not available,230,6707009,,670,Abertawe,Ddim yn gymwys,,Dim ar gael,Arbennig gyda darpariaeth ôl-16,Ddim ar gael,Glasbury Road,Morriston,Swansea,,SA6 7PA,Dim ar gael,230,1442,POINT (-3.9411426414390354 51.66026941468991)
maintained_schools_wg.1443,43015713,6762396,Hendre Primary School,676,Caerphilly,Primary,Community,EM,English medium school / provision,"Nursery, Infants & Juniors",Not available,Hendre Primary School,St Cenydd Road,Trecenydd,Caerphilly,CF83 2RP,Not available,291,6762396,,676,Caerffili,Cymuned,EM,Cyfrwng Saesneg,"Iau, babanod a meithrin",Ddim ar gael,Hendre Primary School,St Cenydd Road,Trecenydd,Caerphilly,CF83 2RP,Dim ar gael,291,1443,POINT (-3.2409541131304334 51.58025082061173)
maintained_schools_wg.1444,43088907,6762396,Hendre Primary School,676,Caerphilly,Primary,Community,EM,English medium school / provision,"Nursery, Infants & Juniors",Not available,Hendre Primary School,St Cenydd Road,Trecenydd,Caerphilly,CF83 2RP,Not available,291,6762396,,676,Caerffili,Cymuned,EM,Cyfrwng Saesneg,"Iau, babanod a meithrin",Ddim ar gael,Hendre Primary School,St Cenydd Road,Trecenydd,Caerphilly,CF83 2RP,Dim ar gael,291,1444,POINT (-3.2396250193844205 51.58073244436806)
maintained_schools_wg.1445,100101043954,6812334,Fairoak Primary School,681,Cardiff,Primary,Community,EM,English medium school / provision,"Nursery, Infants & Juniors",Not available,1 Whitchurch Road,Cardiff,,,CF14 3JL,Not available,409,6812334,,681,Caerdydd,Cymuned,EM,Cyfrwng Saesneg,"Iau, babanod a meithrin",Ddim ar gael,1 Whitchurch Road,Cardiff,,,CF14 3JL,Dim ar gael,409,1445,POINT (-3.1829039257945344 51.49721761653032)
maintained_schools_wg.10,10033362862,6795500,King Henry VIII 319,679,Monmouthshire,Middle,Community,EM,English medium school / provision,Middle (ages 3-19),Not available,Old Hereford Road,Abergavenny,Monmouthshire,,NP7 6EP,01873735373,1310,6795500,King Henry VIII 319,679,Sir Fynwy,Cymuned,EM,Cyfrwng Saesneg,Canol (ystod oedran 3-19),Ddim ar gael,Old Hereford Road,Abergavenny,Monmouthshire,,NP7 6EP,01873735373,1310,10,POINT (-3.0208752655394178 51.831212905899044)
maintained_schools_wg.48,200001850861,6817005,THE COURT SCHOOL,681,Cardiff,Special,Not Applicable,0 ,Not available,Special (without post-16 provision),---,Station Road,Llanishen,Cardiff,,CF14 5UX,02920752713,42,6817005,THE COURT SCHOOL,681,Caerdydd,Ddim yn gymwys,0 ,Dim ar gael,Arbennig heb ddarpariaeth ôl-16,---,Station Road,Llanishen,Cardiff,,CF14 5UX,02920752713,42,48,POINT (-3.1827546485818776 51.53154981969369)
maintained_schools_wg.402,10004520084,6652271,Park Community Primary School Llay,665,Wrexham,Primary,Community,EM,English medium school / provision,"Nursery, Infants & Juniors",---,School Road,Llay,Wrexham,,LL12 0TR,01978859100,337,6652271,Park Community Primary School Llay,665,Wrecsam,Cymuned,EM,Cyfrwng Saesneg,"Iau, babanod a meithrin",---,School Road,Llay,Wrexham,,LL12 0TR,01978859100,337,402,POINT (-2.997227651450571 53.09641550005346)
maintained_schools_wg.484,10011764264,6662154,YSGOL GYMRAEG Y TRALLWNG,666,Powys,Primary,Community,WM,Welsh medium school / provision (including transitional),"Nursery, Infants & Juniors",---,YSGOL GYMRAEG Y TRALLWNG,HOWELL DRIVE,WELSHPOOL,POWYS,SY21 7AT,01938552005,114,6662154,YSGOL GYMRAEG Y TRALLWNG,666,Powys,Cymuned,WM,Cyfrwng Cymraeg,"Iau, babanod a meithrin",---,YSGOL GYMRAEG Y TRALLWNG,HOWELL DRIVE,WELSHPOOL,POWYS,SY21 7AT,01938552005,114,484,POINT (-3.1429755724969337 52.6554075472803)
maintained_schools_wg.666,10004860683,6692179,RHYDAMAN,669,Carmarthenshire,Primary,Community,WM,Welsh medium school / provision (including transitional),"Nursery, Infants & Juniors",---,Lon yr Ysgol,Rhydaman,Sir Gaerfyrddin,,SA18 2NS,01269593081,288,6692179,RHYDAMAN,669,Sir Gaerfyrddin,Cymuned,WM,Cyfrwng Cymraeg,"Iau, babanod a meithrin",---,Lon yr Ysgol,Rhydaman,Sir Gaerfyrddin,,SA18 2NS,01269593081,288,666,POINT (-3.986260891214406 51.79392047496395)
maintained_schools_wg.471,10091467226,6662116,HAY-ON-WYE C.P. SCHOOL,666,Powys,Primary,Community,EM,English medium school / provision,"Nursery, Infants & Juniors",---,Oxford Road,Hay-On-Wye,Powys,,HR3 5BT,01497820339,185,6662116,HAY-ON-WYE C.P. SCHOOL,666,Powys,Cymuned,EM,Cyfrwng Saesneg,"Iau, babanod a meithrin",---,Oxford Road,Hay-On-Wye,Powys,,HR3 5BT,01497820339,185,471,POINT (-3.126076948581779 52.07198586572851)
maintained_schools_wg.830,10009185279,6712158,YGG Rhosafan,671,Neath Port Talbot,Primary,Community,WM,Welsh medium school / provision (including transitional),"Nursery, Infants & Juniors",---,Marine Drive,Sandfields,Port Talbot,,SA12 7NN,01639896338,388,6712158,YGG Rhosafan,671,Castell-nedd Port Talbot,Cymuned,WM,Cyfrwng Cymraeg,"Iau, babanod a meithrin",---,Marine Drive,Sandfields,Port Talbot,,SA12 7NN,01639896338,388,830,POINT (-3.820488102706452 51.599092679427876)
maintained_schools_wg.1373,100101042592,6812180,YSGOL MYNYDD BYCHAN,681,Cardiff,Primary,Community,WM,Welsh medium school / provision (including transitional),"Nursery, Infants & Juniors",---,Llanishen Street,Gabalfa,Cardiff,,CF14 3QE,02920613417,258,6812180,YSGOL MYNYDD BYCHAN,681,Caerdydd,Cymuned,WM,Cyfrwng Cymraeg,"Iau, babanod a meithrin",---,New Zealand Road,Cathays,Cardiff,,CF14 3BR,02920613417,258,1373,POINT (-3.185579618706096 51.50205551783994)
maintained_schools_wg.1248,10033346416,6792261,Durand Primary School,679,Monmouthshire,Primary,Community,EM,English medium school / provision,"Nursery, Infants & Juniors",---,Alianore Road,Caldicot,Monmouthshire,,NP26 5DF,01291422296,229,6792261,Durand Primary School,679,Sir Fynwy,Cymuned,EM,Cyfrwng Saesneg,"Iau, babanod a meithrin",---,Alianore Road,Caldicot,Monmouthshire,,NP26 5DF,01291422296,229,1248,POINT (-2.7511004706524513 51.58648799629566)
maintained_schools_wg.1265,100101032959,6793032,Osbaston Church in Wales School,679,Monmouthshire,Primary,Voluntary controlled,EM,English medium school / provision,Infants & Juniors,Church in Wales,Osbaston Road,Osbaston,Monmouth,Monmouthshire,NP25 3AX,01600775070,197,6793032,Osbaston Church in Wales School,679,Sir Fynwy,Gwirfoddol a Reolir,EM,Cyfrwng Saesneg,Iau a babanod,Eglwys yng Nghymru,Osbaston Road,Osbaston,Monmouth,Monmouthshire,NP25 3AX,01600775070,197,1265,POINT (-2.7190146153589962 51.82074853120733)
maintained_schools_wg.483,10091467224,6662153,YSGOL Y MYNYDD DU ,666,Powys,Primary,Community,EM,English medium school / provision,"Nursery, Infants & Juniors",---,School Road,Talgarth,Powys,,LD3 0DQ,01874712860,91,6662153,YSGOL Y MYNYDD DU ,666,Powys,Cymuned,EM,Cyfrwng Saesneg,"Iau, babanod a meithrin",---,School Road,Talgarth,Powys,,LD3 0DQ,01874712860,91,483,POINT (-3.2324741591956356 52.001437472685545)
maintained_schools_wg.178,200003177689,6614007,Ysgol Dyffryn Nantlle,661,Gwynedd,Secondary,Community,AB,Welsh medium school / provision (including transitional),Secondary (ages 11-19),---,Ffordd Y Brenin,Penygroes,Gwynedd,,LL54 6AA,01286880345,397,6614007,Ysgol Dyffryn Nantlle,661,Gwynedd,Cymuned,AB,Ddwyieithog (Categori A),Uwchradd (ystod oedran 11-19),---,Ffordd Y Brenin,Penygroes,Gwynedd,,LL54 6AA,01286880345,397,178,POINT (-4.278762911293659 53.053678368652676)
maintained_schools_wg.1271,10033346393,6794065,Chepstow Comprehensive School,679,Monmouthshire,Secondary,Voluntary aided,EM,English medium school / provision,Secondary (ages 11-19),---,Welsh Street,Chepstow,Monmouthshire,,NP16 5LR,01291635777,860,6794065,Chepstow Comprehensive School,679,Sir Fynwy,Gwirfoddol a Gynorthwyir,EM,Cyfrwng Saesneg,Uwchradd (ystod oedran 11-19),---,Welsh Street,Chepstow,Monmouthshire,,NP16 5LR,01291635777,860,1271,POINT (-2.6839205633924674 51.64710304118688)
maintained_schools_wg.198,10013707246,6622103,Ysgol Llandrillo yn Rhos,662,Conwy,Primary,Community,EM,English medium school / provision,"Nursery, Infants & Juniors",---,Elwy Road,Llandrillo Yn Rhos,Colwyn Bay,,LL28 4LX,01492549648,427,6622103,Ysgol Llandrillo yn Rhos,662,Conwy,Cymuned,EM,Cyfrwng Saesneg,"Iau, babanod a meithrin",---,Elwy Road,Llandrillo Yn Rhos,Colwyn Bay,,LL28 4LX,01492549648,427,198,POINT (-3.0821167465025603 53.16719347733876)
maintained_schools_wg.501,10091467227,6663317,ARCHDEACON GRIFFITHS C.I.W. PRIMARY SCHOOL,666,Powys,Primary,Voluntary aided,EM,English medium school / provision,"Nursery, Infants & Juniors",Church in Wales,Llyswen,Brecon,Powys,,LD3 0YB,01874754334,135,6663317,ARCHDEACON GRIFFITHS C.I.W. PRIMARY SCHOOL,666,Powys,Gwirfoddol a Gynorthwyir,EM,Cyfrwng Saesneg,"Iau, babanod a meithrin",Eglwys yng Nghymru,Llyswen,Brecon,Powys,,LD3 0YB,01874754334,135,501,POINT (-3.2723110423142963 52.0379775138129)
maintained_schools_wg.343,200002940106,6642270,Ysgol Penyffordd,664,Flintshire,Primary,Community,EM,English medium school / provision,"Nursery, Infants & Juniors",---,Penymynydd Road,Penyffordd,Flintshire,,CH4 0LQ,01244547214,345,6642270,Ysgol Penyffordd,664,Sir y Fflint,Cymuned,EM,Cyfrwng Saesneg,"Iau, babanod a meithrin",---,Penymynydd Road,Penyffordd,Flintshire,,CH4 0LQ,01244547214,345,343,POINT (-3.0468920657117073 53.14287242423345)
maintained_schools_wg.369,10095364451,6644042,Argoed School,664,Flintshire,Secondary,Community,EM,English medium school / provision,Secondary (ages 11-16),---,Bryn Road,Bryn Y Baal,Nr Mold,Flintshire,CH7 6RY,01352756414,599,6644042,Argoed School,664,Sir y Fflint,Cymuned,EM,Cyfrwng Saesneg,Uwchradd (ystod oedran 11-16),---,Bryn Road,Bryn Y Baal,Nr Mold,Flintshire,CH7 6RY,01352756414,599,369,POINT (-3.1020020469899974 53.173824697733075)
maintained_schools_wg.1407,100101042849,6813341,ST MONICAS C/W PRIMARY SCHOOL,681,Cardiff,Primary,Voluntary aided,EM,English medium school / provision,Infants & Juniors,Church in Wales,New Zealand Road,Cardiff,Cardiff,,CF14 3BR,02920233925,151,6813341,ST MONICAS C/W PRIMARY SCHOOL,681,Caerdydd,Gwirfoddol a Gynorthwyir,EM,Cyfrwng Saesneg,Iau a babanod,Eglwys yng Nghymru,Whitchurch Road,Cathays,Cardiff,,CF14 3JL,02920233925,151,1407,POINT (-3.1888875855931964 51.501319578285226)
maintained_schools_wg.1399,10095991224,6813000,ST. MELLONS CHURCH IN WALES PRIMARY,681,Cardiff,Primary,Voluntary controlled,EM,English medium school / provision,Infants & Juniors,Church in Wales,Bridge Road,Old St Mellons,Cardiff,,CF3 5TP,02920794195,229,6813000,ST. MELLONS CHURCH IN WALES PRIMARY,681,Caerdydd,Gwirfoddol a Reolir,EM,Cyfrwng Saesneg,Iau a babanod,Eglwys yng Nghymru,Bridge Road,Old St Mellons,Cardiff,,CF3 5TP,02920794195,229,1399,POINT (-3.121135862874199 51.53470332463532)
maintained_schools_wg.1327,100101043597,6812003,ADAMSDOWN PRIMARY,681,Cardiff,Primary,Community,EM,English medium school / provision,"Nursery, Infants & Juniors",---,System Street,Adamsdown,Cardiff,,CF24 0JF,02920493600,373,6812003,ADAMSDOWN PRIMARY,681,Caerdydd,Cymuned,EM,Cyfrwng Saesneg,"Iau, babanod a meithrin",---,System Street,Adamsdown,Cardiff,,CF24 0JF,02920493600,373,1327,POINT (-3.1592795994975136 51.483308373084675)
maintained_schools_wg.1197,200002953015,6772309,GLYNCOED PRIMARY,677,Blaenau Gwent,Primary,Community,EM,English medium school / provision,"Nursery, Infants & Juniors",---,Badminton Grove,Ebbw Vale,Blaenau Gwent,,NP23 5UL,01495369595,372,6772309,GLYNCOED PRIMARY,677,Blaenau Gwent,Cymuned,EM,Cyfrwng Saesneg,"Iau, babanod a meithrin",---,Badminton Grove,Ebbw Vale,Blaenau Gwent,,NP23 5UL,01495302402,372,1197,POINT (-3.211139718526584 51.791966452440526)
maintained_schools_wg.1098,10034665544,6752353,Edwardsville Primary School,675,Merthyr Tydfil,Primary,Community,EM,English medium school / provision,Infants & Juniors,---,Cardiff Road,Edwardsville,Treharris,Merthyr Tydfil,CF46 5NE,01685351824,335,6752353,Edwardsville Primary School,675,Merthyr Tudful,Cymuned,EM,Cyfrwng Saesneg,Iau a babanod,---,Cardiff Road,Edwardsville,Treharris,Merthyr Tydfil,CF46 5NE,01685351824,335,1098,POINT (-3.320900458637085 51.66320524876079)
maintained_schools_wg.1067,10095929285,6743319,CWMBACH CHURCH IN WALES,674,Rhondda Cynon Taf,Primary,Voluntary aided,EM,English medium school / provision,"Nursery, Infants & Juniors",Church in Wales,Tirfounder Road,Cwmbach,Aberdare,,CF44 0AT,01685873336,120,6743319,CWMBACH CHURCH IN WALES,674,Rhondda Cynon Taf,Gwirfoddol a Gynorthwyir,EM,Cyfrwng Saesneg,"Iau, babanod a meithrin",Eglwys yng Nghymru,Tirfounder Road,Cwmbach,Aberdare,,CF44 0AT,01685873336,120,1067,POINT (-3.411589756707981 51.703165934147485)
maintained_schools_wg.1446,10093454011,6772309,GLYNCOED PRIMARY,677,Blaenau Gwent,Primary,Community,EM,English medium school / provision,"Nursery, Infants & Juniors",---,Badminton Grove,Ebbw Vale,Blaenau Gwent,,NP23 5UL,01495369595,372,6772309,GLYNCOED PRIMARY,677,Blaenau Gwent,Cymuned,EM,Cyfrwng Saesneg,"Iau, babanod a meithrin",---,Badminton Grove,Ebbw Vale,Blaenau Gwent,,NP23 5UL,01495302402,372,1446,POINT (-3.2124507190014495 51.793769396454856)
maintained_schools_wg.1040,200002936808,6742361,Y.G.G. Llyn-y-Forwyn,674,Rhondda Cynon Taf,Primary,Community,WM,Welsh medium school / provision (including transitional),"Nursery, Infants & Juniors",---,YSGOL GYNRADD GYMRAEG LLYN Y FORWYN,MAERDY INDUSTRIAL ESTAT,FERNDALE,RHONDDA CYNON TAF,CF43 4AB,01443730278,170,6742361,Y.G.G. Llyn-y-Forwyn,674,Rhondda Cynon Taf,Cymuned,WM,Cyfrwng Cymraeg,"Iau, babanod a meithrin",---,YSGOL GYNRADD GYMRAEG LLYN Y FORWYN,MAERDY INDUSTRIAL ESTAT,FERNDALE,RHONDDA CYNON TAF,CF43 4AB,01443730278,170,1040,POINT (-3.449786633568979 51.65854744368591)
maintained_schools_wg.939,64115200,6732126,SOUTH POINT PRIMARY SCHOOL,673,The Vale of Glamorgan,Primary,Community,EM,English medium school / provision,Infants & Juniors,---,South Point Primary School,Rhoose,Rhoose Way,,CF62 3FD,01446781375,117,6732126,SOUTH POINT PRIMARY SCHOOL,673,Bro Morgannwg,Cymuned,EM,Cyfrwng Saesneg,Iau a babanod,---,South Point Primary School,Rhoose,Rhoose Way,,CF62 3FD,01446781375,117,939,POINT (-3.3414803021032395 51.3884404277426)
maintained_schools_wg.876,10095841359,6722086,Brynmenyn Primary,672,Bridgend,Primary,Community,EM,English medium school / provision,"Nursery, Infants & Juniors",---,Heol Yr Ysgol,Tondu,Bridgend,,CF32 9LA,01656815850,411,6722086,Brynmenyn Primary,672,Pen-y-bont ar Ogwr,Cymuned,EM,Cyfrwng Saesneg,"Iau, babanod a meithrin",---,Heol Yr Ysgol,Tondu,Bridgend,,CF32 9LA,01656815850,411,876,POINT (-3.5817970092797515 51.55175710865675)
